                                kicad schematic
                                Transient Analysis  Thu Nov 06 13:44:55  2025
--------------------------------------------------------------------------------
Index   time            V(1)            V(2)            V(3)            
--------------------------------------------------------------------------------
0	0.000000e+00	5.000000e+00	0.000000e+00	5.000000e+00	
1	1.000000e-10	5.000000e+00	0.000000e+00	5.000000e+00	
2	2.000000e-10	5.000000e+00	0.000000e+00	5.000000e+00	
3	4.000000e-10	5.000000e+00	0.000000e+00	5.000000e+00	
4	8.000000e-10	5.000000e+00	0.000000e+00	5.000000e+00	
5	1.600000e-09	5.000000e+00	0.000000e+00	5.000000e+00	
6	3.200000e-09	5.000000e+00	0.000000e+00	5.000000e+00	
7	6.400000e-09	5.000000e+00	0.000000e+00	5.000000e+00	
8	8.200000e-09	5.000000e+00	0.000000e+00	5.000000e+00	
9	8.210000e-09	5.000000e+00	5.000000e-02	5.000000e+00	
10	8.230000e-09	5.000000e+00	1.500000e-01	5.000000e+00	
11	8.270000e-09	5.000000e+00	3.500000e-01	5.000000e+00	
12	8.300000e-09	5.000000e+00	5.000000e-01	5.000000e+00	
13	8.308000e-09	5.000000e+00	5.000000e-01	5.000000e+00	
14	8.324000e-09	5.000000e+00	5.000000e-01	5.000000e+00	
15	8.356000e-09	5.000000e+00	5.000000e-01	5.000000e+00	
16	8.420000e-09	5.000000e+00	5.000000e-01	5.000000e+00	
17	8.548000e-09	5.000000e+00	5.000000e-01	5.000000e+00	
18	8.804000e-09	5.000000e+00	5.000000e-01	5.000000e+00	
19	9.316000e-09	5.000000e+00	5.000000e-01	5.000000e+00	
20	1.000000e-08	5.000000e+00	5.000000e-01	5.000000e+00	
21	1.010240e-08	5.000000e+00	5.000000e-01	5.000000e+00	
22	1.020000e-08	5.000000e+00	5.000000e-01	5.000000e+00	
23	1.022048e-08	5.000000e+00	5.000000e-01	4.897600e+00	
24	1.026144e-08	5.000000e+00	5.000000e-01	4.692800e+00	
25	1.034336e-08	5.000000e+00	5.000000e-01	4.283200e+00	
26	1.050720e-08	5.000000e+00	5.000000e-01	3.464000e+00	
27	1.083488e-08	5.000000e+00	5.000000e-01	1.825600e+00	
28	1.110000e-08	5.000000e+00	5.000000e-01	5.000000e-01	
29	1.116554e-08	5.000000e+00	5.000000e-01	5.000000e-01	
30	1.129661e-08	5.000000e+00	5.000000e-01	5.000000e-01	
31	1.140000e-08	5.000000e+00	5.000000e-01	5.000000e-01	
32	1.142621e-08	5.000000e+00	6.310720e-01	6.310720e-01	
33	1.147864e-08	5.000000e+00	8.932160e-01	8.932160e-01	
34	1.158350e-08	5.000000e+00	1.417504e+00	1.417504e+00	
35	1.179322e-08	5.000000e+00	2.466080e+00	2.466080e+00	
36	1.221265e-08	5.000000e+00	4.563232e+00	4.563232e+00	
37	1.230000e-08	5.000000e+00	5.000000e+00	5.000000e+00	
38	1.238389e-08	5.000000e+00	5.000000e+00	5.000000e+00	
39	1.255166e-08	5.000000e+00	5.000000e+00	5.000000e+00	
40	1.288720e-08	5.000000e+00	5.000000e+00	5.000000e+00	
41	1.340000e-08	5.000000e+00	5.000000e+00	5.000000e+00	
42	1.341000e-08	5.000000e+00	5.000000e+00	5.000000e+00	
43	1.343000e-08	5.000000e+00	5.000000e+00	5.000000e+00	
44	1.347000e-08	5.000000e+00	5.000000e+00	5.000000e+00	
45	1.350000e-08	5.000000e+00	5.000000e+00	5.000000e+00	
46	1.350800e-08	5.000000e+00	5.000000e+00	5.000000e+00	
47	1.352400e-08	5.000000e+00	5.000000e+00	5.000000e+00	
48	1.355600e-08	5.000000e+00	5.000000e+00	5.000000e+00	
49	1.362000e-08	5.000000e+00	5.000000e+00	5.000000e+00	
50	1.374800e-08	5.000000e+00	5.000000e+00	5.000000e+00	
51	1.400400e-08	5.000000e+00	5.000000e+00	5.000000e+00	
52	1.451600e-08	5.000000e+00	5.000000e+00	5.000000e+00	
53	1.554000e-08	5.000000e+00	5.000000e+00	5.000000e+00	
54	1.758800e-08	5.000000e+00	5.000000e+00	5.000000e+00	

Index   time            V(1)            V(2)            V(3)            
--------------------------------------------------------------------------------
55	2.168400e-08	5.000000e+00	5.000000e+00	5.000000e+00	
56	2.987600e-08	5.000000e+00	5.000000e+00	5.000000e+00	
57	4.626000e-08	5.000000e+00	5.000000e+00	5.000000e+00	
58	7.902800e-08	5.000000e+00	5.000000e+00	5.000000e+00	
59	1.445640e-07	5.000000e+00	5.000000e+00	5.000000e+00	
60	2.756360e-07	5.000000e+00	5.000000e+00	5.000000e+00	
61	5.377800e-07	5.000000e+00	5.000000e+00	5.000000e+00	
62	1.062068e-06	5.000000e+00	5.000000e+00	5.000000e+00	
63	2.110644e-06	5.000000e+00	5.000000e+00	5.000000e+00	
64	4.207796e-06	5.000000e+00	5.000000e+00	5.000000e+00	
65	8.402100e-06	5.000000e+00	5.000000e+00	5.000000e+00	
66	1.679071e-05	5.000000e+00	5.000000e+00	5.000000e+00	
67	2.679071e-05	5.000000e+00	5.000000e+00	5.000000e+00	
68	3.679071e-05	5.000000e+00	5.000000e+00	5.000000e+00	
69	4.679071e-05	5.000000e+00	5.000000e+00	5.000000e+00	
70	5.679071e-05	5.000000e+00	5.000000e+00	5.000000e+00	
71	6.679071e-05	5.000000e+00	5.000000e+00	5.000000e+00	
72	7.679071e-05	5.000000e+00	5.000000e+00	5.000000e+00	
73	8.679071e-05	5.000000e+00	5.000000e+00	5.000000e+00	
74	9.679071e-05	5.000000e+00	5.000000e+00	5.000000e+00	
75	1.067907e-04	5.000000e+00	5.000000e+00	5.000000e+00	
76	1.167907e-04	5.000000e+00	5.000000e+00	5.000000e+00	
77	1.267907e-04	5.000000e+00	5.000000e+00	5.000000e+00	
78	1.367907e-04	5.000000e+00	5.000000e+00	5.000000e+00	
79	1.467907e-04	5.000000e+00	5.000000e+00	5.000000e+00	
80	1.567907e-04	5.000000e+00	5.000000e+00	5.000000e+00	
81	1.667907e-04	5.000000e+00	5.000000e+00	5.000000e+00	
82	1.767907e-04	5.000000e+00	5.000000e+00	5.000000e+00	
83	1.867907e-04	5.000000e+00	5.000000e+00	5.000000e+00	
84	1.967907e-04	5.000000e+00	5.000000e+00	5.000000e+00	
85	2.067907e-04	5.000000e+00	5.000000e+00	5.000000e+00	
86	2.167907e-04	5.000000e+00	5.000000e+00	5.000000e+00	
87	2.267907e-04	5.000000e+00	5.000000e+00	5.000000e+00	
88	2.367907e-04	5.000000e+00	5.000000e+00	5.000000e+00	
89	2.467907e-04	5.000000e+00	5.000000e+00	5.000000e+00	
90	2.567907e-04	5.000000e+00	5.000000e+00	5.000000e+00	
91	2.667907e-04	5.000000e+00	5.000000e+00	5.000000e+00	
92	2.767907e-04	5.000000e+00	5.000000e+00	5.000000e+00	
93	2.867907e-04	5.000000e+00	5.000000e+00	5.000000e+00	
94	2.967907e-04	5.000000e+00	5.000000e+00	5.000000e+00	
95	3.067907e-04	5.000000e+00	5.000000e+00	5.000000e+00	
96	3.167907e-04	5.000000e+00	5.000000e+00	5.000000e+00	
97	3.267907e-04	5.000000e+00	5.000000e+00	5.000000e+00	
98	3.367907e-04	5.000000e+00	5.000000e+00	5.000000e+00	
99	3.467907e-04	5.000000e+00	5.000000e+00	5.000000e+00	
100	3.567907e-04	5.000000e+00	5.000000e+00	5.000000e+00	
101	3.667907e-04	5.000000e+00	5.000000e+00	5.000000e+00	
102	3.767907e-04	5.000000e+00	5.000000e+00	5.000000e+00	
103	3.867907e-04	5.000000e+00	5.000000e+00	5.000000e+00	
104	3.967907e-04	5.000000e+00	5.000000e+00	5.000000e+00	
105	4.067907e-04	5.000000e+00	5.000000e+00	5.000000e+00	
106	4.167907e-04	5.000000e+00	5.000000e+00	5.000000e+00	
107	4.267907e-04	5.000000e+00	5.000000e+00	5.000000e+00	
108	4.367907e-04	5.000000e+00	5.000000e+00	5.000000e+00	
109	4.467907e-04	5.000000e+00	5.000000e+00	5.000000e+00	
110	4.567907e-04	5.000000e+00	5.000000e+00	5.000000e+00	
111	4.667907e-04	5.000000e+00	5.000000e+00	5.000000e+00	
112	4.767907e-04	5.000000e+00	5.000000e+00	5.000000e+00	

Index   time            V(1)            V(2)            V(3)            
--------------------------------------------------------------------------------
113	4.867907e-04	5.000000e+00	5.000000e+00	5.000000e+00	
114	4.967907e-04	5.000000e+00	5.000000e+00	5.000000e+00	
115	5.067907e-04	5.000000e+00	5.000000e+00	5.000000e+00	
116	5.167907e-04	5.000000e+00	5.000000e+00	5.000000e+00	
117	5.267907e-04	5.000000e+00	5.000000e+00	5.000000e+00	
118	5.367907e-04	5.000000e+00	5.000000e+00	5.000000e+00	
119	5.467907e-04	5.000000e+00	5.000000e+00	5.000000e+00	
120	5.567907e-04	5.000000e+00	5.000000e+00	5.000000e+00	
121	5.667907e-04	5.000000e+00	5.000000e+00	5.000000e+00	
122	5.767907e-04	5.000000e+00	5.000000e+00	5.000000e+00	
123	5.867907e-04	5.000000e+00	5.000000e+00	5.000000e+00	
124	5.967907e-04	5.000000e+00	5.000000e+00	5.000000e+00	
125	6.067907e-04	5.000000e+00	5.000000e+00	5.000000e+00	
126	6.167907e-04	5.000000e+00	5.000000e+00	5.000000e+00	
127	6.267907e-04	5.000000e+00	5.000000e+00	5.000000e+00	
128	6.367907e-04	5.000000e+00	5.000000e+00	5.000000e+00	
129	6.467907e-04	5.000000e+00	5.000000e+00	5.000000e+00	
130	6.567907e-04	5.000000e+00	5.000000e+00	5.000000e+00	
131	6.667907e-04	5.000000e+00	5.000000e+00	5.000000e+00	
132	6.767907e-04	5.000000e+00	5.000000e+00	5.000000e+00	
133	6.867907e-04	5.000000e+00	5.000000e+00	5.000000e+00	
134	6.967907e-04	5.000000e+00	5.000000e+00	5.000000e+00	
135	7.067907e-04	5.000000e+00	5.000000e+00	5.000000e+00	
136	7.167907e-04	5.000000e+00	5.000000e+00	5.000000e+00	
137	7.267907e-04	5.000000e+00	5.000000e+00	5.000000e+00	
138	7.367907e-04	5.000000e+00	5.000000e+00	5.000000e+00	
139	7.467907e-04	5.000000e+00	5.000000e+00	5.000000e+00	
140	7.567907e-04	5.000000e+00	5.000000e+00	5.000000e+00	
141	7.667907e-04	5.000000e+00	5.000000e+00	5.000000e+00	
142	7.767907e-04	5.000000e+00	5.000000e+00	5.000000e+00	
143	7.867907e-04	5.000000e+00	5.000000e+00	5.000000e+00	
144	7.967907e-04	5.000000e+00	5.000000e+00	5.000000e+00	
145	8.067907e-04	5.000000e+00	5.000000e+00	5.000000e+00	
146	8.167907e-04	5.000000e+00	5.000000e+00	5.000000e+00	
147	8.267907e-04	5.000000e+00	5.000000e+00	5.000000e+00	
148	8.367907e-04	5.000000e+00	5.000000e+00	5.000000e+00	
149	8.467907e-04	5.000000e+00	5.000000e+00	5.000000e+00	
150	8.567907e-04	5.000000e+00	5.000000e+00	5.000000e+00	
151	8.667907e-04	5.000000e+00	5.000000e+00	5.000000e+00	
152	8.767907e-04	5.000000e+00	5.000000e+00	5.000000e+00	
153	8.867907e-04	5.000000e+00	5.000000e+00	5.000000e+00	
154	8.967907e-04	5.000000e+00	5.000000e+00	5.000000e+00	
155	9.067907e-04	5.000000e+00	5.000000e+00	5.000000e+00	
156	9.167907e-04	5.000000e+00	5.000000e+00	5.000000e+00	
157	9.267907e-04	5.000000e+00	5.000000e+00	5.000000e+00	
158	9.367907e-04	5.000000e+00	5.000000e+00	5.000000e+00	
159	9.467907e-04	5.000000e+00	5.000000e+00	5.000000e+00	
160	9.567907e-04	5.000000e+00	5.000000e+00	5.000000e+00	
161	9.667907e-04	5.000000e+00	5.000000e+00	5.000000e+00	
162	9.767907e-04	5.000000e+00	5.000000e+00	5.000000e+00	
163	9.867907e-04	5.000000e+00	5.000000e+00	5.000000e+00	
164	9.967907e-04	5.000000e+00	5.000000e+00	5.000000e+00	
165	1.000010e-03	5.000000e+00	5.000000e+00	5.000000e+00	
166	1.000011e-03	5.000000e+00	5.000000e+00	5.000000e+00	
167	1.000013e-03	5.000000e+00	5.000000e+00	5.000000e+00	
168	1.000017e-03	5.000000e+00	5.000000e+00	5.000000e+00	
169	1.000020e-03	5.000000e+00	5.000000e+00	5.000000e+00	
170	1.000021e-03	5.000000e+00	5.000000e+00	5.000000e+00	

Index   time            V(1)            V(2)            V(3)            
--------------------------------------------------------------------------------
171	1.000022e-03	5.000000e+00	5.000000e+00	5.000000e+00	
172	1.000022e-03	5.000000e+00	5.000000e+00	5.000000e+00	
173	1.000022e-03	5.000000e+00	5.000000e+00	5.000000e+00	
174	1.000023e-03	5.000000e+00	5.000000e+00	5.000000e+00	
175	1.000023e-03	5.000000e+00	5.000000e+00	5.000000e+00	
176	1.000023e-03	5.000000e+00	5.000000e+00	5.000000e+00	
177	1.000023e-03	5.000000e+00	5.000000e+00	5.000000e+00	
178	1.000023e-03	5.000000e+00	5.000000e+00	5.000000e+00	
179	1.000024e-03	5.000000e+00	5.000000e+00	5.000000e+00	
180	1.000024e-03	5.000000e+00	5.000000e+00	5.000000e+00	
181	1.000024e-03	5.000000e+00	5.000000e+00	5.000000e+00	
182	1.000024e-03	5.000000e+00	5.000000e+00	5.000000e+00	
183	1.000024e-03	5.000000e+00	5.000000e+00	5.000000e+00	
184	1.000024e-03	5.000000e+00	5.000000e+00	5.000000e+00	
185	1.000024e-03	5.000000e+00	5.000000e+00	5.000000e+00	
186	1.000024e-03	5.000000e+00	5.000000e+00	5.000000e+00	
187	1.000024e-03	5.000000e+00	5.000000e+00	5.000000e+00	
188	1.000024e-03	5.000000e+00	5.000000e+00	5.000000e+00	
189	1.000024e-03	5.000000e+00	5.000000e+00	5.000000e+00	
190	1.000025e-03	5.000000e+00	5.000000e+00	5.000000e+00	
191	1.000025e-03	5.000000e+00	5.000000e+00	5.000000e+00	
192	1.000025e-03	5.000000e+00	5.000000e+00	5.000000e+00	
193	1.000025e-03	5.000000e+00	5.000000e+00	5.000000e+00	
194	1.000025e-03	5.000000e+00	5.000000e+00	5.000000e+00	
195	1.000025e-03	5.000000e+00	5.000000e+00	5.000000e+00	
196	1.000025e-03	5.000000e+00	5.000000e+00	5.000000e+00	
197	1.000025e-03	5.000000e+00	5.000000e+00	5.000000e+00	
198	1.000025e-03	5.000000e+00	5.000000e+00	5.000000e+00	
199	1.000025e-03	5.000000e+00	5.000000e+00	5.000000e+00	
200	1.000025e-03	5.000000e+00	5.000000e+00	5.000000e+00	
201	1.000026e-03	5.000000e+00	5.000000e+00	5.000000e+00	
202	1.000026e-03	5.000000e+00	5.000000e+00	5.000000e+00	
203	1.000027e-03	5.000000e+00	5.000000e+00	5.000000e+00	
204	1.000027e-03	5.000000e+00	5.000000e+00	5.000000e+00	
205	1.000027e-03	5.000000e+00	5.000000e+00	5.000000e+00	
206	1.000028e-03	5.000000e+00	5.000000e+00	5.000000e+00	
207	1.000028e-03	5.000000e+00	5.000000e+00	5.000000e+00	
208	1.000028e-03	5.000000e+00	5.000000e+00	5.000000e+00	
209	1.000028e-03	5.000000e+00	5.000000e+00	5.000000e+00	
210	1.000028e-03	5.000000e+00	5.000000e+00	5.000000e+00	
211	1.000029e-03	5.000000e+00	5.000000e+00	5.000000e+00	
212	1.000030e-03	5.000000e+00	5.000000e+00	5.000000e+00	
213	1.000032e-03	5.000000e+00	5.000000e+00	5.000000e+00	
214	1.000037e-03	5.000000e+00	5.000000e+00	5.000000e+00	
215	1.000046e-03	5.000000e+00	5.000000e+00	5.000000e+00	
216	1.000065e-03	5.000000e+00	5.000000e+00	5.000000e+00	
217	1.000102e-03	5.000000e+00	5.000000e+00	5.000000e+00	
218	1.000175e-03	5.000000e+00	5.000000e+00	5.000000e+00	
219	1.000323e-03	5.000000e+00	5.000000e+00	5.000000e+00	
220	1.000618e-03	5.000000e+00	5.000000e+00	5.000000e+00	
221	1.001207e-03	5.000000e+00	5.000000e+00	5.000000e+00	
222	1.002387e-03	5.000000e+00	5.000000e+00	5.000000e+00	
223	1.004746e-03	5.000000e+00	5.000000e+00	5.000000e+00	
224	1.009465e-03	5.000000e+00	5.000000e+00	5.000000e+00	
225	1.018902e-03	5.000000e+00	5.000000e+00	5.000000e+00	
226	1.028902e-03	5.000000e+00	5.000000e+00	5.000000e+00	
227	1.038902e-03	5.000000e+00	5.000000e+00	5.000000e+00	
228	1.048902e-03	5.000000e+00	5.000000e+00	5.000000e+00	

Index   time            V(1)            V(2)            V(3)            
--------------------------------------------------------------------------------
229	1.058902e-03	5.000000e+00	5.000000e+00	5.000000e+00	
230	1.068902e-03	5.000000e+00	5.000000e+00	5.000000e+00	
231	1.078902e-03	5.000000e+00	5.000000e+00	5.000000e+00	
232	1.088902e-03	5.000000e+00	5.000000e+00	5.000000e+00	
233	1.098902e-03	5.000000e+00	5.000000e+00	5.000000e+00	
234	1.108902e-03	5.000000e+00	5.000000e+00	5.000000e+00	
235	1.118902e-03	5.000000e+00	5.000000e+00	5.000000e+00	
236	1.128902e-03	5.000000e+00	5.000000e+00	5.000000e+00	
237	1.138902e-03	5.000000e+00	5.000000e+00	5.000000e+00	
238	1.148902e-03	5.000000e+00	5.000000e+00	5.000000e+00	
239	1.158902e-03	5.000000e+00	5.000000e+00	5.000000e+00	
240	1.168902e-03	5.000000e+00	5.000000e+00	5.000000e+00	
241	1.178902e-03	5.000000e+00	5.000000e+00	5.000000e+00	
242	1.188902e-03	5.000000e+00	5.000000e+00	5.000000e+00	
243	1.198902e-03	5.000000e+00	5.000000e+00	5.000000e+00	
244	1.208902e-03	5.000000e+00	5.000000e+00	5.000000e+00	
245	1.218902e-03	5.000000e+00	5.000000e+00	5.000000e+00	
246	1.228902e-03	5.000000e+00	5.000000e+00	5.000000e+00	
247	1.238902e-03	5.000000e+00	5.000000e+00	5.000000e+00	
248	1.248902e-03	5.000000e+00	5.000000e+00	5.000000e+00	
249	1.258902e-03	5.000000e+00	5.000000e+00	5.000000e+00	
250	1.268902e-03	5.000000e+00	5.000000e+00	5.000000e+00	
251	1.278902e-03	5.000000e+00	5.000000e+00	5.000000e+00	
252	1.288902e-03	5.000000e+00	5.000000e+00	5.000000e+00	
253	1.298902e-03	5.000000e+00	5.000000e+00	5.000000e+00	
254	1.308902e-03	5.000000e+00	5.000000e+00	5.000000e+00	
255	1.318902e-03	5.000000e+00	5.000000e+00	5.000000e+00	
256	1.328902e-03	5.000000e+00	5.000000e+00	5.000000e+00	
257	1.338902e-03	5.000000e+00	5.000000e+00	5.000000e+00	
258	1.348902e-03	5.000000e+00	5.000000e+00	5.000000e+00	
259	1.358902e-03	5.000000e+00	5.000000e+00	5.000000e+00	
260	1.368902e-03	5.000000e+00	5.000000e+00	5.000000e+00	
261	1.378902e-03	5.000000e+00	5.000000e+00	5.000000e+00	
262	1.388902e-03	5.000000e+00	5.000000e+00	5.000000e+00	
263	1.398902e-03	5.000000e+00	5.000000e+00	5.000000e+00	
264	1.408902e-03	5.000000e+00	5.000000e+00	5.000000e+00	
265	1.418902e-03	5.000000e+00	5.000000e+00	5.000000e+00	
266	1.428902e-03	5.000000e+00	5.000000e+00	5.000000e+00	
267	1.438902e-03	5.000000e+00	5.000000e+00	5.000000e+00	
268	1.448902e-03	5.000000e+00	5.000000e+00	5.000000e+00	
269	1.458902e-03	5.000000e+00	5.000000e+00	5.000000e+00	
270	1.468902e-03	5.000000e+00	5.000000e+00	5.000000e+00	
271	1.478902e-03	5.000000e+00	5.000000e+00	5.000000e+00	
272	1.488902e-03	5.000000e+00	5.000000e+00	5.000000e+00	
273	1.498902e-03	5.000000e+00	5.000000e+00	5.000000e+00	
274	1.508902e-03	5.000000e+00	5.000000e+00	5.000000e+00	
275	1.518902e-03	5.000000e+00	5.000000e+00	5.000000e+00	
276	1.528902e-03	5.000000e+00	5.000000e+00	5.000000e+00	
277	1.538902e-03	5.000000e+00	5.000000e+00	5.000000e+00	
278	1.548902e-03	5.000000e+00	5.000000e+00	5.000000e+00	
279	1.558902e-03	5.000000e+00	5.000000e+00	5.000000e+00	
280	1.568902e-03	5.000000e+00	5.000000e+00	5.000000e+00	
281	1.578902e-03	5.000000e+00	5.000000e+00	5.000000e+00	
282	1.588902e-03	5.000000e+00	5.000000e+00	5.000000e+00	
283	1.598902e-03	5.000000e+00	5.000000e+00	5.000000e+00	
284	1.608902e-03	5.000000e+00	5.000000e+00	5.000000e+00	
285	1.618902e-03	5.000000e+00	5.000000e+00	5.000000e+00	
286	1.628902e-03	5.000000e+00	5.000000e+00	5.000000e+00	

Index   time            V(1)            V(2)            V(3)            
--------------------------------------------------------------------------------
287	1.638902e-03	5.000000e+00	5.000000e+00	5.000000e+00	
288	1.648902e-03	5.000000e+00	5.000000e+00	5.000000e+00	
289	1.658902e-03	5.000000e+00	5.000000e+00	5.000000e+00	
290	1.668902e-03	5.000000e+00	5.000000e+00	5.000000e+00	
291	1.678902e-03	5.000000e+00	5.000000e+00	5.000000e+00	
292	1.688902e-03	5.000000e+00	5.000000e+00	5.000000e+00	
293	1.698902e-03	5.000000e+00	5.000000e+00	5.000000e+00	
294	1.708902e-03	5.000000e+00	5.000000e+00	5.000000e+00	
295	1.718902e-03	5.000000e+00	5.000000e+00	5.000000e+00	
296	1.728902e-03	5.000000e+00	5.000000e+00	5.000000e+00	
297	1.738902e-03	5.000000e+00	5.000000e+00	5.000000e+00	
298	1.748902e-03	5.000000e+00	5.000000e+00	5.000000e+00	
299	1.758902e-03	5.000000e+00	5.000000e+00	5.000000e+00	
300	1.768902e-03	5.000000e+00	5.000000e+00	5.000000e+00	
301	1.778902e-03	5.000000e+00	5.000000e+00	5.000000e+00	
302	1.788902e-03	5.000000e+00	5.000000e+00	5.000000e+00	
303	1.798902e-03	5.000000e+00	5.000000e+00	5.000000e+00	
304	1.808902e-03	5.000000e+00	5.000000e+00	5.000000e+00	
305	1.818902e-03	5.000000e+00	5.000000e+00	5.000000e+00	
306	1.828902e-03	5.000000e+00	5.000000e+00	5.000000e+00	
307	1.838902e-03	5.000000e+00	5.000000e+00	5.000000e+00	
308	1.848902e-03	5.000000e+00	5.000000e+00	5.000000e+00	
309	1.858902e-03	5.000000e+00	5.000000e+00	5.000000e+00	
310	1.868902e-03	5.000000e+00	5.000000e+00	5.000000e+00	
311	1.878902e-03	5.000000e+00	5.000000e+00	5.000000e+00	
312	1.888902e-03	5.000000e+00	5.000000e+00	5.000000e+00	
313	1.898902e-03	5.000000e+00	5.000000e+00	5.000000e+00	
314	1.908902e-03	5.000000e+00	5.000000e+00	5.000000e+00	
315	1.918902e-03	5.000000e+00	5.000000e+00	5.000000e+00	
316	1.928902e-03	5.000000e+00	5.000000e+00	5.000000e+00	
317	1.938902e-03	5.000000e+00	5.000000e+00	5.000000e+00	
318	1.948902e-03	5.000000e+00	5.000000e+00	5.000000e+00	
319	1.958902e-03	5.000000e+00	5.000000e+00	5.000000e+00	
320	1.968902e-03	5.000000e+00	5.000000e+00	5.000000e+00	
321	1.978902e-03	5.000000e+00	5.000000e+00	5.000000e+00	
322	1.988902e-03	5.000000e+00	5.000000e+00	5.000000e+00	
323	1.998902e-03	5.000000e+00	5.000000e+00	5.000000e+00	
324	2.000000e-03	5.000000e+00	5.000000e+00	5.000000e+00	
325	2.000001e-03	5.000000e+00	5.000000e+00	5.000000e+00	
326	2.000003e-03	5.000000e+00	5.000000e+00	5.000000e+00	
327	2.000007e-03	5.000000e+00	5.000000e+00	5.000000e+00	
328	2.000008e-03	5.000000e+00	5.000000e+00	5.000000e+00	
329	2.000008e-03	5.000000e+00	5.000000e+00	5.000000e+00	
330	2.000008e-03	5.000000e+00	5.000000e+00	5.000000e+00	
331	2.000008e-03	5.000000e+00	5.000000e+00	5.000000e+00	
332	2.000008e-03	5.000000e+00	5.000000e+00	5.000000e+00	
333	2.000008e-03	5.000000e+00	5.000000e+00	5.000000e+00	
334	2.000008e-03	5.000000e+00	5.000000e+00	5.000000e+00	
335	2.000008e-03	5.000000e+00	5.000000e+00	5.000000e+00	
336	2.000008e-03	5.000000e+00	5.000000e+00	5.000000e+00	
337	2.000008e-03	5.000000e+00	5.000000e+00	5.000000e+00	
338	2.000009e-03	5.000000e+00	5.000000e+00	5.000000e+00	
339	2.000009e-03	5.000000e+00	5.000000e+00	5.000000e+00	
340	2.000010e-03	5.000000e+00	5.000000e+00	5.000000e+00	
341	2.000010e-03	5.000000e+00	5.000000e+00	5.000000e+00	
342	2.000010e-03	5.000000e+00	5.000000e+00	5.000000e+00	
343	2.000011e-03	5.000000e+00	5.000000e+00	5.000000e+00	
344	2.000011e-03	5.000000e+00	5.000000e+00	5.000000e+00	

Index   time            V(1)            V(2)            V(3)            
--------------------------------------------------------------------------------
345	2.000011e-03	5.000000e+00	5.000000e+00	5.000000e+00	
346	2.000011e-03	5.000000e+00	5.000000e+00	5.000000e+00	
347	2.000011e-03	5.000000e+00	5.000000e+00	5.000000e+00	
348	2.000012e-03	5.000000e+00	5.000000e+00	5.000000e+00	
349	2.000012e-03	5.000000e+00	5.000000e+00	5.000000e+00	
350	2.000012e-03	5.000000e+00	5.000000e+00	5.000000e+00	
351	2.000012e-03	5.000000e+00	5.000000e+00	5.000000e+00	
352	2.000013e-03	5.000000e+00	5.000000e+00	5.000000e+00	
353	2.000013e-03	5.000000e+00	5.000000e+00	5.000000e+00	
354	2.000013e-03	5.000000e+00	5.000000e+00	5.000000e+00	
355	2.000013e-03	5.000000e+00	5.000000e+00	5.000000e+00	
356	2.000013e-03	5.000000e+00	5.000000e+00	5.000000e+00	
357	2.000014e-03	5.000000e+00	5.000000e+00	5.000000e+00	
358	2.000014e-03	5.000000e+00	5.000000e+00	5.000000e+00	
359	2.000014e-03	5.000000e+00	5.000000e+00	5.000000e+00	
360	2.000014e-03	5.000000e+00	5.000000e+00	5.000000e+00	
361	2.000014e-03	5.000000e+00	5.000000e+00	5.000000e+00	
362	2.000014e-03	5.000000e+00	5.000000e+00	5.000000e+00	
363	2.000014e-03	5.000000e+00	5.000000e+00	5.000000e+00	
364	2.000014e-03	5.000000e+00	5.000000e+00	5.000000e+00	
365	2.000014e-03	5.000000e+00	5.000000e+00	5.000000e+00	
366	2.000014e-03	5.000000e+00	5.000000e+00	5.000000e+00	
367	2.000014e-03	5.000000e+00	5.000000e+00	5.000000e+00	
368	2.000015e-03	5.000000e+00	5.000000e+00	5.000000e+00	
369	2.000015e-03	5.000000e+00	5.000000e+00	5.000000e+00	
370	2.000016e-03	5.000000e+00	5.000000e+00	5.000000e+00	
371	2.000018e-03	5.000000e+00	5.000000e+00	5.000000e+00	
372	2.000020e-03	5.000000e+00	5.000000e+00	5.000000e+00	
373	2.000020e-03	5.000000e+00	5.000000e+00	5.000000e+00	
374	2.000021e-03	5.000000e+00	5.000000e+00	5.000000e+00	
375	2.000021e-03	5.000000e+00	5.000000e+00	5.000000e+00	
376	2.000021e-03	5.000000e+00	5.000000e+00	5.000000e+00	
377	2.000022e-03	5.000000e+00	5.000000e+00	5.000000e+00	
378	2.000022e-03	5.000000e+00	5.000000e+00	5.000000e+00	
379	2.000022e-03	5.000000e+00	5.000000e+00	5.000000e+00	
380	2.000022e-03	5.000000e+00	5.000000e+00	5.000000e+00	
381	2.000022e-03	5.000000e+00	5.000000e+00	5.000000e+00	
382	2.000023e-03	5.000000e+00	5.000000e+00	5.000000e+00	
383	2.000023e-03	5.000000e+00	5.000000e+00	5.000000e+00	
384	2.000023e-03	5.000000e+00	5.000000e+00	5.000000e+00	
385	2.000023e-03	5.000000e+00	5.000000e+00	5.000000e+00	
386	2.000023e-03	5.000000e+00	5.000000e+00	5.000000e+00	
387	2.000023e-03	5.000000e+00	5.000000e+00	5.000000e+00	
388	2.000023e-03	5.000000e+00	5.000000e+00	5.000000e+00	
389	2.000023e-03	5.000000e+00	5.000000e+00	5.000000e+00	
390	2.000023e-03	5.000000e+00	5.000000e+00	5.000000e+00	
391	2.000023e-03	5.000000e+00	5.000000e+00	5.000000e+00	
392	2.000023e-03	5.000000e+00	5.000000e+00	5.000000e+00	
393	2.000023e-03	5.000000e+00	5.000000e+00	5.000000e+00	
394	2.000023e-03	5.000000e+00	5.000000e+00	5.000000e+00	
395	2.000023e-03	5.000000e+00	5.000000e+00	5.000000e+00	
396	2.000023e-03	5.000000e+00	5.000000e+00	5.000000e+00	
397	2.000023e-03	5.000000e+00	5.000000e+00	5.000000e+00	
398	2.000023e-03	5.000000e+00	5.000000e+00	5.000000e+00	
399	2.000023e-03	5.000000e+00	5.000000e+00	5.000000e+00	
400	2.000023e-03	5.000000e+00	5.000000e+00	5.000000e+00	
401	2.000024e-03	5.000000e+00	5.000000e+00	5.000000e+00	
402	2.000024e-03	5.000000e+00	5.000000e+00	5.000000e+00	

Index   time            V(1)            V(2)            V(3)            
--------------------------------------------------------------------------------
403	2.000025e-03	5.000000e+00	5.000000e+00	5.000000e+00	
404	2.000025e-03	5.000000e+00	5.000000e+00	5.000000e+00	
405	2.000025e-03	5.000000e+00	5.000000e+00	5.000000e+00	
406	2.000025e-03	5.000000e+00	5.000000e+00	5.000000e+00	
407	2.000026e-03	5.000000e+00	5.000000e+00	5.000000e+00	
408	2.000026e-03	5.000000e+00	5.000000e+00	5.000000e+00	
409	2.000026e-03	5.000000e+00	5.000000e+00	5.000000e+00	
410	2.000026e-03	5.000000e+00	5.000000e+00	5.000000e+00	
411	2.000027e-03	5.000000e+00	5.000000e+00	5.000000e+00	
412	2.000027e-03	5.000000e+00	5.000000e+00	5.000000e+00	
413	2.000028e-03	5.000000e+00	5.000000e+00	5.000000e+00	
414	2.000031e-03	5.000000e+00	5.000000e+00	5.000000e+00	
415	2.000035e-03	5.000000e+00	5.000000e+00	5.000000e+00	
416	2.000044e-03	5.000000e+00	5.000000e+00	5.000000e+00	
417	2.000063e-03	5.000000e+00	5.000000e+00	5.000000e+00	
418	2.000100e-03	5.000000e+00	5.000000e+00	5.000000e+00	
419	2.000173e-03	5.000000e+00	5.000000e+00	5.000000e+00	
420	2.000321e-03	5.000000e+00	5.000000e+00	5.000000e+00	
421	2.000616e-03	5.000000e+00	5.000000e+00	5.000000e+00	
422	2.001206e-03	5.000000e+00	5.000000e+00	5.000000e+00	
423	2.002385e-03	5.000000e+00	5.000000e+00	5.000000e+00	
424	2.004745e-03	5.000000e+00	5.000000e+00	5.000000e+00	
425	2.009463e-03	5.000000e+00	5.000000e+00	5.000000e+00	
426	2.018900e-03	5.000000e+00	5.000000e+00	5.000000e+00	
427	2.028900e-03	5.000000e+00	5.000000e+00	5.000000e+00	
428	2.038900e-03	5.000000e+00	5.000000e+00	5.000000e+00	
429	2.048900e-03	5.000000e+00	5.000000e+00	5.000000e+00	
430	2.058900e-03	5.000000e+00	5.000000e+00	5.000000e+00	
431	2.068900e-03	5.000000e+00	5.000000e+00	5.000000e+00	
432	2.078900e-03	5.000000e+00	5.000000e+00	5.000000e+00	
433	2.088900e-03	5.000000e+00	5.000000e+00	5.000000e+00	
434	2.098900e-03	5.000000e+00	5.000000e+00	5.000000e+00	
435	2.108900e-03	5.000000e+00	5.000000e+00	5.000000e+00	
436	2.118900e-03	5.000000e+00	5.000000e+00	5.000000e+00	
437	2.128900e-03	5.000000e+00	5.000000e+00	5.000000e+00	
438	2.138900e-03	5.000000e+00	5.000000e+00	5.000000e+00	
439	2.148900e-03	5.000000e+00	5.000000e+00	5.000000e+00	
440	2.158900e-03	5.000000e+00	5.000000e+00	5.000000e+00	
441	2.168900e-03	5.000000e+00	5.000000e+00	5.000000e+00	
442	2.178900e-03	5.000000e+00	5.000000e+00	5.000000e+00	
443	2.188900e-03	5.000000e+00	5.000000e+00	5.000000e+00	
444	2.198900e-03	5.000000e+00	5.000000e+00	5.000000e+00	
445	2.208900e-03	5.000000e+00	5.000000e+00	5.000000e+00	
446	2.218900e-03	5.000000e+00	5.000000e+00	5.000000e+00	
447	2.228900e-03	5.000000e+00	5.000000e+00	5.000000e+00	
448	2.238900e-03	5.000000e+00	5.000000e+00	5.000000e+00	
449	2.248900e-03	5.000000e+00	5.000000e+00	5.000000e+00	
450	2.258900e-03	5.000000e+00	5.000000e+00	5.000000e+00	
451	2.268900e-03	5.000000e+00	5.000000e+00	5.000000e+00	
452	2.278900e-03	5.000000e+00	5.000000e+00	5.000000e+00	
453	2.288900e-03	5.000000e+00	5.000000e+00	5.000000e+00	
454	2.298900e-03	5.000000e+00	5.000000e+00	5.000000e+00	
455	2.308900e-03	5.000000e+00	5.000000e+00	5.000000e+00	
456	2.318900e-03	5.000000e+00	5.000000e+00	5.000000e+00	
457	2.328900e-03	5.000000e+00	5.000000e+00	5.000000e+00	
458	2.338900e-03	5.000000e+00	5.000000e+00	5.000000e+00	
459	2.348900e-03	5.000000e+00	5.000000e+00	5.000000e+00	
460	2.358900e-03	5.000000e+00	5.000000e+00	5.000000e+00	

Index   time            V(1)            V(2)            V(3)            
--------------------------------------------------------------------------------
461	2.368900e-03	5.000000e+00	5.000000e+00	5.000000e+00	
462	2.378900e-03	5.000000e+00	5.000000e+00	5.000000e+00	
463	2.388900e-03	5.000000e+00	5.000000e+00	5.000000e+00	
464	2.398900e-03	5.000000e+00	5.000000e+00	5.000000e+00	
465	2.408900e-03	5.000000e+00	5.000000e+00	5.000000e+00	
466	2.418900e-03	5.000000e+00	5.000000e+00	5.000000e+00	
467	2.428900e-03	5.000000e+00	5.000000e+00	5.000000e+00	
468	2.438900e-03	5.000000e+00	5.000000e+00	5.000000e+00	
469	2.448900e-03	5.000000e+00	5.000000e+00	5.000000e+00	
470	2.458900e-03	5.000000e+00	5.000000e+00	5.000000e+00	
471	2.468900e-03	5.000000e+00	5.000000e+00	5.000000e+00	
472	2.478900e-03	5.000000e+00	5.000000e+00	5.000000e+00	
473	2.488900e-03	5.000000e+00	5.000000e+00	5.000000e+00	
474	2.498900e-03	5.000000e+00	5.000000e+00	5.000000e+00	
475	2.508900e-03	5.000000e+00	5.000000e+00	5.000000e+00	
476	2.518900e-03	5.000000e+00	5.000000e+00	5.000000e+00	
477	2.528900e-03	5.000000e+00	5.000000e+00	5.000000e+00	
478	2.538900e-03	5.000000e+00	5.000000e+00	5.000000e+00	
479	2.548900e-03	5.000000e+00	5.000000e+00	5.000000e+00	
480	2.558900e-03	5.000000e+00	5.000000e+00	5.000000e+00	
481	2.568900e-03	5.000000e+00	5.000000e+00	5.000000e+00	
482	2.578900e-03	5.000000e+00	5.000000e+00	5.000000e+00	
483	2.588900e-03	5.000000e+00	5.000000e+00	5.000000e+00	
484	2.598900e-03	5.000000e+00	5.000000e+00	5.000000e+00	
485	2.608900e-03	5.000000e+00	5.000000e+00	5.000000e+00	
486	2.618900e-03	5.000000e+00	5.000000e+00	5.000000e+00	
487	2.628900e-03	5.000000e+00	5.000000e+00	5.000000e+00	
488	2.638900e-03	5.000000e+00	5.000000e+00	5.000000e+00	
489	2.648900e-03	5.000000e+00	5.000000e+00	5.000000e+00	
490	2.658900e-03	5.000000e+00	5.000000e+00	5.000000e+00	
491	2.668900e-03	5.000000e+00	5.000000e+00	5.000000e+00	
492	2.678900e-03	5.000000e+00	5.000000e+00	5.000000e+00	
493	2.688900e-03	5.000000e+00	5.000000e+00	5.000000e+00	
494	2.698900e-03	5.000000e+00	5.000000e+00	5.000000e+00	
495	2.708900e-03	5.000000e+00	5.000000e+00	5.000000e+00	
496	2.718900e-03	5.000000e+00	5.000000e+00	5.000000e+00	
497	2.728900e-03	5.000000e+00	5.000000e+00	5.000000e+00	
498	2.738900e-03	5.000000e+00	5.000000e+00	5.000000e+00	
499	2.748900e-03	5.000000e+00	5.000000e+00	5.000000e+00	
500	2.758900e-03	5.000000e+00	5.000000e+00	5.000000e+00	
501	2.768900e-03	5.000000e+00	5.000000e+00	5.000000e+00	
502	2.778900e-03	5.000000e+00	5.000000e+00	5.000000e+00	
503	2.788900e-03	5.000000e+00	5.000000e+00	5.000000e+00	
504	2.798900e-03	5.000000e+00	5.000000e+00	5.000000e+00	
505	2.808900e-03	5.000000e+00	5.000000e+00	5.000000e+00	
506	2.818900e-03	5.000000e+00	5.000000e+00	5.000000e+00	
507	2.828900e-03	5.000000e+00	5.000000e+00	5.000000e+00	
508	2.838900e-03	5.000000e+00	5.000000e+00	5.000000e+00	
509	2.848900e-03	5.000000e+00	5.000000e+00	5.000000e+00	
510	2.858900e-03	5.000000e+00	5.000000e+00	5.000000e+00	
511	2.868900e-03	5.000000e+00	5.000000e+00	5.000000e+00	
512	2.878900e-03	5.000000e+00	5.000000e+00	5.000000e+00	
513	2.888900e-03	5.000000e+00	5.000000e+00	5.000000e+00	
514	2.898900e-03	5.000000e+00	5.000000e+00	5.000000e+00	
515	2.908900e-03	5.000000e+00	5.000000e+00	5.000000e+00	
516	2.918900e-03	5.000000e+00	5.000000e+00	5.000000e+00	
517	2.928900e-03	5.000000e+00	5.000000e+00	5.000000e+00	
518	2.938900e-03	5.000000e+00	5.000000e+00	5.000000e+00	

Index   time            V(1)            V(2)            V(3)            
--------------------------------------------------------------------------------
519	2.948900e-03	5.000000e+00	5.000000e+00	5.000000e+00	
520	2.958900e-03	5.000000e+00	5.000000e+00	5.000000e+00	
521	2.968900e-03	5.000000e+00	5.000000e+00	5.000000e+00	
522	2.978900e-03	5.000000e+00	5.000000e+00	5.000000e+00	
523	2.988900e-03	5.000000e+00	5.000000e+00	5.000000e+00	
524	2.998900e-03	5.000000e+00	5.000000e+00	5.000000e+00	
525	3.000010e-03	5.000000e+00	5.000000e+00	5.000000e+00	
526	3.000011e-03	5.000000e+00	5.000000e+00	5.000000e+00	
527	3.000013e-03	5.000000e+00	5.000000e+00	5.000000e+00	
528	3.000017e-03	5.000000e+00	5.000000e+00	5.000000e+00	
529	3.000020e-03	5.000000e+00	5.000000e+00	5.000000e+00	
530	3.000021e-03	5.000000e+00	5.000000e+00	5.000000e+00	
531	3.000022e-03	5.000000e+00	5.000000e+00	5.000000e+00	
532	3.000022e-03	5.000000e+00	5.000000e+00	5.000000e+00	
533	3.000022e-03	5.000000e+00	5.000000e+00	5.000000e+00	
534	3.000023e-03	5.000000e+00	5.000000e+00	5.000000e+00	
535	3.000023e-03	5.000000e+00	5.000000e+00	5.000000e+00	
536	3.000023e-03	5.000000e+00	5.000000e+00	5.000000e+00	
537	3.000023e-03	5.000000e+00	5.000000e+00	5.000000e+00	
538	3.000023e-03	5.000000e+00	5.000000e+00	5.000000e+00	
539	3.000024e-03	5.000000e+00	5.000000e+00	5.000000e+00	
540	3.000024e-03	5.000000e+00	5.000000e+00	5.000000e+00	
541	3.000024e-03	5.000000e+00	5.000000e+00	5.000000e+00	
542	3.000024e-03	5.000000e+00	5.000000e+00	5.000000e+00	
543	3.000024e-03	5.000000e+00	5.000000e+00	5.000000e+00	
544	3.000024e-03	5.000000e+00	5.000000e+00	5.000000e+00	
545	3.000024e-03	5.000000e+00	5.000000e+00	5.000000e+00	
546	3.000024e-03	5.000000e+00	5.000000e+00	5.000000e+00	
547	3.000024e-03	5.000000e+00	5.000000e+00	5.000000e+00	
548	3.000024e-03	5.000000e+00	5.000000e+00	5.000000e+00	
549	3.000024e-03	5.000000e+00	5.000000e+00	5.000000e+00	
550	3.000025e-03	5.000000e+00	5.000000e+00	5.000000e+00	
551	3.000025e-03	5.000000e+00	5.000000e+00	5.000000e+00	
552	3.000025e-03	5.000000e+00	5.000000e+00	5.000000e+00	
553	3.000025e-03	5.000000e+00	5.000000e+00	5.000000e+00	
554	3.000025e-03	5.000000e+00	5.000000e+00	5.000000e+00	
555	3.000025e-03	5.000000e+00	5.000000e+00	5.000000e+00	
556	3.000025e-03	5.000000e+00	5.000000e+00	5.000000e+00	
557	3.000025e-03	5.000000e+00	5.000000e+00	5.000000e+00	
558	3.000025e-03	5.000000e+00	5.000000e+00	5.000000e+00	
559	3.000025e-03	5.000000e+00	5.000000e+00	5.000000e+00	
560	3.000025e-03	5.000000e+00	5.000000e+00	5.000000e+00	
561	3.000026e-03	5.000000e+00	5.000000e+00	5.000000e+00	
562	3.000026e-03	5.000000e+00	5.000000e+00	5.000000e+00	
563	3.000027e-03	5.000000e+00	5.000000e+00	5.000000e+00	
564	3.000027e-03	5.000000e+00	5.000000e+00	5.000000e+00	
565	3.000027e-03	5.000000e+00	5.000000e+00	5.000000e+00	
566	3.000028e-03	5.000000e+00	5.000000e+00	5.000000e+00	
567	3.000028e-03	5.000000e+00	5.000000e+00	5.000000e+00	
568	3.000028e-03	5.000000e+00	5.000000e+00	5.000000e+00	
569	3.000028e-03	5.000000e+00	5.000000e+00	5.000000e+00	
570	3.000028e-03	5.000000e+00	5.000000e+00	5.000000e+00	
571	3.000029e-03	5.000000e+00	5.000000e+00	5.000000e+00	
572	3.000030e-03	5.000000e+00	5.000000e+00	5.000000e+00	
573	3.000032e-03	5.000000e+00	5.000000e+00	5.000000e+00	
574	3.000037e-03	5.000000e+00	5.000000e+00	5.000000e+00	
575	3.000046e-03	5.000000e+00	5.000000e+00	5.000000e+00	
576	3.000065e-03	5.000000e+00	5.000000e+00	5.000000e+00	

Index   time            V(1)            V(2)            V(3)            
--------------------------------------------------------------------------------
577	3.000102e-03	5.000000e+00	5.000000e+00	5.000000e+00	
578	3.000175e-03	5.000000e+00	5.000000e+00	5.000000e+00	
579	3.000323e-03	5.000000e+00	5.000000e+00	5.000000e+00	
580	3.000618e-03	5.000000e+00	5.000000e+00	5.000000e+00	
581	3.001207e-03	5.000000e+00	5.000000e+00	5.000000e+00	
582	3.002387e-03	5.000000e+00	5.000000e+00	5.000000e+00	
583	3.004746e-03	5.000000e+00	5.000000e+00	5.000000e+00	
584	3.009465e-03	5.000000e+00	5.000000e+00	5.000000e+00	
585	3.018902e-03	5.000000e+00	5.000000e+00	5.000000e+00	
586	3.028902e-03	5.000000e+00	5.000000e+00	5.000000e+00	
587	3.038902e-03	5.000000e+00	5.000000e+00	5.000000e+00	
588	3.048902e-03	5.000000e+00	5.000000e+00	5.000000e+00	
589	3.058902e-03	5.000000e+00	5.000000e+00	5.000000e+00	
590	3.068902e-03	5.000000e+00	5.000000e+00	5.000000e+00	
591	3.078902e-03	5.000000e+00	5.000000e+00	5.000000e+00	
592	3.088902e-03	5.000000e+00	5.000000e+00	5.000000e+00	
593	3.098902e-03	5.000000e+00	5.000000e+00	5.000000e+00	
594	3.108902e-03	5.000000e+00	5.000000e+00	5.000000e+00	
595	3.118902e-03	5.000000e+00	5.000000e+00	5.000000e+00	
596	3.128902e-03	5.000000e+00	5.000000e+00	5.000000e+00	
597	3.138902e-03	5.000000e+00	5.000000e+00	5.000000e+00	
598	3.148902e-03	5.000000e+00	5.000000e+00	5.000000e+00	
599	3.158902e-03	5.000000e+00	5.000000e+00	5.000000e+00	
600	3.168902e-03	5.000000e+00	5.000000e+00	5.000000e+00	
601	3.178902e-03	5.000000e+00	5.000000e+00	5.000000e+00	
602	3.188902e-03	5.000000e+00	5.000000e+00	5.000000e+00	
603	3.198902e-03	5.000000e+00	5.000000e+00	5.000000e+00	
604	3.208902e-03	5.000000e+00	5.000000e+00	5.000000e+00	
605	3.218902e-03	5.000000e+00	5.000000e+00	5.000000e+00	
606	3.228902e-03	5.000000e+00	5.000000e+00	5.000000e+00	
607	3.238902e-03	5.000000e+00	5.000000e+00	5.000000e+00	
608	3.248902e-03	5.000000e+00	5.000000e+00	5.000000e+00	
609	3.258902e-03	5.000000e+00	5.000000e+00	5.000000e+00	
610	3.268902e-03	5.000000e+00	5.000000e+00	5.000000e+00	
611	3.278902e-03	5.000000e+00	5.000000e+00	5.000000e+00	
612	3.288902e-03	5.000000e+00	5.000000e+00	5.000000e+00	
613	3.298902e-03	5.000000e+00	5.000000e+00	5.000000e+00	
614	3.308902e-03	5.000000e+00	5.000000e+00	5.000000e+00	
615	3.318902e-03	5.000000e+00	5.000000e+00	5.000000e+00	
616	3.328902e-03	5.000000e+00	5.000000e+00	5.000000e+00	
617	3.338902e-03	5.000000e+00	5.000000e+00	5.000000e+00	
618	3.348902e-03	5.000000e+00	5.000000e+00	5.000000e+00	
619	3.358902e-03	5.000000e+00	5.000000e+00	5.000000e+00	
620	3.368902e-03	5.000000e+00	5.000000e+00	5.000000e+00	
621	3.378902e-03	5.000000e+00	5.000000e+00	5.000000e+00	
622	3.388902e-03	5.000000e+00	5.000000e+00	5.000000e+00	
623	3.398902e-03	5.000000e+00	5.000000e+00	5.000000e+00	
624	3.408902e-03	5.000000e+00	5.000000e+00	5.000000e+00	
625	3.418902e-03	5.000000e+00	5.000000e+00	5.000000e+00	
626	3.428902e-03	5.000000e+00	5.000000e+00	5.000000e+00	
627	3.438902e-03	5.000000e+00	5.000000e+00	5.000000e+00	
628	3.448902e-03	5.000000e+00	5.000000e+00	5.000000e+00	
629	3.458902e-03	5.000000e+00	5.000000e+00	5.000000e+00	
630	3.468902e-03	5.000000e+00	5.000000e+00	5.000000e+00	
631	3.478902e-03	5.000000e+00	5.000000e+00	5.000000e+00	
632	3.488902e-03	5.000000e+00	5.000000e+00	5.000000e+00	
633	3.498902e-03	5.000000e+00	5.000000e+00	5.000000e+00	
634	3.508902e-03	5.000000e+00	5.000000e+00	5.000000e+00	

Index   time            V(1)            V(2)            V(3)            
--------------------------------------------------------------------------------
635	3.518902e-03	5.000000e+00	5.000000e+00	5.000000e+00	
636	3.528902e-03	5.000000e+00	5.000000e+00	5.000000e+00	
637	3.538902e-03	5.000000e+00	5.000000e+00	5.000000e+00	
638	3.548902e-03	5.000000e+00	5.000000e+00	5.000000e+00	
639	3.558902e-03	5.000000e+00	5.000000e+00	5.000000e+00	
640	3.568902e-03	5.000000e+00	5.000000e+00	5.000000e+00	
641	3.578902e-03	5.000000e+00	5.000000e+00	5.000000e+00	
642	3.588902e-03	5.000000e+00	5.000000e+00	5.000000e+00	
643	3.598902e-03	5.000000e+00	5.000000e+00	5.000000e+00	
644	3.608902e-03	5.000000e+00	5.000000e+00	5.000000e+00	
645	3.618902e-03	5.000000e+00	5.000000e+00	5.000000e+00	
646	3.628902e-03	5.000000e+00	5.000000e+00	5.000000e+00	
647	3.638902e-03	5.000000e+00	5.000000e+00	5.000000e+00	
648	3.648902e-03	5.000000e+00	5.000000e+00	5.000000e+00	
649	3.658902e-03	5.000000e+00	5.000000e+00	5.000000e+00	
650	3.668902e-03	5.000000e+00	5.000000e+00	5.000000e+00	
651	3.678902e-03	5.000000e+00	5.000000e+00	5.000000e+00	
652	3.688902e-03	5.000000e+00	5.000000e+00	5.000000e+00	
653	3.698902e-03	5.000000e+00	5.000000e+00	5.000000e+00	
654	3.708902e-03	5.000000e+00	5.000000e+00	5.000000e+00	
655	3.718902e-03	5.000000e+00	5.000000e+00	5.000000e+00	
656	3.728902e-03	5.000000e+00	5.000000e+00	5.000000e+00	
657	3.738902e-03	5.000000e+00	5.000000e+00	5.000000e+00	
658	3.748902e-03	5.000000e+00	5.000000e+00	5.000000e+00	
659	3.758902e-03	5.000000e+00	5.000000e+00	5.000000e+00	
660	3.768902e-03	5.000000e+00	5.000000e+00	5.000000e+00	
661	3.778902e-03	5.000000e+00	5.000000e+00	5.000000e+00	
662	3.788902e-03	5.000000e+00	5.000000e+00	5.000000e+00	
663	3.798902e-03	5.000000e+00	5.000000e+00	5.000000e+00	
664	3.808902e-03	5.000000e+00	5.000000e+00	5.000000e+00	
665	3.818902e-03	5.000000e+00	5.000000e+00	5.000000e+00	
666	3.828902e-03	5.000000e+00	5.000000e+00	5.000000e+00	
667	3.838902e-03	5.000000e+00	5.000000e+00	5.000000e+00	
668	3.848902e-03	5.000000e+00	5.000000e+00	5.000000e+00	
669	3.858902e-03	5.000000e+00	5.000000e+00	5.000000e+00	
670	3.868902e-03	5.000000e+00	5.000000e+00	5.000000e+00	
671	3.878902e-03	5.000000e+00	5.000000e+00	5.000000e+00	
672	3.888902e-03	5.000000e+00	5.000000e+00	5.000000e+00	
673	3.898902e-03	5.000000e+00	5.000000e+00	5.000000e+00	
674	3.908902e-03	5.000000e+00	5.000000e+00	5.000000e+00	
675	3.918902e-03	5.000000e+00	5.000000e+00	5.000000e+00	
676	3.928902e-03	5.000000e+00	5.000000e+00	5.000000e+00	
677	3.938902e-03	5.000000e+00	5.000000e+00	5.000000e+00	
678	3.948902e-03	5.000000e+00	5.000000e+00	5.000000e+00	
679	3.958902e-03	5.000000e+00	5.000000e+00	5.000000e+00	
680	3.968902e-03	5.000000e+00	5.000000e+00	5.000000e+00	
681	3.978902e-03	5.000000e+00	5.000000e+00	5.000000e+00	
682	3.988902e-03	5.000000e+00	5.000000e+00	5.000000e+00	
683	3.998902e-03	5.000000e+00	5.000000e+00	5.000000e+00	
684	4.000000e-03	5.000000e+00	5.000000e+00	5.000000e+00	
685	4.000001e-03	5.000000e+00	5.000000e+00	5.000000e+00	
686	4.000003e-03	5.000000e+00	5.000000e+00	5.000000e+00	
687	4.000007e-03	5.000000e+00	5.000000e+00	5.000000e+00	
688	4.000008e-03	5.000000e+00	5.000000e+00	5.000000e+00	
689	4.000008e-03	5.000000e+00	5.000000e+00	5.000000e+00	
690	4.000008e-03	5.000000e+00	5.000000e+00	5.000000e+00	
691	4.000008e-03	5.000000e+00	5.000000e+00	5.000000e+00	
692	4.000008e-03	5.000000e+00	5.000000e+00	5.000000e+00	

Index   time            V(1)            V(2)            V(3)            
--------------------------------------------------------------------------------
693	4.000008e-03	5.000000e+00	5.000000e+00	5.000000e+00	
694	4.000008e-03	5.000000e+00	5.000000e+00	5.000000e+00	
695	4.000008e-03	5.000000e+00	5.000000e+00	5.000000e+00	
696	4.000008e-03	5.000000e+00	5.000000e+00	5.000000e+00	
697	4.000008e-03	5.000000e+00	5.000000e+00	5.000000e+00	
698	4.000009e-03	5.000000e+00	5.000000e+00	5.000000e+00	
699	4.000009e-03	5.000000e+00	5.000000e+00	5.000000e+00	
700	4.000010e-03	5.000000e+00	5.000000e+00	5.000000e+00	
701	4.000010e-03	5.000000e+00	5.000000e+00	5.000000e+00	
702	4.000010e-03	5.000000e+00	5.000000e+00	5.000000e+00	
703	4.000011e-03	5.000000e+00	5.000000e+00	5.000000e+00	
704	4.000011e-03	5.000000e+00	5.000000e+00	5.000000e+00	
705	4.000011e-03	5.000000e+00	5.000000e+00	5.000000e+00	
706	4.000011e-03	5.000000e+00	5.000000e+00	5.000000e+00	
707	4.000012e-03	5.000000e+00	5.000000e+00	5.000000e+00	
708	4.000012e-03	5.000000e+00	5.000000e+00	5.000000e+00	
709	4.000012e-03	5.000000e+00	5.000000e+00	5.000000e+00	
710	4.000012e-03	5.000000e+00	5.000000e+00	5.000000e+00	
711	4.000012e-03	5.000000e+00	5.000000e+00	5.000000e+00	
712	4.000013e-03	5.000000e+00	5.000000e+00	5.000000e+00	
713	4.000013e-03	5.000000e+00	5.000000e+00	5.000000e+00	
714	4.000013e-03	5.000000e+00	5.000000e+00	5.000000e+00	
715	4.000013e-03	5.000000e+00	5.000000e+00	5.000000e+00	
716	4.000014e-03	5.000000e+00	5.000000e+00	5.000000e+00	
717	4.000014e-03	5.000000e+00	5.000000e+00	5.000000e+00	
718	4.000014e-03	5.000000e+00	5.000000e+00	5.000000e+00	
719	4.000014e-03	5.000000e+00	5.000000e+00	5.000000e+00	
720	4.000014e-03	5.000000e+00	5.000000e+00	5.000000e+00	
721	4.000014e-03	5.000000e+00	5.000000e+00	5.000000e+00	
722	4.000014e-03	5.000000e+00	5.000000e+00	5.000000e+00	
723	4.000014e-03	5.000000e+00	5.000000e+00	5.000000e+00	
724	4.000014e-03	5.000000e+00	5.000000e+00	5.000000e+00	
725	4.000014e-03	5.000000e+00	5.000000e+00	5.000000e+00	
726	4.000014e-03	5.000000e+00	5.000000e+00	5.000000e+00	
727	4.000015e-03	5.000000e+00	5.000000e+00	5.000000e+00	
728	4.000015e-03	5.000000e+00	5.000000e+00	5.000000e+00	
729	4.000016e-03	5.000000e+00	5.000000e+00	5.000000e+00	
730	4.000017e-03	5.000000e+00	5.000000e+00	5.000000e+00	
731	4.000017e-03	5.000000e+00	5.000000e+00	5.000000e+00	
732	4.000017e-03	5.000000e+00	5.000000e+00	5.000000e+00	
733	4.000017e-03	5.000000e+00	5.000000e+00	5.000000e+00	
734	4.000017e-03	5.000000e+00	5.000000e+00	5.000000e+00	
735	4.000017e-03	5.000000e+00	5.000000e+00	5.000000e+00	
736	4.000017e-03	5.000000e+00	5.000000e+00	5.000000e+00	
737	4.000017e-03	5.000000e+00	5.000000e+00	5.000000e+00	
738	4.000017e-03	5.000000e+00	5.000000e+00	5.000000e+00	
739	4.000017e-03	5.000000e+00	5.000000e+00	5.000000e+00	
740	4.000018e-03	5.000000e+00	5.000000e+00	5.000000e+00	
741	4.000018e-03	5.000000e+00	5.000000e+00	5.000000e+00	
742	4.000019e-03	5.000000e+00	5.000000e+00	5.000000e+00	
743	4.000019e-03	5.000000e+00	5.000000e+00	5.000000e+00	
744	4.000019e-03	5.000000e+00	5.000000e+00	5.000000e+00	
745	4.000020e-03	5.000000e+00	5.000000e+00	5.000000e+00	
746	4.000020e-03	5.000000e+00	5.000000e+00	5.000000e+00	
747	4.000020e-03	5.000000e+00	5.000000e+00	5.000000e+00	
748	4.000020e-03	5.000000e+00	5.000000e+00	5.000000e+00	
749	4.000020e-03	5.000000e+00	5.000000e+00	5.000000e+00	
750	4.000020e-03	5.000000e+00	5.000000e+00	5.000000e+00	

Index   time            V(1)            V(2)            V(3)            
--------------------------------------------------------------------------------
751	4.000020e-03	5.000000e+00	5.000000e+00	5.000000e+00	
752	4.000020e-03	5.000000e+00	5.000000e+00	5.000000e+00	
753	4.000020e-03	5.000000e+00	5.000000e+00	5.000000e+00	
754	4.000020e-03	5.000000e+00	5.000000e+00	5.000000e+00	
755	4.000020e-03	5.000000e+00	5.000000e+00	5.000000e+00	
756	4.000021e-03	5.000000e+00	5.000000e+00	5.000000e+00	
757	4.000021e-03	5.000000e+00	5.000000e+00	5.000000e+00	
758	4.000021e-03	5.000000e+00	5.000000e+00	5.000000e+00	
759	4.000021e-03	5.000000e+00	5.000000e+00	5.000000e+00	
760	4.000021e-03	5.000000e+00	5.000000e+00	5.000000e+00	
761	4.000022e-03	5.000000e+00	5.000000e+00	5.000000e+00	
762	4.000022e-03	5.000000e+00	5.000000e+00	5.000000e+00	
763	4.000022e-03	5.000000e+00	5.000000e+00	5.000000e+00	
764	4.000022e-03	5.000000e+00	5.000000e+00	5.000000e+00	
765	4.000023e-03	5.000000e+00	5.000000e+00	5.000000e+00	
766	4.000023e-03	5.000000e+00	5.000000e+00	5.000000e+00	
767	4.000023e-03	5.000000e+00	5.000000e+00	5.000000e+00	
768	4.000023e-03	5.000000e+00	5.000000e+00	5.000000e+00	
769	4.000023e-03	5.000000e+00	5.000000e+00	5.000000e+00	
770	4.000023e-03	5.000000e+00	5.000000e+00	5.000000e+00	
771	4.000023e-03	5.000000e+00	5.000000e+00	5.000000e+00	
772	4.000023e-03	5.000000e+00	5.000000e+00	5.000000e+00	
773	4.000023e-03	5.000000e+00	5.000000e+00	5.000000e+00	
774	4.000023e-03	5.000000e+00	5.000000e+00	5.000000e+00	
775	4.000023e-03	5.000000e+00	5.000000e+00	5.000000e+00	
776	4.000024e-03	5.000000e+00	5.000000e+00	5.000000e+00	
777	4.000024e-03	5.000000e+00	5.000000e+00	5.000000e+00	
778	4.000025e-03	5.000000e+00	5.000000e+00	5.000000e+00	
779	4.000027e-03	5.000000e+00	5.000000e+00	5.000000e+00	
780	4.000031e-03	5.000000e+00	5.000000e+00	5.000000e+00	
781	4.000040e-03	5.000000e+00	5.000000e+00	5.000000e+00	
782	4.000056e-03	5.000000e+00	5.000000e+00	5.000000e+00	
783	4.000089e-03	5.000000e+00	5.000000e+00	5.000000e+00	
784	4.000154e-03	5.000000e+00	5.000000e+00	5.000000e+00	
785	4.000285e-03	5.000000e+00	5.000000e+00	5.000000e+00	
786	4.000547e-03	5.000000e+00	5.000000e+00	5.000000e+00	
787	4.001072e-03	5.000000e+00	5.000000e+00	5.000000e+00	
788	4.002120e-03	5.000000e+00	5.000000e+00	5.000000e+00	
789	4.004218e-03	5.000000e+00	5.000000e+00	5.000000e+00	
790	4.008412e-03	5.000000e+00	5.000000e+00	5.000000e+00	
791	4.016800e-03	5.000000e+00	5.000000e+00	5.000000e+00	
792	4.026800e-03	5.000000e+00	5.000000e+00	5.000000e+00	
793	4.036800e-03	5.000000e+00	5.000000e+00	5.000000e+00	
794	4.046800e-03	5.000000e+00	5.000000e+00	5.000000e+00	
795	4.056800e-03	5.000000e+00	5.000000e+00	5.000000e+00	
796	4.066800e-03	5.000000e+00	5.000000e+00	5.000000e+00	
797	4.076800e-03	5.000000e+00	5.000000e+00	5.000000e+00	
798	4.086800e-03	5.000000e+00	5.000000e+00	5.000000e+00	
799	4.096800e-03	5.000000e+00	5.000000e+00	5.000000e+00	
800	4.106800e-03	5.000000e+00	5.000000e+00	5.000000e+00	
801	4.116800e-03	5.000000e+00	5.000000e+00	5.000000e+00	
802	4.126800e-03	5.000000e+00	5.000000e+00	5.000000e+00	
803	4.136800e-03	5.000000e+00	5.000000e+00	5.000000e+00	
804	4.146800e-03	5.000000e+00	5.000000e+00	5.000000e+00	
805	4.156800e-03	5.000000e+00	5.000000e+00	5.000000e+00	
806	4.166800e-03	5.000000e+00	5.000000e+00	5.000000e+00	
807	4.176800e-03	5.000000e+00	5.000000e+00	5.000000e+00	
808	4.186800e-03	5.000000e+00	5.000000e+00	5.000000e+00	

Index   time            V(1)            V(2)            V(3)            
--------------------------------------------------------------------------------
809	4.196800e-03	5.000000e+00	5.000000e+00	5.000000e+00	
810	4.206800e-03	5.000000e+00	5.000000e+00	5.000000e+00	
811	4.216800e-03	5.000000e+00	5.000000e+00	5.000000e+00	
812	4.226800e-03	5.000000e+00	5.000000e+00	5.000000e+00	
813	4.236800e-03	5.000000e+00	5.000000e+00	5.000000e+00	
814	4.246800e-03	5.000000e+00	5.000000e+00	5.000000e+00	
815	4.256800e-03	5.000000e+00	5.000000e+00	5.000000e+00	
816	4.266800e-03	5.000000e+00	5.000000e+00	5.000000e+00	
817	4.276800e-03	5.000000e+00	5.000000e+00	5.000000e+00	
818	4.286800e-03	5.000000e+00	5.000000e+00	5.000000e+00	
819	4.296800e-03	5.000000e+00	5.000000e+00	5.000000e+00	
820	4.306800e-03	5.000000e+00	5.000000e+00	5.000000e+00	
821	4.316800e-03	5.000000e+00	5.000000e+00	5.000000e+00	
822	4.326800e-03	5.000000e+00	5.000000e+00	5.000000e+00	
823	4.336800e-03	5.000000e+00	5.000000e+00	5.000000e+00	
824	4.346800e-03	5.000000e+00	5.000000e+00	5.000000e+00	
825	4.356800e-03	5.000000e+00	5.000000e+00	5.000000e+00	
826	4.366800e-03	5.000000e+00	5.000000e+00	5.000000e+00	
827	4.376800e-03	5.000000e+00	5.000000e+00	5.000000e+00	
828	4.386800e-03	5.000000e+00	5.000000e+00	5.000000e+00	
829	4.396800e-03	5.000000e+00	5.000000e+00	5.000000e+00	
830	4.406800e-03	5.000000e+00	5.000000e+00	5.000000e+00	
831	4.416800e-03	5.000000e+00	5.000000e+00	5.000000e+00	
832	4.426800e-03	5.000000e+00	5.000000e+00	5.000000e+00	
833	4.436800e-03	5.000000e+00	5.000000e+00	5.000000e+00	
834	4.446800e-03	5.000000e+00	5.000000e+00	5.000000e+00	
835	4.456800e-03	5.000000e+00	5.000000e+00	5.000000e+00	
836	4.466800e-03	5.000000e+00	5.000000e+00	5.000000e+00	
837	4.476800e-03	5.000000e+00	5.000000e+00	5.000000e+00	
838	4.486800e-03	5.000000e+00	5.000000e+00	5.000000e+00	
839	4.496800e-03	5.000000e+00	5.000000e+00	5.000000e+00	
840	4.506800e-03	5.000000e+00	5.000000e+00	5.000000e+00	
841	4.516800e-03	5.000000e+00	5.000000e+00	5.000000e+00	
842	4.526800e-03	5.000000e+00	5.000000e+00	5.000000e+00	
843	4.536800e-03	5.000000e+00	5.000000e+00	5.000000e+00	
844	4.546800e-03	5.000000e+00	5.000000e+00	5.000000e+00	
845	4.556800e-03	5.000000e+00	5.000000e+00	5.000000e+00	
846	4.566800e-03	5.000000e+00	5.000000e+00	5.000000e+00	
847	4.576800e-03	5.000000e+00	5.000000e+00	5.000000e+00	
848	4.586800e-03	5.000000e+00	5.000000e+00	5.000000e+00	
849	4.596800e-03	5.000000e+00	5.000000e+00	5.000000e+00	
850	4.606800e-03	5.000000e+00	5.000000e+00	5.000000e+00	
851	4.616800e-03	5.000000e+00	5.000000e+00	5.000000e+00	
852	4.626800e-03	5.000000e+00	5.000000e+00	5.000000e+00	
853	4.636800e-03	5.000000e+00	5.000000e+00	5.000000e+00	
854	4.646800e-03	5.000000e+00	5.000000e+00	5.000000e+00	
855	4.656800e-03	5.000000e+00	5.000000e+00	5.000000e+00	
856	4.666800e-03	5.000000e+00	5.000000e+00	5.000000e+00	
857	4.676800e-03	5.000000e+00	5.000000e+00	5.000000e+00	
858	4.686800e-03	5.000000e+00	5.000000e+00	5.000000e+00	
859	4.696800e-03	5.000000e+00	5.000000e+00	5.000000e+00	
860	4.706800e-03	5.000000e+00	5.000000e+00	5.000000e+00	
861	4.716800e-03	5.000000e+00	5.000000e+00	5.000000e+00	
862	4.726800e-03	5.000000e+00	5.000000e+00	5.000000e+00	
863	4.736800e-03	5.000000e+00	5.000000e+00	5.000000e+00	
864	4.746800e-03	5.000000e+00	5.000000e+00	5.000000e+00	
865	4.756800e-03	5.000000e+00	5.000000e+00	5.000000e+00	
866	4.766800e-03	5.000000e+00	5.000000e+00	5.000000e+00	

Index   time            V(1)            V(2)            V(3)            
--------------------------------------------------------------------------------
867	4.776800e-03	5.000000e+00	5.000000e+00	5.000000e+00	
868	4.786800e-03	5.000000e+00	5.000000e+00	5.000000e+00	
869	4.796800e-03	5.000000e+00	5.000000e+00	5.000000e+00	
870	4.806800e-03	5.000000e+00	5.000000e+00	5.000000e+00	
871	4.816800e-03	5.000000e+00	5.000000e+00	5.000000e+00	
872	4.826800e-03	5.000000e+00	5.000000e+00	5.000000e+00	
873	4.836800e-03	5.000000e+00	5.000000e+00	5.000000e+00	
874	4.846800e-03	5.000000e+00	5.000000e+00	5.000000e+00	
875	4.856800e-03	5.000000e+00	5.000000e+00	5.000000e+00	
876	4.866800e-03	5.000000e+00	5.000000e+00	5.000000e+00	
877	4.876800e-03	5.000000e+00	5.000000e+00	5.000000e+00	
878	4.886800e-03	5.000000e+00	5.000000e+00	5.000000e+00	
879	4.896800e-03	5.000000e+00	5.000000e+00	5.000000e+00	
880	4.906800e-03	5.000000e+00	5.000000e+00	5.000000e+00	
881	4.916800e-03	5.000000e+00	5.000000e+00	5.000000e+00	
882	4.926800e-03	5.000000e+00	5.000000e+00	5.000000e+00	
883	4.936800e-03	5.000000e+00	5.000000e+00	5.000000e+00	
884	4.946800e-03	5.000000e+00	5.000000e+00	5.000000e+00	
885	4.956800e-03	5.000000e+00	5.000000e+00	5.000000e+00	
886	4.966800e-03	5.000000e+00	5.000000e+00	5.000000e+00	
887	4.976800e-03	5.000000e+00	5.000000e+00	5.000000e+00	
888	4.986800e-03	5.000000e+00	5.000000e+00	5.000000e+00	
889	4.996800e-03	5.000000e+00	5.000000e+00	5.000000e+00	
890	5.000010e-03	5.000000e+00	5.000000e+00	5.000000e+00	
891	5.000011e-03	5.000000e+00	5.000000e+00	5.000000e+00	
892	5.000013e-03	5.000000e+00	5.000000e+00	5.000000e+00	
893	5.000017e-03	5.000000e+00	5.000000e+00	5.000000e+00	
894	5.000020e-03	5.000000e+00	5.000000e+00	5.000000e+00	
895	5.000021e-03	5.000000e+00	5.000000e+00	5.000000e+00	
896	5.000022e-03	5.000000e+00	5.000000e+00	5.000000e+00	
897	5.000022e-03	5.000000e+00	5.000000e+00	5.000000e+00	
898	5.000022e-03	5.000000e+00	5.000000e+00	5.000000e+00	
899	5.000023e-03	5.000000e+00	5.000000e+00	5.000000e+00	
900	5.000023e-03	5.000000e+00	5.000000e+00	5.000000e+00	
901	5.000023e-03	5.000000e+00	5.000000e+00	5.000000e+00	
902	5.000023e-03	5.000000e+00	5.000000e+00	5.000000e+00	
903	5.000023e-03	5.000000e+00	5.000000e+00	5.000000e+00	
904	5.000024e-03	5.000000e+00	5.000000e+00	5.000000e+00	
905	5.000024e-03	5.000000e+00	5.000000e+00	5.000000e+00	
906	5.000024e-03	5.000000e+00	5.000000e+00	5.000000e+00	
907	5.000024e-03	5.000000e+00	5.000000e+00	5.000000e+00	
908	5.000024e-03	5.000000e+00	5.000000e+00	5.000000e+00	
909	5.000024e-03	5.000000e+00	5.000000e+00	5.000000e+00	
910	5.000024e-03	5.000000e+00	5.000000e+00	5.000000e+00	
911	5.000024e-03	5.000000e+00	5.000000e+00	5.000000e+00	
912	5.000024e-03	5.000000e+00	5.000000e+00	5.000000e+00	
913	5.000024e-03	5.000000e+00	5.000000e+00	5.000000e+00	
914	5.000024e-03	5.000000e+00	5.000000e+00	5.000000e+00	
915	5.000025e-03	5.000000e+00	5.000000e+00	5.000000e+00	
916	5.000025e-03	5.000000e+00	5.000000e+00	5.000000e+00	
917	5.000025e-03	5.000000e+00	5.000000e+00	5.000000e+00	
918	5.000025e-03	5.000000e+00	5.000000e+00	5.000000e+00	
919	5.000025e-03	5.000000e+00	5.000000e+00	5.000000e+00	
920	5.000025e-03	5.000000e+00	5.000000e+00	5.000000e+00	
921	5.000025e-03	5.000000e+00	5.000000e+00	5.000000e+00	
922	5.000025e-03	5.000000e+00	5.000000e+00	5.000000e+00	
923	5.000025e-03	5.000000e+00	5.000000e+00	5.000000e+00	
924	5.000025e-03	5.000000e+00	5.000000e+00	5.000000e+00	

Index   time            V(1)            V(2)            V(3)            
--------------------------------------------------------------------------------
925	5.000025e-03	5.000000e+00	5.000000e+00	5.000000e+00	
926	5.000026e-03	5.000000e+00	5.000000e+00	5.000000e+00	
927	5.000026e-03	5.000000e+00	5.000000e+00	5.000000e+00	
928	5.000027e-03	5.000000e+00	5.000000e+00	5.000000e+00	
929	5.000027e-03	5.000000e+00	5.000000e+00	5.000000e+00	
930	5.000027e-03	5.000000e+00	5.000000e+00	5.000000e+00	
931	5.000028e-03	5.000000e+00	5.000000e+00	5.000000e+00	
932	5.000028e-03	5.000000e+00	5.000000e+00	5.000000e+00	
933	5.000028e-03	5.000000e+00	5.000000e+00	5.000000e+00	
934	5.000028e-03	5.000000e+00	5.000000e+00	5.000000e+00	
935	5.000028e-03	5.000000e+00	5.000000e+00	5.000000e+00	
936	5.000029e-03	5.000000e+00	5.000000e+00	5.000000e+00	
937	5.000030e-03	5.000000e+00	5.000000e+00	5.000000e+00	
938	5.000032e-03	5.000000e+00	5.000000e+00	5.000000e+00	
939	5.000037e-03	5.000000e+00	5.000000e+00	5.000000e+00	
940	5.000046e-03	5.000000e+00	5.000000e+00	5.000000e+00	
941	5.000065e-03	5.000000e+00	5.000000e+00	5.000000e+00	
942	5.000102e-03	5.000000e+00	5.000000e+00	5.000000e+00	
943	5.000175e-03	5.000000e+00	5.000000e+00	5.000000e+00	
944	5.000323e-03	5.000000e+00	5.000000e+00	5.000000e+00	
945	5.000618e-03	5.000000e+00	5.000000e+00	5.000000e+00	
946	5.001207e-03	5.000000e+00	5.000000e+00	5.000000e+00	
947	5.002387e-03	5.000000e+00	5.000000e+00	5.000000e+00	
948	5.004746e-03	5.000000e+00	5.000000e+00	5.000000e+00	
949	5.009465e-03	5.000000e+00	5.000000e+00	5.000000e+00	
950	5.018902e-03	5.000000e+00	5.000000e+00	5.000000e+00	
951	5.028902e-03	5.000000e+00	5.000000e+00	5.000000e+00	
952	5.038902e-03	5.000000e+00	5.000000e+00	5.000000e+00	
953	5.048902e-03	5.000000e+00	5.000000e+00	5.000000e+00	
954	5.058902e-03	5.000000e+00	5.000000e+00	5.000000e+00	
955	5.068902e-03	5.000000e+00	5.000000e+00	5.000000e+00	
956	5.078902e-03	5.000000e+00	5.000000e+00	5.000000e+00	
957	5.088902e-03	5.000000e+00	5.000000e+00	5.000000e+00	
958	5.098902e-03	5.000000e+00	5.000000e+00	5.000000e+00	
959	5.108902e-03	5.000000e+00	5.000000e+00	5.000000e+00	
960	5.118902e-03	5.000000e+00	5.000000e+00	5.000000e+00	
961	5.128902e-03	5.000000e+00	5.000000e+00	5.000000e+00	
962	5.138902e-03	5.000000e+00	5.000000e+00	5.000000e+00	
963	5.148902e-03	5.000000e+00	5.000000e+00	5.000000e+00	
964	5.158902e-03	5.000000e+00	5.000000e+00	5.000000e+00	
965	5.168902e-03	5.000000e+00	5.000000e+00	5.000000e+00	
966	5.178902e-03	5.000000e+00	5.000000e+00	5.000000e+00	
967	5.188902e-03	5.000000e+00	5.000000e+00	5.000000e+00	
968	5.198902e-03	5.000000e+00	5.000000e+00	5.000000e+00	
969	5.208902e-03	5.000000e+00	5.000000e+00	5.000000e+00	
970	5.218902e-03	5.000000e+00	5.000000e+00	5.000000e+00	
971	5.228902e-03	5.000000e+00	5.000000e+00	5.000000e+00	
972	5.238902e-03	5.000000e+00	5.000000e+00	5.000000e+00	
973	5.248902e-03	5.000000e+00	5.000000e+00	5.000000e+00	
974	5.258902e-03	5.000000e+00	5.000000e+00	5.000000e+00	
975	5.268902e-03	5.000000e+00	5.000000e+00	5.000000e+00	
976	5.278902e-03	5.000000e+00	5.000000e+00	5.000000e+00	
977	5.288902e-03	5.000000e+00	5.000000e+00	5.000000e+00	
978	5.298902e-03	5.000000e+00	5.000000e+00	5.000000e+00	
979	5.308902e-03	5.000000e+00	5.000000e+00	5.000000e+00	
980	5.318902e-03	5.000000e+00	5.000000e+00	5.000000e+00	
981	5.328902e-03	5.000000e+00	5.000000e+00	5.000000e+00	
982	5.338902e-03	5.000000e+00	5.000000e+00	5.000000e+00	

Index   time            V(1)            V(2)            V(3)            
--------------------------------------------------------------------------------
983	5.348902e-03	5.000000e+00	5.000000e+00	5.000000e+00	
984	5.358902e-03	5.000000e+00	5.000000e+00	5.000000e+00	
985	5.368902e-03	5.000000e+00	5.000000e+00	5.000000e+00	
986	5.378902e-03	5.000000e+00	5.000000e+00	5.000000e+00	
987	5.388902e-03	5.000000e+00	5.000000e+00	5.000000e+00	
988	5.398902e-03	5.000000e+00	5.000000e+00	5.000000e+00	
989	5.408902e-03	5.000000e+00	5.000000e+00	5.000000e+00	
990	5.418902e-03	5.000000e+00	5.000000e+00	5.000000e+00	
991	5.428902e-03	5.000000e+00	5.000000e+00	5.000000e+00	
992	5.438902e-03	5.000000e+00	5.000000e+00	5.000000e+00	
993	5.448902e-03	5.000000e+00	5.000000e+00	5.000000e+00	
994	5.458902e-03	5.000000e+00	5.000000e+00	5.000000e+00	
995	5.468902e-03	5.000000e+00	5.000000e+00	5.000000e+00	
996	5.478902e-03	5.000000e+00	5.000000e+00	5.000000e+00	
997	5.488902e-03	5.000000e+00	5.000000e+00	5.000000e+00	
998	5.498902e-03	5.000000e+00	5.000000e+00	5.000000e+00	
999	5.508902e-03	5.000000e+00	5.000000e+00	5.000000e+00	
1000	5.518902e-03	5.000000e+00	5.000000e+00	5.000000e+00	
1001	5.528902e-03	5.000000e+00	5.000000e+00	5.000000e+00	
1002	5.538902e-03	5.000000e+00	5.000000e+00	5.000000e+00	
1003	5.548902e-03	5.000000e+00	5.000000e+00	5.000000e+00	
1004	5.558902e-03	5.000000e+00	5.000000e+00	5.000000e+00	
1005	5.568902e-03	5.000000e+00	5.000000e+00	5.000000e+00	
1006	5.578902e-03	5.000000e+00	5.000000e+00	5.000000e+00	
1007	5.588902e-03	5.000000e+00	5.000000e+00	5.000000e+00	
1008	5.598902e-03	5.000000e+00	5.000000e+00	5.000000e+00	
1009	5.608902e-03	5.000000e+00	5.000000e+00	5.000000e+00	
1010	5.618902e-03	5.000000e+00	5.000000e+00	5.000000e+00	
1011	5.628902e-03	5.000000e+00	5.000000e+00	5.000000e+00	
1012	5.638902e-03	5.000000e+00	5.000000e+00	5.000000e+00	
1013	5.648902e-03	5.000000e+00	5.000000e+00	5.000000e+00	
1014	5.658902e-03	5.000000e+00	5.000000e+00	5.000000e+00	
1015	5.668902e-03	5.000000e+00	5.000000e+00	5.000000e+00	
1016	5.678902e-03	5.000000e+00	5.000000e+00	5.000000e+00	
1017	5.688902e-03	5.000000e+00	5.000000e+00	5.000000e+00	
1018	5.698902e-03	5.000000e+00	5.000000e+00	5.000000e+00	
1019	5.708902e-03	5.000000e+00	5.000000e+00	5.000000e+00	
1020	5.718902e-03	5.000000e+00	5.000000e+00	5.000000e+00	
1021	5.728902e-03	5.000000e+00	5.000000e+00	5.000000e+00	
1022	5.738902e-03	5.000000e+00	5.000000e+00	5.000000e+00	
1023	5.748902e-03	5.000000e+00	5.000000e+00	5.000000e+00	
1024	5.758902e-03	5.000000e+00	5.000000e+00	5.000000e+00	
1025	5.768902e-03	5.000000e+00	5.000000e+00	5.000000e+00	
1026	5.778902e-03	5.000000e+00	5.000000e+00	5.000000e+00	
1027	5.788902e-03	5.000000e+00	5.000000e+00	5.000000e+00	
1028	5.798902e-03	5.000000e+00	5.000000e+00	5.000000e+00	
1029	5.808902e-03	5.000000e+00	5.000000e+00	5.000000e+00	
1030	5.818902e-03	5.000000e+00	5.000000e+00	5.000000e+00	
1031	5.828902e-03	5.000000e+00	5.000000e+00	5.000000e+00	
1032	5.838902e-03	5.000000e+00	5.000000e+00	5.000000e+00	
1033	5.848902e-03	5.000000e+00	5.000000e+00	5.000000e+00	
1034	5.858902e-03	5.000000e+00	5.000000e+00	5.000000e+00	
1035	5.868902e-03	5.000000e+00	5.000000e+00	5.000000e+00	
1036	5.878902e-03	5.000000e+00	5.000000e+00	5.000000e+00	
1037	5.888902e-03	5.000000e+00	5.000000e+00	5.000000e+00	
1038	5.898902e-03	5.000000e+00	5.000000e+00	5.000000e+00	
1039	5.908902e-03	5.000000e+00	5.000000e+00	5.000000e+00	
1040	5.918902e-03	5.000000e+00	5.000000e+00	5.000000e+00	

Index   time            V(1)            V(2)            V(3)            
--------------------------------------------------------------------------------
1041	5.928902e-03	5.000000e+00	5.000000e+00	5.000000e+00	
1042	5.938902e-03	5.000000e+00	5.000000e+00	5.000000e+00	
1043	5.948902e-03	5.000000e+00	5.000000e+00	5.000000e+00	
1044	5.958902e-03	5.000000e+00	5.000000e+00	5.000000e+00	
1045	5.968902e-03	5.000000e+00	5.000000e+00	5.000000e+00	
1046	5.978902e-03	5.000000e+00	5.000000e+00	5.000000e+00	
1047	5.988902e-03	5.000000e+00	5.000000e+00	5.000000e+00	
1048	5.998902e-03	5.000000e+00	5.000000e+00	5.000000e+00	
1049	6.000000e-03	5.000000e+00	5.000000e+00	5.000000e+00	
1050	6.000001e-03	5.000000e+00	5.000000e+00	5.000000e+00	
1051	6.000003e-03	5.000000e+00	5.000000e+00	5.000000e+00	
1052	6.000007e-03	5.000000e+00	5.000000e+00	5.000000e+00	
1053	6.000008e-03	5.000000e+00	5.000000e+00	5.000000e+00	
1054	6.000008e-03	5.000000e+00	5.000000e+00	5.000000e+00	
1055	6.000008e-03	5.000000e+00	5.000000e+00	5.000000e+00	
1056	6.000008e-03	5.000000e+00	5.000000e+00	5.000000e+00	
1057	6.000008e-03	5.000000e+00	5.000000e+00	5.000000e+00	
1058	6.000008e-03	5.000000e+00	5.000000e+00	5.000000e+00	
1059	6.000008e-03	5.000000e+00	5.000000e+00	5.000000e+00	
1060	6.000008e-03	5.000000e+00	5.000000e+00	5.000000e+00	
1061	6.000008e-03	5.000000e+00	5.000000e+00	5.000000e+00	
1062	6.000008e-03	5.000000e+00	5.000000e+00	5.000000e+00	
1063	6.000009e-03	5.000000e+00	5.000000e+00	5.000000e+00	
1064	6.000009e-03	5.000000e+00	5.000000e+00	5.000000e+00	
1065	6.000010e-03	5.000000e+00	5.000000e+00	5.000000e+00	
1066	6.000010e-03	5.000000e+00	5.000000e+00	5.000000e+00	
1067	6.000010e-03	5.000000e+00	5.000000e+00	5.000000e+00	
1068	6.000011e-03	5.000000e+00	5.000000e+00	5.000000e+00	
1069	6.000011e-03	5.000000e+00	5.000000e+00	5.000000e+00	
1070	6.000011e-03	5.000000e+00	5.000000e+00	5.000000e+00	
1071	6.000011e-03	5.000000e+00	5.000000e+00	5.000000e+00	
1072	6.000012e-03	5.000000e+00	5.000000e+00	5.000000e+00	
1073	6.000012e-03	5.000000e+00	5.000000e+00	5.000000e+00	
1074	6.000012e-03	5.000000e+00	5.000000e+00	5.000000e+00	
1075	6.000012e-03	5.000000e+00	5.000000e+00	5.000000e+00	
1076	6.000012e-03	5.000000e+00	5.000000e+00	5.000000e+00	
1077	6.000013e-03	5.000000e+00	5.000000e+00	5.000000e+00	
1078	6.000013e-03	5.000000e+00	5.000000e+00	5.000000e+00	
1079	6.000013e-03	5.000000e+00	5.000000e+00	5.000000e+00	
1080	6.000013e-03	5.000000e+00	5.000000e+00	5.000000e+00	
1081	6.000014e-03	5.000000e+00	5.000000e+00	5.000000e+00	
1082	6.000014e-03	5.000000e+00	5.000000e+00	5.000000e+00	
1083	6.000014e-03	5.000000e+00	5.000000e+00	5.000000e+00	
1084	6.000014e-03	5.000000e+00	5.000000e+00	5.000000e+00	
1085	6.000014e-03	5.000000e+00	5.000000e+00	5.000000e+00	
1086	6.000014e-03	5.000000e+00	5.000000e+00	5.000000e+00	
1087	6.000014e-03	5.000000e+00	5.000000e+00	5.000000e+00	
1088	6.000014e-03	5.000000e+00	5.000000e+00	5.000000e+00	
1089	6.000014e-03	5.000000e+00	5.000000e+00	5.000000e+00	
1090	6.000014e-03	5.000000e+00	5.000000e+00	5.000000e+00	
1091	6.000014e-03	5.000000e+00	5.000000e+00	5.000000e+00	
1092	6.000015e-03	5.000000e+00	5.000000e+00	5.000000e+00	
1093	6.000015e-03	5.000000e+00	5.000000e+00	5.000000e+00	
1094	6.000016e-03	5.000000e+00	5.000000e+00	5.000000e+00	
1095	6.000018e-03	5.000000e+00	5.000000e+00	5.000000e+00	
1096	6.000020e-03	5.000000e+00	5.000000e+00	5.000000e+00	
1097	6.000020e-03	5.000000e+00	5.000000e+00	5.000000e+00	
1098	6.000021e-03	5.000000e+00	5.000000e+00	5.000000e+00	

Index   time            V(1)            V(2)            V(3)            
--------------------------------------------------------------------------------
1099	6.000021e-03	5.000000e+00	5.000000e+00	4.590400e+00	
1100	6.000021e-03	5.000000e+00	5.000000e+00	3.771200e+00	
1101	6.000022e-03	5.000000e+00	5.000000e+00	2.132800e+00	
1102	6.000022e-03	5.000000e+00	5.000000e+00	5.000000e-01	
1103	6.000022e-03	5.000000e+00	5.000000e+00	5.000000e-01	
1104	6.000022e-03	5.000000e+00	5.000000e+00	5.000000e-01	
1105	6.000022e-03	5.000000e+00	5.000000e+00	5.000000e-01	
1106	6.000023e-03	5.000000e+00	5.000000e+00	5.000000e-01	
1107	6.000023e-03	5.000000e+00	5.000000e+00	5.000000e-01	
1108	6.000023e-03	5.000000e+00	5.000000e+00	5.000000e-01	
1109	6.000023e-03	5.000000e+00	5.000000e+00	5.000000e-01	
1110	6.000023e-03	5.000000e+00	5.000000e+00	5.000000e-01	
1111	6.000023e-03	5.000000e+00	5.000000e+00	4.800000e-01	
1112	6.000023e-03	5.000000e+00	5.000000e+00	4.400000e-01	
1113	6.000023e-03	5.000000e+00	5.000000e+00	3.600000e-01	
1114	6.000023e-03	5.000000e+00	5.000000e+00	2.400000e-01	
1115	6.000023e-03	5.000000e+00	5.000000e+00	2.240000e-01	
1116	6.000023e-03	5.000000e+00	5.000000e+00	1.920000e-01	
1117	6.000023e-03	5.000000e+00	5.000000e+00	1.280000e-01	
1118	6.000023e-03	5.000000e+00	5.000000e+00	1.997902e-09	
1119	6.000023e-03	5.000000e+00	5.000000e+00	0.000000e+00	
1120	6.000023e-03	5.000000e+00	5.000000e+00	0.000000e+00	
1121	6.000023e-03	5.000000e+00	5.000000e+00	0.000000e+00	
1122	6.000023e-03	5.000000e+00	5.000000e+00	0.000000e+00	
1123	6.000023e-03	5.000000e+00	5.000000e+00	0.000000e+00	
1124	6.000023e-03	5.000000e+00	5.000000e+00	0.000000e+00	
1125	6.000024e-03	5.000000e+00	5.000000e+00	0.000000e+00	
1126	6.000024e-03	5.000000e+00	5.000000e+00	0.000000e+00	
1127	6.000025e-03	5.000000e+00	5.000000e+00	0.000000e+00	
1128	6.000025e-03	5.000000e+00	5.000000e+00	0.000000e+00	
1129	6.000025e-03	5.000000e+00	5.000000e+00	0.000000e+00	
1130	6.000025e-03	5.000000e+00	5.000000e+00	0.000000e+00	
1131	6.000026e-03	5.000000e+00	5.000000e+00	0.000000e+00	
1132	6.000026e-03	5.000000e+00	5.000000e+00	0.000000e+00	
1133	6.000026e-03	5.000000e+00	5.000000e+00	0.000000e+00	
1134	6.000026e-03	5.000000e+00	5.000000e+00	0.000000e+00	
1135	6.000027e-03	5.000000e+00	5.000000e+00	0.000000e+00	
1136	6.000027e-03	5.000000e+00	5.000000e+00	0.000000e+00	
1137	6.000028e-03	5.000000e+00	5.000000e+00	0.000000e+00	
1138	6.000031e-03	5.000000e+00	5.000000e+00	0.000000e+00	
1139	6.000035e-03	5.000000e+00	5.000000e+00	0.000000e+00	
1140	6.000044e-03	5.000000e+00	5.000000e+00	0.000000e+00	
1141	6.000063e-03	5.000000e+00	5.000000e+00	0.000000e+00	
1142	6.000100e-03	5.000000e+00	5.000000e+00	0.000000e+00	
1143	6.000173e-03	5.000000e+00	5.000000e+00	0.000000e+00	
1144	6.000321e-03	5.000000e+00	5.000000e+00	0.000000e+00	
1145	6.000616e-03	5.000000e+00	5.000000e+00	0.000000e+00	
1146	6.001206e-03	5.000000e+00	5.000000e+00	0.000000e+00	
1147	6.002385e-03	5.000000e+00	5.000000e+00	0.000000e+00	
1148	6.004745e-03	5.000000e+00	5.000000e+00	0.000000e+00	
1149	6.009463e-03	5.000000e+00	5.000000e+00	0.000000e+00	
1150	6.018900e-03	5.000000e+00	5.000000e+00	0.000000e+00	
1151	6.028900e-03	5.000000e+00	5.000000e+00	0.000000e+00	
1152	6.038900e-03	5.000000e+00	5.000000e+00	0.000000e+00	
1153	6.048900e-03	5.000000e+00	5.000000e+00	0.000000e+00	
1154	6.058900e-03	5.000000e+00	5.000000e+00	0.000000e+00	
1155	6.068900e-03	5.000000e+00	5.000000e+00	0.000000e+00	
1156	6.078900e-03	5.000000e+00	5.000000e+00	0.000000e+00	

Index   time            V(1)            V(2)            V(3)            
--------------------------------------------------------------------------------
1157	6.088900e-03	5.000000e+00	5.000000e+00	0.000000e+00	
1158	6.098900e-03	5.000000e+00	5.000000e+00	0.000000e+00	
1159	6.108900e-03	5.000000e+00	5.000000e+00	0.000000e+00	
1160	6.118900e-03	5.000000e+00	5.000000e+00	0.000000e+00	
1161	6.128900e-03	5.000000e+00	5.000000e+00	0.000000e+00	
1162	6.138900e-03	5.000000e+00	5.000000e+00	0.000000e+00	
1163	6.148900e-03	5.000000e+00	5.000000e+00	0.000000e+00	
1164	6.158900e-03	5.000000e+00	5.000000e+00	0.000000e+00	
1165	6.168900e-03	5.000000e+00	5.000000e+00	0.000000e+00	
1166	6.178900e-03	5.000000e+00	5.000000e+00	0.000000e+00	
1167	6.188900e-03	5.000000e+00	5.000000e+00	0.000000e+00	
1168	6.198900e-03	5.000000e+00	5.000000e+00	0.000000e+00	
1169	6.208900e-03	5.000000e+00	5.000000e+00	0.000000e+00	
1170	6.218900e-03	5.000000e+00	5.000000e+00	0.000000e+00	
1171	6.228900e-03	5.000000e+00	5.000000e+00	0.000000e+00	
1172	6.238900e-03	5.000000e+00	5.000000e+00	0.000000e+00	
1173	6.248900e-03	5.000000e+00	5.000000e+00	0.000000e+00	
1174	6.258900e-03	5.000000e+00	5.000000e+00	0.000000e+00	
1175	6.268900e-03	5.000000e+00	5.000000e+00	0.000000e+00	
1176	6.278900e-03	5.000000e+00	5.000000e+00	0.000000e+00	
1177	6.288900e-03	5.000000e+00	5.000000e+00	0.000000e+00	
1178	6.298900e-03	5.000000e+00	5.000000e+00	0.000000e+00	
1179	6.308900e-03	5.000000e+00	5.000000e+00	0.000000e+00	
1180	6.318900e-03	5.000000e+00	5.000000e+00	0.000000e+00	
1181	6.328900e-03	5.000000e+00	5.000000e+00	0.000000e+00	
1182	6.338900e-03	5.000000e+00	5.000000e+00	0.000000e+00	
1183	6.348900e-03	5.000000e+00	5.000000e+00	0.000000e+00	
1184	6.358900e-03	5.000000e+00	5.000000e+00	0.000000e+00	
1185	6.368900e-03	5.000000e+00	5.000000e+00	0.000000e+00	
1186	6.378900e-03	5.000000e+00	5.000000e+00	0.000000e+00	
1187	6.388900e-03	5.000000e+00	5.000000e+00	0.000000e+00	
1188	6.398900e-03	5.000000e+00	5.000000e+00	0.000000e+00	
1189	6.408900e-03	5.000000e+00	5.000000e+00	0.000000e+00	
1190	6.418900e-03	5.000000e+00	5.000000e+00	0.000000e+00	
1191	6.428900e-03	5.000000e+00	5.000000e+00	0.000000e+00	
1192	6.438900e-03	5.000000e+00	5.000000e+00	0.000000e+00	
1193	6.448900e-03	5.000000e+00	5.000000e+00	0.000000e+00	
1194	6.458900e-03	5.000000e+00	5.000000e+00	0.000000e+00	
1195	6.468900e-03	5.000000e+00	5.000000e+00	0.000000e+00	
1196	6.478900e-03	5.000000e+00	5.000000e+00	0.000000e+00	
1197	6.488900e-03	5.000000e+00	5.000000e+00	0.000000e+00	
1198	6.498900e-03	5.000000e+00	5.000000e+00	0.000000e+00	
1199	6.508900e-03	5.000000e+00	5.000000e+00	0.000000e+00	
1200	6.518900e-03	5.000000e+00	5.000000e+00	0.000000e+00	
1201	6.528900e-03	5.000000e+00	5.000000e+00	0.000000e+00	
1202	6.538900e-03	5.000000e+00	5.000000e+00	0.000000e+00	
1203	6.548900e-03	5.000000e+00	5.000000e+00	0.000000e+00	
1204	6.558900e-03	5.000000e+00	5.000000e+00	0.000000e+00	
1205	6.568900e-03	5.000000e+00	5.000000e+00	0.000000e+00	
1206	6.578900e-03	5.000000e+00	5.000000e+00	0.000000e+00	
1207	6.588900e-03	5.000000e+00	5.000000e+00	0.000000e+00	
1208	6.598900e-03	5.000000e+00	5.000000e+00	0.000000e+00	
1209	6.608900e-03	5.000000e+00	5.000000e+00	0.000000e+00	
1210	6.618900e-03	5.000000e+00	5.000000e+00	0.000000e+00	
1211	6.628900e-03	5.000000e+00	5.000000e+00	0.000000e+00	
1212	6.638900e-03	5.000000e+00	5.000000e+00	0.000000e+00	
1213	6.648900e-03	5.000000e+00	5.000000e+00	0.000000e+00	
1214	6.658900e-03	5.000000e+00	5.000000e+00	0.000000e+00	

Index   time            V(1)            V(2)            V(3)            
--------------------------------------------------------------------------------
1215	6.668900e-03	5.000000e+00	5.000000e+00	0.000000e+00	
1216	6.678900e-03	5.000000e+00	5.000000e+00	0.000000e+00	
1217	6.688900e-03	5.000000e+00	5.000000e+00	0.000000e+00	
1218	6.698900e-03	5.000000e+00	5.000000e+00	0.000000e+00	
1219	6.708900e-03	5.000000e+00	5.000000e+00	0.000000e+00	
1220	6.718900e-03	5.000000e+00	5.000000e+00	0.000000e+00	
1221	6.728900e-03	5.000000e+00	5.000000e+00	0.000000e+00	
1222	6.738900e-03	5.000000e+00	5.000000e+00	0.000000e+00	
1223	6.748900e-03	5.000000e+00	5.000000e+00	0.000000e+00	
1224	6.758900e-03	5.000000e+00	5.000000e+00	0.000000e+00	
1225	6.768900e-03	5.000000e+00	5.000000e+00	0.000000e+00	
1226	6.778900e-03	5.000000e+00	5.000000e+00	0.000000e+00	
1227	6.788900e-03	5.000000e+00	5.000000e+00	0.000000e+00	
1228	6.798900e-03	5.000000e+00	5.000000e+00	0.000000e+00	
1229	6.808900e-03	5.000000e+00	5.000000e+00	0.000000e+00	
1230	6.818900e-03	5.000000e+00	5.000000e+00	0.000000e+00	
1231	6.828900e-03	5.000000e+00	5.000000e+00	0.000000e+00	
1232	6.838900e-03	5.000000e+00	5.000000e+00	0.000000e+00	
1233	6.848900e-03	5.000000e+00	5.000000e+00	0.000000e+00	
1234	6.858900e-03	5.000000e+00	5.000000e+00	0.000000e+00	
1235	6.868900e-03	5.000000e+00	5.000000e+00	0.000000e+00	
1236	6.878900e-03	5.000000e+00	5.000000e+00	0.000000e+00	
1237	6.888900e-03	5.000000e+00	5.000000e+00	0.000000e+00	
1238	6.898900e-03	5.000000e+00	5.000000e+00	0.000000e+00	
1239	6.908900e-03	5.000000e+00	5.000000e+00	0.000000e+00	
1240	6.918900e-03	5.000000e+00	5.000000e+00	0.000000e+00	
1241	6.928900e-03	5.000000e+00	5.000000e+00	0.000000e+00	
1242	6.938900e-03	5.000000e+00	5.000000e+00	0.000000e+00	
1243	6.948900e-03	5.000000e+00	5.000000e+00	0.000000e+00	
1244	6.958900e-03	5.000000e+00	5.000000e+00	0.000000e+00	
1245	6.968900e-03	5.000000e+00	5.000000e+00	0.000000e+00	
1246	6.978900e-03	5.000000e+00	5.000000e+00	0.000000e+00	
1247	6.988900e-03	5.000000e+00	5.000000e+00	0.000000e+00	
1248	6.998900e-03	5.000000e+00	5.000000e+00	0.000000e+00	
1249	7.000010e-03	5.000000e+00	5.000000e+00	0.000000e+00	
1250	7.000011e-03	5.000000e+00	5.000000e+00	0.000000e+00	
1251	7.000013e-03	5.000000e+00	5.000000e+00	0.000000e+00	
1252	7.000017e-03	5.000000e+00	5.000000e+00	0.000000e+00	
1253	7.000020e-03	5.000000e+00	5.000000e+00	0.000000e+00	
1254	7.000021e-03	5.000000e+00	5.000000e+00	0.000000e+00	
1255	7.000022e-03	5.000000e+00	5.000000e+00	0.000000e+00	
1256	7.000022e-03	5.000000e+00	4.550000e+00	0.000000e+00	
1257	7.000022e-03	5.000000e+00	3.650000e+00	0.000000e+00	
1258	7.000023e-03	5.000000e+00	1.850000e+00	0.000000e+00	
1259	7.000023e-03	5.000000e+00	5.000000e-01	0.000000e+00	
1260	7.000023e-03	5.000000e+00	5.000000e-01	0.000000e+00	
1261	7.000023e-03	5.000000e+00	5.000000e-01	0.000000e+00	
1262	7.000023e-03	5.000000e+00	5.000000e-01	0.000000e+00	
1263	7.000024e-03	5.000000e+00	5.000000e-01	0.000000e+00	
1264	7.000024e-03	5.000000e+00	5.000000e-01	0.000000e+00	
1265	7.000024e-03	5.000000e+00	5.000000e-01	5.000000e-02	
1266	7.000024e-03	5.000000e+00	5.000000e-01	1.500000e-01	
1267	7.000024e-03	5.000000e+00	5.000000e-01	3.500000e-01	
1268	7.000024e-03	5.000000e+00	5.000000e-01	5.000000e-01	
1269	7.000024e-03	5.000000e+00	5.000000e-01	5.000000e-01	
1270	7.000024e-03	5.000000e+00	5.000000e-01	5.000000e-01	
1271	7.000024e-03	5.000000e+00	5.000000e-01	5.000000e-01	
1272	7.000024e-03	5.000000e+00	5.000000e-01	5.000000e-01	

Index   time            V(1)            V(2)            V(3)            
--------------------------------------------------------------------------------
1273	7.000024e-03	5.000000e+00	5.000000e-01	5.000000e-01	
1274	7.000025e-03	5.000000e+00	5.000000e-01	5.000000e-01	
1275	7.000025e-03	5.000000e+00	5.000000e-01	5.000000e-01	
1276	7.000025e-03	5.000000e+00	4.500000e-01	5.000000e-01	
1277	7.000025e-03	5.000000e+00	3.500000e-01	5.000000e-01	
1278	7.000025e-03	5.000000e+00	1.500000e-01	5.000000e-01	
1279	7.000025e-03	5.000000e+00	1.997902e-09	5.000000e-01	
1280	7.000025e-03	5.000000e+00	0.000000e+00	5.000000e-01	
1281	7.000025e-03	5.000000e+00	0.000000e+00	5.000000e-01	
1282	7.000025e-03	5.000000e+00	0.000000e+00	5.000000e-01	
1283	7.000025e-03	5.000000e+00	0.000000e+00	5.000000e-01	
1284	7.000025e-03	5.000000e+00	0.000000e+00	5.000000e-01	
1285	7.000026e-03	5.000000e+00	0.000000e+00	5.000000e-01	
1286	7.000026e-03	5.000000e+00	0.000000e+00	5.000000e-01	
1287	7.000027e-03	5.000000e+00	0.000000e+00	5.000000e-01	
1288	7.000027e-03	5.000000e+00	0.000000e+00	9.500000e-01	
1289	7.000027e-03	5.000000e+00	0.000000e+00	1.850000e+00	
1290	7.000028e-03	5.000000e+00	0.000000e+00	3.650000e+00	
1291	7.000028e-03	5.000000e+00	0.000000e+00	5.000000e+00	
1292	7.000028e-03	5.000000e+00	0.000000e+00	5.000000e+00	
1293	7.000028e-03	5.000000e+00	0.000000e+00	5.000000e+00	
1294	7.000028e-03	5.000000e+00	0.000000e+00	5.000000e+00	
1295	7.000029e-03	5.000000e+00	0.000000e+00	5.000000e+00	
1296	7.000030e-03	5.000000e+00	0.000000e+00	5.000000e+00	
1297	7.000032e-03	5.000000e+00	0.000000e+00	5.000000e+00	
1298	7.000037e-03	5.000000e+00	0.000000e+00	5.000000e+00	
1299	7.000046e-03	5.000000e+00	0.000000e+00	5.000000e+00	
1300	7.000065e-03	5.000000e+00	0.000000e+00	5.000000e+00	
1301	7.000102e-03	5.000000e+00	0.000000e+00	5.000000e+00	
1302	7.000175e-03	5.000000e+00	0.000000e+00	5.000000e+00	
1303	7.000323e-03	5.000000e+00	0.000000e+00	5.000000e+00	
1304	7.000618e-03	5.000000e+00	0.000000e+00	5.000000e+00	
1305	7.001207e-03	5.000000e+00	0.000000e+00	5.000000e+00	
1306	7.002387e-03	5.000000e+00	0.000000e+00	5.000000e+00	
1307	7.004746e-03	5.000000e+00	0.000000e+00	5.000000e+00	
1308	7.009465e-03	5.000000e+00	0.000000e+00	5.000000e+00	
1309	7.018902e-03	5.000000e+00	0.000000e+00	5.000000e+00	
1310	7.028902e-03	5.000000e+00	0.000000e+00	5.000000e+00	
1311	7.038902e-03	5.000000e+00	0.000000e+00	5.000000e+00	
1312	7.048902e-03	5.000000e+00	0.000000e+00	5.000000e+00	
1313	7.058902e-03	5.000000e+00	0.000000e+00	5.000000e+00	
1314	7.068902e-03	5.000000e+00	0.000000e+00	5.000000e+00	
1315	7.078902e-03	5.000000e+00	0.000000e+00	5.000000e+00	
1316	7.088902e-03	5.000000e+00	0.000000e+00	5.000000e+00	
1317	7.098902e-03	5.000000e+00	0.000000e+00	5.000000e+00	
1318	7.108902e-03	5.000000e+00	0.000000e+00	5.000000e+00	
1319	7.118902e-03	5.000000e+00	0.000000e+00	5.000000e+00	
1320	7.128902e-03	5.000000e+00	0.000000e+00	5.000000e+00	
1321	7.138902e-03	5.000000e+00	0.000000e+00	5.000000e+00	
1322	7.148902e-03	5.000000e+00	0.000000e+00	5.000000e+00	
1323	7.158902e-03	5.000000e+00	0.000000e+00	5.000000e+00	
1324	7.168902e-03	5.000000e+00	0.000000e+00	5.000000e+00	
1325	7.178902e-03	5.000000e+00	0.000000e+00	5.000000e+00	
1326	7.188902e-03	5.000000e+00	0.000000e+00	5.000000e+00	
1327	7.198902e-03	5.000000e+00	0.000000e+00	5.000000e+00	
1328	7.208902e-03	5.000000e+00	0.000000e+00	5.000000e+00	
1329	7.218902e-03	5.000000e+00	0.000000e+00	5.000000e+00	
1330	7.228902e-03	5.000000e+00	0.000000e+00	5.000000e+00	

Index   time            V(1)            V(2)            V(3)            
--------------------------------------------------------------------------------
1331	7.238902e-03	5.000000e+00	0.000000e+00	5.000000e+00	
1332	7.248902e-03	5.000000e+00	0.000000e+00	5.000000e+00	
1333	7.258902e-03	5.000000e+00	0.000000e+00	5.000000e+00	
1334	7.268902e-03	5.000000e+00	0.000000e+00	5.000000e+00	
1335	7.278902e-03	5.000000e+00	0.000000e+00	5.000000e+00	
1336	7.288902e-03	5.000000e+00	0.000000e+00	5.000000e+00	
1337	7.298902e-03	5.000000e+00	0.000000e+00	5.000000e+00	
1338	7.308902e-03	5.000000e+00	0.000000e+00	5.000000e+00	
1339	7.318902e-03	5.000000e+00	0.000000e+00	5.000000e+00	
1340	7.328902e-03	5.000000e+00	0.000000e+00	5.000000e+00	
1341	7.338902e-03	5.000000e+00	0.000000e+00	5.000000e+00	
1342	7.348902e-03	5.000000e+00	0.000000e+00	5.000000e+00	
1343	7.358902e-03	5.000000e+00	0.000000e+00	5.000000e+00	
1344	7.368902e-03	5.000000e+00	0.000000e+00	5.000000e+00	
1345	7.378902e-03	5.000000e+00	0.000000e+00	5.000000e+00	
1346	7.388902e-03	5.000000e+00	0.000000e+00	5.000000e+00	
1347	7.398902e-03	5.000000e+00	0.000000e+00	5.000000e+00	
1348	7.408902e-03	5.000000e+00	0.000000e+00	5.000000e+00	
1349	7.418902e-03	5.000000e+00	0.000000e+00	5.000000e+00	
1350	7.428902e-03	5.000000e+00	0.000000e+00	5.000000e+00	
1351	7.438902e-03	5.000000e+00	0.000000e+00	5.000000e+00	
1352	7.448902e-03	5.000000e+00	0.000000e+00	5.000000e+00	
1353	7.458902e-03	5.000000e+00	0.000000e+00	5.000000e+00	
1354	7.468902e-03	5.000000e+00	0.000000e+00	5.000000e+00	
1355	7.478902e-03	5.000000e+00	0.000000e+00	5.000000e+00	
1356	7.488902e-03	5.000000e+00	0.000000e+00	5.000000e+00	
1357	7.498902e-03	5.000000e+00	0.000000e+00	5.000000e+00	
1358	7.508902e-03	5.000000e+00	0.000000e+00	5.000000e+00	
1359	7.518902e-03	5.000000e+00	0.000000e+00	5.000000e+00	
1360	7.528902e-03	5.000000e+00	0.000000e+00	5.000000e+00	
1361	7.538902e-03	5.000000e+00	0.000000e+00	5.000000e+00	
1362	7.548902e-03	5.000000e+00	0.000000e+00	5.000000e+00	
1363	7.558902e-03	5.000000e+00	0.000000e+00	5.000000e+00	
1364	7.568902e-03	5.000000e+00	0.000000e+00	5.000000e+00	
1365	7.578902e-03	5.000000e+00	0.000000e+00	5.000000e+00	
1366	7.588902e-03	5.000000e+00	0.000000e+00	5.000000e+00	
1367	7.598902e-03	5.000000e+00	0.000000e+00	5.000000e+00	
1368	7.608902e-03	5.000000e+00	0.000000e+00	5.000000e+00	
1369	7.618902e-03	5.000000e+00	0.000000e+00	5.000000e+00	
1370	7.628902e-03	5.000000e+00	0.000000e+00	5.000000e+00	
1371	7.638902e-03	5.000000e+00	0.000000e+00	5.000000e+00	
1372	7.648902e-03	5.000000e+00	0.000000e+00	5.000000e+00	
1373	7.658902e-03	5.000000e+00	0.000000e+00	5.000000e+00	
1374	7.668902e-03	5.000000e+00	0.000000e+00	5.000000e+00	
1375	7.678902e-03	5.000000e+00	0.000000e+00	5.000000e+00	
1376	7.688902e-03	5.000000e+00	0.000000e+00	5.000000e+00	
1377	7.698902e-03	5.000000e+00	0.000000e+00	5.000000e+00	
1378	7.708902e-03	5.000000e+00	0.000000e+00	5.000000e+00	
1379	7.718902e-03	5.000000e+00	0.000000e+00	5.000000e+00	
1380	7.728902e-03	5.000000e+00	0.000000e+00	5.000000e+00	
1381	7.738902e-03	5.000000e+00	0.000000e+00	5.000000e+00	
1382	7.748902e-03	5.000000e+00	0.000000e+00	5.000000e+00	
1383	7.758902e-03	5.000000e+00	0.000000e+00	5.000000e+00	
1384	7.768902e-03	5.000000e+00	0.000000e+00	5.000000e+00	
1385	7.778902e-03	5.000000e+00	0.000000e+00	5.000000e+00	
1386	7.788902e-03	5.000000e+00	0.000000e+00	5.000000e+00	
1387	7.798902e-03	5.000000e+00	0.000000e+00	5.000000e+00	
1388	7.808902e-03	5.000000e+00	0.000000e+00	5.000000e+00	

Index   time            V(1)            V(2)            V(3)            
--------------------------------------------------------------------------------
1389	7.818902e-03	5.000000e+00	0.000000e+00	5.000000e+00	
1390	7.828902e-03	5.000000e+00	0.000000e+00	5.000000e+00	
1391	7.838902e-03	5.000000e+00	0.000000e+00	5.000000e+00	
1392	7.848902e-03	5.000000e+00	0.000000e+00	5.000000e+00	
1393	7.858902e-03	5.000000e+00	0.000000e+00	5.000000e+00	
1394	7.868902e-03	5.000000e+00	0.000000e+00	5.000000e+00	
1395	7.878902e-03	5.000000e+00	0.000000e+00	5.000000e+00	
1396	7.888902e-03	5.000000e+00	0.000000e+00	5.000000e+00	
1397	7.898902e-03	5.000000e+00	0.000000e+00	5.000000e+00	
1398	7.908902e-03	5.000000e+00	0.000000e+00	5.000000e+00	
1399	7.918902e-03	5.000000e+00	0.000000e+00	5.000000e+00	
1400	7.928902e-03	5.000000e+00	0.000000e+00	5.000000e+00	
1401	7.938902e-03	5.000000e+00	0.000000e+00	5.000000e+00	
1402	7.948902e-03	5.000000e+00	0.000000e+00	5.000000e+00	
1403	7.958902e-03	5.000000e+00	0.000000e+00	5.000000e+00	
1404	7.968902e-03	5.000000e+00	0.000000e+00	5.000000e+00	
1405	7.978902e-03	5.000000e+00	0.000000e+00	5.000000e+00	
1406	7.988902e-03	5.000000e+00	0.000000e+00	5.000000e+00	
1407	7.998902e-03	5.000000e+00	0.000000e+00	5.000000e+00	
1408	8.000000e-03	5.000000e+00	0.000000e+00	5.000000e+00	

                                kicad schematic
                                Transient Analysis  Thu Nov 06 13:44:55  2025
--------------------------------------------------------------------------------
Index   time            V(4)            V(5)            V(6)            
--------------------------------------------------------------------------------
0	0.000000e+00	5.000000e+00	5.000000e+00	5.000000e+00	
1	1.000000e-10	5.000000e+00	5.000000e+00	5.000000e+00	
2	2.000000e-10	5.000000e+00	5.000000e+00	5.000000e+00	
3	4.000000e-10	5.000000e+00	5.000000e+00	5.000000e+00	
4	8.000000e-10	5.000000e+00	5.000000e+00	5.000000e+00	
5	1.600000e-09	5.000000e+00	5.000000e+00	5.000000e+00	
6	3.200000e-09	5.000000e+00	5.000000e+00	5.000000e+00	
7	6.400000e-09	5.000000e+00	5.000000e+00	5.000000e+00	
8	8.200000e-09	5.000000e+00	5.000000e+00	5.000000e+00	
9	8.210000e-09	5.000000e+00	5.000000e+00	5.000000e+00	
10	8.230000e-09	5.000000e+00	5.000000e+00	5.000000e+00	
11	8.270000e-09	5.000000e+00	5.000000e+00	5.000000e+00	
12	8.300000e-09	5.000000e+00	5.000000e+00	5.000000e+00	
13	8.308000e-09	5.000000e+00	5.000000e+00	5.000000e+00	
14	8.324000e-09	5.000000e+00	5.000000e+00	5.000000e+00	
15	8.356000e-09	5.000000e+00	5.000000e+00	5.000000e+00	
16	8.420000e-09	5.000000e+00	5.000000e+00	5.000000e+00	
17	8.548000e-09	5.000000e+00	5.000000e+00	5.000000e+00	
18	8.804000e-09	5.000000e+00	5.000000e+00	5.000000e+00	
19	9.316000e-09	5.000000e+00	5.000000e+00	5.000000e+00	
20	1.000000e-08	5.000000e+00	5.000000e+00	5.000000e+00	
21	1.010240e-08	5.000000e+00	5.000000e+00	5.000000e+00	
22	1.020000e-08	5.000000e+00	5.000000e+00	5.000000e+00	
23	1.022048e-08	4.897600e+00	4.897600e+00	5.000000e+00	
24	1.026144e-08	4.692800e+00	4.692800e+00	5.000000e+00	
25	1.034336e-08	4.283200e+00	4.283200e+00	5.000000e+00	
26	1.050720e-08	3.464000e+00	3.464000e+00	5.000000e+00	
27	1.083488e-08	1.825600e+00	1.825600e+00	5.000000e+00	
28	1.110000e-08	5.000000e-01	5.000000e-01	5.000000e+00	
29	1.116554e-08	5.000000e-01	5.000000e-01	5.000000e+00	
30	1.129661e-08	5.000000e-01	5.000000e-01	5.000000e+00	
31	1.140000e-08	5.000000e-01	5.000000e-01	5.000000e+00	
32	1.142621e-08	6.310720e-01	6.310720e-01	5.000000e+00	
33	1.147864e-08	8.932160e-01	8.932160e-01	5.000000e+00	
34	1.158350e-08	1.417504e+00	1.417504e+00	5.000000e+00	
35	1.179322e-08	2.466080e+00	2.466080e+00	5.000000e+00	
36	1.221265e-08	4.563232e+00	4.563232e+00	5.000000e+00	
37	1.230000e-08	5.000000e+00	5.000000e+00	5.000000e+00	
38	1.238389e-08	5.000000e+00	5.000000e+00	5.000000e+00	
39	1.255166e-08	5.000000e+00	5.000000e+00	5.000000e+00	
40	1.288720e-08	5.000000e+00	5.000000e+00	5.000000e+00	
41	1.340000e-08	5.000000e+00	5.000000e+00	5.000000e+00	
42	1.341000e-08	5.000000e+00	5.000000e+00	5.000000e+00	
43	1.343000e-08	5.000000e+00	5.000000e+00	5.000000e+00	
44	1.347000e-08	5.000000e+00	5.000000e+00	5.000000e+00	
45	1.350000e-08	5.000000e+00	5.000000e+00	5.000000e+00	
46	1.350800e-08	5.000000e+00	5.000000e+00	5.000000e+00	
47	1.352400e-08	5.000000e+00	5.000000e+00	5.000000e+00	
48	1.355600e-08	5.000000e+00	5.000000e+00	5.000000e+00	
49	1.362000e-08	5.000000e+00	5.000000e+00	5.000000e+00	
50	1.374800e-08	5.000000e+00	5.000000e+00	5.000000e+00	
51	1.400400e-08	5.000000e+00	5.000000e+00	5.000000e+00	
52	1.451600e-08	5.000000e+00	5.000000e+00	5.000000e+00	
53	1.554000e-08	5.000000e+00	5.000000e+00	5.000000e+00	
54	1.758800e-08	5.000000e+00	5.000000e+00	5.000000e+00	

Index   time            V(4)            V(5)            V(6)            
--------------------------------------------------------------------------------
55	2.168400e-08	5.000000e+00	5.000000e+00	5.000000e+00	
56	2.987600e-08	5.000000e+00	5.000000e+00	5.000000e+00	
57	4.626000e-08	5.000000e+00	5.000000e+00	5.000000e+00	
58	7.902800e-08	5.000000e+00	5.000000e+00	5.000000e+00	
59	1.445640e-07	5.000000e+00	5.000000e+00	5.000000e+00	
60	2.756360e-07	5.000000e+00	5.000000e+00	5.000000e+00	
61	5.377800e-07	5.000000e+00	5.000000e+00	5.000000e+00	
62	1.062068e-06	5.000000e+00	5.000000e+00	5.000000e+00	
63	2.110644e-06	5.000000e+00	5.000000e+00	5.000000e+00	
64	4.207796e-06	5.000000e+00	5.000000e+00	5.000000e+00	
65	8.402100e-06	5.000000e+00	5.000000e+00	5.000000e+00	
66	1.679071e-05	5.000000e+00	5.000000e+00	5.000000e+00	
67	2.679071e-05	5.000000e+00	5.000000e+00	5.000000e+00	
68	3.679071e-05	5.000000e+00	5.000000e+00	5.000000e+00	
69	4.679071e-05	5.000000e+00	5.000000e+00	5.000000e+00	
70	5.679071e-05	5.000000e+00	5.000000e+00	5.000000e+00	
71	6.679071e-05	5.000000e+00	5.000000e+00	5.000000e+00	
72	7.679071e-05	5.000000e+00	5.000000e+00	5.000000e+00	
73	8.679071e-05	5.000000e+00	5.000000e+00	5.000000e+00	
74	9.679071e-05	5.000000e+00	5.000000e+00	5.000000e+00	
75	1.067907e-04	5.000000e+00	5.000000e+00	5.000000e+00	
76	1.167907e-04	5.000000e+00	5.000000e+00	5.000000e+00	
77	1.267907e-04	5.000000e+00	5.000000e+00	5.000000e+00	
78	1.367907e-04	5.000000e+00	5.000000e+00	5.000000e+00	
79	1.467907e-04	5.000000e+00	5.000000e+00	5.000000e+00	
80	1.567907e-04	5.000000e+00	5.000000e+00	5.000000e+00	
81	1.667907e-04	5.000000e+00	5.000000e+00	5.000000e+00	
82	1.767907e-04	5.000000e+00	5.000000e+00	5.000000e+00	
83	1.867907e-04	5.000000e+00	5.000000e+00	5.000000e+00	
84	1.967907e-04	5.000000e+00	5.000000e+00	5.000000e+00	
85	2.067907e-04	5.000000e+00	5.000000e+00	5.000000e+00	
86	2.167907e-04	5.000000e+00	5.000000e+00	5.000000e+00	
87	2.267907e-04	5.000000e+00	5.000000e+00	5.000000e+00	
88	2.367907e-04	5.000000e+00	5.000000e+00	5.000000e+00	
89	2.467907e-04	5.000000e+00	5.000000e+00	5.000000e+00	
90	2.567907e-04	5.000000e+00	5.000000e+00	5.000000e+00	
91	2.667907e-04	5.000000e+00	5.000000e+00	5.000000e+00	
92	2.767907e-04	5.000000e+00	5.000000e+00	5.000000e+00	
93	2.867907e-04	5.000000e+00	5.000000e+00	5.000000e+00	
94	2.967907e-04	5.000000e+00	5.000000e+00	5.000000e+00	
95	3.067907e-04	5.000000e+00	5.000000e+00	5.000000e+00	
96	3.167907e-04	5.000000e+00	5.000000e+00	5.000000e+00	
97	3.267907e-04	5.000000e+00	5.000000e+00	5.000000e+00	
98	3.367907e-04	5.000000e+00	5.000000e+00	5.000000e+00	
99	3.467907e-04	5.000000e+00	5.000000e+00	5.000000e+00	
100	3.567907e-04	5.000000e+00	5.000000e+00	5.000000e+00	
101	3.667907e-04	5.000000e+00	5.000000e+00	5.000000e+00	
102	3.767907e-04	5.000000e+00	5.000000e+00	5.000000e+00	
103	3.867907e-04	5.000000e+00	5.000000e+00	5.000000e+00	
104	3.967907e-04	5.000000e+00	5.000000e+00	5.000000e+00	
105	4.067907e-04	5.000000e+00	5.000000e+00	5.000000e+00	
106	4.167907e-04	5.000000e+00	5.000000e+00	5.000000e+00	
107	4.267907e-04	5.000000e+00	5.000000e+00	5.000000e+00	
108	4.367907e-04	5.000000e+00	5.000000e+00	5.000000e+00	
109	4.467907e-04	5.000000e+00	5.000000e+00	5.000000e+00	
110	4.567907e-04	5.000000e+00	5.000000e+00	5.000000e+00	
111	4.667907e-04	5.000000e+00	5.000000e+00	5.000000e+00	
112	4.767907e-04	5.000000e+00	5.000000e+00	5.000000e+00	

Index   time            V(4)            V(5)            V(6)            
--------------------------------------------------------------------------------
113	4.867907e-04	5.000000e+00	5.000000e+00	5.000000e+00	
114	4.967907e-04	5.000000e+00	5.000000e+00	5.000000e+00	
115	5.067907e-04	5.000000e+00	5.000000e+00	5.000000e+00	
116	5.167907e-04	5.000000e+00	5.000000e+00	5.000000e+00	
117	5.267907e-04	5.000000e+00	5.000000e+00	5.000000e+00	
118	5.367907e-04	5.000000e+00	5.000000e+00	5.000000e+00	
119	5.467907e-04	5.000000e+00	5.000000e+00	5.000000e+00	
120	5.567907e-04	5.000000e+00	5.000000e+00	5.000000e+00	
121	5.667907e-04	5.000000e+00	5.000000e+00	5.000000e+00	
122	5.767907e-04	5.000000e+00	5.000000e+00	5.000000e+00	
123	5.867907e-04	5.000000e+00	5.000000e+00	5.000000e+00	
124	5.967907e-04	5.000000e+00	5.000000e+00	5.000000e+00	
125	6.067907e-04	5.000000e+00	5.000000e+00	5.000000e+00	
126	6.167907e-04	5.000000e+00	5.000000e+00	5.000000e+00	
127	6.267907e-04	5.000000e+00	5.000000e+00	5.000000e+00	
128	6.367907e-04	5.000000e+00	5.000000e+00	5.000000e+00	
129	6.467907e-04	5.000000e+00	5.000000e+00	5.000000e+00	
130	6.567907e-04	5.000000e+00	5.000000e+00	5.000000e+00	
131	6.667907e-04	5.000000e+00	5.000000e+00	5.000000e+00	
132	6.767907e-04	5.000000e+00	5.000000e+00	5.000000e+00	
133	6.867907e-04	5.000000e+00	5.000000e+00	5.000000e+00	
134	6.967907e-04	5.000000e+00	5.000000e+00	5.000000e+00	
135	7.067907e-04	5.000000e+00	5.000000e+00	5.000000e+00	
136	7.167907e-04	5.000000e+00	5.000000e+00	5.000000e+00	
137	7.267907e-04	5.000000e+00	5.000000e+00	5.000000e+00	
138	7.367907e-04	5.000000e+00	5.000000e+00	5.000000e+00	
139	7.467907e-04	5.000000e+00	5.000000e+00	5.000000e+00	
140	7.567907e-04	5.000000e+00	5.000000e+00	5.000000e+00	
141	7.667907e-04	5.000000e+00	5.000000e+00	5.000000e+00	
142	7.767907e-04	5.000000e+00	5.000000e+00	5.000000e+00	
143	7.867907e-04	5.000000e+00	5.000000e+00	5.000000e+00	
144	7.967907e-04	5.000000e+00	5.000000e+00	5.000000e+00	
145	8.067907e-04	5.000000e+00	5.000000e+00	5.000000e+00	
146	8.167907e-04	5.000000e+00	5.000000e+00	5.000000e+00	
147	8.267907e-04	5.000000e+00	5.000000e+00	5.000000e+00	
148	8.367907e-04	5.000000e+00	5.000000e+00	5.000000e+00	
149	8.467907e-04	5.000000e+00	5.000000e+00	5.000000e+00	
150	8.567907e-04	5.000000e+00	5.000000e+00	5.000000e+00	
151	8.667907e-04	5.000000e+00	5.000000e+00	5.000000e+00	
152	8.767907e-04	5.000000e+00	5.000000e+00	5.000000e+00	
153	8.867907e-04	5.000000e+00	5.000000e+00	5.000000e+00	
154	8.967907e-04	5.000000e+00	5.000000e+00	5.000000e+00	
155	9.067907e-04	5.000000e+00	5.000000e+00	5.000000e+00	
156	9.167907e-04	5.000000e+00	5.000000e+00	5.000000e+00	
157	9.267907e-04	5.000000e+00	5.000000e+00	5.000000e+00	
158	9.367907e-04	5.000000e+00	5.000000e+00	5.000000e+00	
159	9.467907e-04	5.000000e+00	5.000000e+00	5.000000e+00	
160	9.567907e-04	5.000000e+00	5.000000e+00	5.000000e+00	
161	9.667907e-04	5.000000e+00	5.000000e+00	5.000000e+00	
162	9.767907e-04	5.000000e+00	5.000000e+00	5.000000e+00	
163	9.867907e-04	5.000000e+00	5.000000e+00	5.000000e+00	
164	9.967907e-04	5.000000e+00	5.000000e+00	5.000000e+00	
165	1.000010e-03	5.000000e+00	5.000000e+00	5.000000e+00	
166	1.000011e-03	5.000000e+00	5.000000e+00	5.000000e+00	
167	1.000013e-03	5.000000e+00	5.000000e+00	5.000000e+00	
168	1.000017e-03	5.000000e+00	5.000000e+00	5.000000e+00	
169	1.000020e-03	5.000000e+00	5.000000e+00	5.000000e+00	
170	1.000021e-03	5.000000e+00	5.000000e+00	5.000000e+00	

Index   time            V(4)            V(5)            V(6)            
--------------------------------------------------------------------------------
171	1.000022e-03	5.000000e+00	5.000000e+00	5.000000e+00	
172	1.000022e-03	5.000000e+00	5.000000e+00	5.000000e+00	
173	1.000022e-03	5.000000e+00	5.000000e+00	5.000000e+00	
174	1.000023e-03	5.000000e+00	5.000000e+00	5.000000e+00	
175	1.000023e-03	5.000000e+00	5.000000e+00	5.000000e+00	
176	1.000023e-03	5.000000e+00	5.000000e+00	5.000000e+00	
177	1.000023e-03	5.000000e+00	5.000000e+00	5.000000e+00	
178	1.000023e-03	5.000000e+00	5.000000e+00	5.000000e+00	
179	1.000024e-03	5.000000e+00	5.000000e+00	5.000000e+00	
180	1.000024e-03	5.000000e+00	5.000000e+00	5.000000e+00	
181	1.000024e-03	5.000000e+00	5.000000e+00	5.000000e+00	
182	1.000024e-03	5.000000e+00	5.000000e+00	5.000000e+00	
183	1.000024e-03	5.000000e+00	5.000000e+00	5.000000e+00	
184	1.000024e-03	5.000000e+00	5.000000e+00	5.000000e+00	
185	1.000024e-03	5.000000e+00	5.000000e+00	5.000000e+00	
186	1.000024e-03	5.000000e+00	5.000000e+00	5.000000e+00	
187	1.000024e-03	5.000000e+00	5.000000e+00	5.000000e+00	
188	1.000024e-03	5.000000e+00	5.000000e+00	5.000000e+00	
189	1.000024e-03	5.000000e+00	5.000000e+00	5.000000e+00	
190	1.000025e-03	5.000000e+00	5.000000e+00	5.000000e+00	
191	1.000025e-03	5.000000e+00	5.000000e+00	5.000000e+00	
192	1.000025e-03	5.000000e+00	5.000000e+00	5.000000e+00	
193	1.000025e-03	5.000000e+00	5.000000e+00	5.000000e+00	
194	1.000025e-03	5.000000e+00	5.000000e+00	5.000000e+00	
195	1.000025e-03	5.000000e+00	5.000000e+00	5.000000e+00	
196	1.000025e-03	5.000000e+00	5.000000e+00	5.000000e+00	
197	1.000025e-03	5.000000e+00	5.000000e+00	5.000000e+00	
198	1.000025e-03	5.000000e+00	5.000000e+00	5.000000e+00	
199	1.000025e-03	5.000000e+00	5.000000e+00	5.000000e+00	
200	1.000025e-03	5.000000e+00	5.000000e+00	5.000000e+00	
201	1.000026e-03	5.000000e+00	5.000000e+00	5.000000e+00	
202	1.000026e-03	5.000000e+00	5.000000e+00	5.000000e+00	
203	1.000027e-03	5.000000e+00	5.000000e+00	5.000000e+00	
204	1.000027e-03	5.000000e+00	5.000000e+00	5.000000e+00	
205	1.000027e-03	5.000000e+00	5.000000e+00	5.000000e+00	
206	1.000028e-03	5.000000e+00	5.000000e+00	5.000000e+00	
207	1.000028e-03	5.000000e+00	5.000000e+00	5.000000e+00	
208	1.000028e-03	5.000000e+00	5.000000e+00	5.000000e+00	
209	1.000028e-03	5.000000e+00	5.000000e+00	5.000000e+00	
210	1.000028e-03	5.000000e+00	5.000000e+00	5.000000e+00	
211	1.000029e-03	5.000000e+00	5.000000e+00	5.000000e+00	
212	1.000030e-03	5.000000e+00	5.000000e+00	5.000000e+00	
213	1.000032e-03	5.000000e+00	5.000000e+00	5.000000e+00	
214	1.000037e-03	5.000000e+00	5.000000e+00	5.000000e+00	
215	1.000046e-03	5.000000e+00	5.000000e+00	5.000000e+00	
216	1.000065e-03	5.000000e+00	5.000000e+00	5.000000e+00	
217	1.000102e-03	5.000000e+00	5.000000e+00	5.000000e+00	
218	1.000175e-03	5.000000e+00	5.000000e+00	5.000000e+00	
219	1.000323e-03	5.000000e+00	5.000000e+00	5.000000e+00	
220	1.000618e-03	5.000000e+00	5.000000e+00	5.000000e+00	
221	1.001207e-03	5.000000e+00	5.000000e+00	5.000000e+00	
222	1.002387e-03	5.000000e+00	5.000000e+00	5.000000e+00	
223	1.004746e-03	5.000000e+00	5.000000e+00	5.000000e+00	
224	1.009465e-03	5.000000e+00	5.000000e+00	5.000000e+00	
225	1.018902e-03	5.000000e+00	5.000000e+00	5.000000e+00	
226	1.028902e-03	5.000000e+00	5.000000e+00	5.000000e+00	
227	1.038902e-03	5.000000e+00	5.000000e+00	5.000000e+00	
228	1.048902e-03	5.000000e+00	5.000000e+00	5.000000e+00	

Index   time            V(4)            V(5)            V(6)            
--------------------------------------------------------------------------------
229	1.058902e-03	5.000000e+00	5.000000e+00	5.000000e+00	
230	1.068902e-03	5.000000e+00	5.000000e+00	5.000000e+00	
231	1.078902e-03	5.000000e+00	5.000000e+00	5.000000e+00	
232	1.088902e-03	5.000000e+00	5.000000e+00	5.000000e+00	
233	1.098902e-03	5.000000e+00	5.000000e+00	5.000000e+00	
234	1.108902e-03	5.000000e+00	5.000000e+00	5.000000e+00	
235	1.118902e-03	5.000000e+00	5.000000e+00	5.000000e+00	
236	1.128902e-03	5.000000e+00	5.000000e+00	5.000000e+00	
237	1.138902e-03	5.000000e+00	5.000000e+00	5.000000e+00	
238	1.148902e-03	5.000000e+00	5.000000e+00	5.000000e+00	
239	1.158902e-03	5.000000e+00	5.000000e+00	5.000000e+00	
240	1.168902e-03	5.000000e+00	5.000000e+00	5.000000e+00	
241	1.178902e-03	5.000000e+00	5.000000e+00	5.000000e+00	
242	1.188902e-03	5.000000e+00	5.000000e+00	5.000000e+00	
243	1.198902e-03	5.000000e+00	5.000000e+00	5.000000e+00	
244	1.208902e-03	5.000000e+00	5.000000e+00	5.000000e+00	
245	1.218902e-03	5.000000e+00	5.000000e+00	5.000000e+00	
246	1.228902e-03	5.000000e+00	5.000000e+00	5.000000e+00	
247	1.238902e-03	5.000000e+00	5.000000e+00	5.000000e+00	
248	1.248902e-03	5.000000e+00	5.000000e+00	5.000000e+00	
249	1.258902e-03	5.000000e+00	5.000000e+00	5.000000e+00	
250	1.268902e-03	5.000000e+00	5.000000e+00	5.000000e+00	
251	1.278902e-03	5.000000e+00	5.000000e+00	5.000000e+00	
252	1.288902e-03	5.000000e+00	5.000000e+00	5.000000e+00	
253	1.298902e-03	5.000000e+00	5.000000e+00	5.000000e+00	
254	1.308902e-03	5.000000e+00	5.000000e+00	5.000000e+00	
255	1.318902e-03	5.000000e+00	5.000000e+00	5.000000e+00	
256	1.328902e-03	5.000000e+00	5.000000e+00	5.000000e+00	
257	1.338902e-03	5.000000e+00	5.000000e+00	5.000000e+00	
258	1.348902e-03	5.000000e+00	5.000000e+00	5.000000e+00	
259	1.358902e-03	5.000000e+00	5.000000e+00	5.000000e+00	
260	1.368902e-03	5.000000e+00	5.000000e+00	5.000000e+00	
261	1.378902e-03	5.000000e+00	5.000000e+00	5.000000e+00	
262	1.388902e-03	5.000000e+00	5.000000e+00	5.000000e+00	
263	1.398902e-03	5.000000e+00	5.000000e+00	5.000000e+00	
264	1.408902e-03	5.000000e+00	5.000000e+00	5.000000e+00	
265	1.418902e-03	5.000000e+00	5.000000e+00	5.000000e+00	
266	1.428902e-03	5.000000e+00	5.000000e+00	5.000000e+00	
267	1.438902e-03	5.000000e+00	5.000000e+00	5.000000e+00	
268	1.448902e-03	5.000000e+00	5.000000e+00	5.000000e+00	
269	1.458902e-03	5.000000e+00	5.000000e+00	5.000000e+00	
270	1.468902e-03	5.000000e+00	5.000000e+00	5.000000e+00	
271	1.478902e-03	5.000000e+00	5.000000e+00	5.000000e+00	
272	1.488902e-03	5.000000e+00	5.000000e+00	5.000000e+00	
273	1.498902e-03	5.000000e+00	5.000000e+00	5.000000e+00	
274	1.508902e-03	5.000000e+00	5.000000e+00	5.000000e+00	
275	1.518902e-03	5.000000e+00	5.000000e+00	5.000000e+00	
276	1.528902e-03	5.000000e+00	5.000000e+00	5.000000e+00	
277	1.538902e-03	5.000000e+00	5.000000e+00	5.000000e+00	
278	1.548902e-03	5.000000e+00	5.000000e+00	5.000000e+00	
279	1.558902e-03	5.000000e+00	5.000000e+00	5.000000e+00	
280	1.568902e-03	5.000000e+00	5.000000e+00	5.000000e+00	
281	1.578902e-03	5.000000e+00	5.000000e+00	5.000000e+00	
282	1.588902e-03	5.000000e+00	5.000000e+00	5.000000e+00	
283	1.598902e-03	5.000000e+00	5.000000e+00	5.000000e+00	
284	1.608902e-03	5.000000e+00	5.000000e+00	5.000000e+00	
285	1.618902e-03	5.000000e+00	5.000000e+00	5.000000e+00	
286	1.628902e-03	5.000000e+00	5.000000e+00	5.000000e+00	

Index   time            V(4)            V(5)            V(6)            
--------------------------------------------------------------------------------
287	1.638902e-03	5.000000e+00	5.000000e+00	5.000000e+00	
288	1.648902e-03	5.000000e+00	5.000000e+00	5.000000e+00	
289	1.658902e-03	5.000000e+00	5.000000e+00	5.000000e+00	
290	1.668902e-03	5.000000e+00	5.000000e+00	5.000000e+00	
291	1.678902e-03	5.000000e+00	5.000000e+00	5.000000e+00	
292	1.688902e-03	5.000000e+00	5.000000e+00	5.000000e+00	
293	1.698902e-03	5.000000e+00	5.000000e+00	5.000000e+00	
294	1.708902e-03	5.000000e+00	5.000000e+00	5.000000e+00	
295	1.718902e-03	5.000000e+00	5.000000e+00	5.000000e+00	
296	1.728902e-03	5.000000e+00	5.000000e+00	5.000000e+00	
297	1.738902e-03	5.000000e+00	5.000000e+00	5.000000e+00	
298	1.748902e-03	5.000000e+00	5.000000e+00	5.000000e+00	
299	1.758902e-03	5.000000e+00	5.000000e+00	5.000000e+00	
300	1.768902e-03	5.000000e+00	5.000000e+00	5.000000e+00	
301	1.778902e-03	5.000000e+00	5.000000e+00	5.000000e+00	
302	1.788902e-03	5.000000e+00	5.000000e+00	5.000000e+00	
303	1.798902e-03	5.000000e+00	5.000000e+00	5.000000e+00	
304	1.808902e-03	5.000000e+00	5.000000e+00	5.000000e+00	
305	1.818902e-03	5.000000e+00	5.000000e+00	5.000000e+00	
306	1.828902e-03	5.000000e+00	5.000000e+00	5.000000e+00	
307	1.838902e-03	5.000000e+00	5.000000e+00	5.000000e+00	
308	1.848902e-03	5.000000e+00	5.000000e+00	5.000000e+00	
309	1.858902e-03	5.000000e+00	5.000000e+00	5.000000e+00	
310	1.868902e-03	5.000000e+00	5.000000e+00	5.000000e+00	
311	1.878902e-03	5.000000e+00	5.000000e+00	5.000000e+00	
312	1.888902e-03	5.000000e+00	5.000000e+00	5.000000e+00	
313	1.898902e-03	5.000000e+00	5.000000e+00	5.000000e+00	
314	1.908902e-03	5.000000e+00	5.000000e+00	5.000000e+00	
315	1.918902e-03	5.000000e+00	5.000000e+00	5.000000e+00	
316	1.928902e-03	5.000000e+00	5.000000e+00	5.000000e+00	
317	1.938902e-03	5.000000e+00	5.000000e+00	5.000000e+00	
318	1.948902e-03	5.000000e+00	5.000000e+00	5.000000e+00	
319	1.958902e-03	5.000000e+00	5.000000e+00	5.000000e+00	
320	1.968902e-03	5.000000e+00	5.000000e+00	5.000000e+00	
321	1.978902e-03	5.000000e+00	5.000000e+00	5.000000e+00	
322	1.988902e-03	5.000000e+00	5.000000e+00	5.000000e+00	
323	1.998902e-03	5.000000e+00	5.000000e+00	5.000000e+00	
324	2.000000e-03	5.000000e+00	5.000000e+00	5.000000e+00	
325	2.000001e-03	5.000000e+00	5.000000e+00	5.000000e+00	
326	2.000003e-03	5.000000e+00	5.000000e+00	5.000000e+00	
327	2.000007e-03	5.000000e+00	5.000000e+00	5.000000e+00	
328	2.000008e-03	5.000000e+00	5.000000e+00	5.000000e+00	
329	2.000008e-03	5.000000e+00	5.000000e+00	5.000000e+00	
330	2.000008e-03	5.000000e+00	5.000000e+00	5.000000e+00	
331	2.000008e-03	5.000000e+00	5.000000e+00	5.000000e+00	
332	2.000008e-03	5.000000e+00	5.000000e+00	5.000000e+00	
333	2.000008e-03	5.000000e+00	5.000000e+00	5.000000e+00	
334	2.000008e-03	5.000000e+00	5.000000e+00	5.000000e+00	
335	2.000008e-03	5.000000e+00	5.000000e+00	5.000000e+00	
336	2.000008e-03	5.000000e+00	5.000000e+00	5.000000e+00	
337	2.000008e-03	5.000000e+00	5.000000e+00	5.000000e+00	
338	2.000009e-03	5.000000e+00	5.000000e+00	5.000000e+00	
339	2.000009e-03	5.000000e+00	5.000000e+00	5.000000e+00	
340	2.000010e-03	5.000000e+00	5.000000e+00	5.000000e+00	
341	2.000010e-03	5.000000e+00	5.000000e+00	5.000000e+00	
342	2.000010e-03	5.000000e+00	5.000000e+00	5.000000e+00	
343	2.000011e-03	5.000000e+00	5.000000e+00	5.000000e+00	
344	2.000011e-03	5.000000e+00	5.000000e+00	5.000000e+00	

Index   time            V(4)            V(5)            V(6)            
--------------------------------------------------------------------------------
345	2.000011e-03	5.000000e+00	5.000000e+00	5.000000e+00	
346	2.000011e-03	5.000000e+00	5.000000e+00	5.000000e+00	
347	2.000011e-03	5.000000e+00	5.000000e+00	5.000000e+00	
348	2.000012e-03	5.000000e+00	5.000000e+00	5.000000e+00	
349	2.000012e-03	5.000000e+00	5.000000e+00	5.000000e+00	
350	2.000012e-03	5.000000e+00	5.000000e+00	5.000000e+00	
351	2.000012e-03	5.000000e+00	5.000000e+00	5.000000e+00	
352	2.000013e-03	5.000000e+00	5.000000e+00	5.000000e+00	
353	2.000013e-03	5.000000e+00	5.000000e+00	5.000000e+00	
354	2.000013e-03	5.000000e+00	5.000000e+00	5.000000e+00	
355	2.000013e-03	5.000000e+00	5.000000e+00	5.000000e+00	
356	2.000013e-03	5.000000e+00	5.000000e+00	5.000000e+00	
357	2.000014e-03	5.000000e+00	5.000000e+00	5.000000e+00	
358	2.000014e-03	5.000000e+00	5.000000e+00	5.000000e+00	
359	2.000014e-03	5.000000e+00	5.000000e+00	5.000000e+00	
360	2.000014e-03	5.000000e+00	5.000000e+00	5.000000e+00	
361	2.000014e-03	5.000000e+00	5.000000e+00	5.000000e+00	
362	2.000014e-03	5.000000e+00	5.000000e+00	5.000000e+00	
363	2.000014e-03	5.000000e+00	5.000000e+00	5.000000e+00	
364	2.000014e-03	5.000000e+00	5.000000e+00	5.000000e+00	
365	2.000014e-03	5.000000e+00	5.000000e+00	5.000000e+00	
366	2.000014e-03	5.000000e+00	5.000000e+00	5.000000e+00	
367	2.000014e-03	5.000000e+00	5.000000e+00	5.000000e+00	
368	2.000015e-03	5.000000e+00	5.000000e+00	5.000000e+00	
369	2.000015e-03	5.000000e+00	5.000000e+00	5.000000e+00	
370	2.000016e-03	5.000000e+00	5.000000e+00	5.000000e+00	
371	2.000018e-03	5.000000e+00	5.000000e+00	5.000000e+00	
372	2.000020e-03	5.000000e+00	5.000000e+00	5.000000e+00	
373	2.000020e-03	5.000000e+00	5.000000e+00	5.000000e+00	
374	2.000021e-03	5.000000e+00	5.000000e+00	5.000000e+00	
375	2.000021e-03	5.000000e+00	5.000000e+00	5.000000e+00	
376	2.000021e-03	5.000000e+00	5.000000e+00	5.000000e+00	
377	2.000022e-03	5.000000e+00	5.000000e+00	5.000000e+00	
378	2.000022e-03	5.000000e+00	5.000000e+00	5.000000e+00	
379	2.000022e-03	5.000000e+00	5.000000e+00	5.000000e+00	
380	2.000022e-03	5.000000e+00	5.000000e+00	5.000000e+00	
381	2.000022e-03	5.000000e+00	5.000000e+00	5.000000e+00	
382	2.000023e-03	5.000000e+00	5.000000e+00	5.000000e+00	
383	2.000023e-03	5.000000e+00	5.000000e+00	5.000000e+00	
384	2.000023e-03	5.000000e+00	5.000000e+00	5.000000e+00	
385	2.000023e-03	5.000000e+00	5.000000e+00	5.000000e+00	
386	2.000023e-03	5.000000e+00	5.000000e+00	5.000000e+00	
387	2.000023e-03	5.000000e+00	5.000000e+00	5.000000e+00	
388	2.000023e-03	5.000000e+00	5.000000e+00	5.000000e+00	
389	2.000023e-03	5.000000e+00	5.000000e+00	5.000000e+00	
390	2.000023e-03	5.000000e+00	5.000000e+00	5.000000e+00	
391	2.000023e-03	5.000000e+00	5.000000e+00	5.000000e+00	
392	2.000023e-03	5.000000e+00	5.000000e+00	5.000000e+00	
393	2.000023e-03	5.000000e+00	5.000000e+00	5.000000e+00	
394	2.000023e-03	5.000000e+00	5.000000e+00	5.000000e+00	
395	2.000023e-03	5.000000e+00	5.000000e+00	5.000000e+00	
396	2.000023e-03	5.000000e+00	5.000000e+00	5.000000e+00	
397	2.000023e-03	5.000000e+00	5.000000e+00	5.000000e+00	
398	2.000023e-03	5.000000e+00	5.000000e+00	5.000000e+00	
399	2.000023e-03	5.000000e+00	5.000000e+00	5.000000e+00	
400	2.000023e-03	5.000000e+00	5.000000e+00	5.000000e+00	
401	2.000024e-03	5.000000e+00	5.000000e+00	5.000000e+00	
402	2.000024e-03	5.000000e+00	5.000000e+00	5.000000e+00	

Index   time            V(4)            V(5)            V(6)            
--------------------------------------------------------------------------------
403	2.000025e-03	5.000000e+00	5.000000e+00	5.000000e+00	
404	2.000025e-03	5.000000e+00	5.000000e+00	5.000000e+00	
405	2.000025e-03	5.000000e+00	5.000000e+00	5.000000e+00	
406	2.000025e-03	5.000000e+00	5.000000e+00	5.000000e+00	
407	2.000026e-03	5.000000e+00	5.000000e+00	5.000000e+00	
408	2.000026e-03	5.000000e+00	5.000000e+00	5.000000e+00	
409	2.000026e-03	5.000000e+00	5.000000e+00	5.000000e+00	
410	2.000026e-03	5.000000e+00	5.000000e+00	5.000000e+00	
411	2.000027e-03	5.000000e+00	5.000000e+00	5.000000e+00	
412	2.000027e-03	5.000000e+00	5.000000e+00	5.000000e+00	
413	2.000028e-03	5.000000e+00	5.000000e+00	5.000000e+00	
414	2.000031e-03	5.000000e+00	5.000000e+00	5.000000e+00	
415	2.000035e-03	5.000000e+00	5.000000e+00	5.000000e+00	
416	2.000044e-03	5.000000e+00	5.000000e+00	5.000000e+00	
417	2.000063e-03	5.000000e+00	5.000000e+00	5.000000e+00	
418	2.000100e-03	5.000000e+00	5.000000e+00	5.000000e+00	
419	2.000173e-03	5.000000e+00	5.000000e+00	5.000000e+00	
420	2.000321e-03	5.000000e+00	5.000000e+00	5.000000e+00	
421	2.000616e-03	5.000000e+00	5.000000e+00	5.000000e+00	
422	2.001206e-03	5.000000e+00	5.000000e+00	5.000000e+00	
423	2.002385e-03	5.000000e+00	5.000000e+00	5.000000e+00	
424	2.004745e-03	5.000000e+00	5.000000e+00	5.000000e+00	
425	2.009463e-03	5.000000e+00	5.000000e+00	5.000000e+00	
426	2.018900e-03	5.000000e+00	5.000000e+00	5.000000e+00	
427	2.028900e-03	5.000000e+00	5.000000e+00	5.000000e+00	
428	2.038900e-03	5.000000e+00	5.000000e+00	5.000000e+00	
429	2.048900e-03	5.000000e+00	5.000000e+00	5.000000e+00	
430	2.058900e-03	5.000000e+00	5.000000e+00	5.000000e+00	
431	2.068900e-03	5.000000e+00	5.000000e+00	5.000000e+00	
432	2.078900e-03	5.000000e+00	5.000000e+00	5.000000e+00	
433	2.088900e-03	5.000000e+00	5.000000e+00	5.000000e+00	
434	2.098900e-03	5.000000e+00	5.000000e+00	5.000000e+00	
435	2.108900e-03	5.000000e+00	5.000000e+00	5.000000e+00	
436	2.118900e-03	5.000000e+00	5.000000e+00	5.000000e+00	
437	2.128900e-03	5.000000e+00	5.000000e+00	5.000000e+00	
438	2.138900e-03	5.000000e+00	5.000000e+00	5.000000e+00	
439	2.148900e-03	5.000000e+00	5.000000e+00	5.000000e+00	
440	2.158900e-03	5.000000e+00	5.000000e+00	5.000000e+00	
441	2.168900e-03	5.000000e+00	5.000000e+00	5.000000e+00	
442	2.178900e-03	5.000000e+00	5.000000e+00	5.000000e+00	
443	2.188900e-03	5.000000e+00	5.000000e+00	5.000000e+00	
444	2.198900e-03	5.000000e+00	5.000000e+00	5.000000e+00	
445	2.208900e-03	5.000000e+00	5.000000e+00	5.000000e+00	
446	2.218900e-03	5.000000e+00	5.000000e+00	5.000000e+00	
447	2.228900e-03	5.000000e+00	5.000000e+00	5.000000e+00	
448	2.238900e-03	5.000000e+00	5.000000e+00	5.000000e+00	
449	2.248900e-03	5.000000e+00	5.000000e+00	5.000000e+00	
450	2.258900e-03	5.000000e+00	5.000000e+00	5.000000e+00	
451	2.268900e-03	5.000000e+00	5.000000e+00	5.000000e+00	
452	2.278900e-03	5.000000e+00	5.000000e+00	5.000000e+00	
453	2.288900e-03	5.000000e+00	5.000000e+00	5.000000e+00	
454	2.298900e-03	5.000000e+00	5.000000e+00	5.000000e+00	
455	2.308900e-03	5.000000e+00	5.000000e+00	5.000000e+00	
456	2.318900e-03	5.000000e+00	5.000000e+00	5.000000e+00	
457	2.328900e-03	5.000000e+00	5.000000e+00	5.000000e+00	
458	2.338900e-03	5.000000e+00	5.000000e+00	5.000000e+00	
459	2.348900e-03	5.000000e+00	5.000000e+00	5.000000e+00	
460	2.358900e-03	5.000000e+00	5.000000e+00	5.000000e+00	

Index   time            V(4)            V(5)            V(6)            
--------------------------------------------------------------------------------
461	2.368900e-03	5.000000e+00	5.000000e+00	5.000000e+00	
462	2.378900e-03	5.000000e+00	5.000000e+00	5.000000e+00	
463	2.388900e-03	5.000000e+00	5.000000e+00	5.000000e+00	
464	2.398900e-03	5.000000e+00	5.000000e+00	5.000000e+00	
465	2.408900e-03	5.000000e+00	5.000000e+00	5.000000e+00	
466	2.418900e-03	5.000000e+00	5.000000e+00	5.000000e+00	
467	2.428900e-03	5.000000e+00	5.000000e+00	5.000000e+00	
468	2.438900e-03	5.000000e+00	5.000000e+00	5.000000e+00	
469	2.448900e-03	5.000000e+00	5.000000e+00	5.000000e+00	
470	2.458900e-03	5.000000e+00	5.000000e+00	5.000000e+00	
471	2.468900e-03	5.000000e+00	5.000000e+00	5.000000e+00	
472	2.478900e-03	5.000000e+00	5.000000e+00	5.000000e+00	
473	2.488900e-03	5.000000e+00	5.000000e+00	5.000000e+00	
474	2.498900e-03	5.000000e+00	5.000000e+00	5.000000e+00	
475	2.508900e-03	5.000000e+00	5.000000e+00	5.000000e+00	
476	2.518900e-03	5.000000e+00	5.000000e+00	5.000000e+00	
477	2.528900e-03	5.000000e+00	5.000000e+00	5.000000e+00	
478	2.538900e-03	5.000000e+00	5.000000e+00	5.000000e+00	
479	2.548900e-03	5.000000e+00	5.000000e+00	5.000000e+00	
480	2.558900e-03	5.000000e+00	5.000000e+00	5.000000e+00	
481	2.568900e-03	5.000000e+00	5.000000e+00	5.000000e+00	
482	2.578900e-03	5.000000e+00	5.000000e+00	5.000000e+00	
483	2.588900e-03	5.000000e+00	5.000000e+00	5.000000e+00	
484	2.598900e-03	5.000000e+00	5.000000e+00	5.000000e+00	
485	2.608900e-03	5.000000e+00	5.000000e+00	5.000000e+00	
486	2.618900e-03	5.000000e+00	5.000000e+00	5.000000e+00	
487	2.628900e-03	5.000000e+00	5.000000e+00	5.000000e+00	
488	2.638900e-03	5.000000e+00	5.000000e+00	5.000000e+00	
489	2.648900e-03	5.000000e+00	5.000000e+00	5.000000e+00	
490	2.658900e-03	5.000000e+00	5.000000e+00	5.000000e+00	
491	2.668900e-03	5.000000e+00	5.000000e+00	5.000000e+00	
492	2.678900e-03	5.000000e+00	5.000000e+00	5.000000e+00	
493	2.688900e-03	5.000000e+00	5.000000e+00	5.000000e+00	
494	2.698900e-03	5.000000e+00	5.000000e+00	5.000000e+00	
495	2.708900e-03	5.000000e+00	5.000000e+00	5.000000e+00	
496	2.718900e-03	5.000000e+00	5.000000e+00	5.000000e+00	
497	2.728900e-03	5.000000e+00	5.000000e+00	5.000000e+00	
498	2.738900e-03	5.000000e+00	5.000000e+00	5.000000e+00	
499	2.748900e-03	5.000000e+00	5.000000e+00	5.000000e+00	
500	2.758900e-03	5.000000e+00	5.000000e+00	5.000000e+00	
501	2.768900e-03	5.000000e+00	5.000000e+00	5.000000e+00	
502	2.778900e-03	5.000000e+00	5.000000e+00	5.000000e+00	
503	2.788900e-03	5.000000e+00	5.000000e+00	5.000000e+00	
504	2.798900e-03	5.000000e+00	5.000000e+00	5.000000e+00	
505	2.808900e-03	5.000000e+00	5.000000e+00	5.000000e+00	
506	2.818900e-03	5.000000e+00	5.000000e+00	5.000000e+00	
507	2.828900e-03	5.000000e+00	5.000000e+00	5.000000e+00	
508	2.838900e-03	5.000000e+00	5.000000e+00	5.000000e+00	
509	2.848900e-03	5.000000e+00	5.000000e+00	5.000000e+00	
510	2.858900e-03	5.000000e+00	5.000000e+00	5.000000e+00	
511	2.868900e-03	5.000000e+00	5.000000e+00	5.000000e+00	
512	2.878900e-03	5.000000e+00	5.000000e+00	5.000000e+00	
513	2.888900e-03	5.000000e+00	5.000000e+00	5.000000e+00	
514	2.898900e-03	5.000000e+00	5.000000e+00	5.000000e+00	
515	2.908900e-03	5.000000e+00	5.000000e+00	5.000000e+00	
516	2.918900e-03	5.000000e+00	5.000000e+00	5.000000e+00	
517	2.928900e-03	5.000000e+00	5.000000e+00	5.000000e+00	
518	2.938900e-03	5.000000e+00	5.000000e+00	5.000000e+00	

Index   time            V(4)            V(5)            V(6)            
--------------------------------------------------------------------------------
519	2.948900e-03	5.000000e+00	5.000000e+00	5.000000e+00	
520	2.958900e-03	5.000000e+00	5.000000e+00	5.000000e+00	
521	2.968900e-03	5.000000e+00	5.000000e+00	5.000000e+00	
522	2.978900e-03	5.000000e+00	5.000000e+00	5.000000e+00	
523	2.988900e-03	5.000000e+00	5.000000e+00	5.000000e+00	
524	2.998900e-03	5.000000e+00	5.000000e+00	5.000000e+00	
525	3.000010e-03	5.000000e+00	5.000000e+00	5.000000e+00	
526	3.000011e-03	5.000000e+00	5.000000e+00	5.000000e+00	
527	3.000013e-03	5.000000e+00	5.000000e+00	5.000000e+00	
528	3.000017e-03	5.000000e+00	5.000000e+00	5.000000e+00	
529	3.000020e-03	5.000000e+00	5.000000e+00	5.000000e+00	
530	3.000021e-03	5.000000e+00	5.000000e+00	5.000000e+00	
531	3.000022e-03	5.000000e+00	5.000000e+00	5.000000e+00	
532	3.000022e-03	5.000000e+00	5.000000e+00	4.550000e+00	
533	3.000022e-03	5.000000e+00	5.000000e+00	3.650000e+00	
534	3.000023e-03	5.000000e+00	5.000000e+00	1.850000e+00	
535	3.000023e-03	5.000000e+00	5.000000e+00	5.000000e-01	
536	3.000023e-03	5.000000e+00	5.000000e+00	5.000000e-01	
537	3.000023e-03	5.000000e+00	5.000000e+00	5.000000e-01	
538	3.000023e-03	5.000000e+00	5.000000e+00	5.000000e-01	
539	3.000024e-03	5.000000e+00	5.000000e+00	5.000000e-01	
540	3.000024e-03	5.000000e+00	5.000000e+00	5.000000e-01	
541	3.000024e-03	5.000000e+00	5.000000e+00	5.000000e-01	
542	3.000024e-03	5.000000e+00	5.000000e+00	5.000000e-01	
543	3.000024e-03	5.000000e+00	5.000000e+00	5.000000e-01	
544	3.000024e-03	5.000000e+00	5.000000e+00	5.000000e-01	
545	3.000024e-03	5.000000e+00	5.000000e+00	5.000000e-01	
546	3.000024e-03	5.000000e+00	5.000000e+00	5.000000e-01	
547	3.000024e-03	5.000000e+00	5.000000e+00	5.000000e-01	
548	3.000024e-03	5.000000e+00	5.000000e+00	5.000000e-01	
549	3.000024e-03	5.000000e+00	5.000000e+00	5.000000e-01	
550	3.000025e-03	5.000000e+00	5.000000e+00	5.000000e-01	
551	3.000025e-03	5.000000e+00	5.000000e+00	5.000000e-01	
552	3.000025e-03	5.000000e+00	5.000000e+00	4.500000e-01	
553	3.000025e-03	5.000000e+00	5.000000e+00	3.500000e-01	
554	3.000025e-03	5.000000e+00	5.000000e+00	1.500000e-01	
555	3.000025e-03	5.000000e+00	5.000000e+00	0.000000e+00	
556	3.000025e-03	5.000000e+00	5.000000e+00	0.000000e+00	
557	3.000025e-03	5.000000e+00	5.000000e+00	0.000000e+00	
558	3.000025e-03	5.000000e+00	5.000000e+00	0.000000e+00	
559	3.000025e-03	5.000000e+00	5.000000e+00	0.000000e+00	
560	3.000025e-03	5.000000e+00	5.000000e+00	0.000000e+00	
561	3.000026e-03	5.000000e+00	5.000000e+00	0.000000e+00	
562	3.000026e-03	5.000000e+00	5.000000e+00	0.000000e+00	
563	3.000027e-03	5.000000e+00	5.000000e+00	0.000000e+00	
564	3.000027e-03	5.000000e+00	5.000000e+00	0.000000e+00	
565	3.000027e-03	5.000000e+00	5.000000e+00	0.000000e+00	
566	3.000028e-03	5.000000e+00	5.000000e+00	0.000000e+00	
567	3.000028e-03	5.000000e+00	5.000000e+00	0.000000e+00	
568	3.000028e-03	5.000000e+00	5.000000e+00	0.000000e+00	
569	3.000028e-03	5.000000e+00	5.000000e+00	0.000000e+00	
570	3.000028e-03	5.000000e+00	5.000000e+00	0.000000e+00	
571	3.000029e-03	5.000000e+00	5.000000e+00	0.000000e+00	
572	3.000030e-03	5.000000e+00	5.000000e+00	0.000000e+00	
573	3.000032e-03	5.000000e+00	5.000000e+00	0.000000e+00	
574	3.000037e-03	5.000000e+00	5.000000e+00	0.000000e+00	
575	3.000046e-03	5.000000e+00	5.000000e+00	0.000000e+00	
576	3.000065e-03	5.000000e+00	5.000000e+00	0.000000e+00	

Index   time            V(4)            V(5)            V(6)            
--------------------------------------------------------------------------------
577	3.000102e-03	5.000000e+00	5.000000e+00	0.000000e+00	
578	3.000175e-03	5.000000e+00	5.000000e+00	0.000000e+00	
579	3.000323e-03	5.000000e+00	5.000000e+00	0.000000e+00	
580	3.000618e-03	5.000000e+00	5.000000e+00	0.000000e+00	
581	3.001207e-03	5.000000e+00	5.000000e+00	0.000000e+00	
582	3.002387e-03	5.000000e+00	5.000000e+00	0.000000e+00	
583	3.004746e-03	5.000000e+00	5.000000e+00	0.000000e+00	
584	3.009465e-03	5.000000e+00	5.000000e+00	0.000000e+00	
585	3.018902e-03	5.000000e+00	5.000000e+00	0.000000e+00	
586	3.028902e-03	5.000000e+00	5.000000e+00	0.000000e+00	
587	3.038902e-03	5.000000e+00	5.000000e+00	0.000000e+00	
588	3.048902e-03	5.000000e+00	5.000000e+00	0.000000e+00	
589	3.058902e-03	5.000000e+00	5.000000e+00	0.000000e+00	
590	3.068902e-03	5.000000e+00	5.000000e+00	0.000000e+00	
591	3.078902e-03	5.000000e+00	5.000000e+00	0.000000e+00	
592	3.088902e-03	5.000000e+00	5.000000e+00	0.000000e+00	
593	3.098902e-03	5.000000e+00	5.000000e+00	0.000000e+00	
594	3.108902e-03	5.000000e+00	5.000000e+00	0.000000e+00	
595	3.118902e-03	5.000000e+00	5.000000e+00	0.000000e+00	
596	3.128902e-03	5.000000e+00	5.000000e+00	0.000000e+00	
597	3.138902e-03	5.000000e+00	5.000000e+00	0.000000e+00	
598	3.148902e-03	5.000000e+00	5.000000e+00	0.000000e+00	
599	3.158902e-03	5.000000e+00	5.000000e+00	0.000000e+00	
600	3.168902e-03	5.000000e+00	5.000000e+00	0.000000e+00	
601	3.178902e-03	5.000000e+00	5.000000e+00	0.000000e+00	
602	3.188902e-03	5.000000e+00	5.000000e+00	0.000000e+00	
603	3.198902e-03	5.000000e+00	5.000000e+00	0.000000e+00	
604	3.208902e-03	5.000000e+00	5.000000e+00	0.000000e+00	
605	3.218902e-03	5.000000e+00	5.000000e+00	0.000000e+00	
606	3.228902e-03	5.000000e+00	5.000000e+00	0.000000e+00	
607	3.238902e-03	5.000000e+00	5.000000e+00	0.000000e+00	
608	3.248902e-03	5.000000e+00	5.000000e+00	0.000000e+00	
609	3.258902e-03	5.000000e+00	5.000000e+00	0.000000e+00	
610	3.268902e-03	5.000000e+00	5.000000e+00	0.000000e+00	
611	3.278902e-03	5.000000e+00	5.000000e+00	0.000000e+00	
612	3.288902e-03	5.000000e+00	5.000000e+00	0.000000e+00	
613	3.298902e-03	5.000000e+00	5.000000e+00	0.000000e+00	
614	3.308902e-03	5.000000e+00	5.000000e+00	0.000000e+00	
615	3.318902e-03	5.000000e+00	5.000000e+00	0.000000e+00	
616	3.328902e-03	5.000000e+00	5.000000e+00	0.000000e+00	
617	3.338902e-03	5.000000e+00	5.000000e+00	0.000000e+00	
618	3.348902e-03	5.000000e+00	5.000000e+00	0.000000e+00	
619	3.358902e-03	5.000000e+00	5.000000e+00	0.000000e+00	
620	3.368902e-03	5.000000e+00	5.000000e+00	0.000000e+00	
621	3.378902e-03	5.000000e+00	5.000000e+00	0.000000e+00	
622	3.388902e-03	5.000000e+00	5.000000e+00	0.000000e+00	
623	3.398902e-03	5.000000e+00	5.000000e+00	0.000000e+00	
624	3.408902e-03	5.000000e+00	5.000000e+00	0.000000e+00	
625	3.418902e-03	5.000000e+00	5.000000e+00	0.000000e+00	
626	3.428902e-03	5.000000e+00	5.000000e+00	0.000000e+00	
627	3.438902e-03	5.000000e+00	5.000000e+00	0.000000e+00	
628	3.448902e-03	5.000000e+00	5.000000e+00	0.000000e+00	
629	3.458902e-03	5.000000e+00	5.000000e+00	0.000000e+00	
630	3.468902e-03	5.000000e+00	5.000000e+00	0.000000e+00	
631	3.478902e-03	5.000000e+00	5.000000e+00	0.000000e+00	
632	3.488902e-03	5.000000e+00	5.000000e+00	0.000000e+00	
633	3.498902e-03	5.000000e+00	5.000000e+00	0.000000e+00	
634	3.508902e-03	5.000000e+00	5.000000e+00	0.000000e+00	

Index   time            V(4)            V(5)            V(6)            
--------------------------------------------------------------------------------
635	3.518902e-03	5.000000e+00	5.000000e+00	0.000000e+00	
636	3.528902e-03	5.000000e+00	5.000000e+00	0.000000e+00	
637	3.538902e-03	5.000000e+00	5.000000e+00	0.000000e+00	
638	3.548902e-03	5.000000e+00	5.000000e+00	0.000000e+00	
639	3.558902e-03	5.000000e+00	5.000000e+00	0.000000e+00	
640	3.568902e-03	5.000000e+00	5.000000e+00	0.000000e+00	
641	3.578902e-03	5.000000e+00	5.000000e+00	0.000000e+00	
642	3.588902e-03	5.000000e+00	5.000000e+00	0.000000e+00	
643	3.598902e-03	5.000000e+00	5.000000e+00	0.000000e+00	
644	3.608902e-03	5.000000e+00	5.000000e+00	0.000000e+00	
645	3.618902e-03	5.000000e+00	5.000000e+00	0.000000e+00	
646	3.628902e-03	5.000000e+00	5.000000e+00	0.000000e+00	
647	3.638902e-03	5.000000e+00	5.000000e+00	0.000000e+00	
648	3.648902e-03	5.000000e+00	5.000000e+00	0.000000e+00	
649	3.658902e-03	5.000000e+00	5.000000e+00	0.000000e+00	
650	3.668902e-03	5.000000e+00	5.000000e+00	0.000000e+00	
651	3.678902e-03	5.000000e+00	5.000000e+00	0.000000e+00	
652	3.688902e-03	5.000000e+00	5.000000e+00	0.000000e+00	
653	3.698902e-03	5.000000e+00	5.000000e+00	0.000000e+00	
654	3.708902e-03	5.000000e+00	5.000000e+00	0.000000e+00	
655	3.718902e-03	5.000000e+00	5.000000e+00	0.000000e+00	
656	3.728902e-03	5.000000e+00	5.000000e+00	0.000000e+00	
657	3.738902e-03	5.000000e+00	5.000000e+00	0.000000e+00	
658	3.748902e-03	5.000000e+00	5.000000e+00	0.000000e+00	
659	3.758902e-03	5.000000e+00	5.000000e+00	0.000000e+00	
660	3.768902e-03	5.000000e+00	5.000000e+00	0.000000e+00	
661	3.778902e-03	5.000000e+00	5.000000e+00	0.000000e+00	
662	3.788902e-03	5.000000e+00	5.000000e+00	0.000000e+00	
663	3.798902e-03	5.000000e+00	5.000000e+00	0.000000e+00	
664	3.808902e-03	5.000000e+00	5.000000e+00	0.000000e+00	
665	3.818902e-03	5.000000e+00	5.000000e+00	0.000000e+00	
666	3.828902e-03	5.000000e+00	5.000000e+00	0.000000e+00	
667	3.838902e-03	5.000000e+00	5.000000e+00	0.000000e+00	
668	3.848902e-03	5.000000e+00	5.000000e+00	0.000000e+00	
669	3.858902e-03	5.000000e+00	5.000000e+00	0.000000e+00	
670	3.868902e-03	5.000000e+00	5.000000e+00	0.000000e+00	
671	3.878902e-03	5.000000e+00	5.000000e+00	0.000000e+00	
672	3.888902e-03	5.000000e+00	5.000000e+00	0.000000e+00	
673	3.898902e-03	5.000000e+00	5.000000e+00	0.000000e+00	
674	3.908902e-03	5.000000e+00	5.000000e+00	0.000000e+00	
675	3.918902e-03	5.000000e+00	5.000000e+00	0.000000e+00	
676	3.928902e-03	5.000000e+00	5.000000e+00	0.000000e+00	
677	3.938902e-03	5.000000e+00	5.000000e+00	0.000000e+00	
678	3.948902e-03	5.000000e+00	5.000000e+00	0.000000e+00	
679	3.958902e-03	5.000000e+00	5.000000e+00	0.000000e+00	
680	3.968902e-03	5.000000e+00	5.000000e+00	0.000000e+00	
681	3.978902e-03	5.000000e+00	5.000000e+00	0.000000e+00	
682	3.988902e-03	5.000000e+00	5.000000e+00	0.000000e+00	
683	3.998902e-03	5.000000e+00	5.000000e+00	0.000000e+00	
684	4.000000e-03	5.000000e+00	5.000000e+00	0.000000e+00	
685	4.000001e-03	5.000000e+00	5.000000e+00	0.000000e+00	
686	4.000003e-03	5.000000e+00	5.000000e+00	0.000000e+00	
687	4.000007e-03	5.000000e+00	5.000000e+00	0.000000e+00	
688	4.000008e-03	5.000000e+00	5.000000e+00	0.000000e+00	
689	4.000008e-03	5.000000e+00	5.000000e+00	5.000000e-02	
690	4.000008e-03	5.000000e+00	5.000000e+00	1.500000e-01	
691	4.000008e-03	5.000000e+00	5.000000e+00	3.500000e-01	
692	4.000008e-03	5.000000e+00	5.000000e+00	5.000000e-01	

Index   time            V(4)            V(5)            V(6)            
--------------------------------------------------------------------------------
693	4.000008e-03	5.000000e+00	5.000000e+00	5.000000e-01	
694	4.000008e-03	5.000000e+00	5.000000e+00	5.000000e-01	
695	4.000008e-03	5.000000e+00	5.000000e+00	5.000000e-01	
696	4.000008e-03	5.000000e+00	5.000000e+00	5.000000e-01	
697	4.000008e-03	5.000000e+00	5.000000e+00	5.000000e-01	
698	4.000009e-03	5.000000e+00	5.000000e+00	5.000000e-01	
699	4.000009e-03	5.000000e+00	5.000000e+00	5.000000e-01	
700	4.000010e-03	5.000000e+00	5.000000e+00	5.000000e-01	
701	4.000010e-03	5.000000e+00	5.000000e+00	5.000000e-01	
702	4.000010e-03	5.000000e+00	5.000000e+00	5.000000e-01	
703	4.000011e-03	5.000000e+00	5.000000e+00	5.000000e-01	
704	4.000011e-03	5.000000e+00	5.000000e+00	5.000000e-01	
705	4.000011e-03	5.000000e+00	5.000000e+00	5.000000e-01	
706	4.000011e-03	5.000000e+00	5.000000e+00	5.000000e-01	
707	4.000012e-03	5.000000e+00	5.000000e+00	5.000000e-01	
708	4.000012e-03	5.000000e+00	5.000000e+00	5.000000e-01	
709	4.000012e-03	5.000000e+00	5.000000e+00	8.276800e-01	
710	4.000012e-03	5.000000e+00	5.000000e+00	1.483040e+00	
711	4.000012e-03	5.000000e+00	5.000000e+00	2.793760e+00	
712	4.000013e-03	5.000000e+00	5.000000e+00	5.000000e+00	
713	4.000013e-03	5.000000e+00	5.000000e+00	5.000000e+00	
714	4.000013e-03	5.000000e+00	5.000000e+00	5.000000e+00	
715	4.000013e-03	5.000000e+00	5.000000e+00	5.000000e+00	
716	4.000014e-03	5.000000e+00	5.000000e+00	5.000000e+00	
717	4.000014e-03	5.000000e+00	5.000000e+00	5.000000e+00	
718	4.000014e-03	5.000000e+00	5.000000e+00	5.000000e+00	
719	4.000014e-03	5.000000e+00	5.000000e+00	5.000000e+00	
720	4.000014e-03	5.000000e+00	5.000000e+00	5.000000e+00	
721	4.000014e-03	5.000000e+00	5.000000e+00	5.000000e+00	
722	4.000014e-03	5.000000e+00	5.000000e+00	5.000000e+00	
723	4.000014e-03	5.000000e+00	5.000000e+00	5.000000e+00	
724	4.000014e-03	5.000000e+00	5.000000e+00	5.000000e+00	
725	4.000014e-03	5.000000e+00	5.000000e+00	5.000000e+00	
726	4.000014e-03	5.000000e+00	5.000000e+00	5.000000e+00	
727	4.000015e-03	5.000000e+00	5.000000e+00	5.000000e+00	
728	4.000015e-03	5.000000e+00	5.000000e+00	5.000000e+00	
729	4.000016e-03	5.000000e+00	5.000000e+00	5.000000e+00	
730	4.000017e-03	5.000000e+00	5.000000e+00	5.000000e+00	
731	4.000017e-03	5.000000e+00	5.000000e+00	5.000000e+00	
732	4.000017e-03	5.000000e+00	5.000000e+00	5.000000e+00	
733	4.000017e-03	5.000000e+00	5.000000e+00	5.000000e+00	
734	4.000017e-03	5.000000e+00	5.000000e+00	5.000000e+00	
735	4.000017e-03	5.000000e+00	5.000000e+00	5.000000e+00	
736	4.000017e-03	5.000000e+00	5.000000e+00	5.000000e+00	
737	4.000017e-03	5.000000e+00	5.000000e+00	5.000000e+00	
738	4.000017e-03	5.000000e+00	5.000000e+00	5.000000e+00	
739	4.000017e-03	5.000000e+00	5.000000e+00	5.000000e+00	
740	4.000018e-03	5.000000e+00	5.000000e+00	5.000000e+00	
741	4.000018e-03	5.000000e+00	5.000000e+00	5.000000e+00	
742	4.000019e-03	5.000000e+00	5.000000e+00	5.000000e+00	
743	4.000019e-03	5.000000e+00	5.000000e+00	5.000000e+00	
744	4.000019e-03	5.000000e+00	5.000000e+00	5.000000e+00	
745	4.000020e-03	5.000000e+00	5.000000e+00	5.000000e+00	
746	4.000020e-03	5.000000e+00	5.000000e+00	5.000000e+00	
747	4.000020e-03	5.000000e+00	5.000000e+00	5.000000e+00	
748	4.000020e-03	5.000000e+00	5.000000e+00	5.000000e+00	
749	4.000020e-03	5.000000e+00	5.000000e+00	5.000000e+00	
750	4.000020e-03	5.000000e+00	5.000000e+00	5.000000e+00	

Index   time            V(4)            V(5)            V(6)            
--------------------------------------------------------------------------------
751	4.000020e-03	5.000000e+00	5.000000e+00	5.000000e+00	
752	4.000020e-03	5.000000e+00	5.000000e+00	5.000000e+00	
753	4.000020e-03	5.000000e+00	5.000000e+00	5.000000e+00	
754	4.000020e-03	5.000000e+00	5.000000e+00	5.000000e+00	
755	4.000020e-03	5.000000e+00	5.000000e+00	5.000000e+00	
756	4.000021e-03	5.000000e+00	5.000000e+00	5.000000e+00	
757	4.000021e-03	5.000000e+00	5.000000e+00	5.000000e+00	
758	4.000021e-03	5.000000e+00	5.000000e+00	5.000000e+00	
759	4.000021e-03	5.000000e+00	4.550000e+00	5.000000e+00	
760	4.000021e-03	5.000000e+00	3.650000e+00	5.000000e+00	
761	4.000022e-03	5.000000e+00	1.850000e+00	5.000000e+00	
762	4.000022e-03	5.000000e+00	5.000000e-01	5.000000e+00	
763	4.000022e-03	5.000000e+00	5.000000e-01	5.000000e+00	
764	4.000022e-03	5.000000e+00	5.000000e-01	5.000000e+00	
765	4.000023e-03	5.000000e+00	5.000000e-01	5.000000e+00	
766	4.000023e-03	5.000000e+00	5.000000e-01	5.000000e+00	
767	4.000023e-03	5.000000e+00	4.500000e-01	5.000000e+00	
768	4.000023e-03	5.000000e+00	3.500000e-01	5.000000e+00	
769	4.000023e-03	5.000000e+00	1.500000e-01	5.000000e+00	
770	4.000023e-03	5.000000e+00	1.997902e-09	5.000000e+00	
771	4.000023e-03	5.000000e+00	0.000000e+00	5.000000e+00	
772	4.000023e-03	5.000000e+00	0.000000e+00	5.000000e+00	
773	4.000023e-03	5.000000e+00	0.000000e+00	5.000000e+00	
774	4.000023e-03	5.000000e+00	0.000000e+00	5.000000e+00	
775	4.000023e-03	5.000000e+00	0.000000e+00	5.000000e+00	
776	4.000024e-03	5.000000e+00	0.000000e+00	5.000000e+00	
777	4.000024e-03	5.000000e+00	0.000000e+00	5.000000e+00	
778	4.000025e-03	5.000000e+00	0.000000e+00	5.000000e+00	
779	4.000027e-03	5.000000e+00	0.000000e+00	5.000000e+00	
780	4.000031e-03	5.000000e+00	0.000000e+00	5.000000e+00	
781	4.000040e-03	5.000000e+00	0.000000e+00	5.000000e+00	
782	4.000056e-03	5.000000e+00	0.000000e+00	5.000000e+00	
783	4.000089e-03	5.000000e+00	0.000000e+00	5.000000e+00	
784	4.000154e-03	5.000000e+00	0.000000e+00	5.000000e+00	
785	4.000285e-03	5.000000e+00	0.000000e+00	5.000000e+00	
786	4.000547e-03	5.000000e+00	0.000000e+00	5.000000e+00	
787	4.001072e-03	5.000000e+00	0.000000e+00	5.000000e+00	
788	4.002120e-03	5.000000e+00	0.000000e+00	5.000000e+00	
789	4.004218e-03	5.000000e+00	0.000000e+00	5.000000e+00	
790	4.008412e-03	5.000000e+00	0.000000e+00	5.000000e+00	
791	4.016800e-03	5.000000e+00	0.000000e+00	5.000000e+00	
792	4.026800e-03	5.000000e+00	0.000000e+00	5.000000e+00	
793	4.036800e-03	5.000000e+00	0.000000e+00	5.000000e+00	
794	4.046800e-03	5.000000e+00	0.000000e+00	5.000000e+00	
795	4.056800e-03	5.000000e+00	0.000000e+00	5.000000e+00	
796	4.066800e-03	5.000000e+00	0.000000e+00	5.000000e+00	
797	4.076800e-03	5.000000e+00	0.000000e+00	5.000000e+00	
798	4.086800e-03	5.000000e+00	0.000000e+00	5.000000e+00	
799	4.096800e-03	5.000000e+00	0.000000e+00	5.000000e+00	
800	4.106800e-03	5.000000e+00	0.000000e+00	5.000000e+00	
801	4.116800e-03	5.000000e+00	0.000000e+00	5.000000e+00	
802	4.126800e-03	5.000000e+00	0.000000e+00	5.000000e+00	
803	4.136800e-03	5.000000e+00	0.000000e+00	5.000000e+00	
804	4.146800e-03	5.000000e+00	0.000000e+00	5.000000e+00	
805	4.156800e-03	5.000000e+00	0.000000e+00	5.000000e+00	
806	4.166800e-03	5.000000e+00	0.000000e+00	5.000000e+00	
807	4.176800e-03	5.000000e+00	0.000000e+00	5.000000e+00	
808	4.186800e-03	5.000000e+00	0.000000e+00	5.000000e+00	

Index   time            V(4)            V(5)            V(6)            
--------------------------------------------------------------------------------
809	4.196800e-03	5.000000e+00	0.000000e+00	5.000000e+00	
810	4.206800e-03	5.000000e+00	0.000000e+00	5.000000e+00	
811	4.216800e-03	5.000000e+00	0.000000e+00	5.000000e+00	
812	4.226800e-03	5.000000e+00	0.000000e+00	5.000000e+00	
813	4.236800e-03	5.000000e+00	0.000000e+00	5.000000e+00	
814	4.246800e-03	5.000000e+00	0.000000e+00	5.000000e+00	
815	4.256800e-03	5.000000e+00	0.000000e+00	5.000000e+00	
816	4.266800e-03	5.000000e+00	0.000000e+00	5.000000e+00	
817	4.276800e-03	5.000000e+00	0.000000e+00	5.000000e+00	
818	4.286800e-03	5.000000e+00	0.000000e+00	5.000000e+00	
819	4.296800e-03	5.000000e+00	0.000000e+00	5.000000e+00	
820	4.306800e-03	5.000000e+00	0.000000e+00	5.000000e+00	
821	4.316800e-03	5.000000e+00	0.000000e+00	5.000000e+00	
822	4.326800e-03	5.000000e+00	0.000000e+00	5.000000e+00	
823	4.336800e-03	5.000000e+00	0.000000e+00	5.000000e+00	
824	4.346800e-03	5.000000e+00	0.000000e+00	5.000000e+00	
825	4.356800e-03	5.000000e+00	0.000000e+00	5.000000e+00	
826	4.366800e-03	5.000000e+00	0.000000e+00	5.000000e+00	
827	4.376800e-03	5.000000e+00	0.000000e+00	5.000000e+00	
828	4.386800e-03	5.000000e+00	0.000000e+00	5.000000e+00	
829	4.396800e-03	5.000000e+00	0.000000e+00	5.000000e+00	
830	4.406800e-03	5.000000e+00	0.000000e+00	5.000000e+00	
831	4.416800e-03	5.000000e+00	0.000000e+00	5.000000e+00	
832	4.426800e-03	5.000000e+00	0.000000e+00	5.000000e+00	
833	4.436800e-03	5.000000e+00	0.000000e+00	5.000000e+00	
834	4.446800e-03	5.000000e+00	0.000000e+00	5.000000e+00	
835	4.456800e-03	5.000000e+00	0.000000e+00	5.000000e+00	
836	4.466800e-03	5.000000e+00	0.000000e+00	5.000000e+00	
837	4.476800e-03	5.000000e+00	0.000000e+00	5.000000e+00	
838	4.486800e-03	5.000000e+00	0.000000e+00	5.000000e+00	
839	4.496800e-03	5.000000e+00	0.000000e+00	5.000000e+00	
840	4.506800e-03	5.000000e+00	0.000000e+00	5.000000e+00	
841	4.516800e-03	5.000000e+00	0.000000e+00	5.000000e+00	
842	4.526800e-03	5.000000e+00	0.000000e+00	5.000000e+00	
843	4.536800e-03	5.000000e+00	0.000000e+00	5.000000e+00	
844	4.546800e-03	5.000000e+00	0.000000e+00	5.000000e+00	
845	4.556800e-03	5.000000e+00	0.000000e+00	5.000000e+00	
846	4.566800e-03	5.000000e+00	0.000000e+00	5.000000e+00	
847	4.576800e-03	5.000000e+00	0.000000e+00	5.000000e+00	
848	4.586800e-03	5.000000e+00	0.000000e+00	5.000000e+00	
849	4.596800e-03	5.000000e+00	0.000000e+00	5.000000e+00	
850	4.606800e-03	5.000000e+00	0.000000e+00	5.000000e+00	
851	4.616800e-03	5.000000e+00	0.000000e+00	5.000000e+00	
852	4.626800e-03	5.000000e+00	0.000000e+00	5.000000e+00	
853	4.636800e-03	5.000000e+00	0.000000e+00	5.000000e+00	
854	4.646800e-03	5.000000e+00	0.000000e+00	5.000000e+00	
855	4.656800e-03	5.000000e+00	0.000000e+00	5.000000e+00	
856	4.666800e-03	5.000000e+00	0.000000e+00	5.000000e+00	
857	4.676800e-03	5.000000e+00	0.000000e+00	5.000000e+00	
858	4.686800e-03	5.000000e+00	0.000000e+00	5.000000e+00	
859	4.696800e-03	5.000000e+00	0.000000e+00	5.000000e+00	
860	4.706800e-03	5.000000e+00	0.000000e+00	5.000000e+00	
861	4.716800e-03	5.000000e+00	0.000000e+00	5.000000e+00	
862	4.726800e-03	5.000000e+00	0.000000e+00	5.000000e+00	
863	4.736800e-03	5.000000e+00	0.000000e+00	5.000000e+00	
864	4.746800e-03	5.000000e+00	0.000000e+00	5.000000e+00	
865	4.756800e-03	5.000000e+00	0.000000e+00	5.000000e+00	
866	4.766800e-03	5.000000e+00	0.000000e+00	5.000000e+00	

Index   time            V(4)            V(5)            V(6)            
--------------------------------------------------------------------------------
867	4.776800e-03	5.000000e+00	0.000000e+00	5.000000e+00	
868	4.786800e-03	5.000000e+00	0.000000e+00	5.000000e+00	
869	4.796800e-03	5.000000e+00	0.000000e+00	5.000000e+00	
870	4.806800e-03	5.000000e+00	0.000000e+00	5.000000e+00	
871	4.816800e-03	5.000000e+00	0.000000e+00	5.000000e+00	
872	4.826800e-03	5.000000e+00	0.000000e+00	5.000000e+00	
873	4.836800e-03	5.000000e+00	0.000000e+00	5.000000e+00	
874	4.846800e-03	5.000000e+00	0.000000e+00	5.000000e+00	
875	4.856800e-03	5.000000e+00	0.000000e+00	5.000000e+00	
876	4.866800e-03	5.000000e+00	0.000000e+00	5.000000e+00	
877	4.876800e-03	5.000000e+00	0.000000e+00	5.000000e+00	
878	4.886800e-03	5.000000e+00	0.000000e+00	5.000000e+00	
879	4.896800e-03	5.000000e+00	0.000000e+00	5.000000e+00	
880	4.906800e-03	5.000000e+00	0.000000e+00	5.000000e+00	
881	4.916800e-03	5.000000e+00	0.000000e+00	5.000000e+00	
882	4.926800e-03	5.000000e+00	0.000000e+00	5.000000e+00	
883	4.936800e-03	5.000000e+00	0.000000e+00	5.000000e+00	
884	4.946800e-03	5.000000e+00	0.000000e+00	5.000000e+00	
885	4.956800e-03	5.000000e+00	0.000000e+00	5.000000e+00	
886	4.966800e-03	5.000000e+00	0.000000e+00	5.000000e+00	
887	4.976800e-03	5.000000e+00	0.000000e+00	5.000000e+00	
888	4.986800e-03	5.000000e+00	0.000000e+00	5.000000e+00	
889	4.996800e-03	5.000000e+00	0.000000e+00	5.000000e+00	
890	5.000010e-03	5.000000e+00	0.000000e+00	5.000000e+00	
891	5.000011e-03	5.000000e+00	0.000000e+00	5.000000e+00	
892	5.000013e-03	5.000000e+00	0.000000e+00	5.000000e+00	
893	5.000017e-03	5.000000e+00	0.000000e+00	5.000000e+00	
894	5.000020e-03	5.000000e+00	0.000000e+00	5.000000e+00	
895	5.000021e-03	5.000000e+00	0.000000e+00	5.000000e+00	
896	5.000022e-03	5.000000e+00	0.000000e+00	5.000000e+00	
897	5.000022e-03	4.550000e+00	0.000000e+00	5.000000e+00	
898	5.000022e-03	3.650000e+00	0.000000e+00	5.000000e+00	
899	5.000023e-03	1.850000e+00	0.000000e+00	5.000000e+00	
900	5.000023e-03	5.000000e-01	0.000000e+00	5.000000e+00	
901	5.000023e-03	5.000000e-01	0.000000e+00	5.000000e+00	
902	5.000023e-03	5.000000e-01	0.000000e+00	5.000000e+00	
903	5.000023e-03	5.000000e-01	0.000000e+00	5.000000e+00	
904	5.000024e-03	5.000000e-01	0.000000e+00	5.000000e+00	
905	5.000024e-03	5.000000e-01	0.000000e+00	5.000000e+00	
906	5.000024e-03	5.000000e-01	5.000000e-02	5.000000e+00	
907	5.000024e-03	5.000000e-01	1.500000e-01	5.000000e+00	
908	5.000024e-03	5.000000e-01	3.500000e-01	5.000000e+00	
909	5.000024e-03	5.000000e-01	5.000000e-01	5.000000e+00	
910	5.000024e-03	5.000000e-01	5.000000e-01	5.000000e+00	
911	5.000024e-03	5.000000e-01	5.000000e-01	5.000000e+00	
912	5.000024e-03	5.000000e-01	5.000000e-01	5.000000e+00	
913	5.000024e-03	5.000000e-01	5.000000e-01	5.000000e+00	
914	5.000024e-03	5.000000e-01	5.000000e-01	5.000000e+00	
915	5.000025e-03	5.000000e-01	5.000000e-01	5.000000e+00	
916	5.000025e-03	5.000000e-01	5.000000e-01	5.000000e+00	
917	5.000025e-03	4.500000e-01	5.000000e-01	5.000000e+00	
918	5.000025e-03	3.500000e-01	5.000000e-01	5.000000e+00	
919	5.000025e-03	1.500000e-01	5.000000e-01	5.000000e+00	
920	5.000025e-03	1.997902e-09	5.000000e-01	5.000000e+00	
921	5.000025e-03	0.000000e+00	5.000000e-01	5.000000e+00	
922	5.000025e-03	0.000000e+00	5.000000e-01	5.000000e+00	
923	5.000025e-03	0.000000e+00	5.000000e-01	5.000000e+00	
924	5.000025e-03	0.000000e+00	5.000000e-01	5.000000e+00	

Index   time            V(4)            V(5)            V(6)            
--------------------------------------------------------------------------------
925	5.000025e-03	0.000000e+00	5.000000e-01	5.000000e+00	
926	5.000026e-03	0.000000e+00	5.000000e-01	5.000000e+00	
927	5.000026e-03	0.000000e+00	5.000000e-01	5.000000e+00	
928	5.000027e-03	0.000000e+00	5.000000e-01	5.000000e+00	
929	5.000027e-03	0.000000e+00	9.500000e-01	5.000000e+00	
930	5.000027e-03	0.000000e+00	1.850000e+00	5.000000e+00	
931	5.000028e-03	0.000000e+00	3.650000e+00	5.000000e+00	
932	5.000028e-03	0.000000e+00	5.000000e+00	5.000000e+00	
933	5.000028e-03	0.000000e+00	5.000000e+00	5.000000e+00	
934	5.000028e-03	0.000000e+00	5.000000e+00	5.000000e+00	
935	5.000028e-03	0.000000e+00	5.000000e+00	5.000000e+00	
936	5.000029e-03	0.000000e+00	5.000000e+00	5.000000e+00	
937	5.000030e-03	0.000000e+00	5.000000e+00	5.000000e+00	
938	5.000032e-03	0.000000e+00	5.000000e+00	5.000000e+00	
939	5.000037e-03	0.000000e+00	5.000000e+00	5.000000e+00	
940	5.000046e-03	0.000000e+00	5.000000e+00	5.000000e+00	
941	5.000065e-03	0.000000e+00	5.000000e+00	5.000000e+00	
942	5.000102e-03	0.000000e+00	5.000000e+00	5.000000e+00	
943	5.000175e-03	0.000000e+00	5.000000e+00	5.000000e+00	
944	5.000323e-03	0.000000e+00	5.000000e+00	5.000000e+00	
945	5.000618e-03	0.000000e+00	5.000000e+00	5.000000e+00	
946	5.001207e-03	0.000000e+00	5.000000e+00	5.000000e+00	
947	5.002387e-03	0.000000e+00	5.000000e+00	5.000000e+00	
948	5.004746e-03	0.000000e+00	5.000000e+00	5.000000e+00	
949	5.009465e-03	0.000000e+00	5.000000e+00	5.000000e+00	
950	5.018902e-03	0.000000e+00	5.000000e+00	5.000000e+00	
951	5.028902e-03	0.000000e+00	5.000000e+00	5.000000e+00	
952	5.038902e-03	0.000000e+00	5.000000e+00	5.000000e+00	
953	5.048902e-03	0.000000e+00	5.000000e+00	5.000000e+00	
954	5.058902e-03	0.000000e+00	5.000000e+00	5.000000e+00	
955	5.068902e-03	0.000000e+00	5.000000e+00	5.000000e+00	
956	5.078902e-03	0.000000e+00	5.000000e+00	5.000000e+00	
957	5.088902e-03	0.000000e+00	5.000000e+00	5.000000e+00	
958	5.098902e-03	0.000000e+00	5.000000e+00	5.000000e+00	
959	5.108902e-03	0.000000e+00	5.000000e+00	5.000000e+00	
960	5.118902e-03	0.000000e+00	5.000000e+00	5.000000e+00	
961	5.128902e-03	0.000000e+00	5.000000e+00	5.000000e+00	
962	5.138902e-03	0.000000e+00	5.000000e+00	5.000000e+00	
963	5.148902e-03	0.000000e+00	5.000000e+00	5.000000e+00	
964	5.158902e-03	0.000000e+00	5.000000e+00	5.000000e+00	
965	5.168902e-03	0.000000e+00	5.000000e+00	5.000000e+00	
966	5.178902e-03	0.000000e+00	5.000000e+00	5.000000e+00	
967	5.188902e-03	0.000000e+00	5.000000e+00	5.000000e+00	
968	5.198902e-03	0.000000e+00	5.000000e+00	5.000000e+00	
969	5.208902e-03	0.000000e+00	5.000000e+00	5.000000e+00	
970	5.218902e-03	0.000000e+00	5.000000e+00	5.000000e+00	
971	5.228902e-03	0.000000e+00	5.000000e+00	5.000000e+00	
972	5.238902e-03	0.000000e+00	5.000000e+00	5.000000e+00	
973	5.248902e-03	0.000000e+00	5.000000e+00	5.000000e+00	
974	5.258902e-03	0.000000e+00	5.000000e+00	5.000000e+00	
975	5.268902e-03	0.000000e+00	5.000000e+00	5.000000e+00	
976	5.278902e-03	0.000000e+00	5.000000e+00	5.000000e+00	
977	5.288902e-03	0.000000e+00	5.000000e+00	5.000000e+00	
978	5.298902e-03	0.000000e+00	5.000000e+00	5.000000e+00	
979	5.308902e-03	0.000000e+00	5.000000e+00	5.000000e+00	
980	5.318902e-03	0.000000e+00	5.000000e+00	5.000000e+00	
981	5.328902e-03	0.000000e+00	5.000000e+00	5.000000e+00	
982	5.338902e-03	0.000000e+00	5.000000e+00	5.000000e+00	

Index   time            V(4)            V(5)            V(6)            
--------------------------------------------------------------------------------
983	5.348902e-03	0.000000e+00	5.000000e+00	5.000000e+00	
984	5.358902e-03	0.000000e+00	5.000000e+00	5.000000e+00	
985	5.368902e-03	0.000000e+00	5.000000e+00	5.000000e+00	
986	5.378902e-03	0.000000e+00	5.000000e+00	5.000000e+00	
987	5.388902e-03	0.000000e+00	5.000000e+00	5.000000e+00	
988	5.398902e-03	0.000000e+00	5.000000e+00	5.000000e+00	
989	5.408902e-03	0.000000e+00	5.000000e+00	5.000000e+00	
990	5.418902e-03	0.000000e+00	5.000000e+00	5.000000e+00	
991	5.428902e-03	0.000000e+00	5.000000e+00	5.000000e+00	
992	5.438902e-03	0.000000e+00	5.000000e+00	5.000000e+00	
993	5.448902e-03	0.000000e+00	5.000000e+00	5.000000e+00	
994	5.458902e-03	0.000000e+00	5.000000e+00	5.000000e+00	
995	5.468902e-03	0.000000e+00	5.000000e+00	5.000000e+00	
996	5.478902e-03	0.000000e+00	5.000000e+00	5.000000e+00	
997	5.488902e-03	0.000000e+00	5.000000e+00	5.000000e+00	
998	5.498902e-03	0.000000e+00	5.000000e+00	5.000000e+00	
999	5.508902e-03	0.000000e+00	5.000000e+00	5.000000e+00	
1000	5.518902e-03	0.000000e+00	5.000000e+00	5.000000e+00	
1001	5.528902e-03	0.000000e+00	5.000000e+00	5.000000e+00	
1002	5.538902e-03	0.000000e+00	5.000000e+00	5.000000e+00	
1003	5.548902e-03	0.000000e+00	5.000000e+00	5.000000e+00	
1004	5.558902e-03	0.000000e+00	5.000000e+00	5.000000e+00	
1005	5.568902e-03	0.000000e+00	5.000000e+00	5.000000e+00	
1006	5.578902e-03	0.000000e+00	5.000000e+00	5.000000e+00	
1007	5.588902e-03	0.000000e+00	5.000000e+00	5.000000e+00	
1008	5.598902e-03	0.000000e+00	5.000000e+00	5.000000e+00	
1009	5.608902e-03	0.000000e+00	5.000000e+00	5.000000e+00	
1010	5.618902e-03	0.000000e+00	5.000000e+00	5.000000e+00	
1011	5.628902e-03	0.000000e+00	5.000000e+00	5.000000e+00	
1012	5.638902e-03	0.000000e+00	5.000000e+00	5.000000e+00	
1013	5.648902e-03	0.000000e+00	5.000000e+00	5.000000e+00	
1014	5.658902e-03	0.000000e+00	5.000000e+00	5.000000e+00	
1015	5.668902e-03	0.000000e+00	5.000000e+00	5.000000e+00	
1016	5.678902e-03	0.000000e+00	5.000000e+00	5.000000e+00	
1017	5.688902e-03	0.000000e+00	5.000000e+00	5.000000e+00	
1018	5.698902e-03	0.000000e+00	5.000000e+00	5.000000e+00	
1019	5.708902e-03	0.000000e+00	5.000000e+00	5.000000e+00	
1020	5.718902e-03	0.000000e+00	5.000000e+00	5.000000e+00	
1021	5.728902e-03	0.000000e+00	5.000000e+00	5.000000e+00	
1022	5.738902e-03	0.000000e+00	5.000000e+00	5.000000e+00	
1023	5.748902e-03	0.000000e+00	5.000000e+00	5.000000e+00	
1024	5.758902e-03	0.000000e+00	5.000000e+00	5.000000e+00	
1025	5.768902e-03	0.000000e+00	5.000000e+00	5.000000e+00	
1026	5.778902e-03	0.000000e+00	5.000000e+00	5.000000e+00	
1027	5.788902e-03	0.000000e+00	5.000000e+00	5.000000e+00	
1028	5.798902e-03	0.000000e+00	5.000000e+00	5.000000e+00	
1029	5.808902e-03	0.000000e+00	5.000000e+00	5.000000e+00	
1030	5.818902e-03	0.000000e+00	5.000000e+00	5.000000e+00	
1031	5.828902e-03	0.000000e+00	5.000000e+00	5.000000e+00	
1032	5.838902e-03	0.000000e+00	5.000000e+00	5.000000e+00	
1033	5.848902e-03	0.000000e+00	5.000000e+00	5.000000e+00	
1034	5.858902e-03	0.000000e+00	5.000000e+00	5.000000e+00	
1035	5.868902e-03	0.000000e+00	5.000000e+00	5.000000e+00	
1036	5.878902e-03	0.000000e+00	5.000000e+00	5.000000e+00	
1037	5.888902e-03	0.000000e+00	5.000000e+00	5.000000e+00	
1038	5.898902e-03	0.000000e+00	5.000000e+00	5.000000e+00	
1039	5.908902e-03	0.000000e+00	5.000000e+00	5.000000e+00	
1040	5.918902e-03	0.000000e+00	5.000000e+00	5.000000e+00	

Index   time            V(4)            V(5)            V(6)            
--------------------------------------------------------------------------------
1041	5.928902e-03	0.000000e+00	5.000000e+00	5.000000e+00	
1042	5.938902e-03	0.000000e+00	5.000000e+00	5.000000e+00	
1043	5.948902e-03	0.000000e+00	5.000000e+00	5.000000e+00	
1044	5.958902e-03	0.000000e+00	5.000000e+00	5.000000e+00	
1045	5.968902e-03	0.000000e+00	5.000000e+00	5.000000e+00	
1046	5.978902e-03	0.000000e+00	5.000000e+00	5.000000e+00	
1047	5.988902e-03	0.000000e+00	5.000000e+00	5.000000e+00	
1048	5.998902e-03	0.000000e+00	5.000000e+00	5.000000e+00	
1049	6.000000e-03	0.000000e+00	5.000000e+00	5.000000e+00	
1050	6.000001e-03	0.000000e+00	5.000000e+00	5.000000e+00	
1051	6.000003e-03	0.000000e+00	5.000000e+00	5.000000e+00	
1052	6.000007e-03	0.000000e+00	5.000000e+00	5.000000e+00	
1053	6.000008e-03	0.000000e+00	5.000000e+00	5.000000e+00	
1054	6.000008e-03	5.000000e-02	5.000000e+00	5.000000e+00	
1055	6.000008e-03	1.500000e-01	5.000000e+00	5.000000e+00	
1056	6.000008e-03	3.500000e-01	5.000000e+00	5.000000e+00	
1057	6.000008e-03	5.000000e-01	5.000000e+00	5.000000e+00	
1058	6.000008e-03	5.000000e-01	5.000000e+00	5.000000e+00	
1059	6.000008e-03	5.000000e-01	5.000000e+00	5.000000e+00	
1060	6.000008e-03	5.000000e-01	5.000000e+00	5.000000e+00	
1061	6.000008e-03	5.000000e-01	5.000000e+00	5.000000e+00	
1062	6.000008e-03	5.000000e-01	5.000000e+00	5.000000e+00	
1063	6.000009e-03	5.000000e-01	5.000000e+00	5.000000e+00	
1064	6.000009e-03	5.000000e-01	5.000000e+00	5.000000e+00	
1065	6.000010e-03	5.000000e-01	5.000000e+00	5.000000e+00	
1066	6.000010e-03	5.000000e-01	5.000000e+00	5.000000e+00	
1067	6.000010e-03	5.000000e-01	3.976000e+00	5.000000e+00	
1068	6.000011e-03	5.000000e-01	1.928000e+00	5.000000e+00	
1069	6.000011e-03	5.000000e-01	5.000000e-01	5.000000e+00	
1070	6.000011e-03	5.000000e-01	5.000000e-01	5.000000e+00	
1071	6.000011e-03	5.000000e-01	5.000000e-01	5.000000e+00	
1072	6.000012e-03	5.000000e-01	5.000000e-01	5.000000e+00	
1073	6.000012e-03	5.000000e-01	5.000000e-01	5.000000e+00	
1074	6.000012e-03	8.276800e-01	5.000000e-01	5.000000e+00	
1075	6.000012e-03	1.483040e+00	5.000000e-01	5.000000e+00	
1076	6.000012e-03	2.793760e+00	5.000000e-01	5.000000e+00	
1077	6.000013e-03	5.000000e+00	5.000000e-01	5.000000e+00	
1078	6.000013e-03	5.000000e+00	5.000000e-01	5.000000e+00	
1079	6.000013e-03	5.000000e+00	5.000000e-01	5.000000e+00	
1080	6.000013e-03	5.000000e+00	5.000000e-01	5.000000e+00	
1081	6.000014e-03	5.000000e+00	5.000000e-01	5.000000e+00	
1082	6.000014e-03	5.000000e+00	5.000000e-01	5.000000e+00	
1083	6.000014e-03	5.000000e+00	4.500000e-01	5.000000e+00	
1084	6.000014e-03	5.000000e+00	3.500000e-01	5.000000e+00	
1085	6.000014e-03	5.000000e+00	1.500000e-01	5.000000e+00	
1086	6.000014e-03	5.000000e+00	1.997902e-09	5.000000e+00	
1087	6.000014e-03	5.000000e+00	0.000000e+00	5.000000e+00	
1088	6.000014e-03	5.000000e+00	0.000000e+00	5.000000e+00	
1089	6.000014e-03	5.000000e+00	0.000000e+00	5.000000e+00	
1090	6.000014e-03	5.000000e+00	0.000000e+00	5.000000e+00	
1091	6.000014e-03	5.000000e+00	0.000000e+00	5.000000e+00	
1092	6.000015e-03	5.000000e+00	0.000000e+00	5.000000e+00	
1093	6.000015e-03	5.000000e+00	0.000000e+00	5.000000e+00	
1094	6.000016e-03	5.000000e+00	0.000000e+00	5.000000e+00	
1095	6.000018e-03	5.000000e+00	0.000000e+00	5.000000e+00	
1096	6.000020e-03	5.000000e+00	0.000000e+00	5.000000e+00	
1097	6.000020e-03	5.000000e+00	0.000000e+00	5.000000e+00	
1098	6.000021e-03	5.000000e+00	0.000000e+00	5.000000e+00	

Index   time            V(4)            V(5)            V(6)            
--------------------------------------------------------------------------------
1099	6.000021e-03	5.000000e+00	0.000000e+00	5.000000e+00	
1100	6.000021e-03	5.000000e+00	0.000000e+00	5.000000e+00	
1101	6.000022e-03	5.000000e+00	0.000000e+00	5.000000e+00	
1102	6.000022e-03	5.000000e+00	0.000000e+00	5.000000e+00	
1103	6.000022e-03	5.000000e+00	0.000000e+00	5.000000e+00	
1104	6.000022e-03	5.000000e+00	0.000000e+00	5.000000e+00	
1105	6.000022e-03	5.000000e+00	0.000000e+00	5.000000e+00	
1106	6.000023e-03	5.000000e+00	0.000000e+00	5.000000e+00	
1107	6.000023e-03	5.000000e+00	0.000000e+00	5.000000e+00	
1108	6.000023e-03	5.000000e+00	5.000000e-02	5.000000e+00	
1109	6.000023e-03	5.000000e+00	1.500000e-01	5.000000e+00	
1110	6.000023e-03	5.000000e+00	2.400000e-01	5.000000e+00	
1111	6.000023e-03	5.000000e+00	2.600000e-01	5.000000e+00	
1112	6.000023e-03	5.000000e+00	3.000000e-01	5.000000e+00	
1113	6.000023e-03	5.000000e+00	3.800000e-01	5.000000e+00	
1114	6.000023e-03	5.000000e+00	5.000000e-01	5.000000e+00	
1115	6.000023e-03	5.000000e+00	5.000000e-01	5.000000e+00	
1116	6.000023e-03	5.000000e+00	5.000000e-01	5.000000e+00	
1117	6.000023e-03	5.000000e+00	5.000000e-01	5.000000e+00	
1118	6.000023e-03	5.000000e+00	5.000000e-01	5.000000e+00	
1119	6.000023e-03	5.000000e+00	5.000000e-01	5.000000e+00	
1120	6.000023e-03	5.000000e+00	5.000000e-01	5.000000e+00	
1121	6.000023e-03	5.000000e+00	5.000000e-01	5.000000e+00	
1122	6.000023e-03	5.000000e+00	5.000000e-01	5.000000e+00	
1123	6.000023e-03	5.000000e+00	5.000000e-01	5.000000e+00	
1124	6.000023e-03	5.000000e+00	5.000000e-01	5.000000e+00	
1125	6.000024e-03	5.000000e+00	5.000000e-01	5.000000e+00	
1126	6.000024e-03	5.000000e+00	5.000000e-01	5.000000e+00	
1127	6.000025e-03	5.000000e+00	5.000000e-01	5.000000e+00	
1128	6.000025e-03	5.000000e+00	5.000000e-01	5.000000e+00	
1129	6.000025e-03	5.000000e+00	9.500000e-01	5.000000e+00	
1130	6.000025e-03	5.000000e+00	1.850000e+00	5.000000e+00	
1131	6.000026e-03	5.000000e+00	3.650000e+00	5.000000e+00	
1132	6.000026e-03	5.000000e+00	5.000000e+00	5.000000e+00	
1133	6.000026e-03	5.000000e+00	5.000000e+00	5.000000e+00	
1134	6.000026e-03	5.000000e+00	5.000000e+00	5.000000e+00	
1135	6.000027e-03	5.000000e+00	5.000000e+00	5.000000e+00	
1136	6.000027e-03	5.000000e+00	5.000000e+00	5.000000e+00	
1137	6.000028e-03	5.000000e+00	5.000000e+00	5.000000e+00	
1138	6.000031e-03	5.000000e+00	5.000000e+00	5.000000e+00	
1139	6.000035e-03	5.000000e+00	5.000000e+00	5.000000e+00	
1140	6.000044e-03	5.000000e+00	5.000000e+00	5.000000e+00	
1141	6.000063e-03	5.000000e+00	5.000000e+00	5.000000e+00	
1142	6.000100e-03	5.000000e+00	5.000000e+00	5.000000e+00	
1143	6.000173e-03	5.000000e+00	5.000000e+00	5.000000e+00	
1144	6.000321e-03	5.000000e+00	5.000000e+00	5.000000e+00	
1145	6.000616e-03	5.000000e+00	5.000000e+00	5.000000e+00	
1146	6.001206e-03	5.000000e+00	5.000000e+00	5.000000e+00	
1147	6.002385e-03	5.000000e+00	5.000000e+00	5.000000e+00	
1148	6.004745e-03	5.000000e+00	5.000000e+00	5.000000e+00	
1149	6.009463e-03	5.000000e+00	5.000000e+00	5.000000e+00	
1150	6.018900e-03	5.000000e+00	5.000000e+00	5.000000e+00	
1151	6.028900e-03	5.000000e+00	5.000000e+00	5.000000e+00	
1152	6.038900e-03	5.000000e+00	5.000000e+00	5.000000e+00	
1153	6.048900e-03	5.000000e+00	5.000000e+00	5.000000e+00	
1154	6.058900e-03	5.000000e+00	5.000000e+00	5.000000e+00	
1155	6.068900e-03	5.000000e+00	5.000000e+00	5.000000e+00	
1156	6.078900e-03	5.000000e+00	5.000000e+00	5.000000e+00	

Index   time            V(4)            V(5)            V(6)            
--------------------------------------------------------------------------------
1157	6.088900e-03	5.000000e+00	5.000000e+00	5.000000e+00	
1158	6.098900e-03	5.000000e+00	5.000000e+00	5.000000e+00	
1159	6.108900e-03	5.000000e+00	5.000000e+00	5.000000e+00	
1160	6.118900e-03	5.000000e+00	5.000000e+00	5.000000e+00	
1161	6.128900e-03	5.000000e+00	5.000000e+00	5.000000e+00	
1162	6.138900e-03	5.000000e+00	5.000000e+00	5.000000e+00	
1163	6.148900e-03	5.000000e+00	5.000000e+00	5.000000e+00	
1164	6.158900e-03	5.000000e+00	5.000000e+00	5.000000e+00	
1165	6.168900e-03	5.000000e+00	5.000000e+00	5.000000e+00	
1166	6.178900e-03	5.000000e+00	5.000000e+00	5.000000e+00	
1167	6.188900e-03	5.000000e+00	5.000000e+00	5.000000e+00	
1168	6.198900e-03	5.000000e+00	5.000000e+00	5.000000e+00	
1169	6.208900e-03	5.000000e+00	5.000000e+00	5.000000e+00	
1170	6.218900e-03	5.000000e+00	5.000000e+00	5.000000e+00	
1171	6.228900e-03	5.000000e+00	5.000000e+00	5.000000e+00	
1172	6.238900e-03	5.000000e+00	5.000000e+00	5.000000e+00	
1173	6.248900e-03	5.000000e+00	5.000000e+00	5.000000e+00	
1174	6.258900e-03	5.000000e+00	5.000000e+00	5.000000e+00	
1175	6.268900e-03	5.000000e+00	5.000000e+00	5.000000e+00	
1176	6.278900e-03	5.000000e+00	5.000000e+00	5.000000e+00	
1177	6.288900e-03	5.000000e+00	5.000000e+00	5.000000e+00	
1178	6.298900e-03	5.000000e+00	5.000000e+00	5.000000e+00	
1179	6.308900e-03	5.000000e+00	5.000000e+00	5.000000e+00	
1180	6.318900e-03	5.000000e+00	5.000000e+00	5.000000e+00	
1181	6.328900e-03	5.000000e+00	5.000000e+00	5.000000e+00	
1182	6.338900e-03	5.000000e+00	5.000000e+00	5.000000e+00	
1183	6.348900e-03	5.000000e+00	5.000000e+00	5.000000e+00	
1184	6.358900e-03	5.000000e+00	5.000000e+00	5.000000e+00	
1185	6.368900e-03	5.000000e+00	5.000000e+00	5.000000e+00	
1186	6.378900e-03	5.000000e+00	5.000000e+00	5.000000e+00	
1187	6.388900e-03	5.000000e+00	5.000000e+00	5.000000e+00	
1188	6.398900e-03	5.000000e+00	5.000000e+00	5.000000e+00	
1189	6.408900e-03	5.000000e+00	5.000000e+00	5.000000e+00	
1190	6.418900e-03	5.000000e+00	5.000000e+00	5.000000e+00	
1191	6.428900e-03	5.000000e+00	5.000000e+00	5.000000e+00	
1192	6.438900e-03	5.000000e+00	5.000000e+00	5.000000e+00	
1193	6.448900e-03	5.000000e+00	5.000000e+00	5.000000e+00	
1194	6.458900e-03	5.000000e+00	5.000000e+00	5.000000e+00	
1195	6.468900e-03	5.000000e+00	5.000000e+00	5.000000e+00	
1196	6.478900e-03	5.000000e+00	5.000000e+00	5.000000e+00	
1197	6.488900e-03	5.000000e+00	5.000000e+00	5.000000e+00	
1198	6.498900e-03	5.000000e+00	5.000000e+00	5.000000e+00	
1199	6.508900e-03	5.000000e+00	5.000000e+00	5.000000e+00	
1200	6.518900e-03	5.000000e+00	5.000000e+00	5.000000e+00	
1201	6.528900e-03	5.000000e+00	5.000000e+00	5.000000e+00	
1202	6.538900e-03	5.000000e+00	5.000000e+00	5.000000e+00	
1203	6.548900e-03	5.000000e+00	5.000000e+00	5.000000e+00	
1204	6.558900e-03	5.000000e+00	5.000000e+00	5.000000e+00	
1205	6.568900e-03	5.000000e+00	5.000000e+00	5.000000e+00	
1206	6.578900e-03	5.000000e+00	5.000000e+00	5.000000e+00	
1207	6.588900e-03	5.000000e+00	5.000000e+00	5.000000e+00	
1208	6.598900e-03	5.000000e+00	5.000000e+00	5.000000e+00	
1209	6.608900e-03	5.000000e+00	5.000000e+00	5.000000e+00	
1210	6.618900e-03	5.000000e+00	5.000000e+00	5.000000e+00	
1211	6.628900e-03	5.000000e+00	5.000000e+00	5.000000e+00	
1212	6.638900e-03	5.000000e+00	5.000000e+00	5.000000e+00	
1213	6.648900e-03	5.000000e+00	5.000000e+00	5.000000e+00	
1214	6.658900e-03	5.000000e+00	5.000000e+00	5.000000e+00	

Index   time            V(4)            V(5)            V(6)            
--------------------------------------------------------------------------------
1215	6.668900e-03	5.000000e+00	5.000000e+00	5.000000e+00	
1216	6.678900e-03	5.000000e+00	5.000000e+00	5.000000e+00	
1217	6.688900e-03	5.000000e+00	5.000000e+00	5.000000e+00	
1218	6.698900e-03	5.000000e+00	5.000000e+00	5.000000e+00	
1219	6.708900e-03	5.000000e+00	5.000000e+00	5.000000e+00	
1220	6.718900e-03	5.000000e+00	5.000000e+00	5.000000e+00	
1221	6.728900e-03	5.000000e+00	5.000000e+00	5.000000e+00	
1222	6.738900e-03	5.000000e+00	5.000000e+00	5.000000e+00	
1223	6.748900e-03	5.000000e+00	5.000000e+00	5.000000e+00	
1224	6.758900e-03	5.000000e+00	5.000000e+00	5.000000e+00	
1225	6.768900e-03	5.000000e+00	5.000000e+00	5.000000e+00	
1226	6.778900e-03	5.000000e+00	5.000000e+00	5.000000e+00	
1227	6.788900e-03	5.000000e+00	5.000000e+00	5.000000e+00	
1228	6.798900e-03	5.000000e+00	5.000000e+00	5.000000e+00	
1229	6.808900e-03	5.000000e+00	5.000000e+00	5.000000e+00	
1230	6.818900e-03	5.000000e+00	5.000000e+00	5.000000e+00	
1231	6.828900e-03	5.000000e+00	5.000000e+00	5.000000e+00	
1232	6.838900e-03	5.000000e+00	5.000000e+00	5.000000e+00	
1233	6.848900e-03	5.000000e+00	5.000000e+00	5.000000e+00	
1234	6.858900e-03	5.000000e+00	5.000000e+00	5.000000e+00	
1235	6.868900e-03	5.000000e+00	5.000000e+00	5.000000e+00	
1236	6.878900e-03	5.000000e+00	5.000000e+00	5.000000e+00	
1237	6.888900e-03	5.000000e+00	5.000000e+00	5.000000e+00	
1238	6.898900e-03	5.000000e+00	5.000000e+00	5.000000e+00	
1239	6.908900e-03	5.000000e+00	5.000000e+00	5.000000e+00	
1240	6.918900e-03	5.000000e+00	5.000000e+00	5.000000e+00	
1241	6.928900e-03	5.000000e+00	5.000000e+00	5.000000e+00	
1242	6.938900e-03	5.000000e+00	5.000000e+00	5.000000e+00	
1243	6.948900e-03	5.000000e+00	5.000000e+00	5.000000e+00	
1244	6.958900e-03	5.000000e+00	5.000000e+00	5.000000e+00	
1245	6.968900e-03	5.000000e+00	5.000000e+00	5.000000e+00	
1246	6.978900e-03	5.000000e+00	5.000000e+00	5.000000e+00	
1247	6.988900e-03	5.000000e+00	5.000000e+00	5.000000e+00	
1248	6.998900e-03	5.000000e+00	5.000000e+00	5.000000e+00	
1249	7.000010e-03	5.000000e+00	5.000000e+00	5.000000e+00	
1250	7.000011e-03	5.000000e+00	5.000000e+00	5.000000e+00	
1251	7.000013e-03	5.000000e+00	5.000000e+00	5.000000e+00	
1252	7.000017e-03	5.000000e+00	5.000000e+00	5.000000e+00	
1253	7.000020e-03	5.000000e+00	5.000000e+00	5.000000e+00	
1254	7.000021e-03	5.000000e+00	5.000000e+00	5.000000e+00	
1255	7.000022e-03	5.000000e+00	5.000000e+00	5.000000e+00	
1256	7.000022e-03	5.000000e+00	5.000000e+00	5.000000e+00	
1257	7.000022e-03	5.000000e+00	5.000000e+00	5.000000e+00	
1258	7.000023e-03	5.000000e+00	5.000000e+00	5.000000e+00	
1259	7.000023e-03	5.000000e+00	5.000000e+00	5.000000e+00	
1260	7.000023e-03	5.000000e+00	5.000000e+00	5.000000e+00	
1261	7.000023e-03	5.000000e+00	5.000000e+00	5.000000e+00	
1262	7.000023e-03	5.000000e+00	5.000000e+00	5.000000e+00	
1263	7.000024e-03	5.000000e+00	5.000000e+00	5.000000e+00	
1264	7.000024e-03	5.000000e+00	5.000000e+00	5.000000e+00	
1265	7.000024e-03	5.000000e+00	5.000000e+00	5.000000e+00	
1266	7.000024e-03	5.000000e+00	5.000000e+00	5.000000e+00	
1267	7.000024e-03	5.000000e+00	5.000000e+00	5.000000e+00	
1268	7.000024e-03	5.000000e+00	5.000000e+00	5.000000e+00	
1269	7.000024e-03	5.000000e+00	5.000000e+00	5.000000e+00	
1270	7.000024e-03	5.000000e+00	5.000000e+00	5.000000e+00	
1271	7.000024e-03	5.000000e+00	5.000000e+00	5.000000e+00	
1272	7.000024e-03	5.000000e+00	5.000000e+00	5.000000e+00	

Index   time            V(4)            V(5)            V(6)            
--------------------------------------------------------------------------------
1273	7.000024e-03	5.000000e+00	5.000000e+00	5.000000e+00	
1274	7.000025e-03	5.000000e+00	5.000000e+00	5.000000e+00	
1275	7.000025e-03	5.000000e+00	5.000000e+00	5.000000e+00	
1276	7.000025e-03	5.000000e+00	5.000000e+00	5.000000e+00	
1277	7.000025e-03	5.000000e+00	5.000000e+00	5.000000e+00	
1278	7.000025e-03	5.000000e+00	5.000000e+00	5.000000e+00	
1279	7.000025e-03	5.000000e+00	5.000000e+00	5.000000e+00	
1280	7.000025e-03	5.000000e+00	5.000000e+00	5.000000e+00	
1281	7.000025e-03	5.000000e+00	5.000000e+00	5.000000e+00	
1282	7.000025e-03	5.000000e+00	5.000000e+00	5.000000e+00	
1283	7.000025e-03	5.000000e+00	5.000000e+00	5.000000e+00	
1284	7.000025e-03	5.000000e+00	5.000000e+00	5.000000e+00	
1285	7.000026e-03	5.000000e+00	5.000000e+00	5.000000e+00	
1286	7.000026e-03	5.000000e+00	5.000000e+00	5.000000e+00	
1287	7.000027e-03	5.000000e+00	5.000000e+00	5.000000e+00	
1288	7.000027e-03	5.000000e+00	5.000000e+00	5.000000e+00	
1289	7.000027e-03	5.000000e+00	5.000000e+00	5.000000e+00	
1290	7.000028e-03	5.000000e+00	5.000000e+00	5.000000e+00	
1291	7.000028e-03	5.000000e+00	5.000000e+00	5.000000e+00	
1292	7.000028e-03	5.000000e+00	5.000000e+00	5.000000e+00	
1293	7.000028e-03	5.000000e+00	5.000000e+00	5.000000e+00	
1294	7.000028e-03	5.000000e+00	5.000000e+00	5.000000e+00	
1295	7.000029e-03	5.000000e+00	5.000000e+00	5.000000e+00	
1296	7.000030e-03	5.000000e+00	5.000000e+00	5.000000e+00	
1297	7.000032e-03	5.000000e+00	5.000000e+00	5.000000e+00	
1298	7.000037e-03	5.000000e+00	5.000000e+00	5.000000e+00	
1299	7.000046e-03	5.000000e+00	5.000000e+00	5.000000e+00	
1300	7.000065e-03	5.000000e+00	5.000000e+00	5.000000e+00	
1301	7.000102e-03	5.000000e+00	5.000000e+00	5.000000e+00	
1302	7.000175e-03	5.000000e+00	5.000000e+00	5.000000e+00	
1303	7.000323e-03	5.000000e+00	5.000000e+00	5.000000e+00	
1304	7.000618e-03	5.000000e+00	5.000000e+00	5.000000e+00	
1305	7.001207e-03	5.000000e+00	5.000000e+00	5.000000e+00	
1306	7.002387e-03	5.000000e+00	5.000000e+00	5.000000e+00	
1307	7.004746e-03	5.000000e+00	5.000000e+00	5.000000e+00	
1308	7.009465e-03	5.000000e+00	5.000000e+00	5.000000e+00	
1309	7.018902e-03	5.000000e+00	5.000000e+00	5.000000e+00	
1310	7.028902e-03	5.000000e+00	5.000000e+00	5.000000e+00	
1311	7.038902e-03	5.000000e+00	5.000000e+00	5.000000e+00	
1312	7.048902e-03	5.000000e+00	5.000000e+00	5.000000e+00	
1313	7.058902e-03	5.000000e+00	5.000000e+00	5.000000e+00	
1314	7.068902e-03	5.000000e+00	5.000000e+00	5.000000e+00	
1315	7.078902e-03	5.000000e+00	5.000000e+00	5.000000e+00	
1316	7.088902e-03	5.000000e+00	5.000000e+00	5.000000e+00	
1317	7.098902e-03	5.000000e+00	5.000000e+00	5.000000e+00	
1318	7.108902e-03	5.000000e+00	5.000000e+00	5.000000e+00	
1319	7.118902e-03	5.000000e+00	5.000000e+00	5.000000e+00	
1320	7.128902e-03	5.000000e+00	5.000000e+00	5.000000e+00	
1321	7.138902e-03	5.000000e+00	5.000000e+00	5.000000e+00	
1322	7.148902e-03	5.000000e+00	5.000000e+00	5.000000e+00	
1323	7.158902e-03	5.000000e+00	5.000000e+00	5.000000e+00	
1324	7.168902e-03	5.000000e+00	5.000000e+00	5.000000e+00	
1325	7.178902e-03	5.000000e+00	5.000000e+00	5.000000e+00	
1326	7.188902e-03	5.000000e+00	5.000000e+00	5.000000e+00	
1327	7.198902e-03	5.000000e+00	5.000000e+00	5.000000e+00	
1328	7.208902e-03	5.000000e+00	5.000000e+00	5.000000e+00	
1329	7.218902e-03	5.000000e+00	5.000000e+00	5.000000e+00	
1330	7.228902e-03	5.000000e+00	5.000000e+00	5.000000e+00	

Index   time            V(4)            V(5)            V(6)            
--------------------------------------------------------------------------------
1331	7.238902e-03	5.000000e+00	5.000000e+00	5.000000e+00	
1332	7.248902e-03	5.000000e+00	5.000000e+00	5.000000e+00	
1333	7.258902e-03	5.000000e+00	5.000000e+00	5.000000e+00	
1334	7.268902e-03	5.000000e+00	5.000000e+00	5.000000e+00	
1335	7.278902e-03	5.000000e+00	5.000000e+00	5.000000e+00	
1336	7.288902e-03	5.000000e+00	5.000000e+00	5.000000e+00	
1337	7.298902e-03	5.000000e+00	5.000000e+00	5.000000e+00	
1338	7.308902e-03	5.000000e+00	5.000000e+00	5.000000e+00	
1339	7.318902e-03	5.000000e+00	5.000000e+00	5.000000e+00	
1340	7.328902e-03	5.000000e+00	5.000000e+00	5.000000e+00	
1341	7.338902e-03	5.000000e+00	5.000000e+00	5.000000e+00	
1342	7.348902e-03	5.000000e+00	5.000000e+00	5.000000e+00	
1343	7.358902e-03	5.000000e+00	5.000000e+00	5.000000e+00	
1344	7.368902e-03	5.000000e+00	5.000000e+00	5.000000e+00	
1345	7.378902e-03	5.000000e+00	5.000000e+00	5.000000e+00	
1346	7.388902e-03	5.000000e+00	5.000000e+00	5.000000e+00	
1347	7.398902e-03	5.000000e+00	5.000000e+00	5.000000e+00	
1348	7.408902e-03	5.000000e+00	5.000000e+00	5.000000e+00	
1349	7.418902e-03	5.000000e+00	5.000000e+00	5.000000e+00	
1350	7.428902e-03	5.000000e+00	5.000000e+00	5.000000e+00	
1351	7.438902e-03	5.000000e+00	5.000000e+00	5.000000e+00	
1352	7.448902e-03	5.000000e+00	5.000000e+00	5.000000e+00	
1353	7.458902e-03	5.000000e+00	5.000000e+00	5.000000e+00	
1354	7.468902e-03	5.000000e+00	5.000000e+00	5.000000e+00	
1355	7.478902e-03	5.000000e+00	5.000000e+00	5.000000e+00	
1356	7.488902e-03	5.000000e+00	5.000000e+00	5.000000e+00	
1357	7.498902e-03	5.000000e+00	5.000000e+00	5.000000e+00	
1358	7.508902e-03	5.000000e+00	5.000000e+00	5.000000e+00	
1359	7.518902e-03	5.000000e+00	5.000000e+00	5.000000e+00	
1360	7.528902e-03	5.000000e+00	5.000000e+00	5.000000e+00	
1361	7.538902e-03	5.000000e+00	5.000000e+00	5.000000e+00	
1362	7.548902e-03	5.000000e+00	5.000000e+00	5.000000e+00	
1363	7.558902e-03	5.000000e+00	5.000000e+00	5.000000e+00	
1364	7.568902e-03	5.000000e+00	5.000000e+00	5.000000e+00	
1365	7.578902e-03	5.000000e+00	5.000000e+00	5.000000e+00	
1366	7.588902e-03	5.000000e+00	5.000000e+00	5.000000e+00	
1367	7.598902e-03	5.000000e+00	5.000000e+00	5.000000e+00	
1368	7.608902e-03	5.000000e+00	5.000000e+00	5.000000e+00	
1369	7.618902e-03	5.000000e+00	5.000000e+00	5.000000e+00	
1370	7.628902e-03	5.000000e+00	5.000000e+00	5.000000e+00	
1371	7.638902e-03	5.000000e+00	5.000000e+00	5.000000e+00	
1372	7.648902e-03	5.000000e+00	5.000000e+00	5.000000e+00	
1373	7.658902e-03	5.000000e+00	5.000000e+00	5.000000e+00	
1374	7.668902e-03	5.000000e+00	5.000000e+00	5.000000e+00	
1375	7.678902e-03	5.000000e+00	5.000000e+00	5.000000e+00	
1376	7.688902e-03	5.000000e+00	5.000000e+00	5.000000e+00	
1377	7.698902e-03	5.000000e+00	5.000000e+00	5.000000e+00	
1378	7.708902e-03	5.000000e+00	5.000000e+00	5.000000e+00	
1379	7.718902e-03	5.000000e+00	5.000000e+00	5.000000e+00	
1380	7.728902e-03	5.000000e+00	5.000000e+00	5.000000e+00	
1381	7.738902e-03	5.000000e+00	5.000000e+00	5.000000e+00	
1382	7.748902e-03	5.000000e+00	5.000000e+00	5.000000e+00	
1383	7.758902e-03	5.000000e+00	5.000000e+00	5.000000e+00	
1384	7.768902e-03	5.000000e+00	5.000000e+00	5.000000e+00	
1385	7.778902e-03	5.000000e+00	5.000000e+00	5.000000e+00	
1386	7.788902e-03	5.000000e+00	5.000000e+00	5.000000e+00	
1387	7.798902e-03	5.000000e+00	5.000000e+00	5.000000e+00	
1388	7.808902e-03	5.000000e+00	5.000000e+00	5.000000e+00	

Index   time            V(4)            V(5)            V(6)            
--------------------------------------------------------------------------------
1389	7.818902e-03	5.000000e+00	5.000000e+00	5.000000e+00	
1390	7.828902e-03	5.000000e+00	5.000000e+00	5.000000e+00	
1391	7.838902e-03	5.000000e+00	5.000000e+00	5.000000e+00	
1392	7.848902e-03	5.000000e+00	5.000000e+00	5.000000e+00	
1393	7.858902e-03	5.000000e+00	5.000000e+00	5.000000e+00	
1394	7.868902e-03	5.000000e+00	5.000000e+00	5.000000e+00	
1395	7.878902e-03	5.000000e+00	5.000000e+00	5.000000e+00	
1396	7.888902e-03	5.000000e+00	5.000000e+00	5.000000e+00	
1397	7.898902e-03	5.000000e+00	5.000000e+00	5.000000e+00	
1398	7.908902e-03	5.000000e+00	5.000000e+00	5.000000e+00	
1399	7.918902e-03	5.000000e+00	5.000000e+00	5.000000e+00	
1400	7.928902e-03	5.000000e+00	5.000000e+00	5.000000e+00	
1401	7.938902e-03	5.000000e+00	5.000000e+00	5.000000e+00	
1402	7.948902e-03	5.000000e+00	5.000000e+00	5.000000e+00	
1403	7.958902e-03	5.000000e+00	5.000000e+00	5.000000e+00	
1404	7.968902e-03	5.000000e+00	5.000000e+00	5.000000e+00	
1405	7.978902e-03	5.000000e+00	5.000000e+00	5.000000e+00	
1406	7.988902e-03	5.000000e+00	5.000000e+00	5.000000e+00	
1407	7.998902e-03	5.000000e+00	5.000000e+00	5.000000e+00	
1408	8.000000e-03	5.000000e+00	5.000000e+00	5.000000e+00	

                                kicad schematic
                                Transient Analysis  Thu Nov 06 13:44:55  2025
--------------------------------------------------------------------------------
Index   time            V(7)            V(8)            V(9)            
--------------------------------------------------------------------------------
0	0.000000e+00	5.000000e+00	5.000000e+00	5.000000e+00	
1	1.000000e-10	5.000000e+00	5.000000e+00	5.000000e+00	
2	2.000000e-10	5.000000e+00	5.000000e+00	5.000000e+00	
3	4.000000e-10	5.000000e+00	5.000000e+00	5.000000e+00	
4	8.000000e-10	5.000000e+00	5.000000e+00	5.000000e+00	
5	1.600000e-09	5.000000e+00	5.000000e+00	5.000000e+00	
6	3.200000e-09	5.000000e+00	5.000000e+00	5.000000e+00	
7	6.400000e-09	5.000000e+00	5.000000e+00	5.000000e+00	
8	8.200000e-09	5.000000e+00	5.000000e+00	5.000000e+00	
9	8.210000e-09	5.000000e+00	5.000000e+00	5.000000e+00	
10	8.230000e-09	5.000000e+00	5.000000e+00	5.000000e+00	
11	8.270000e-09	5.000000e+00	5.000000e+00	5.000000e+00	
12	8.300000e-09	5.000000e+00	5.000000e+00	5.000000e+00	
13	8.308000e-09	5.000000e+00	5.000000e+00	5.000000e+00	
14	8.324000e-09	5.000000e+00	5.000000e+00	5.000000e+00	
15	8.356000e-09	5.000000e+00	5.000000e+00	5.000000e+00	
16	8.420000e-09	5.000000e+00	5.000000e+00	5.000000e+00	
17	8.548000e-09	5.000000e+00	5.000000e+00	5.000000e+00	
18	8.804000e-09	5.000000e+00	5.000000e+00	5.000000e+00	
19	9.316000e-09	5.000000e+00	5.000000e+00	5.000000e+00	
20	1.000000e-08	5.000000e+00	5.000000e+00	5.000000e+00	
21	1.010240e-08	5.000000e+00	5.000000e+00	5.000000e+00	
22	1.020000e-08	5.000000e+00	5.000000e+00	5.000000e+00	
23	1.022048e-08	5.000000e+00	5.000000e+00	5.000000e+00	
24	1.026144e-08	5.000000e+00	5.000000e+00	5.000000e+00	
25	1.034336e-08	5.000000e+00	5.000000e+00	5.000000e+00	
26	1.050720e-08	5.000000e+00	5.000000e+00	5.000000e+00	
27	1.083488e-08	5.000000e+00	5.000000e+00	5.000000e+00	
28	1.110000e-08	5.000000e+00	5.000000e+00	5.000000e+00	
29	1.116554e-08	5.000000e+00	5.000000e+00	5.000000e+00	
30	1.129661e-08	5.000000e+00	5.000000e+00	5.000000e+00	
31	1.140000e-08	5.000000e+00	5.000000e+00	5.000000e+00	
32	1.142621e-08	5.000000e+00	5.000000e+00	4.868928e+00	
33	1.147864e-08	5.000000e+00	5.000000e+00	4.606784e+00	
34	1.158350e-08	5.000000e+00	5.000000e+00	4.082496e+00	
35	1.179322e-08	5.000000e+00	5.000000e+00	3.033920e+00	
36	1.221265e-08	5.000000e+00	5.000000e+00	9.367680e-01	
37	1.230000e-08	5.000000e+00	5.000000e+00	5.000000e-01	
38	1.238389e-08	5.000000e+00	5.000000e+00	5.000000e-01	
39	1.255166e-08	5.000000e+00	5.000000e+00	5.000000e-01	
40	1.288720e-08	5.000000e+00	5.000000e+00	5.000000e-01	
41	1.340000e-08	5.000000e+00	5.000000e+00	5.000000e-01	
42	1.341000e-08	5.000000e+00	5.000000e+00	4.500000e-01	
43	1.343000e-08	5.000000e+00	5.000000e+00	3.500000e-01	
44	1.347000e-08	5.000000e+00	5.000000e+00	1.500000e-01	
45	1.350000e-08	5.000000e+00	5.000000e+00	0.000000e+00	
46	1.350800e-08	5.000000e+00	5.000000e+00	0.000000e+00	
47	1.352400e-08	5.000000e+00	5.000000e+00	0.000000e+00	
48	1.355600e-08	5.000000e+00	5.000000e+00	0.000000e+00	
49	1.362000e-08	5.000000e+00	5.000000e+00	0.000000e+00	
50	1.374800e-08	5.000000e+00	5.000000e+00	0.000000e+00	
51	1.400400e-08	5.000000e+00	5.000000e+00	0.000000e+00	
52	1.451600e-08	5.000000e+00	5.000000e+00	0.000000e+00	
53	1.554000e-08	5.000000e+00	5.000000e+00	0.000000e+00	
54	1.758800e-08	5.000000e+00	5.000000e+00	0.000000e+00	

Index   time            V(7)            V(8)            V(9)            
--------------------------------------------------------------------------------
55	2.168400e-08	5.000000e+00	5.000000e+00	0.000000e+00	
56	2.987600e-08	5.000000e+00	5.000000e+00	0.000000e+00	
57	4.626000e-08	5.000000e+00	5.000000e+00	0.000000e+00	
58	7.902800e-08	5.000000e+00	5.000000e+00	0.000000e+00	
59	1.445640e-07	5.000000e+00	5.000000e+00	0.000000e+00	
60	2.756360e-07	5.000000e+00	5.000000e+00	0.000000e+00	
61	5.377800e-07	5.000000e+00	5.000000e+00	0.000000e+00	
62	1.062068e-06	5.000000e+00	5.000000e+00	0.000000e+00	
63	2.110644e-06	5.000000e+00	5.000000e+00	0.000000e+00	
64	4.207796e-06	5.000000e+00	5.000000e+00	0.000000e+00	
65	8.402100e-06	5.000000e+00	5.000000e+00	0.000000e+00	
66	1.679071e-05	5.000000e+00	5.000000e+00	0.000000e+00	
67	2.679071e-05	5.000000e+00	5.000000e+00	0.000000e+00	
68	3.679071e-05	5.000000e+00	5.000000e+00	0.000000e+00	
69	4.679071e-05	5.000000e+00	5.000000e+00	0.000000e+00	
70	5.679071e-05	5.000000e+00	5.000000e+00	0.000000e+00	
71	6.679071e-05	5.000000e+00	5.000000e+00	0.000000e+00	
72	7.679071e-05	5.000000e+00	5.000000e+00	0.000000e+00	
73	8.679071e-05	5.000000e+00	5.000000e+00	0.000000e+00	
74	9.679071e-05	5.000000e+00	5.000000e+00	0.000000e+00	
75	1.067907e-04	5.000000e+00	5.000000e+00	0.000000e+00	
76	1.167907e-04	5.000000e+00	5.000000e+00	0.000000e+00	
77	1.267907e-04	5.000000e+00	5.000000e+00	0.000000e+00	
78	1.367907e-04	5.000000e+00	5.000000e+00	0.000000e+00	
79	1.467907e-04	5.000000e+00	5.000000e+00	0.000000e+00	
80	1.567907e-04	5.000000e+00	5.000000e+00	0.000000e+00	
81	1.667907e-04	5.000000e+00	5.000000e+00	0.000000e+00	
82	1.767907e-04	5.000000e+00	5.000000e+00	0.000000e+00	
83	1.867907e-04	5.000000e+00	5.000000e+00	0.000000e+00	
84	1.967907e-04	5.000000e+00	5.000000e+00	0.000000e+00	
85	2.067907e-04	5.000000e+00	5.000000e+00	0.000000e+00	
86	2.167907e-04	5.000000e+00	5.000000e+00	0.000000e+00	
87	2.267907e-04	5.000000e+00	5.000000e+00	0.000000e+00	
88	2.367907e-04	5.000000e+00	5.000000e+00	0.000000e+00	
89	2.467907e-04	5.000000e+00	5.000000e+00	0.000000e+00	
90	2.567907e-04	5.000000e+00	5.000000e+00	0.000000e+00	
91	2.667907e-04	5.000000e+00	5.000000e+00	0.000000e+00	
92	2.767907e-04	5.000000e+00	5.000000e+00	0.000000e+00	
93	2.867907e-04	5.000000e+00	5.000000e+00	0.000000e+00	
94	2.967907e-04	5.000000e+00	5.000000e+00	0.000000e+00	
95	3.067907e-04	5.000000e+00	5.000000e+00	0.000000e+00	
96	3.167907e-04	5.000000e+00	5.000000e+00	0.000000e+00	
97	3.267907e-04	5.000000e+00	5.000000e+00	0.000000e+00	
98	3.367907e-04	5.000000e+00	5.000000e+00	0.000000e+00	
99	3.467907e-04	5.000000e+00	5.000000e+00	0.000000e+00	
100	3.567907e-04	5.000000e+00	5.000000e+00	0.000000e+00	
101	3.667907e-04	5.000000e+00	5.000000e+00	0.000000e+00	
102	3.767907e-04	5.000000e+00	5.000000e+00	0.000000e+00	
103	3.867907e-04	5.000000e+00	5.000000e+00	0.000000e+00	
104	3.967907e-04	5.000000e+00	5.000000e+00	0.000000e+00	
105	4.067907e-04	5.000000e+00	5.000000e+00	0.000000e+00	
106	4.167907e-04	5.000000e+00	5.000000e+00	0.000000e+00	
107	4.267907e-04	5.000000e+00	5.000000e+00	0.000000e+00	
108	4.367907e-04	5.000000e+00	5.000000e+00	0.000000e+00	
109	4.467907e-04	5.000000e+00	5.000000e+00	0.000000e+00	
110	4.567907e-04	5.000000e+00	5.000000e+00	0.000000e+00	
111	4.667907e-04	5.000000e+00	5.000000e+00	0.000000e+00	
112	4.767907e-04	5.000000e+00	5.000000e+00	0.000000e+00	

Index   time            V(7)            V(8)            V(9)            
--------------------------------------------------------------------------------
113	4.867907e-04	5.000000e+00	5.000000e+00	0.000000e+00	
114	4.967907e-04	5.000000e+00	5.000000e+00	0.000000e+00	
115	5.067907e-04	5.000000e+00	5.000000e+00	0.000000e+00	
116	5.167907e-04	5.000000e+00	5.000000e+00	0.000000e+00	
117	5.267907e-04	5.000000e+00	5.000000e+00	0.000000e+00	
118	5.367907e-04	5.000000e+00	5.000000e+00	0.000000e+00	
119	5.467907e-04	5.000000e+00	5.000000e+00	0.000000e+00	
120	5.567907e-04	5.000000e+00	5.000000e+00	0.000000e+00	
121	5.667907e-04	5.000000e+00	5.000000e+00	0.000000e+00	
122	5.767907e-04	5.000000e+00	5.000000e+00	0.000000e+00	
123	5.867907e-04	5.000000e+00	5.000000e+00	0.000000e+00	
124	5.967907e-04	5.000000e+00	5.000000e+00	0.000000e+00	
125	6.067907e-04	5.000000e+00	5.000000e+00	0.000000e+00	
126	6.167907e-04	5.000000e+00	5.000000e+00	0.000000e+00	
127	6.267907e-04	5.000000e+00	5.000000e+00	0.000000e+00	
128	6.367907e-04	5.000000e+00	5.000000e+00	0.000000e+00	
129	6.467907e-04	5.000000e+00	5.000000e+00	0.000000e+00	
130	6.567907e-04	5.000000e+00	5.000000e+00	0.000000e+00	
131	6.667907e-04	5.000000e+00	5.000000e+00	0.000000e+00	
132	6.767907e-04	5.000000e+00	5.000000e+00	0.000000e+00	
133	6.867907e-04	5.000000e+00	5.000000e+00	0.000000e+00	
134	6.967907e-04	5.000000e+00	5.000000e+00	0.000000e+00	
135	7.067907e-04	5.000000e+00	5.000000e+00	0.000000e+00	
136	7.167907e-04	5.000000e+00	5.000000e+00	0.000000e+00	
137	7.267907e-04	5.000000e+00	5.000000e+00	0.000000e+00	
138	7.367907e-04	5.000000e+00	5.000000e+00	0.000000e+00	
139	7.467907e-04	5.000000e+00	5.000000e+00	0.000000e+00	
140	7.567907e-04	5.000000e+00	5.000000e+00	0.000000e+00	
141	7.667907e-04	5.000000e+00	5.000000e+00	0.000000e+00	
142	7.767907e-04	5.000000e+00	5.000000e+00	0.000000e+00	
143	7.867907e-04	5.000000e+00	5.000000e+00	0.000000e+00	
144	7.967907e-04	5.000000e+00	5.000000e+00	0.000000e+00	
145	8.067907e-04	5.000000e+00	5.000000e+00	0.000000e+00	
146	8.167907e-04	5.000000e+00	5.000000e+00	0.000000e+00	
147	8.267907e-04	5.000000e+00	5.000000e+00	0.000000e+00	
148	8.367907e-04	5.000000e+00	5.000000e+00	0.000000e+00	
149	8.467907e-04	5.000000e+00	5.000000e+00	0.000000e+00	
150	8.567907e-04	5.000000e+00	5.000000e+00	0.000000e+00	
151	8.667907e-04	5.000000e+00	5.000000e+00	0.000000e+00	
152	8.767907e-04	5.000000e+00	5.000000e+00	0.000000e+00	
153	8.867907e-04	5.000000e+00	5.000000e+00	0.000000e+00	
154	8.967907e-04	5.000000e+00	5.000000e+00	0.000000e+00	
155	9.067907e-04	5.000000e+00	5.000000e+00	0.000000e+00	
156	9.167907e-04	5.000000e+00	5.000000e+00	0.000000e+00	
157	9.267907e-04	5.000000e+00	5.000000e+00	0.000000e+00	
158	9.367907e-04	5.000000e+00	5.000000e+00	0.000000e+00	
159	9.467907e-04	5.000000e+00	5.000000e+00	0.000000e+00	
160	9.567907e-04	5.000000e+00	5.000000e+00	0.000000e+00	
161	9.667907e-04	5.000000e+00	5.000000e+00	0.000000e+00	
162	9.767907e-04	5.000000e+00	5.000000e+00	0.000000e+00	
163	9.867907e-04	5.000000e+00	5.000000e+00	0.000000e+00	
164	9.967907e-04	5.000000e+00	5.000000e+00	0.000000e+00	
165	1.000010e-03	5.000000e+00	5.000000e+00	0.000000e+00	
166	1.000011e-03	5.000000e+00	5.000000e+00	0.000000e+00	
167	1.000013e-03	5.000000e+00	5.000000e+00	0.000000e+00	
168	1.000017e-03	5.000000e+00	5.000000e+00	0.000000e+00	
169	1.000020e-03	5.000000e+00	5.000000e+00	0.000000e+00	
170	1.000021e-03	5.000000e+00	5.000000e+00	0.000000e+00	

Index   time            V(7)            V(8)            V(9)            
--------------------------------------------------------------------------------
171	1.000022e-03	5.000000e+00	5.000000e+00	0.000000e+00	
172	1.000022e-03	5.000000e+00	4.550000e+00	0.000000e+00	
173	1.000022e-03	5.000000e+00	3.650000e+00	0.000000e+00	
174	1.000023e-03	5.000000e+00	1.850000e+00	0.000000e+00	
175	1.000023e-03	5.000000e+00	5.000000e-01	0.000000e+00	
176	1.000023e-03	5.000000e+00	5.000000e-01	0.000000e+00	
177	1.000023e-03	5.000000e+00	5.000000e-01	0.000000e+00	
178	1.000023e-03	5.000000e+00	5.000000e-01	0.000000e+00	
179	1.000024e-03	5.000000e+00	5.000000e-01	0.000000e+00	
180	1.000024e-03	5.000000e+00	5.000000e-01	0.000000e+00	
181	1.000024e-03	5.000000e+00	5.000000e-01	5.000000e-02	
182	1.000024e-03	5.000000e+00	5.000000e-01	1.500000e-01	
183	1.000024e-03	5.000000e+00	5.000000e-01	3.500000e-01	
184	1.000024e-03	5.000000e+00	5.000000e-01	5.000000e-01	
185	1.000024e-03	5.000000e+00	5.000000e-01	5.000000e-01	
186	1.000024e-03	5.000000e+00	5.000000e-01	5.000000e-01	
187	1.000024e-03	5.000000e+00	5.000000e-01	5.000000e-01	
188	1.000024e-03	5.000000e+00	5.000000e-01	5.000000e-01	
189	1.000024e-03	5.000000e+00	5.000000e-01	5.000000e-01	
190	1.000025e-03	5.000000e+00	5.000000e-01	5.000000e-01	
191	1.000025e-03	5.000000e+00	5.000000e-01	5.000000e-01	
192	1.000025e-03	5.000000e+00	4.500000e-01	5.000000e-01	
193	1.000025e-03	5.000000e+00	3.500000e-01	5.000000e-01	
194	1.000025e-03	5.000000e+00	1.500000e-01	5.000000e-01	
195	1.000025e-03	5.000000e+00	0.000000e+00	5.000000e-01	
196	1.000025e-03	5.000000e+00	0.000000e+00	5.000000e-01	
197	1.000025e-03	5.000000e+00	0.000000e+00	5.000000e-01	
198	1.000025e-03	5.000000e+00	0.000000e+00	5.000000e-01	
199	1.000025e-03	5.000000e+00	0.000000e+00	5.000000e-01	
200	1.000025e-03	5.000000e+00	0.000000e+00	5.000000e-01	
201	1.000026e-03	5.000000e+00	0.000000e+00	5.000000e-01	
202	1.000026e-03	5.000000e+00	0.000000e+00	5.000000e-01	
203	1.000027e-03	5.000000e+00	0.000000e+00	5.000000e-01	
204	1.000027e-03	5.000000e+00	0.000000e+00	9.500000e-01	
205	1.000027e-03	5.000000e+00	0.000000e+00	1.850000e+00	
206	1.000028e-03	5.000000e+00	0.000000e+00	3.650000e+00	
207	1.000028e-03	5.000000e+00	0.000000e+00	5.000000e+00	
208	1.000028e-03	5.000000e+00	0.000000e+00	5.000000e+00	
209	1.000028e-03	5.000000e+00	0.000000e+00	5.000000e+00	
210	1.000028e-03	5.000000e+00	0.000000e+00	5.000000e+00	
211	1.000029e-03	5.000000e+00	0.000000e+00	5.000000e+00	
212	1.000030e-03	5.000000e+00	0.000000e+00	5.000000e+00	
213	1.000032e-03	5.000000e+00	0.000000e+00	5.000000e+00	
214	1.000037e-03	5.000000e+00	0.000000e+00	5.000000e+00	
215	1.000046e-03	5.000000e+00	0.000000e+00	5.000000e+00	
216	1.000065e-03	5.000000e+00	0.000000e+00	5.000000e+00	
217	1.000102e-03	5.000000e+00	0.000000e+00	5.000000e+00	
218	1.000175e-03	5.000000e+00	0.000000e+00	5.000000e+00	
219	1.000323e-03	5.000000e+00	0.000000e+00	5.000000e+00	
220	1.000618e-03	5.000000e+00	0.000000e+00	5.000000e+00	
221	1.001207e-03	5.000000e+00	0.000000e+00	5.000000e+00	
222	1.002387e-03	5.000000e+00	0.000000e+00	5.000000e+00	
223	1.004746e-03	5.000000e+00	0.000000e+00	5.000000e+00	
224	1.009465e-03	5.000000e+00	0.000000e+00	5.000000e+00	
225	1.018902e-03	5.000000e+00	0.000000e+00	5.000000e+00	
226	1.028902e-03	5.000000e+00	0.000000e+00	5.000000e+00	
227	1.038902e-03	5.000000e+00	0.000000e+00	5.000000e+00	
228	1.048902e-03	5.000000e+00	0.000000e+00	5.000000e+00	

Index   time            V(7)            V(8)            V(9)            
--------------------------------------------------------------------------------
229	1.058902e-03	5.000000e+00	0.000000e+00	5.000000e+00	
230	1.068902e-03	5.000000e+00	0.000000e+00	5.000000e+00	
231	1.078902e-03	5.000000e+00	0.000000e+00	5.000000e+00	
232	1.088902e-03	5.000000e+00	0.000000e+00	5.000000e+00	
233	1.098902e-03	5.000000e+00	0.000000e+00	5.000000e+00	
234	1.108902e-03	5.000000e+00	0.000000e+00	5.000000e+00	
235	1.118902e-03	5.000000e+00	0.000000e+00	5.000000e+00	
236	1.128902e-03	5.000000e+00	0.000000e+00	5.000000e+00	
237	1.138902e-03	5.000000e+00	0.000000e+00	5.000000e+00	
238	1.148902e-03	5.000000e+00	0.000000e+00	5.000000e+00	
239	1.158902e-03	5.000000e+00	0.000000e+00	5.000000e+00	
240	1.168902e-03	5.000000e+00	0.000000e+00	5.000000e+00	
241	1.178902e-03	5.000000e+00	0.000000e+00	5.000000e+00	
242	1.188902e-03	5.000000e+00	0.000000e+00	5.000000e+00	
243	1.198902e-03	5.000000e+00	0.000000e+00	5.000000e+00	
244	1.208902e-03	5.000000e+00	0.000000e+00	5.000000e+00	
245	1.218902e-03	5.000000e+00	0.000000e+00	5.000000e+00	
246	1.228902e-03	5.000000e+00	0.000000e+00	5.000000e+00	
247	1.238902e-03	5.000000e+00	0.000000e+00	5.000000e+00	
248	1.248902e-03	5.000000e+00	0.000000e+00	5.000000e+00	
249	1.258902e-03	5.000000e+00	0.000000e+00	5.000000e+00	
250	1.268902e-03	5.000000e+00	0.000000e+00	5.000000e+00	
251	1.278902e-03	5.000000e+00	0.000000e+00	5.000000e+00	
252	1.288902e-03	5.000000e+00	0.000000e+00	5.000000e+00	
253	1.298902e-03	5.000000e+00	0.000000e+00	5.000000e+00	
254	1.308902e-03	5.000000e+00	0.000000e+00	5.000000e+00	
255	1.318902e-03	5.000000e+00	0.000000e+00	5.000000e+00	
256	1.328902e-03	5.000000e+00	0.000000e+00	5.000000e+00	
257	1.338902e-03	5.000000e+00	0.000000e+00	5.000000e+00	
258	1.348902e-03	5.000000e+00	0.000000e+00	5.000000e+00	
259	1.358902e-03	5.000000e+00	0.000000e+00	5.000000e+00	
260	1.368902e-03	5.000000e+00	0.000000e+00	5.000000e+00	
261	1.378902e-03	5.000000e+00	0.000000e+00	5.000000e+00	
262	1.388902e-03	5.000000e+00	0.000000e+00	5.000000e+00	
263	1.398902e-03	5.000000e+00	0.000000e+00	5.000000e+00	
264	1.408902e-03	5.000000e+00	0.000000e+00	5.000000e+00	
265	1.418902e-03	5.000000e+00	0.000000e+00	5.000000e+00	
266	1.428902e-03	5.000000e+00	0.000000e+00	5.000000e+00	
267	1.438902e-03	5.000000e+00	0.000000e+00	5.000000e+00	
268	1.448902e-03	5.000000e+00	0.000000e+00	5.000000e+00	
269	1.458902e-03	5.000000e+00	0.000000e+00	5.000000e+00	
270	1.468902e-03	5.000000e+00	0.000000e+00	5.000000e+00	
271	1.478902e-03	5.000000e+00	0.000000e+00	5.000000e+00	
272	1.488902e-03	5.000000e+00	0.000000e+00	5.000000e+00	
273	1.498902e-03	5.000000e+00	0.000000e+00	5.000000e+00	
274	1.508902e-03	5.000000e+00	0.000000e+00	5.000000e+00	
275	1.518902e-03	5.000000e+00	0.000000e+00	5.000000e+00	
276	1.528902e-03	5.000000e+00	0.000000e+00	5.000000e+00	
277	1.538902e-03	5.000000e+00	0.000000e+00	5.000000e+00	
278	1.548902e-03	5.000000e+00	0.000000e+00	5.000000e+00	
279	1.558902e-03	5.000000e+00	0.000000e+00	5.000000e+00	
280	1.568902e-03	5.000000e+00	0.000000e+00	5.000000e+00	
281	1.578902e-03	5.000000e+00	0.000000e+00	5.000000e+00	
282	1.588902e-03	5.000000e+00	0.000000e+00	5.000000e+00	
283	1.598902e-03	5.000000e+00	0.000000e+00	5.000000e+00	
284	1.608902e-03	5.000000e+00	0.000000e+00	5.000000e+00	
285	1.618902e-03	5.000000e+00	0.000000e+00	5.000000e+00	
286	1.628902e-03	5.000000e+00	0.000000e+00	5.000000e+00	

Index   time            V(7)            V(8)            V(9)            
--------------------------------------------------------------------------------
287	1.638902e-03	5.000000e+00	0.000000e+00	5.000000e+00	
288	1.648902e-03	5.000000e+00	0.000000e+00	5.000000e+00	
289	1.658902e-03	5.000000e+00	0.000000e+00	5.000000e+00	
290	1.668902e-03	5.000000e+00	0.000000e+00	5.000000e+00	
291	1.678902e-03	5.000000e+00	0.000000e+00	5.000000e+00	
292	1.688902e-03	5.000000e+00	0.000000e+00	5.000000e+00	
293	1.698902e-03	5.000000e+00	0.000000e+00	5.000000e+00	
294	1.708902e-03	5.000000e+00	0.000000e+00	5.000000e+00	
295	1.718902e-03	5.000000e+00	0.000000e+00	5.000000e+00	
296	1.728902e-03	5.000000e+00	0.000000e+00	5.000000e+00	
297	1.738902e-03	5.000000e+00	0.000000e+00	5.000000e+00	
298	1.748902e-03	5.000000e+00	0.000000e+00	5.000000e+00	
299	1.758902e-03	5.000000e+00	0.000000e+00	5.000000e+00	
300	1.768902e-03	5.000000e+00	0.000000e+00	5.000000e+00	
301	1.778902e-03	5.000000e+00	0.000000e+00	5.000000e+00	
302	1.788902e-03	5.000000e+00	0.000000e+00	5.000000e+00	
303	1.798902e-03	5.000000e+00	0.000000e+00	5.000000e+00	
304	1.808902e-03	5.000000e+00	0.000000e+00	5.000000e+00	
305	1.818902e-03	5.000000e+00	0.000000e+00	5.000000e+00	
306	1.828902e-03	5.000000e+00	0.000000e+00	5.000000e+00	
307	1.838902e-03	5.000000e+00	0.000000e+00	5.000000e+00	
308	1.848902e-03	5.000000e+00	0.000000e+00	5.000000e+00	
309	1.858902e-03	5.000000e+00	0.000000e+00	5.000000e+00	
310	1.868902e-03	5.000000e+00	0.000000e+00	5.000000e+00	
311	1.878902e-03	5.000000e+00	0.000000e+00	5.000000e+00	
312	1.888902e-03	5.000000e+00	0.000000e+00	5.000000e+00	
313	1.898902e-03	5.000000e+00	0.000000e+00	5.000000e+00	
314	1.908902e-03	5.000000e+00	0.000000e+00	5.000000e+00	
315	1.918902e-03	5.000000e+00	0.000000e+00	5.000000e+00	
316	1.928902e-03	5.000000e+00	0.000000e+00	5.000000e+00	
317	1.938902e-03	5.000000e+00	0.000000e+00	5.000000e+00	
318	1.948902e-03	5.000000e+00	0.000000e+00	5.000000e+00	
319	1.958902e-03	5.000000e+00	0.000000e+00	5.000000e+00	
320	1.968902e-03	5.000000e+00	0.000000e+00	5.000000e+00	
321	1.978902e-03	5.000000e+00	0.000000e+00	5.000000e+00	
322	1.988902e-03	5.000000e+00	0.000000e+00	5.000000e+00	
323	1.998902e-03	5.000000e+00	0.000000e+00	5.000000e+00	
324	2.000000e-03	5.000000e+00	0.000000e+00	5.000000e+00	
325	2.000001e-03	5.000000e+00	0.000000e+00	5.000000e+00	
326	2.000003e-03	5.000000e+00	0.000000e+00	5.000000e+00	
327	2.000007e-03	5.000000e+00	0.000000e+00	5.000000e+00	
328	2.000008e-03	5.000000e+00	0.000000e+00	5.000000e+00	
329	2.000008e-03	5.000000e+00	5.000000e-02	5.000000e+00	
330	2.000008e-03	5.000000e+00	1.500000e-01	5.000000e+00	
331	2.000008e-03	5.000000e+00	3.500000e-01	5.000000e+00	
332	2.000008e-03	5.000000e+00	5.000000e-01	5.000000e+00	
333	2.000008e-03	5.000000e+00	5.000000e-01	5.000000e+00	
334	2.000008e-03	5.000000e+00	5.000000e-01	5.000000e+00	
335	2.000008e-03	5.000000e+00	5.000000e-01	5.000000e+00	
336	2.000008e-03	5.000000e+00	5.000000e-01	5.000000e+00	
337	2.000008e-03	5.000000e+00	5.000000e-01	5.000000e+00	
338	2.000009e-03	5.000000e+00	5.000000e-01	5.000000e+00	
339	2.000009e-03	5.000000e+00	5.000000e-01	5.000000e+00	
340	2.000010e-03	5.000000e+00	5.000000e-01	5.000000e+00	
341	2.000010e-03	5.000000e+00	5.000000e-01	4.558000e+00	
342	2.000010e-03	5.000000e+00	5.000000e-01	3.674000e+00	
343	2.000011e-03	5.000000e+00	5.000000e-01	1.906000e+00	
344	2.000011e-03	5.000000e+00	5.000000e-01	5.000000e-01	

Index   time            V(7)            V(8)            V(9)            
--------------------------------------------------------------------------------
345	2.000011e-03	5.000000e+00	5.000000e-01	5.000000e-01	
346	2.000011e-03	5.000000e+00	5.000000e-01	5.000000e-01	
347	2.000011e-03	5.000000e+00	5.000000e-01	5.000000e-01	
348	2.000012e-03	5.000000e+00	5.000000e-01	5.000000e-01	
349	2.000012e-03	5.000000e+00	5.000000e-01	5.000000e-01	
350	2.000012e-03	5.000000e+00	8.920000e-01	5.000000e-01	
351	2.000012e-03	5.000000e+00	1.676000e+00	5.000000e-01	
352	2.000013e-03	5.000000e+00	3.244000e+00	5.000000e-01	
353	2.000013e-03	5.000000e+00	5.000000e+00	5.000000e-01	
354	2.000013e-03	5.000000e+00	5.000000e+00	5.000000e-01	
355	2.000013e-03	5.000000e+00	5.000000e+00	5.000000e-01	
356	2.000013e-03	5.000000e+00	5.000000e+00	5.000000e-01	
357	2.000014e-03	5.000000e+00	5.000000e+00	5.000000e-01	
358	2.000014e-03	5.000000e+00	5.000000e+00	5.000000e-01	
359	2.000014e-03	5.000000e+00	5.000000e+00	4.500000e-01	
360	2.000014e-03	5.000000e+00	5.000000e+00	3.500000e-01	
361	2.000014e-03	5.000000e+00	5.000000e+00	1.500000e-01	
362	2.000014e-03	5.000000e+00	5.000000e+00	0.000000e+00	
363	2.000014e-03	5.000000e+00	5.000000e+00	0.000000e+00	
364	2.000014e-03	5.000000e+00	5.000000e+00	0.000000e+00	
365	2.000014e-03	5.000000e+00	5.000000e+00	0.000000e+00	
366	2.000014e-03	5.000000e+00	5.000000e+00	0.000000e+00	
367	2.000014e-03	5.000000e+00	5.000000e+00	0.000000e+00	
368	2.000015e-03	5.000000e+00	5.000000e+00	0.000000e+00	
369	2.000015e-03	5.000000e+00	5.000000e+00	0.000000e+00	
370	2.000016e-03	5.000000e+00	5.000000e+00	0.000000e+00	
371	2.000018e-03	5.000000e+00	5.000000e+00	0.000000e+00	
372	2.000020e-03	5.000000e+00	5.000000e+00	0.000000e+00	
373	2.000020e-03	5.000000e+00	5.000000e+00	0.000000e+00	
374	2.000021e-03	5.000000e+00	5.000000e+00	0.000000e+00	
375	2.000021e-03	4.590400e+00	5.000000e+00	0.000000e+00	
376	2.000021e-03	3.771200e+00	5.000000e+00	0.000000e+00	
377	2.000022e-03	2.132800e+00	5.000000e+00	0.000000e+00	
378	2.000022e-03	5.000000e-01	5.000000e+00	0.000000e+00	
379	2.000022e-03	5.000000e-01	5.000000e+00	0.000000e+00	
380	2.000022e-03	5.000000e-01	5.000000e+00	0.000000e+00	
381	2.000022e-03	5.000000e-01	5.000000e+00	0.000000e+00	
382	2.000023e-03	5.000000e-01	5.000000e+00	0.000000e+00	
383	2.000023e-03	5.000000e-01	5.000000e+00	0.000000e+00	
384	2.000023e-03	5.000000e-01	5.000000e+00	5.000000e-02	
385	2.000023e-03	5.000000e-01	5.000000e+00	1.500000e-01	
386	2.000023e-03	5.000000e-01	5.000000e+00	2.400000e-01	
387	2.000023e-03	4.800000e-01	5.000000e+00	2.600000e-01	
388	2.000023e-03	4.400000e-01	5.000000e+00	3.000000e-01	
389	2.000023e-03	3.600000e-01	5.000000e+00	3.800000e-01	
390	2.000023e-03	2.400000e-01	5.000000e+00	5.000000e-01	
391	2.000023e-03	2.240000e-01	5.000000e+00	5.000000e-01	
392	2.000023e-03	1.920000e-01	5.000000e+00	5.000000e-01	
393	2.000023e-03	1.280000e-01	5.000000e+00	5.000000e-01	
394	2.000023e-03	1.997902e-09	5.000000e+00	5.000000e-01	
395	2.000023e-03	0.000000e+00	5.000000e+00	5.000000e-01	
396	2.000023e-03	0.000000e+00	5.000000e+00	5.000000e-01	
397	2.000023e-03	0.000000e+00	5.000000e+00	5.000000e-01	
398	2.000023e-03	0.000000e+00	5.000000e+00	5.000000e-01	
399	2.000023e-03	0.000000e+00	5.000000e+00	5.000000e-01	
400	2.000023e-03	0.000000e+00	5.000000e+00	5.000000e-01	
401	2.000024e-03	0.000000e+00	5.000000e+00	5.000000e-01	
402	2.000024e-03	0.000000e+00	5.000000e+00	5.000000e-01	

Index   time            V(7)            V(8)            V(9)            
--------------------------------------------------------------------------------
403	2.000025e-03	0.000000e+00	5.000000e+00	5.000000e-01	
404	2.000025e-03	0.000000e+00	5.000000e+00	5.000000e-01	
405	2.000025e-03	0.000000e+00	5.000000e+00	9.500000e-01	
406	2.000025e-03	0.000000e+00	5.000000e+00	1.850000e+00	
407	2.000026e-03	0.000000e+00	5.000000e+00	3.650000e+00	
408	2.000026e-03	0.000000e+00	5.000000e+00	5.000000e+00	
409	2.000026e-03	0.000000e+00	5.000000e+00	5.000000e+00	
410	2.000026e-03	0.000000e+00	5.000000e+00	5.000000e+00	
411	2.000027e-03	0.000000e+00	5.000000e+00	5.000000e+00	
412	2.000027e-03	0.000000e+00	5.000000e+00	5.000000e+00	
413	2.000028e-03	0.000000e+00	5.000000e+00	5.000000e+00	
414	2.000031e-03	0.000000e+00	5.000000e+00	5.000000e+00	
415	2.000035e-03	0.000000e+00	5.000000e+00	5.000000e+00	
416	2.000044e-03	0.000000e+00	5.000000e+00	5.000000e+00	
417	2.000063e-03	0.000000e+00	5.000000e+00	5.000000e+00	
418	2.000100e-03	0.000000e+00	5.000000e+00	5.000000e+00	
419	2.000173e-03	0.000000e+00	5.000000e+00	5.000000e+00	
420	2.000321e-03	0.000000e+00	5.000000e+00	5.000000e+00	
421	2.000616e-03	0.000000e+00	5.000000e+00	5.000000e+00	
422	2.001206e-03	0.000000e+00	5.000000e+00	5.000000e+00	
423	2.002385e-03	0.000000e+00	5.000000e+00	5.000000e+00	
424	2.004745e-03	0.000000e+00	5.000000e+00	5.000000e+00	
425	2.009463e-03	0.000000e+00	5.000000e+00	5.000000e+00	
426	2.018900e-03	0.000000e+00	5.000000e+00	5.000000e+00	
427	2.028900e-03	0.000000e+00	5.000000e+00	5.000000e+00	
428	2.038900e-03	0.000000e+00	5.000000e+00	5.000000e+00	
429	2.048900e-03	0.000000e+00	5.000000e+00	5.000000e+00	
430	2.058900e-03	0.000000e+00	5.000000e+00	5.000000e+00	
431	2.068900e-03	0.000000e+00	5.000000e+00	5.000000e+00	
432	2.078900e-03	0.000000e+00	5.000000e+00	5.000000e+00	
433	2.088900e-03	0.000000e+00	5.000000e+00	5.000000e+00	
434	2.098900e-03	0.000000e+00	5.000000e+00	5.000000e+00	
435	2.108900e-03	0.000000e+00	5.000000e+00	5.000000e+00	
436	2.118900e-03	0.000000e+00	5.000000e+00	5.000000e+00	
437	2.128900e-03	0.000000e+00	5.000000e+00	5.000000e+00	
438	2.138900e-03	0.000000e+00	5.000000e+00	5.000000e+00	
439	2.148900e-03	0.000000e+00	5.000000e+00	5.000000e+00	
440	2.158900e-03	0.000000e+00	5.000000e+00	5.000000e+00	
441	2.168900e-03	0.000000e+00	5.000000e+00	5.000000e+00	
442	2.178900e-03	0.000000e+00	5.000000e+00	5.000000e+00	
443	2.188900e-03	0.000000e+00	5.000000e+00	5.000000e+00	
444	2.198900e-03	0.000000e+00	5.000000e+00	5.000000e+00	
445	2.208900e-03	0.000000e+00	5.000000e+00	5.000000e+00	
446	2.218900e-03	0.000000e+00	5.000000e+00	5.000000e+00	
447	2.228900e-03	0.000000e+00	5.000000e+00	5.000000e+00	
448	2.238900e-03	0.000000e+00	5.000000e+00	5.000000e+00	
449	2.248900e-03	0.000000e+00	5.000000e+00	5.000000e+00	
450	2.258900e-03	0.000000e+00	5.000000e+00	5.000000e+00	
451	2.268900e-03	0.000000e+00	5.000000e+00	5.000000e+00	
452	2.278900e-03	0.000000e+00	5.000000e+00	5.000000e+00	
453	2.288900e-03	0.000000e+00	5.000000e+00	5.000000e+00	
454	2.298900e-03	0.000000e+00	5.000000e+00	5.000000e+00	
455	2.308900e-03	0.000000e+00	5.000000e+00	5.000000e+00	
456	2.318900e-03	0.000000e+00	5.000000e+00	5.000000e+00	
457	2.328900e-03	0.000000e+00	5.000000e+00	5.000000e+00	
458	2.338900e-03	0.000000e+00	5.000000e+00	5.000000e+00	
459	2.348900e-03	0.000000e+00	5.000000e+00	5.000000e+00	
460	2.358900e-03	0.000000e+00	5.000000e+00	5.000000e+00	

Index   time            V(7)            V(8)            V(9)            
--------------------------------------------------------------------------------
461	2.368900e-03	0.000000e+00	5.000000e+00	5.000000e+00	
462	2.378900e-03	0.000000e+00	5.000000e+00	5.000000e+00	
463	2.388900e-03	0.000000e+00	5.000000e+00	5.000000e+00	
464	2.398900e-03	0.000000e+00	5.000000e+00	5.000000e+00	
465	2.408900e-03	0.000000e+00	5.000000e+00	5.000000e+00	
466	2.418900e-03	0.000000e+00	5.000000e+00	5.000000e+00	
467	2.428900e-03	0.000000e+00	5.000000e+00	5.000000e+00	
468	2.438900e-03	0.000000e+00	5.000000e+00	5.000000e+00	
469	2.448900e-03	0.000000e+00	5.000000e+00	5.000000e+00	
470	2.458900e-03	0.000000e+00	5.000000e+00	5.000000e+00	
471	2.468900e-03	0.000000e+00	5.000000e+00	5.000000e+00	
472	2.478900e-03	0.000000e+00	5.000000e+00	5.000000e+00	
473	2.488900e-03	0.000000e+00	5.000000e+00	5.000000e+00	
474	2.498900e-03	0.000000e+00	5.000000e+00	5.000000e+00	
475	2.508900e-03	0.000000e+00	5.000000e+00	5.000000e+00	
476	2.518900e-03	0.000000e+00	5.000000e+00	5.000000e+00	
477	2.528900e-03	0.000000e+00	5.000000e+00	5.000000e+00	
478	2.538900e-03	0.000000e+00	5.000000e+00	5.000000e+00	
479	2.548900e-03	0.000000e+00	5.000000e+00	5.000000e+00	
480	2.558900e-03	0.000000e+00	5.000000e+00	5.000000e+00	
481	2.568900e-03	0.000000e+00	5.000000e+00	5.000000e+00	
482	2.578900e-03	0.000000e+00	5.000000e+00	5.000000e+00	
483	2.588900e-03	0.000000e+00	5.000000e+00	5.000000e+00	
484	2.598900e-03	0.000000e+00	5.000000e+00	5.000000e+00	
485	2.608900e-03	0.000000e+00	5.000000e+00	5.000000e+00	
486	2.618900e-03	0.000000e+00	5.000000e+00	5.000000e+00	
487	2.628900e-03	0.000000e+00	5.000000e+00	5.000000e+00	
488	2.638900e-03	0.000000e+00	5.000000e+00	5.000000e+00	
489	2.648900e-03	0.000000e+00	5.000000e+00	5.000000e+00	
490	2.658900e-03	0.000000e+00	5.000000e+00	5.000000e+00	
491	2.668900e-03	0.000000e+00	5.000000e+00	5.000000e+00	
492	2.678900e-03	0.000000e+00	5.000000e+00	5.000000e+00	
493	2.688900e-03	0.000000e+00	5.000000e+00	5.000000e+00	
494	2.698900e-03	0.000000e+00	5.000000e+00	5.000000e+00	
495	2.708900e-03	0.000000e+00	5.000000e+00	5.000000e+00	
496	2.718900e-03	0.000000e+00	5.000000e+00	5.000000e+00	
497	2.728900e-03	0.000000e+00	5.000000e+00	5.000000e+00	
498	2.738900e-03	0.000000e+00	5.000000e+00	5.000000e+00	
499	2.748900e-03	0.000000e+00	5.000000e+00	5.000000e+00	
500	2.758900e-03	0.000000e+00	5.000000e+00	5.000000e+00	
501	2.768900e-03	0.000000e+00	5.000000e+00	5.000000e+00	
502	2.778900e-03	0.000000e+00	5.000000e+00	5.000000e+00	
503	2.788900e-03	0.000000e+00	5.000000e+00	5.000000e+00	
504	2.798900e-03	0.000000e+00	5.000000e+00	5.000000e+00	
505	2.808900e-03	0.000000e+00	5.000000e+00	5.000000e+00	
506	2.818900e-03	0.000000e+00	5.000000e+00	5.000000e+00	
507	2.828900e-03	0.000000e+00	5.000000e+00	5.000000e+00	
508	2.838900e-03	0.000000e+00	5.000000e+00	5.000000e+00	
509	2.848900e-03	0.000000e+00	5.000000e+00	5.000000e+00	
510	2.858900e-03	0.000000e+00	5.000000e+00	5.000000e+00	
511	2.868900e-03	0.000000e+00	5.000000e+00	5.000000e+00	
512	2.878900e-03	0.000000e+00	5.000000e+00	5.000000e+00	
513	2.888900e-03	0.000000e+00	5.000000e+00	5.000000e+00	
514	2.898900e-03	0.000000e+00	5.000000e+00	5.000000e+00	
515	2.908900e-03	0.000000e+00	5.000000e+00	5.000000e+00	
516	2.918900e-03	0.000000e+00	5.000000e+00	5.000000e+00	
517	2.928900e-03	0.000000e+00	5.000000e+00	5.000000e+00	
518	2.938900e-03	0.000000e+00	5.000000e+00	5.000000e+00	

Index   time            V(7)            V(8)            V(9)            
--------------------------------------------------------------------------------
519	2.948900e-03	0.000000e+00	5.000000e+00	5.000000e+00	
520	2.958900e-03	0.000000e+00	5.000000e+00	5.000000e+00	
521	2.968900e-03	0.000000e+00	5.000000e+00	5.000000e+00	
522	2.978900e-03	0.000000e+00	5.000000e+00	5.000000e+00	
523	2.988900e-03	0.000000e+00	5.000000e+00	5.000000e+00	
524	2.998900e-03	0.000000e+00	5.000000e+00	5.000000e+00	
525	3.000010e-03	0.000000e+00	5.000000e+00	5.000000e+00	
526	3.000011e-03	0.000000e+00	5.000000e+00	5.000000e+00	
527	3.000013e-03	0.000000e+00	5.000000e+00	5.000000e+00	
528	3.000017e-03	0.000000e+00	5.000000e+00	5.000000e+00	
529	3.000020e-03	0.000000e+00	5.000000e+00	5.000000e+00	
530	3.000021e-03	0.000000e+00	5.000000e+00	5.000000e+00	
531	3.000022e-03	0.000000e+00	5.000000e+00	5.000000e+00	
532	3.000022e-03	0.000000e+00	5.000000e+00	5.000000e+00	
533	3.000022e-03	0.000000e+00	5.000000e+00	5.000000e+00	
534	3.000023e-03	0.000000e+00	5.000000e+00	5.000000e+00	
535	3.000023e-03	0.000000e+00	5.000000e+00	5.000000e+00	
536	3.000023e-03	0.000000e+00	5.000000e+00	5.000000e+00	
537	3.000023e-03	0.000000e+00	5.000000e+00	5.000000e+00	
538	3.000023e-03	0.000000e+00	5.000000e+00	5.000000e+00	
539	3.000024e-03	0.000000e+00	5.000000e+00	5.000000e+00	
540	3.000024e-03	0.000000e+00	5.000000e+00	5.000000e+00	
541	3.000024e-03	5.000000e-02	5.000000e+00	5.000000e+00	
542	3.000024e-03	1.500000e-01	5.000000e+00	5.000000e+00	
543	3.000024e-03	3.500000e-01	5.000000e+00	5.000000e+00	
544	3.000024e-03	5.000000e-01	5.000000e+00	5.000000e+00	
545	3.000024e-03	5.000000e-01	5.000000e+00	5.000000e+00	
546	3.000024e-03	5.000000e-01	5.000000e+00	5.000000e+00	
547	3.000024e-03	5.000000e-01	5.000000e+00	5.000000e+00	
548	3.000024e-03	5.000000e-01	5.000000e+00	5.000000e+00	
549	3.000024e-03	5.000000e-01	5.000000e+00	5.000000e+00	
550	3.000025e-03	5.000000e-01	5.000000e+00	5.000000e+00	
551	3.000025e-03	5.000000e-01	5.000000e+00	5.000000e+00	
552	3.000025e-03	5.000000e-01	5.000000e+00	5.000000e+00	
553	3.000025e-03	5.000000e-01	5.000000e+00	5.000000e+00	
554	3.000025e-03	5.000000e-01	5.000000e+00	5.000000e+00	
555	3.000025e-03	5.000000e-01	5.000000e+00	5.000000e+00	
556	3.000025e-03	5.000000e-01	5.000000e+00	5.000000e+00	
557	3.000025e-03	5.000000e-01	5.000000e+00	5.000000e+00	
558	3.000025e-03	5.000000e-01	5.000000e+00	5.000000e+00	
559	3.000025e-03	5.000000e-01	5.000000e+00	5.000000e+00	
560	3.000025e-03	5.000000e-01	5.000000e+00	5.000000e+00	
561	3.000026e-03	5.000000e-01	5.000000e+00	5.000000e+00	
562	3.000026e-03	5.000000e-01	5.000000e+00	5.000000e+00	
563	3.000027e-03	5.000000e-01	5.000000e+00	5.000000e+00	
564	3.000027e-03	9.500000e-01	5.000000e+00	5.000000e+00	
565	3.000027e-03	1.850000e+00	5.000000e+00	5.000000e+00	
566	3.000028e-03	3.650000e+00	5.000000e+00	5.000000e+00	
567	3.000028e-03	5.000000e+00	5.000000e+00	5.000000e+00	
568	3.000028e-03	5.000000e+00	5.000000e+00	5.000000e+00	
569	3.000028e-03	5.000000e+00	5.000000e+00	5.000000e+00	
570	3.000028e-03	5.000000e+00	5.000000e+00	5.000000e+00	
571	3.000029e-03	5.000000e+00	5.000000e+00	5.000000e+00	
572	3.000030e-03	5.000000e+00	5.000000e+00	5.000000e+00	
573	3.000032e-03	5.000000e+00	5.000000e+00	5.000000e+00	
574	3.000037e-03	5.000000e+00	5.000000e+00	5.000000e+00	
575	3.000046e-03	5.000000e+00	5.000000e+00	5.000000e+00	
576	3.000065e-03	5.000000e+00	5.000000e+00	5.000000e+00	

Index   time            V(7)            V(8)            V(9)            
--------------------------------------------------------------------------------
577	3.000102e-03	5.000000e+00	5.000000e+00	5.000000e+00	
578	3.000175e-03	5.000000e+00	5.000000e+00	5.000000e+00	
579	3.000323e-03	5.000000e+00	5.000000e+00	5.000000e+00	
580	3.000618e-03	5.000000e+00	5.000000e+00	5.000000e+00	
581	3.001207e-03	5.000000e+00	5.000000e+00	5.000000e+00	
582	3.002387e-03	5.000000e+00	5.000000e+00	5.000000e+00	
583	3.004746e-03	5.000000e+00	5.000000e+00	5.000000e+00	
584	3.009465e-03	5.000000e+00	5.000000e+00	5.000000e+00	
585	3.018902e-03	5.000000e+00	5.000000e+00	5.000000e+00	
586	3.028902e-03	5.000000e+00	5.000000e+00	5.000000e+00	
587	3.038902e-03	5.000000e+00	5.000000e+00	5.000000e+00	
588	3.048902e-03	5.000000e+00	5.000000e+00	5.000000e+00	
589	3.058902e-03	5.000000e+00	5.000000e+00	5.000000e+00	
590	3.068902e-03	5.000000e+00	5.000000e+00	5.000000e+00	
591	3.078902e-03	5.000000e+00	5.000000e+00	5.000000e+00	
592	3.088902e-03	5.000000e+00	5.000000e+00	5.000000e+00	
593	3.098902e-03	5.000000e+00	5.000000e+00	5.000000e+00	
594	3.108902e-03	5.000000e+00	5.000000e+00	5.000000e+00	
595	3.118902e-03	5.000000e+00	5.000000e+00	5.000000e+00	
596	3.128902e-03	5.000000e+00	5.000000e+00	5.000000e+00	
597	3.138902e-03	5.000000e+00	5.000000e+00	5.000000e+00	
598	3.148902e-03	5.000000e+00	5.000000e+00	5.000000e+00	
599	3.158902e-03	5.000000e+00	5.000000e+00	5.000000e+00	
600	3.168902e-03	5.000000e+00	5.000000e+00	5.000000e+00	
601	3.178902e-03	5.000000e+00	5.000000e+00	5.000000e+00	
602	3.188902e-03	5.000000e+00	5.000000e+00	5.000000e+00	
603	3.198902e-03	5.000000e+00	5.000000e+00	5.000000e+00	
604	3.208902e-03	5.000000e+00	5.000000e+00	5.000000e+00	
605	3.218902e-03	5.000000e+00	5.000000e+00	5.000000e+00	
606	3.228902e-03	5.000000e+00	5.000000e+00	5.000000e+00	
607	3.238902e-03	5.000000e+00	5.000000e+00	5.000000e+00	
608	3.248902e-03	5.000000e+00	5.000000e+00	5.000000e+00	
609	3.258902e-03	5.000000e+00	5.000000e+00	5.000000e+00	
610	3.268902e-03	5.000000e+00	5.000000e+00	5.000000e+00	
611	3.278902e-03	5.000000e+00	5.000000e+00	5.000000e+00	
612	3.288902e-03	5.000000e+00	5.000000e+00	5.000000e+00	
613	3.298902e-03	5.000000e+00	5.000000e+00	5.000000e+00	
614	3.308902e-03	5.000000e+00	5.000000e+00	5.000000e+00	
615	3.318902e-03	5.000000e+00	5.000000e+00	5.000000e+00	
616	3.328902e-03	5.000000e+00	5.000000e+00	5.000000e+00	
617	3.338902e-03	5.000000e+00	5.000000e+00	5.000000e+00	
618	3.348902e-03	5.000000e+00	5.000000e+00	5.000000e+00	
619	3.358902e-03	5.000000e+00	5.000000e+00	5.000000e+00	
620	3.368902e-03	5.000000e+00	5.000000e+00	5.000000e+00	
621	3.378902e-03	5.000000e+00	5.000000e+00	5.000000e+00	
622	3.388902e-03	5.000000e+00	5.000000e+00	5.000000e+00	
623	3.398902e-03	5.000000e+00	5.000000e+00	5.000000e+00	
624	3.408902e-03	5.000000e+00	5.000000e+00	5.000000e+00	
625	3.418902e-03	5.000000e+00	5.000000e+00	5.000000e+00	
626	3.428902e-03	5.000000e+00	5.000000e+00	5.000000e+00	
627	3.438902e-03	5.000000e+00	5.000000e+00	5.000000e+00	
628	3.448902e-03	5.000000e+00	5.000000e+00	5.000000e+00	
629	3.458902e-03	5.000000e+00	5.000000e+00	5.000000e+00	
630	3.468902e-03	5.000000e+00	5.000000e+00	5.000000e+00	
631	3.478902e-03	5.000000e+00	5.000000e+00	5.000000e+00	
632	3.488902e-03	5.000000e+00	5.000000e+00	5.000000e+00	
633	3.498902e-03	5.000000e+00	5.000000e+00	5.000000e+00	
634	3.508902e-03	5.000000e+00	5.000000e+00	5.000000e+00	

Index   time            V(7)            V(8)            V(9)            
--------------------------------------------------------------------------------
635	3.518902e-03	5.000000e+00	5.000000e+00	5.000000e+00	
636	3.528902e-03	5.000000e+00	5.000000e+00	5.000000e+00	
637	3.538902e-03	5.000000e+00	5.000000e+00	5.000000e+00	
638	3.548902e-03	5.000000e+00	5.000000e+00	5.000000e+00	
639	3.558902e-03	5.000000e+00	5.000000e+00	5.000000e+00	
640	3.568902e-03	5.000000e+00	5.000000e+00	5.000000e+00	
641	3.578902e-03	5.000000e+00	5.000000e+00	5.000000e+00	
642	3.588902e-03	5.000000e+00	5.000000e+00	5.000000e+00	
643	3.598902e-03	5.000000e+00	5.000000e+00	5.000000e+00	
644	3.608902e-03	5.000000e+00	5.000000e+00	5.000000e+00	
645	3.618902e-03	5.000000e+00	5.000000e+00	5.000000e+00	
646	3.628902e-03	5.000000e+00	5.000000e+00	5.000000e+00	
647	3.638902e-03	5.000000e+00	5.000000e+00	5.000000e+00	
648	3.648902e-03	5.000000e+00	5.000000e+00	5.000000e+00	
649	3.658902e-03	5.000000e+00	5.000000e+00	5.000000e+00	
650	3.668902e-03	5.000000e+00	5.000000e+00	5.000000e+00	
651	3.678902e-03	5.000000e+00	5.000000e+00	5.000000e+00	
652	3.688902e-03	5.000000e+00	5.000000e+00	5.000000e+00	
653	3.698902e-03	5.000000e+00	5.000000e+00	5.000000e+00	
654	3.708902e-03	5.000000e+00	5.000000e+00	5.000000e+00	
655	3.718902e-03	5.000000e+00	5.000000e+00	5.000000e+00	
656	3.728902e-03	5.000000e+00	5.000000e+00	5.000000e+00	
657	3.738902e-03	5.000000e+00	5.000000e+00	5.000000e+00	
658	3.748902e-03	5.000000e+00	5.000000e+00	5.000000e+00	
659	3.758902e-03	5.000000e+00	5.000000e+00	5.000000e+00	
660	3.768902e-03	5.000000e+00	5.000000e+00	5.000000e+00	
661	3.778902e-03	5.000000e+00	5.000000e+00	5.000000e+00	
662	3.788902e-03	5.000000e+00	5.000000e+00	5.000000e+00	
663	3.798902e-03	5.000000e+00	5.000000e+00	5.000000e+00	
664	3.808902e-03	5.000000e+00	5.000000e+00	5.000000e+00	
665	3.818902e-03	5.000000e+00	5.000000e+00	5.000000e+00	
666	3.828902e-03	5.000000e+00	5.000000e+00	5.000000e+00	
667	3.838902e-03	5.000000e+00	5.000000e+00	5.000000e+00	
668	3.848902e-03	5.000000e+00	5.000000e+00	5.000000e+00	
669	3.858902e-03	5.000000e+00	5.000000e+00	5.000000e+00	
670	3.868902e-03	5.000000e+00	5.000000e+00	5.000000e+00	
671	3.878902e-03	5.000000e+00	5.000000e+00	5.000000e+00	
672	3.888902e-03	5.000000e+00	5.000000e+00	5.000000e+00	
673	3.898902e-03	5.000000e+00	5.000000e+00	5.000000e+00	
674	3.908902e-03	5.000000e+00	5.000000e+00	5.000000e+00	
675	3.918902e-03	5.000000e+00	5.000000e+00	5.000000e+00	
676	3.928902e-03	5.000000e+00	5.000000e+00	5.000000e+00	
677	3.938902e-03	5.000000e+00	5.000000e+00	5.000000e+00	
678	3.948902e-03	5.000000e+00	5.000000e+00	5.000000e+00	
679	3.958902e-03	5.000000e+00	5.000000e+00	5.000000e+00	
680	3.968902e-03	5.000000e+00	5.000000e+00	5.000000e+00	
681	3.978902e-03	5.000000e+00	5.000000e+00	5.000000e+00	
682	3.988902e-03	5.000000e+00	5.000000e+00	5.000000e+00	
683	3.998902e-03	5.000000e+00	5.000000e+00	5.000000e+00	
684	4.000000e-03	5.000000e+00	5.000000e+00	5.000000e+00	
685	4.000001e-03	5.000000e+00	5.000000e+00	5.000000e+00	
686	4.000003e-03	5.000000e+00	5.000000e+00	5.000000e+00	
687	4.000007e-03	5.000000e+00	5.000000e+00	5.000000e+00	
688	4.000008e-03	5.000000e+00	5.000000e+00	5.000000e+00	
689	4.000008e-03	5.000000e+00	5.000000e+00	5.000000e+00	
690	4.000008e-03	5.000000e+00	5.000000e+00	5.000000e+00	
691	4.000008e-03	5.000000e+00	5.000000e+00	5.000000e+00	
692	4.000008e-03	5.000000e+00	5.000000e+00	5.000000e+00	

Index   time            V(7)            V(8)            V(9)            
--------------------------------------------------------------------------------
693	4.000008e-03	5.000000e+00	5.000000e+00	5.000000e+00	
694	4.000008e-03	5.000000e+00	5.000000e+00	5.000000e+00	
695	4.000008e-03	5.000000e+00	5.000000e+00	5.000000e+00	
696	4.000008e-03	5.000000e+00	5.000000e+00	5.000000e+00	
697	4.000008e-03	5.000000e+00	5.000000e+00	5.000000e+00	
698	4.000009e-03	5.000000e+00	5.000000e+00	5.000000e+00	
699	4.000009e-03	5.000000e+00	5.000000e+00	5.000000e+00	
700	4.000010e-03	5.000000e+00	5.000000e+00	5.000000e+00	
701	4.000010e-03	5.000000e+00	5.000000e+00	5.000000e+00	
702	4.000010e-03	3.976000e+00	3.976000e+00	3.976000e+00	
703	4.000011e-03	1.928000e+00	1.928000e+00	1.928000e+00	
704	4.000011e-03	5.000000e-01	5.000000e-01	5.000000e-01	
705	4.000011e-03	5.000000e-01	5.000000e-01	5.000000e-01	
706	4.000011e-03	5.000000e-01	5.000000e-01	5.000000e-01	
707	4.000012e-03	5.000000e-01	5.000000e-01	5.000000e-01	
708	4.000012e-03	5.000000e-01	5.000000e-01	5.000000e-01	
709	4.000012e-03	8.276800e-01	8.276800e-01	5.000000e-01	
710	4.000012e-03	1.483040e+00	1.483040e+00	5.000000e-01	
711	4.000012e-03	2.793760e+00	2.793760e+00	5.000000e-01	
712	4.000013e-03	5.000000e+00	5.000000e+00	5.000000e-01	
713	4.000013e-03	5.000000e+00	5.000000e+00	5.000000e-01	
714	4.000013e-03	5.000000e+00	5.000000e+00	5.000000e-01	
715	4.000013e-03	5.000000e+00	5.000000e+00	5.000000e-01	
716	4.000014e-03	5.000000e+00	5.000000e+00	5.000000e-01	
717	4.000014e-03	5.000000e+00	5.000000e+00	5.000000e-01	
718	4.000014e-03	5.000000e+00	5.000000e+00	4.500000e-01	
719	4.000014e-03	5.000000e+00	5.000000e+00	3.500000e-01	
720	4.000014e-03	5.000000e+00	5.000000e+00	1.500000e-01	
721	4.000014e-03	5.000000e+00	5.000000e+00	1.997902e-09	
722	4.000014e-03	5.000000e+00	5.000000e+00	0.000000e+00	
723	4.000014e-03	5.000000e+00	5.000000e+00	0.000000e+00	
724	4.000014e-03	5.000000e+00	5.000000e+00	0.000000e+00	
725	4.000014e-03	5.000000e+00	5.000000e+00	0.000000e+00	
726	4.000014e-03	5.000000e+00	5.000000e+00	0.000000e+00	
727	4.000015e-03	5.000000e+00	5.000000e+00	0.000000e+00	
728	4.000015e-03	5.000000e+00	5.000000e+00	0.000000e+00	
729	4.000016e-03	5.000000e+00	5.000000e+00	0.000000e+00	
730	4.000017e-03	5.000000e+00	5.000000e+00	0.000000e+00	
731	4.000017e-03	5.000000e+00	5.000000e+00	5.000000e-02	
732	4.000017e-03	5.000000e+00	5.000000e+00	1.500000e-01	
733	4.000017e-03	5.000000e+00	5.000000e+00	3.500000e-01	
734	4.000017e-03	5.000000e+00	5.000000e+00	5.000000e-01	
735	4.000017e-03	5.000000e+00	5.000000e+00	5.000000e-01	
736	4.000017e-03	5.000000e+00	5.000000e+00	5.000000e-01	
737	4.000017e-03	5.000000e+00	5.000000e+00	5.000000e-01	
738	4.000017e-03	5.000000e+00	5.000000e+00	5.000000e-01	
739	4.000017e-03	5.000000e+00	5.000000e+00	5.000000e-01	
740	4.000018e-03	5.000000e+00	5.000000e+00	5.000000e-01	
741	4.000018e-03	5.000000e+00	5.000000e+00	5.000000e-01	
742	4.000019e-03	5.000000e+00	5.000000e+00	5.000000e-01	
743	4.000019e-03	5.000000e+00	5.000000e+00	9.500000e-01	
744	4.000019e-03	5.000000e+00	5.000000e+00	1.850000e+00	
745	4.000020e-03	5.000000e+00	5.000000e+00	3.650000e+00	
746	4.000020e-03	5.000000e+00	5.000000e+00	5.000000e+00	
747	4.000020e-03	5.000000e+00	5.000000e+00	5.000000e+00	
748	4.000020e-03	5.000000e+00	5.000000e+00	5.000000e+00	
749	4.000020e-03	5.000000e+00	5.000000e+00	5.000000e+00	
750	4.000020e-03	5.000000e+00	5.000000e+00	5.000000e+00	

Index   time            V(7)            V(8)            V(9)            
--------------------------------------------------------------------------------
751	4.000020e-03	5.000000e+00	5.000000e+00	5.000000e+00	
752	4.000020e-03	5.000000e+00	5.000000e+00	5.000000e+00	
753	4.000020e-03	5.000000e+00	5.000000e+00	5.000000e+00	
754	4.000020e-03	5.000000e+00	5.000000e+00	5.000000e+00	
755	4.000020e-03	5.000000e+00	5.000000e+00	5.000000e+00	
756	4.000021e-03	5.000000e+00	5.000000e+00	5.000000e+00	
757	4.000021e-03	5.000000e+00	5.000000e+00	5.000000e+00	
758	4.000021e-03	5.000000e+00	5.000000e+00	5.000000e+00	
759	4.000021e-03	5.000000e+00	5.000000e+00	5.000000e+00	
760	4.000021e-03	5.000000e+00	5.000000e+00	5.000000e+00	
761	4.000022e-03	5.000000e+00	5.000000e+00	5.000000e+00	
762	4.000022e-03	5.000000e+00	5.000000e+00	5.000000e+00	
763	4.000022e-03	5.000000e+00	5.000000e+00	5.000000e+00	
764	4.000022e-03	5.000000e+00	5.000000e+00	5.000000e+00	
765	4.000023e-03	5.000000e+00	5.000000e+00	5.000000e+00	
766	4.000023e-03	5.000000e+00	5.000000e+00	5.000000e+00	
767	4.000023e-03	5.000000e+00	5.000000e+00	5.000000e+00	
768	4.000023e-03	5.000000e+00	5.000000e+00	5.000000e+00	
769	4.000023e-03	5.000000e+00	5.000000e+00	5.000000e+00	
770	4.000023e-03	5.000000e+00	5.000000e+00	5.000000e+00	
771	4.000023e-03	5.000000e+00	5.000000e+00	5.000000e+00	
772	4.000023e-03	5.000000e+00	5.000000e+00	5.000000e+00	
773	4.000023e-03	5.000000e+00	5.000000e+00	5.000000e+00	
774	4.000023e-03	5.000000e+00	5.000000e+00	5.000000e+00	
775	4.000023e-03	5.000000e+00	5.000000e+00	5.000000e+00	
776	4.000024e-03	5.000000e+00	5.000000e+00	5.000000e+00	
777	4.000024e-03	5.000000e+00	5.000000e+00	5.000000e+00	
778	4.000025e-03	5.000000e+00	5.000000e+00	5.000000e+00	
779	4.000027e-03	5.000000e+00	5.000000e+00	5.000000e+00	
780	4.000031e-03	5.000000e+00	5.000000e+00	5.000000e+00	
781	4.000040e-03	5.000000e+00	5.000000e+00	5.000000e+00	
782	4.000056e-03	5.000000e+00	5.000000e+00	5.000000e+00	
783	4.000089e-03	5.000000e+00	5.000000e+00	5.000000e+00	
784	4.000154e-03	5.000000e+00	5.000000e+00	5.000000e+00	
785	4.000285e-03	5.000000e+00	5.000000e+00	5.000000e+00	
786	4.000547e-03	5.000000e+00	5.000000e+00	5.000000e+00	
787	4.001072e-03	5.000000e+00	5.000000e+00	5.000000e+00	
788	4.002120e-03	5.000000e+00	5.000000e+00	5.000000e+00	
789	4.004218e-03	5.000000e+00	5.000000e+00	5.000000e+00	
790	4.008412e-03	5.000000e+00	5.000000e+00	5.000000e+00	
791	4.016800e-03	5.000000e+00	5.000000e+00	5.000000e+00	
792	4.026800e-03	5.000000e+00	5.000000e+00	5.000000e+00	
793	4.036800e-03	5.000000e+00	5.000000e+00	5.000000e+00	
794	4.046800e-03	5.000000e+00	5.000000e+00	5.000000e+00	
795	4.056800e-03	5.000000e+00	5.000000e+00	5.000000e+00	
796	4.066800e-03	5.000000e+00	5.000000e+00	5.000000e+00	
797	4.076800e-03	5.000000e+00	5.000000e+00	5.000000e+00	
798	4.086800e-03	5.000000e+00	5.000000e+00	5.000000e+00	
799	4.096800e-03	5.000000e+00	5.000000e+00	5.000000e+00	
800	4.106800e-03	5.000000e+00	5.000000e+00	5.000000e+00	
801	4.116800e-03	5.000000e+00	5.000000e+00	5.000000e+00	
802	4.126800e-03	5.000000e+00	5.000000e+00	5.000000e+00	
803	4.136800e-03	5.000000e+00	5.000000e+00	5.000000e+00	
804	4.146800e-03	5.000000e+00	5.000000e+00	5.000000e+00	
805	4.156800e-03	5.000000e+00	5.000000e+00	5.000000e+00	
806	4.166800e-03	5.000000e+00	5.000000e+00	5.000000e+00	
807	4.176800e-03	5.000000e+00	5.000000e+00	5.000000e+00	
808	4.186800e-03	5.000000e+00	5.000000e+00	5.000000e+00	

Index   time            V(7)            V(8)            V(9)            
--------------------------------------------------------------------------------
809	4.196800e-03	5.000000e+00	5.000000e+00	5.000000e+00	
810	4.206800e-03	5.000000e+00	5.000000e+00	5.000000e+00	
811	4.216800e-03	5.000000e+00	5.000000e+00	5.000000e+00	
812	4.226800e-03	5.000000e+00	5.000000e+00	5.000000e+00	
813	4.236800e-03	5.000000e+00	5.000000e+00	5.000000e+00	
814	4.246800e-03	5.000000e+00	5.000000e+00	5.000000e+00	
815	4.256800e-03	5.000000e+00	5.000000e+00	5.000000e+00	
816	4.266800e-03	5.000000e+00	5.000000e+00	5.000000e+00	
817	4.276800e-03	5.000000e+00	5.000000e+00	5.000000e+00	
818	4.286800e-03	5.000000e+00	5.000000e+00	5.000000e+00	
819	4.296800e-03	5.000000e+00	5.000000e+00	5.000000e+00	
820	4.306800e-03	5.000000e+00	5.000000e+00	5.000000e+00	
821	4.316800e-03	5.000000e+00	5.000000e+00	5.000000e+00	
822	4.326800e-03	5.000000e+00	5.000000e+00	5.000000e+00	
823	4.336800e-03	5.000000e+00	5.000000e+00	5.000000e+00	
824	4.346800e-03	5.000000e+00	5.000000e+00	5.000000e+00	
825	4.356800e-03	5.000000e+00	5.000000e+00	5.000000e+00	
826	4.366800e-03	5.000000e+00	5.000000e+00	5.000000e+00	
827	4.376800e-03	5.000000e+00	5.000000e+00	5.000000e+00	
828	4.386800e-03	5.000000e+00	5.000000e+00	5.000000e+00	
829	4.396800e-03	5.000000e+00	5.000000e+00	5.000000e+00	
830	4.406800e-03	5.000000e+00	5.000000e+00	5.000000e+00	
831	4.416800e-03	5.000000e+00	5.000000e+00	5.000000e+00	
832	4.426800e-03	5.000000e+00	5.000000e+00	5.000000e+00	
833	4.436800e-03	5.000000e+00	5.000000e+00	5.000000e+00	
834	4.446800e-03	5.000000e+00	5.000000e+00	5.000000e+00	
835	4.456800e-03	5.000000e+00	5.000000e+00	5.000000e+00	
836	4.466800e-03	5.000000e+00	5.000000e+00	5.000000e+00	
837	4.476800e-03	5.000000e+00	5.000000e+00	5.000000e+00	
838	4.486800e-03	5.000000e+00	5.000000e+00	5.000000e+00	
839	4.496800e-03	5.000000e+00	5.000000e+00	5.000000e+00	
840	4.506800e-03	5.000000e+00	5.000000e+00	5.000000e+00	
841	4.516800e-03	5.000000e+00	5.000000e+00	5.000000e+00	
842	4.526800e-03	5.000000e+00	5.000000e+00	5.000000e+00	
843	4.536800e-03	5.000000e+00	5.000000e+00	5.000000e+00	
844	4.546800e-03	5.000000e+00	5.000000e+00	5.000000e+00	
845	4.556800e-03	5.000000e+00	5.000000e+00	5.000000e+00	
846	4.566800e-03	5.000000e+00	5.000000e+00	5.000000e+00	
847	4.576800e-03	5.000000e+00	5.000000e+00	5.000000e+00	
848	4.586800e-03	5.000000e+00	5.000000e+00	5.000000e+00	
849	4.596800e-03	5.000000e+00	5.000000e+00	5.000000e+00	
850	4.606800e-03	5.000000e+00	5.000000e+00	5.000000e+00	
851	4.616800e-03	5.000000e+00	5.000000e+00	5.000000e+00	
852	4.626800e-03	5.000000e+00	5.000000e+00	5.000000e+00	
853	4.636800e-03	5.000000e+00	5.000000e+00	5.000000e+00	
854	4.646800e-03	5.000000e+00	5.000000e+00	5.000000e+00	
855	4.656800e-03	5.000000e+00	5.000000e+00	5.000000e+00	
856	4.666800e-03	5.000000e+00	5.000000e+00	5.000000e+00	
857	4.676800e-03	5.000000e+00	5.000000e+00	5.000000e+00	
858	4.686800e-03	5.000000e+00	5.000000e+00	5.000000e+00	
859	4.696800e-03	5.000000e+00	5.000000e+00	5.000000e+00	
860	4.706800e-03	5.000000e+00	5.000000e+00	5.000000e+00	
861	4.716800e-03	5.000000e+00	5.000000e+00	5.000000e+00	
862	4.726800e-03	5.000000e+00	5.000000e+00	5.000000e+00	
863	4.736800e-03	5.000000e+00	5.000000e+00	5.000000e+00	
864	4.746800e-03	5.000000e+00	5.000000e+00	5.000000e+00	
865	4.756800e-03	5.000000e+00	5.000000e+00	5.000000e+00	
866	4.766800e-03	5.000000e+00	5.000000e+00	5.000000e+00	

Index   time            V(7)            V(8)            V(9)            
--------------------------------------------------------------------------------
867	4.776800e-03	5.000000e+00	5.000000e+00	5.000000e+00	
868	4.786800e-03	5.000000e+00	5.000000e+00	5.000000e+00	
869	4.796800e-03	5.000000e+00	5.000000e+00	5.000000e+00	
870	4.806800e-03	5.000000e+00	5.000000e+00	5.000000e+00	
871	4.816800e-03	5.000000e+00	5.000000e+00	5.000000e+00	
872	4.826800e-03	5.000000e+00	5.000000e+00	5.000000e+00	
873	4.836800e-03	5.000000e+00	5.000000e+00	5.000000e+00	
874	4.846800e-03	5.000000e+00	5.000000e+00	5.000000e+00	
875	4.856800e-03	5.000000e+00	5.000000e+00	5.000000e+00	
876	4.866800e-03	5.000000e+00	5.000000e+00	5.000000e+00	
877	4.876800e-03	5.000000e+00	5.000000e+00	5.000000e+00	
878	4.886800e-03	5.000000e+00	5.000000e+00	5.000000e+00	
879	4.896800e-03	5.000000e+00	5.000000e+00	5.000000e+00	
880	4.906800e-03	5.000000e+00	5.000000e+00	5.000000e+00	
881	4.916800e-03	5.000000e+00	5.000000e+00	5.000000e+00	
882	4.926800e-03	5.000000e+00	5.000000e+00	5.000000e+00	
883	4.936800e-03	5.000000e+00	5.000000e+00	5.000000e+00	
884	4.946800e-03	5.000000e+00	5.000000e+00	5.000000e+00	
885	4.956800e-03	5.000000e+00	5.000000e+00	5.000000e+00	
886	4.966800e-03	5.000000e+00	5.000000e+00	5.000000e+00	
887	4.976800e-03	5.000000e+00	5.000000e+00	5.000000e+00	
888	4.986800e-03	5.000000e+00	5.000000e+00	5.000000e+00	
889	4.996800e-03	5.000000e+00	5.000000e+00	5.000000e+00	
890	5.000010e-03	5.000000e+00	5.000000e+00	5.000000e+00	
891	5.000011e-03	5.000000e+00	5.000000e+00	5.000000e+00	
892	5.000013e-03	5.000000e+00	5.000000e+00	5.000000e+00	
893	5.000017e-03	5.000000e+00	5.000000e+00	5.000000e+00	
894	5.000020e-03	5.000000e+00	5.000000e+00	5.000000e+00	
895	5.000021e-03	5.000000e+00	5.000000e+00	5.000000e+00	
896	5.000022e-03	5.000000e+00	5.000000e+00	5.000000e+00	
897	5.000022e-03	5.000000e+00	5.000000e+00	5.000000e+00	
898	5.000022e-03	5.000000e+00	5.000000e+00	5.000000e+00	
899	5.000023e-03	5.000000e+00	5.000000e+00	5.000000e+00	
900	5.000023e-03	5.000000e+00	5.000000e+00	5.000000e+00	
901	5.000023e-03	5.000000e+00	5.000000e+00	5.000000e+00	
902	5.000023e-03	5.000000e+00	5.000000e+00	5.000000e+00	
903	5.000023e-03	5.000000e+00	5.000000e+00	5.000000e+00	
904	5.000024e-03	5.000000e+00	5.000000e+00	5.000000e+00	
905	5.000024e-03	5.000000e+00	5.000000e+00	5.000000e+00	
906	5.000024e-03	5.000000e+00	5.000000e+00	5.000000e+00	
907	5.000024e-03	5.000000e+00	5.000000e+00	5.000000e+00	
908	5.000024e-03	5.000000e+00	5.000000e+00	5.000000e+00	
909	5.000024e-03	5.000000e+00	5.000000e+00	5.000000e+00	
910	5.000024e-03	5.000000e+00	5.000000e+00	5.000000e+00	
911	5.000024e-03	5.000000e+00	5.000000e+00	5.000000e+00	
912	5.000024e-03	5.000000e+00	5.000000e+00	5.000000e+00	
913	5.000024e-03	5.000000e+00	5.000000e+00	5.000000e+00	
914	5.000024e-03	5.000000e+00	5.000000e+00	5.000000e+00	
915	5.000025e-03	5.000000e+00	5.000000e+00	5.000000e+00	
916	5.000025e-03	5.000000e+00	5.000000e+00	5.000000e+00	
917	5.000025e-03	5.000000e+00	5.000000e+00	5.000000e+00	
918	5.000025e-03	5.000000e+00	5.000000e+00	5.000000e+00	
919	5.000025e-03	5.000000e+00	5.000000e+00	5.000000e+00	
920	5.000025e-03	5.000000e+00	5.000000e+00	5.000000e+00	
921	5.000025e-03	5.000000e+00	5.000000e+00	5.000000e+00	
922	5.000025e-03	5.000000e+00	5.000000e+00	5.000000e+00	
923	5.000025e-03	5.000000e+00	5.000000e+00	5.000000e+00	
924	5.000025e-03	5.000000e+00	5.000000e+00	5.000000e+00	

Index   time            V(7)            V(8)            V(9)            
--------------------------------------------------------------------------------
925	5.000025e-03	5.000000e+00	5.000000e+00	5.000000e+00	
926	5.000026e-03	5.000000e+00	5.000000e+00	5.000000e+00	
927	5.000026e-03	5.000000e+00	5.000000e+00	5.000000e+00	
928	5.000027e-03	5.000000e+00	5.000000e+00	5.000000e+00	
929	5.000027e-03	5.000000e+00	5.000000e+00	5.000000e+00	
930	5.000027e-03	5.000000e+00	5.000000e+00	5.000000e+00	
931	5.000028e-03	5.000000e+00	5.000000e+00	5.000000e+00	
932	5.000028e-03	5.000000e+00	5.000000e+00	5.000000e+00	
933	5.000028e-03	5.000000e+00	5.000000e+00	5.000000e+00	
934	5.000028e-03	5.000000e+00	5.000000e+00	5.000000e+00	
935	5.000028e-03	5.000000e+00	5.000000e+00	5.000000e+00	
936	5.000029e-03	5.000000e+00	5.000000e+00	5.000000e+00	
937	5.000030e-03	5.000000e+00	5.000000e+00	5.000000e+00	
938	5.000032e-03	5.000000e+00	5.000000e+00	5.000000e+00	
939	5.000037e-03	5.000000e+00	5.000000e+00	5.000000e+00	
940	5.000046e-03	5.000000e+00	5.000000e+00	5.000000e+00	
941	5.000065e-03	5.000000e+00	5.000000e+00	5.000000e+00	
942	5.000102e-03	5.000000e+00	5.000000e+00	5.000000e+00	
943	5.000175e-03	5.000000e+00	5.000000e+00	5.000000e+00	
944	5.000323e-03	5.000000e+00	5.000000e+00	5.000000e+00	
945	5.000618e-03	5.000000e+00	5.000000e+00	5.000000e+00	
946	5.001207e-03	5.000000e+00	5.000000e+00	5.000000e+00	
947	5.002387e-03	5.000000e+00	5.000000e+00	5.000000e+00	
948	5.004746e-03	5.000000e+00	5.000000e+00	5.000000e+00	
949	5.009465e-03	5.000000e+00	5.000000e+00	5.000000e+00	
950	5.018902e-03	5.000000e+00	5.000000e+00	5.000000e+00	
951	5.028902e-03	5.000000e+00	5.000000e+00	5.000000e+00	
952	5.038902e-03	5.000000e+00	5.000000e+00	5.000000e+00	
953	5.048902e-03	5.000000e+00	5.000000e+00	5.000000e+00	
954	5.058902e-03	5.000000e+00	5.000000e+00	5.000000e+00	
955	5.068902e-03	5.000000e+00	5.000000e+00	5.000000e+00	
956	5.078902e-03	5.000000e+00	5.000000e+00	5.000000e+00	
957	5.088902e-03	5.000000e+00	5.000000e+00	5.000000e+00	
958	5.098902e-03	5.000000e+00	5.000000e+00	5.000000e+00	
959	5.108902e-03	5.000000e+00	5.000000e+00	5.000000e+00	
960	5.118902e-03	5.000000e+00	5.000000e+00	5.000000e+00	
961	5.128902e-03	5.000000e+00	5.000000e+00	5.000000e+00	
962	5.138902e-03	5.000000e+00	5.000000e+00	5.000000e+00	
963	5.148902e-03	5.000000e+00	5.000000e+00	5.000000e+00	
964	5.158902e-03	5.000000e+00	5.000000e+00	5.000000e+00	
965	5.168902e-03	5.000000e+00	5.000000e+00	5.000000e+00	
966	5.178902e-03	5.000000e+00	5.000000e+00	5.000000e+00	
967	5.188902e-03	5.000000e+00	5.000000e+00	5.000000e+00	
968	5.198902e-03	5.000000e+00	5.000000e+00	5.000000e+00	
969	5.208902e-03	5.000000e+00	5.000000e+00	5.000000e+00	
970	5.218902e-03	5.000000e+00	5.000000e+00	5.000000e+00	
971	5.228902e-03	5.000000e+00	5.000000e+00	5.000000e+00	
972	5.238902e-03	5.000000e+00	5.000000e+00	5.000000e+00	
973	5.248902e-03	5.000000e+00	5.000000e+00	5.000000e+00	
974	5.258902e-03	5.000000e+00	5.000000e+00	5.000000e+00	
975	5.268902e-03	5.000000e+00	5.000000e+00	5.000000e+00	
976	5.278902e-03	5.000000e+00	5.000000e+00	5.000000e+00	
977	5.288902e-03	5.000000e+00	5.000000e+00	5.000000e+00	
978	5.298902e-03	5.000000e+00	5.000000e+00	5.000000e+00	
979	5.308902e-03	5.000000e+00	5.000000e+00	5.000000e+00	
980	5.318902e-03	5.000000e+00	5.000000e+00	5.000000e+00	
981	5.328902e-03	5.000000e+00	5.000000e+00	5.000000e+00	
982	5.338902e-03	5.000000e+00	5.000000e+00	5.000000e+00	

Index   time            V(7)            V(8)            V(9)            
--------------------------------------------------------------------------------
983	5.348902e-03	5.000000e+00	5.000000e+00	5.000000e+00	
984	5.358902e-03	5.000000e+00	5.000000e+00	5.000000e+00	
985	5.368902e-03	5.000000e+00	5.000000e+00	5.000000e+00	
986	5.378902e-03	5.000000e+00	5.000000e+00	5.000000e+00	
987	5.388902e-03	5.000000e+00	5.000000e+00	5.000000e+00	
988	5.398902e-03	5.000000e+00	5.000000e+00	5.000000e+00	
989	5.408902e-03	5.000000e+00	5.000000e+00	5.000000e+00	
990	5.418902e-03	5.000000e+00	5.000000e+00	5.000000e+00	
991	5.428902e-03	5.000000e+00	5.000000e+00	5.000000e+00	
992	5.438902e-03	5.000000e+00	5.000000e+00	5.000000e+00	
993	5.448902e-03	5.000000e+00	5.000000e+00	5.000000e+00	
994	5.458902e-03	5.000000e+00	5.000000e+00	5.000000e+00	
995	5.468902e-03	5.000000e+00	5.000000e+00	5.000000e+00	
996	5.478902e-03	5.000000e+00	5.000000e+00	5.000000e+00	
997	5.488902e-03	5.000000e+00	5.000000e+00	5.000000e+00	
998	5.498902e-03	5.000000e+00	5.000000e+00	5.000000e+00	
999	5.508902e-03	5.000000e+00	5.000000e+00	5.000000e+00	
1000	5.518902e-03	5.000000e+00	5.000000e+00	5.000000e+00	
1001	5.528902e-03	5.000000e+00	5.000000e+00	5.000000e+00	
1002	5.538902e-03	5.000000e+00	5.000000e+00	5.000000e+00	
1003	5.548902e-03	5.000000e+00	5.000000e+00	5.000000e+00	
1004	5.558902e-03	5.000000e+00	5.000000e+00	5.000000e+00	
1005	5.568902e-03	5.000000e+00	5.000000e+00	5.000000e+00	
1006	5.578902e-03	5.000000e+00	5.000000e+00	5.000000e+00	
1007	5.588902e-03	5.000000e+00	5.000000e+00	5.000000e+00	
1008	5.598902e-03	5.000000e+00	5.000000e+00	5.000000e+00	
1009	5.608902e-03	5.000000e+00	5.000000e+00	5.000000e+00	
1010	5.618902e-03	5.000000e+00	5.000000e+00	5.000000e+00	
1011	5.628902e-03	5.000000e+00	5.000000e+00	5.000000e+00	
1012	5.638902e-03	5.000000e+00	5.000000e+00	5.000000e+00	
1013	5.648902e-03	5.000000e+00	5.000000e+00	5.000000e+00	
1014	5.658902e-03	5.000000e+00	5.000000e+00	5.000000e+00	
1015	5.668902e-03	5.000000e+00	5.000000e+00	5.000000e+00	
1016	5.678902e-03	5.000000e+00	5.000000e+00	5.000000e+00	
1017	5.688902e-03	5.000000e+00	5.000000e+00	5.000000e+00	
1018	5.698902e-03	5.000000e+00	5.000000e+00	5.000000e+00	
1019	5.708902e-03	5.000000e+00	5.000000e+00	5.000000e+00	
1020	5.718902e-03	5.000000e+00	5.000000e+00	5.000000e+00	
1021	5.728902e-03	5.000000e+00	5.000000e+00	5.000000e+00	
1022	5.738902e-03	5.000000e+00	5.000000e+00	5.000000e+00	
1023	5.748902e-03	5.000000e+00	5.000000e+00	5.000000e+00	
1024	5.758902e-03	5.000000e+00	5.000000e+00	5.000000e+00	
1025	5.768902e-03	5.000000e+00	5.000000e+00	5.000000e+00	
1026	5.778902e-03	5.000000e+00	5.000000e+00	5.000000e+00	
1027	5.788902e-03	5.000000e+00	5.000000e+00	5.000000e+00	
1028	5.798902e-03	5.000000e+00	5.000000e+00	5.000000e+00	
1029	5.808902e-03	5.000000e+00	5.000000e+00	5.000000e+00	
1030	5.818902e-03	5.000000e+00	5.000000e+00	5.000000e+00	
1031	5.828902e-03	5.000000e+00	5.000000e+00	5.000000e+00	
1032	5.838902e-03	5.000000e+00	5.000000e+00	5.000000e+00	
1033	5.848902e-03	5.000000e+00	5.000000e+00	5.000000e+00	
1034	5.858902e-03	5.000000e+00	5.000000e+00	5.000000e+00	
1035	5.868902e-03	5.000000e+00	5.000000e+00	5.000000e+00	
1036	5.878902e-03	5.000000e+00	5.000000e+00	5.000000e+00	
1037	5.888902e-03	5.000000e+00	5.000000e+00	5.000000e+00	
1038	5.898902e-03	5.000000e+00	5.000000e+00	5.000000e+00	
1039	5.908902e-03	5.000000e+00	5.000000e+00	5.000000e+00	
1040	5.918902e-03	5.000000e+00	5.000000e+00	5.000000e+00	

Index   time            V(7)            V(8)            V(9)            
--------------------------------------------------------------------------------
1041	5.928902e-03	5.000000e+00	5.000000e+00	5.000000e+00	
1042	5.938902e-03	5.000000e+00	5.000000e+00	5.000000e+00	
1043	5.948902e-03	5.000000e+00	5.000000e+00	5.000000e+00	
1044	5.958902e-03	5.000000e+00	5.000000e+00	5.000000e+00	
1045	5.968902e-03	5.000000e+00	5.000000e+00	5.000000e+00	
1046	5.978902e-03	5.000000e+00	5.000000e+00	5.000000e+00	
1047	5.988902e-03	5.000000e+00	5.000000e+00	5.000000e+00	
1048	5.998902e-03	5.000000e+00	5.000000e+00	5.000000e+00	
1049	6.000000e-03	5.000000e+00	5.000000e+00	5.000000e+00	
1050	6.000001e-03	5.000000e+00	5.000000e+00	5.000000e+00	
1051	6.000003e-03	5.000000e+00	5.000000e+00	5.000000e+00	
1052	6.000007e-03	5.000000e+00	5.000000e+00	5.000000e+00	
1053	6.000008e-03	5.000000e+00	5.000000e+00	5.000000e+00	
1054	6.000008e-03	5.000000e+00	5.000000e+00	5.000000e+00	
1055	6.000008e-03	5.000000e+00	5.000000e+00	5.000000e+00	
1056	6.000008e-03	5.000000e+00	5.000000e+00	5.000000e+00	
1057	6.000008e-03	5.000000e+00	5.000000e+00	5.000000e+00	
1058	6.000008e-03	5.000000e+00	5.000000e+00	5.000000e+00	
1059	6.000008e-03	5.000000e+00	5.000000e+00	5.000000e+00	
1060	6.000008e-03	5.000000e+00	5.000000e+00	5.000000e+00	
1061	6.000008e-03	5.000000e+00	5.000000e+00	5.000000e+00	
1062	6.000008e-03	5.000000e+00	5.000000e+00	5.000000e+00	
1063	6.000009e-03	5.000000e+00	5.000000e+00	5.000000e+00	
1064	6.000009e-03	5.000000e+00	5.000000e+00	5.000000e+00	
1065	6.000010e-03	5.000000e+00	5.000000e+00	5.000000e+00	
1066	6.000010e-03	5.000000e+00	5.000000e+00	5.000000e+00	
1067	6.000010e-03	5.000000e+00	5.000000e+00	5.000000e+00	
1068	6.000011e-03	5.000000e+00	5.000000e+00	5.000000e+00	
1069	6.000011e-03	5.000000e+00	5.000000e+00	5.000000e+00	
1070	6.000011e-03	5.000000e+00	5.000000e+00	5.000000e+00	
1071	6.000011e-03	5.000000e+00	5.000000e+00	5.000000e+00	
1072	6.000012e-03	5.000000e+00	5.000000e+00	5.000000e+00	
1073	6.000012e-03	5.000000e+00	5.000000e+00	5.000000e+00	
1074	6.000012e-03	5.000000e+00	5.000000e+00	5.000000e+00	
1075	6.000012e-03	5.000000e+00	5.000000e+00	5.000000e+00	
1076	6.000012e-03	5.000000e+00	5.000000e+00	5.000000e+00	
1077	6.000013e-03	5.000000e+00	5.000000e+00	5.000000e+00	
1078	6.000013e-03	5.000000e+00	5.000000e+00	5.000000e+00	
1079	6.000013e-03	5.000000e+00	5.000000e+00	5.000000e+00	
1080	6.000013e-03	5.000000e+00	5.000000e+00	5.000000e+00	
1081	6.000014e-03	5.000000e+00	5.000000e+00	5.000000e+00	
1082	6.000014e-03	5.000000e+00	5.000000e+00	5.000000e+00	
1083	6.000014e-03	5.000000e+00	5.000000e+00	5.000000e+00	
1084	6.000014e-03	5.000000e+00	5.000000e+00	5.000000e+00	
1085	6.000014e-03	5.000000e+00	5.000000e+00	5.000000e+00	
1086	6.000014e-03	5.000000e+00	5.000000e+00	5.000000e+00	
1087	6.000014e-03	5.000000e+00	5.000000e+00	5.000000e+00	
1088	6.000014e-03	5.000000e+00	5.000000e+00	5.000000e+00	
1089	6.000014e-03	5.000000e+00	5.000000e+00	5.000000e+00	
1090	6.000014e-03	5.000000e+00	5.000000e+00	5.000000e+00	
1091	6.000014e-03	5.000000e+00	5.000000e+00	5.000000e+00	
1092	6.000015e-03	5.000000e+00	5.000000e+00	5.000000e+00	
1093	6.000015e-03	5.000000e+00	5.000000e+00	5.000000e+00	
1094	6.000016e-03	5.000000e+00	5.000000e+00	5.000000e+00	
1095	6.000018e-03	5.000000e+00	5.000000e+00	5.000000e+00	
1096	6.000020e-03	5.000000e+00	5.000000e+00	5.000000e+00	
1097	6.000020e-03	5.000000e+00	5.000000e+00	5.000000e+00	
1098	6.000021e-03	5.000000e+00	5.000000e+00	5.000000e+00	

Index   time            V(7)            V(8)            V(9)            
--------------------------------------------------------------------------------
1099	6.000021e-03	5.000000e+00	5.000000e+00	5.000000e+00	
1100	6.000021e-03	5.000000e+00	5.000000e+00	5.000000e+00	
1101	6.000022e-03	5.000000e+00	5.000000e+00	5.000000e+00	
1102	6.000022e-03	5.000000e+00	5.000000e+00	5.000000e+00	
1103	6.000022e-03	5.000000e+00	5.000000e+00	5.000000e+00	
1104	6.000022e-03	5.000000e+00	5.000000e+00	5.000000e+00	
1105	6.000022e-03	5.000000e+00	5.000000e+00	5.000000e+00	
1106	6.000023e-03	5.000000e+00	5.000000e+00	5.000000e+00	
1107	6.000023e-03	5.000000e+00	5.000000e+00	5.000000e+00	
1108	6.000023e-03	5.000000e+00	5.000000e+00	5.000000e+00	
1109	6.000023e-03	5.000000e+00	5.000000e+00	5.000000e+00	
1110	6.000023e-03	5.000000e+00	5.000000e+00	5.000000e+00	
1111	6.000023e-03	5.000000e+00	5.000000e+00	5.000000e+00	
1112	6.000023e-03	5.000000e+00	5.000000e+00	5.000000e+00	
1113	6.000023e-03	5.000000e+00	5.000000e+00	5.000000e+00	
1114	6.000023e-03	5.000000e+00	5.000000e+00	5.000000e+00	
1115	6.000023e-03	5.000000e+00	5.000000e+00	5.000000e+00	
1116	6.000023e-03	5.000000e+00	5.000000e+00	5.000000e+00	
1117	6.000023e-03	5.000000e+00	5.000000e+00	5.000000e+00	
1118	6.000023e-03	5.000000e+00	5.000000e+00	5.000000e+00	
1119	6.000023e-03	5.000000e+00	5.000000e+00	5.000000e+00	
1120	6.000023e-03	5.000000e+00	5.000000e+00	5.000000e+00	
1121	6.000023e-03	5.000000e+00	5.000000e+00	5.000000e+00	
1122	6.000023e-03	5.000000e+00	5.000000e+00	5.000000e+00	
1123	6.000023e-03	5.000000e+00	5.000000e+00	5.000000e+00	
1124	6.000023e-03	5.000000e+00	5.000000e+00	5.000000e+00	
1125	6.000024e-03	5.000000e+00	5.000000e+00	5.000000e+00	
1126	6.000024e-03	5.000000e+00	5.000000e+00	5.000000e+00	
1127	6.000025e-03	5.000000e+00	5.000000e+00	5.000000e+00	
1128	6.000025e-03	5.000000e+00	5.000000e+00	5.000000e+00	
1129	6.000025e-03	5.000000e+00	5.000000e+00	5.000000e+00	
1130	6.000025e-03	5.000000e+00	5.000000e+00	5.000000e+00	
1131	6.000026e-03	5.000000e+00	5.000000e+00	5.000000e+00	
1132	6.000026e-03	5.000000e+00	5.000000e+00	5.000000e+00	
1133	6.000026e-03	5.000000e+00	5.000000e+00	5.000000e+00	
1134	6.000026e-03	5.000000e+00	5.000000e+00	5.000000e+00	
1135	6.000027e-03	5.000000e+00	5.000000e+00	5.000000e+00	
1136	6.000027e-03	5.000000e+00	5.000000e+00	5.000000e+00	
1137	6.000028e-03	5.000000e+00	5.000000e+00	5.000000e+00	
1138	6.000031e-03	5.000000e+00	5.000000e+00	5.000000e+00	
1139	6.000035e-03	5.000000e+00	5.000000e+00	5.000000e+00	
1140	6.000044e-03	5.000000e+00	5.000000e+00	5.000000e+00	
1141	6.000063e-03	5.000000e+00	5.000000e+00	5.000000e+00	
1142	6.000100e-03	5.000000e+00	5.000000e+00	5.000000e+00	
1143	6.000173e-03	5.000000e+00	5.000000e+00	5.000000e+00	
1144	6.000321e-03	5.000000e+00	5.000000e+00	5.000000e+00	
1145	6.000616e-03	5.000000e+00	5.000000e+00	5.000000e+00	
1146	6.001206e-03	5.000000e+00	5.000000e+00	5.000000e+00	
1147	6.002385e-03	5.000000e+00	5.000000e+00	5.000000e+00	
1148	6.004745e-03	5.000000e+00	5.000000e+00	5.000000e+00	
1149	6.009463e-03	5.000000e+00	5.000000e+00	5.000000e+00	
1150	6.018900e-03	5.000000e+00	5.000000e+00	5.000000e+00	
1151	6.028900e-03	5.000000e+00	5.000000e+00	5.000000e+00	
1152	6.038900e-03	5.000000e+00	5.000000e+00	5.000000e+00	
1153	6.048900e-03	5.000000e+00	5.000000e+00	5.000000e+00	
1154	6.058900e-03	5.000000e+00	5.000000e+00	5.000000e+00	
1155	6.068900e-03	5.000000e+00	5.000000e+00	5.000000e+00	
1156	6.078900e-03	5.000000e+00	5.000000e+00	5.000000e+00	

Index   time            V(7)            V(8)            V(9)            
--------------------------------------------------------------------------------
1157	6.088900e-03	5.000000e+00	5.000000e+00	5.000000e+00	
1158	6.098900e-03	5.000000e+00	5.000000e+00	5.000000e+00	
1159	6.108900e-03	5.000000e+00	5.000000e+00	5.000000e+00	
1160	6.118900e-03	5.000000e+00	5.000000e+00	5.000000e+00	
1161	6.128900e-03	5.000000e+00	5.000000e+00	5.000000e+00	
1162	6.138900e-03	5.000000e+00	5.000000e+00	5.000000e+00	
1163	6.148900e-03	5.000000e+00	5.000000e+00	5.000000e+00	
1164	6.158900e-03	5.000000e+00	5.000000e+00	5.000000e+00	
1165	6.168900e-03	5.000000e+00	5.000000e+00	5.000000e+00	
1166	6.178900e-03	5.000000e+00	5.000000e+00	5.000000e+00	
1167	6.188900e-03	5.000000e+00	5.000000e+00	5.000000e+00	
1168	6.198900e-03	5.000000e+00	5.000000e+00	5.000000e+00	
1169	6.208900e-03	5.000000e+00	5.000000e+00	5.000000e+00	
1170	6.218900e-03	5.000000e+00	5.000000e+00	5.000000e+00	
1171	6.228900e-03	5.000000e+00	5.000000e+00	5.000000e+00	
1172	6.238900e-03	5.000000e+00	5.000000e+00	5.000000e+00	
1173	6.248900e-03	5.000000e+00	5.000000e+00	5.000000e+00	
1174	6.258900e-03	5.000000e+00	5.000000e+00	5.000000e+00	
1175	6.268900e-03	5.000000e+00	5.000000e+00	5.000000e+00	
1176	6.278900e-03	5.000000e+00	5.000000e+00	5.000000e+00	
1177	6.288900e-03	5.000000e+00	5.000000e+00	5.000000e+00	
1178	6.298900e-03	5.000000e+00	5.000000e+00	5.000000e+00	
1179	6.308900e-03	5.000000e+00	5.000000e+00	5.000000e+00	
1180	6.318900e-03	5.000000e+00	5.000000e+00	5.000000e+00	
1181	6.328900e-03	5.000000e+00	5.000000e+00	5.000000e+00	
1182	6.338900e-03	5.000000e+00	5.000000e+00	5.000000e+00	
1183	6.348900e-03	5.000000e+00	5.000000e+00	5.000000e+00	
1184	6.358900e-03	5.000000e+00	5.000000e+00	5.000000e+00	
1185	6.368900e-03	5.000000e+00	5.000000e+00	5.000000e+00	
1186	6.378900e-03	5.000000e+00	5.000000e+00	5.000000e+00	
1187	6.388900e-03	5.000000e+00	5.000000e+00	5.000000e+00	
1188	6.398900e-03	5.000000e+00	5.000000e+00	5.000000e+00	
1189	6.408900e-03	5.000000e+00	5.000000e+00	5.000000e+00	
1190	6.418900e-03	5.000000e+00	5.000000e+00	5.000000e+00	
1191	6.428900e-03	5.000000e+00	5.000000e+00	5.000000e+00	
1192	6.438900e-03	5.000000e+00	5.000000e+00	5.000000e+00	
1193	6.448900e-03	5.000000e+00	5.000000e+00	5.000000e+00	
1194	6.458900e-03	5.000000e+00	5.000000e+00	5.000000e+00	
1195	6.468900e-03	5.000000e+00	5.000000e+00	5.000000e+00	
1196	6.478900e-03	5.000000e+00	5.000000e+00	5.000000e+00	
1197	6.488900e-03	5.000000e+00	5.000000e+00	5.000000e+00	
1198	6.498900e-03	5.000000e+00	5.000000e+00	5.000000e+00	
1199	6.508900e-03	5.000000e+00	5.000000e+00	5.000000e+00	
1200	6.518900e-03	5.000000e+00	5.000000e+00	5.000000e+00	
1201	6.528900e-03	5.000000e+00	5.000000e+00	5.000000e+00	
1202	6.538900e-03	5.000000e+00	5.000000e+00	5.000000e+00	
1203	6.548900e-03	5.000000e+00	5.000000e+00	5.000000e+00	
1204	6.558900e-03	5.000000e+00	5.000000e+00	5.000000e+00	
1205	6.568900e-03	5.000000e+00	5.000000e+00	5.000000e+00	
1206	6.578900e-03	5.000000e+00	5.000000e+00	5.000000e+00	
1207	6.588900e-03	5.000000e+00	5.000000e+00	5.000000e+00	
1208	6.598900e-03	5.000000e+00	5.000000e+00	5.000000e+00	
1209	6.608900e-03	5.000000e+00	5.000000e+00	5.000000e+00	
1210	6.618900e-03	5.000000e+00	5.000000e+00	5.000000e+00	
1211	6.628900e-03	5.000000e+00	5.000000e+00	5.000000e+00	
1212	6.638900e-03	5.000000e+00	5.000000e+00	5.000000e+00	
1213	6.648900e-03	5.000000e+00	5.000000e+00	5.000000e+00	
1214	6.658900e-03	5.000000e+00	5.000000e+00	5.000000e+00	

Index   time            V(7)            V(8)            V(9)            
--------------------------------------------------------------------------------
1215	6.668900e-03	5.000000e+00	5.000000e+00	5.000000e+00	
1216	6.678900e-03	5.000000e+00	5.000000e+00	5.000000e+00	
1217	6.688900e-03	5.000000e+00	5.000000e+00	5.000000e+00	
1218	6.698900e-03	5.000000e+00	5.000000e+00	5.000000e+00	
1219	6.708900e-03	5.000000e+00	5.000000e+00	5.000000e+00	
1220	6.718900e-03	5.000000e+00	5.000000e+00	5.000000e+00	
1221	6.728900e-03	5.000000e+00	5.000000e+00	5.000000e+00	
1222	6.738900e-03	5.000000e+00	5.000000e+00	5.000000e+00	
1223	6.748900e-03	5.000000e+00	5.000000e+00	5.000000e+00	
1224	6.758900e-03	5.000000e+00	5.000000e+00	5.000000e+00	
1225	6.768900e-03	5.000000e+00	5.000000e+00	5.000000e+00	
1226	6.778900e-03	5.000000e+00	5.000000e+00	5.000000e+00	
1227	6.788900e-03	5.000000e+00	5.000000e+00	5.000000e+00	
1228	6.798900e-03	5.000000e+00	5.000000e+00	5.000000e+00	
1229	6.808900e-03	5.000000e+00	5.000000e+00	5.000000e+00	
1230	6.818900e-03	5.000000e+00	5.000000e+00	5.000000e+00	
1231	6.828900e-03	5.000000e+00	5.000000e+00	5.000000e+00	
1232	6.838900e-03	5.000000e+00	5.000000e+00	5.000000e+00	
1233	6.848900e-03	5.000000e+00	5.000000e+00	5.000000e+00	
1234	6.858900e-03	5.000000e+00	5.000000e+00	5.000000e+00	
1235	6.868900e-03	5.000000e+00	5.000000e+00	5.000000e+00	
1236	6.878900e-03	5.000000e+00	5.000000e+00	5.000000e+00	
1237	6.888900e-03	5.000000e+00	5.000000e+00	5.000000e+00	
1238	6.898900e-03	5.000000e+00	5.000000e+00	5.000000e+00	
1239	6.908900e-03	5.000000e+00	5.000000e+00	5.000000e+00	
1240	6.918900e-03	5.000000e+00	5.000000e+00	5.000000e+00	
1241	6.928900e-03	5.000000e+00	5.000000e+00	5.000000e+00	
1242	6.938900e-03	5.000000e+00	5.000000e+00	5.000000e+00	
1243	6.948900e-03	5.000000e+00	5.000000e+00	5.000000e+00	
1244	6.958900e-03	5.000000e+00	5.000000e+00	5.000000e+00	
1245	6.968900e-03	5.000000e+00	5.000000e+00	5.000000e+00	
1246	6.978900e-03	5.000000e+00	5.000000e+00	5.000000e+00	
1247	6.988900e-03	5.000000e+00	5.000000e+00	5.000000e+00	
1248	6.998900e-03	5.000000e+00	5.000000e+00	5.000000e+00	
1249	7.000010e-03	5.000000e+00	5.000000e+00	5.000000e+00	
1250	7.000011e-03	5.000000e+00	5.000000e+00	5.000000e+00	
1251	7.000013e-03	5.000000e+00	5.000000e+00	5.000000e+00	
1252	7.000017e-03	5.000000e+00	5.000000e+00	5.000000e+00	
1253	7.000020e-03	5.000000e+00	5.000000e+00	5.000000e+00	
1254	7.000021e-03	5.000000e+00	5.000000e+00	5.000000e+00	
1255	7.000022e-03	5.000000e+00	5.000000e+00	5.000000e+00	
1256	7.000022e-03	5.000000e+00	5.000000e+00	5.000000e+00	
1257	7.000022e-03	5.000000e+00	5.000000e+00	5.000000e+00	
1258	7.000023e-03	5.000000e+00	5.000000e+00	5.000000e+00	
1259	7.000023e-03	5.000000e+00	5.000000e+00	5.000000e+00	
1260	7.000023e-03	5.000000e+00	5.000000e+00	5.000000e+00	
1261	7.000023e-03	5.000000e+00	5.000000e+00	5.000000e+00	
1262	7.000023e-03	5.000000e+00	5.000000e+00	5.000000e+00	
1263	7.000024e-03	5.000000e+00	5.000000e+00	5.000000e+00	
1264	7.000024e-03	5.000000e+00	5.000000e+00	5.000000e+00	
1265	7.000024e-03	5.000000e+00	5.000000e+00	5.000000e+00	
1266	7.000024e-03	5.000000e+00	5.000000e+00	5.000000e+00	
1267	7.000024e-03	5.000000e+00	5.000000e+00	5.000000e+00	
1268	7.000024e-03	5.000000e+00	5.000000e+00	5.000000e+00	
1269	7.000024e-03	5.000000e+00	5.000000e+00	5.000000e+00	
1270	7.000024e-03	5.000000e+00	5.000000e+00	5.000000e+00	
1271	7.000024e-03	5.000000e+00	5.000000e+00	5.000000e+00	
1272	7.000024e-03	5.000000e+00	5.000000e+00	5.000000e+00	

Index   time            V(7)            V(8)            V(9)            
--------------------------------------------------------------------------------
1273	7.000024e-03	5.000000e+00	5.000000e+00	5.000000e+00	
1274	7.000025e-03	5.000000e+00	5.000000e+00	5.000000e+00	
1275	7.000025e-03	5.000000e+00	5.000000e+00	5.000000e+00	
1276	7.000025e-03	5.000000e+00	5.000000e+00	5.000000e+00	
1277	7.000025e-03	5.000000e+00	5.000000e+00	5.000000e+00	
1278	7.000025e-03	5.000000e+00	5.000000e+00	5.000000e+00	
1279	7.000025e-03	5.000000e+00	5.000000e+00	5.000000e+00	
1280	7.000025e-03	5.000000e+00	5.000000e+00	5.000000e+00	
1281	7.000025e-03	5.000000e+00	5.000000e+00	5.000000e+00	
1282	7.000025e-03	5.000000e+00	5.000000e+00	5.000000e+00	
1283	7.000025e-03	5.000000e+00	5.000000e+00	5.000000e+00	
1284	7.000025e-03	5.000000e+00	5.000000e+00	5.000000e+00	
1285	7.000026e-03	5.000000e+00	5.000000e+00	5.000000e+00	
1286	7.000026e-03	5.000000e+00	5.000000e+00	5.000000e+00	
1287	7.000027e-03	5.000000e+00	5.000000e+00	5.000000e+00	
1288	7.000027e-03	5.000000e+00	5.000000e+00	5.000000e+00	
1289	7.000027e-03	5.000000e+00	5.000000e+00	5.000000e+00	
1290	7.000028e-03	5.000000e+00	5.000000e+00	5.000000e+00	
1291	7.000028e-03	5.000000e+00	5.000000e+00	5.000000e+00	
1292	7.000028e-03	5.000000e+00	5.000000e+00	5.000000e+00	
1293	7.000028e-03	5.000000e+00	5.000000e+00	5.000000e+00	
1294	7.000028e-03	5.000000e+00	5.000000e+00	5.000000e+00	
1295	7.000029e-03	5.000000e+00	5.000000e+00	5.000000e+00	
1296	7.000030e-03	5.000000e+00	5.000000e+00	5.000000e+00	
1297	7.000032e-03	5.000000e+00	5.000000e+00	5.000000e+00	
1298	7.000037e-03	5.000000e+00	5.000000e+00	5.000000e+00	
1299	7.000046e-03	5.000000e+00	5.000000e+00	5.000000e+00	
1300	7.000065e-03	5.000000e+00	5.000000e+00	5.000000e+00	
1301	7.000102e-03	5.000000e+00	5.000000e+00	5.000000e+00	
1302	7.000175e-03	5.000000e+00	5.000000e+00	5.000000e+00	
1303	7.000323e-03	5.000000e+00	5.000000e+00	5.000000e+00	
1304	7.000618e-03	5.000000e+00	5.000000e+00	5.000000e+00	
1305	7.001207e-03	5.000000e+00	5.000000e+00	5.000000e+00	
1306	7.002387e-03	5.000000e+00	5.000000e+00	5.000000e+00	
1307	7.004746e-03	5.000000e+00	5.000000e+00	5.000000e+00	
1308	7.009465e-03	5.000000e+00	5.000000e+00	5.000000e+00	
1309	7.018902e-03	5.000000e+00	5.000000e+00	5.000000e+00	
1310	7.028902e-03	5.000000e+00	5.000000e+00	5.000000e+00	
1311	7.038902e-03	5.000000e+00	5.000000e+00	5.000000e+00	
1312	7.048902e-03	5.000000e+00	5.000000e+00	5.000000e+00	
1313	7.058902e-03	5.000000e+00	5.000000e+00	5.000000e+00	
1314	7.068902e-03	5.000000e+00	5.000000e+00	5.000000e+00	
1315	7.078902e-03	5.000000e+00	5.000000e+00	5.000000e+00	
1316	7.088902e-03	5.000000e+00	5.000000e+00	5.000000e+00	
1317	7.098902e-03	5.000000e+00	5.000000e+00	5.000000e+00	
1318	7.108902e-03	5.000000e+00	5.000000e+00	5.000000e+00	
1319	7.118902e-03	5.000000e+00	5.000000e+00	5.000000e+00	
1320	7.128902e-03	5.000000e+00	5.000000e+00	5.000000e+00	
1321	7.138902e-03	5.000000e+00	5.000000e+00	5.000000e+00	
1322	7.148902e-03	5.000000e+00	5.000000e+00	5.000000e+00	
1323	7.158902e-03	5.000000e+00	5.000000e+00	5.000000e+00	
1324	7.168902e-03	5.000000e+00	5.000000e+00	5.000000e+00	
1325	7.178902e-03	5.000000e+00	5.000000e+00	5.000000e+00	
1326	7.188902e-03	5.000000e+00	5.000000e+00	5.000000e+00	
1327	7.198902e-03	5.000000e+00	5.000000e+00	5.000000e+00	
1328	7.208902e-03	5.000000e+00	5.000000e+00	5.000000e+00	
1329	7.218902e-03	5.000000e+00	5.000000e+00	5.000000e+00	
1330	7.228902e-03	5.000000e+00	5.000000e+00	5.000000e+00	

Index   time            V(7)            V(8)            V(9)            
--------------------------------------------------------------------------------
1331	7.238902e-03	5.000000e+00	5.000000e+00	5.000000e+00	
1332	7.248902e-03	5.000000e+00	5.000000e+00	5.000000e+00	
1333	7.258902e-03	5.000000e+00	5.000000e+00	5.000000e+00	
1334	7.268902e-03	5.000000e+00	5.000000e+00	5.000000e+00	
1335	7.278902e-03	5.000000e+00	5.000000e+00	5.000000e+00	
1336	7.288902e-03	5.000000e+00	5.000000e+00	5.000000e+00	
1337	7.298902e-03	5.000000e+00	5.000000e+00	5.000000e+00	
1338	7.308902e-03	5.000000e+00	5.000000e+00	5.000000e+00	
1339	7.318902e-03	5.000000e+00	5.000000e+00	5.000000e+00	
1340	7.328902e-03	5.000000e+00	5.000000e+00	5.000000e+00	
1341	7.338902e-03	5.000000e+00	5.000000e+00	5.000000e+00	
1342	7.348902e-03	5.000000e+00	5.000000e+00	5.000000e+00	
1343	7.358902e-03	5.000000e+00	5.000000e+00	5.000000e+00	
1344	7.368902e-03	5.000000e+00	5.000000e+00	5.000000e+00	
1345	7.378902e-03	5.000000e+00	5.000000e+00	5.000000e+00	
1346	7.388902e-03	5.000000e+00	5.000000e+00	5.000000e+00	
1347	7.398902e-03	5.000000e+00	5.000000e+00	5.000000e+00	
1348	7.408902e-03	5.000000e+00	5.000000e+00	5.000000e+00	
1349	7.418902e-03	5.000000e+00	5.000000e+00	5.000000e+00	
1350	7.428902e-03	5.000000e+00	5.000000e+00	5.000000e+00	
1351	7.438902e-03	5.000000e+00	5.000000e+00	5.000000e+00	
1352	7.448902e-03	5.000000e+00	5.000000e+00	5.000000e+00	
1353	7.458902e-03	5.000000e+00	5.000000e+00	5.000000e+00	
1354	7.468902e-03	5.000000e+00	5.000000e+00	5.000000e+00	
1355	7.478902e-03	5.000000e+00	5.000000e+00	5.000000e+00	
1356	7.488902e-03	5.000000e+00	5.000000e+00	5.000000e+00	
1357	7.498902e-03	5.000000e+00	5.000000e+00	5.000000e+00	
1358	7.508902e-03	5.000000e+00	5.000000e+00	5.000000e+00	
1359	7.518902e-03	5.000000e+00	5.000000e+00	5.000000e+00	
1360	7.528902e-03	5.000000e+00	5.000000e+00	5.000000e+00	
1361	7.538902e-03	5.000000e+00	5.000000e+00	5.000000e+00	
1362	7.548902e-03	5.000000e+00	5.000000e+00	5.000000e+00	
1363	7.558902e-03	5.000000e+00	5.000000e+00	5.000000e+00	
1364	7.568902e-03	5.000000e+00	5.000000e+00	5.000000e+00	
1365	7.578902e-03	5.000000e+00	5.000000e+00	5.000000e+00	
1366	7.588902e-03	5.000000e+00	5.000000e+00	5.000000e+00	
1367	7.598902e-03	5.000000e+00	5.000000e+00	5.000000e+00	
1368	7.608902e-03	5.000000e+00	5.000000e+00	5.000000e+00	
1369	7.618902e-03	5.000000e+00	5.000000e+00	5.000000e+00	
1370	7.628902e-03	5.000000e+00	5.000000e+00	5.000000e+00	
1371	7.638902e-03	5.000000e+00	5.000000e+00	5.000000e+00	
1372	7.648902e-03	5.000000e+00	5.000000e+00	5.000000e+00	
1373	7.658902e-03	5.000000e+00	5.000000e+00	5.000000e+00	
1374	7.668902e-03	5.000000e+00	5.000000e+00	5.000000e+00	
1375	7.678902e-03	5.000000e+00	5.000000e+00	5.000000e+00	
1376	7.688902e-03	5.000000e+00	5.000000e+00	5.000000e+00	
1377	7.698902e-03	5.000000e+00	5.000000e+00	5.000000e+00	
1378	7.708902e-03	5.000000e+00	5.000000e+00	5.000000e+00	
1379	7.718902e-03	5.000000e+00	5.000000e+00	5.000000e+00	
1380	7.728902e-03	5.000000e+00	5.000000e+00	5.000000e+00	
1381	7.738902e-03	5.000000e+00	5.000000e+00	5.000000e+00	
1382	7.748902e-03	5.000000e+00	5.000000e+00	5.000000e+00	
1383	7.758902e-03	5.000000e+00	5.000000e+00	5.000000e+00	
1384	7.768902e-03	5.000000e+00	5.000000e+00	5.000000e+00	
1385	7.778902e-03	5.000000e+00	5.000000e+00	5.000000e+00	
1386	7.788902e-03	5.000000e+00	5.000000e+00	5.000000e+00	
1387	7.798902e-03	5.000000e+00	5.000000e+00	5.000000e+00	
1388	7.808902e-03	5.000000e+00	5.000000e+00	5.000000e+00	

Index   time            V(7)            V(8)            V(9)            
--------------------------------------------------------------------------------
1389	7.818902e-03	5.000000e+00	5.000000e+00	5.000000e+00	
1390	7.828902e-03	5.000000e+00	5.000000e+00	5.000000e+00	
1391	7.838902e-03	5.000000e+00	5.000000e+00	5.000000e+00	
1392	7.848902e-03	5.000000e+00	5.000000e+00	5.000000e+00	
1393	7.858902e-03	5.000000e+00	5.000000e+00	5.000000e+00	
1394	7.868902e-03	5.000000e+00	5.000000e+00	5.000000e+00	
1395	7.878902e-03	5.000000e+00	5.000000e+00	5.000000e+00	
1396	7.888902e-03	5.000000e+00	5.000000e+00	5.000000e+00	
1397	7.898902e-03	5.000000e+00	5.000000e+00	5.000000e+00	
1398	7.908902e-03	5.000000e+00	5.000000e+00	5.000000e+00	
1399	7.918902e-03	5.000000e+00	5.000000e+00	5.000000e+00	
1400	7.928902e-03	5.000000e+00	5.000000e+00	5.000000e+00	
1401	7.938902e-03	5.000000e+00	5.000000e+00	5.000000e+00	
1402	7.948902e-03	5.000000e+00	5.000000e+00	5.000000e+00	
1403	7.958902e-03	5.000000e+00	5.000000e+00	5.000000e+00	
1404	7.968902e-03	5.000000e+00	5.000000e+00	5.000000e+00	
1405	7.978902e-03	5.000000e+00	5.000000e+00	5.000000e+00	
1406	7.988902e-03	5.000000e+00	5.000000e+00	5.000000e+00	
1407	7.998902e-03	5.000000e+00	5.000000e+00	5.000000e+00	
1408	8.000000e-03	5.000000e+00	5.000000e+00	5.000000e+00	

                                kicad schematic
                                Transient Analysis  Thu Nov 06 13:44:55  2025
--------------------------------------------------------------------------------
Index   time            V(10)           V(12)           V(13)           
--------------------------------------------------------------------------------
0	0.000000e+00	5.000000e+00	0.000000e+00	5.000000e+00	
1	1.000000e-10	5.000000e+00	5.000000e-02	4.950000e+00	
2	2.000000e-10	5.000000e+00	1.000000e-01	4.900000e+00	
3	4.000000e-10	5.000000e+00	2.000000e-01	4.800000e+00	
4	8.000000e-10	5.000000e+00	4.000000e-01	4.600000e+00	
5	1.600000e-09	5.000000e+00	8.000000e-01	4.200000e+00	
6	3.200000e-09	5.000000e+00	1.600000e+00	3.400000e+00	
7	6.400000e-09	5.000000e+00	3.200000e+00	1.800000e+00	
8	8.200000e-09	5.000000e+00	4.100000e+00	9.000000e-01	
9	8.210000e-09	5.000000e+00	4.105000e+00	8.950000e-01	
10	8.230000e-09	5.000000e+00	4.115000e+00	8.850000e-01	
11	8.270000e-09	5.000000e+00	4.135000e+00	8.650000e-01	
12	8.300000e-09	5.000000e+00	4.150000e+00	8.500000e-01	
13	8.308000e-09	5.000000e+00	4.154000e+00	8.460000e-01	
14	8.324000e-09	5.000000e+00	4.162000e+00	8.380000e-01	
15	8.356000e-09	5.000000e+00	4.178000e+00	8.220000e-01	
16	8.420000e-09	5.000000e+00	4.210000e+00	7.900000e-01	
17	8.548000e-09	5.000000e+00	4.274000e+00	7.260000e-01	
18	8.804000e-09	5.000000e+00	4.402000e+00	5.980000e-01	
19	9.316000e-09	5.000000e+00	4.658000e+00	3.420000e-01	
20	1.000000e-08	5.000000e+00	5.000000e+00	0.000000e+00	
21	1.010240e-08	5.000000e+00	5.000000e+00	0.000000e+00	
22	1.020000e-08	5.000000e+00	5.000000e+00	0.000000e+00	
23	1.022048e-08	4.897600e+00	5.000000e+00	0.000000e+00	
24	1.026144e-08	4.692800e+00	5.000000e+00	0.000000e+00	
25	1.034336e-08	4.283200e+00	5.000000e+00	0.000000e+00	
26	1.050720e-08	3.464000e+00	5.000000e+00	0.000000e+00	
27	1.083488e-08	1.825600e+00	5.000000e+00	0.000000e+00	
28	1.110000e-08	5.000000e-01	5.000000e+00	0.000000e+00	
29	1.116554e-08	5.000000e-01	5.000000e+00	0.000000e+00	
30	1.129661e-08	5.000000e-01	5.000000e+00	0.000000e+00	
31	1.140000e-08	5.000000e-01	5.000000e+00	0.000000e+00	
32	1.142621e-08	6.310720e-01	5.000000e+00	0.000000e+00	
33	1.147864e-08	8.932160e-01	5.000000e+00	0.000000e+00	
34	1.158350e-08	1.417504e+00	5.000000e+00	0.000000e+00	
35	1.179322e-08	2.466080e+00	5.000000e+00	0.000000e+00	
36	1.221265e-08	4.563232e+00	5.000000e+00	0.000000e+00	
37	1.230000e-08	5.000000e+00	5.000000e+00	0.000000e+00	
38	1.238389e-08	5.000000e+00	5.000000e+00	0.000000e+00	
39	1.255166e-08	5.000000e+00	5.000000e+00	0.000000e+00	
40	1.288720e-08	5.000000e+00	5.000000e+00	0.000000e+00	
41	1.340000e-08	5.000000e+00	5.000000e+00	0.000000e+00	
42	1.341000e-08	5.000000e+00	5.000000e+00	0.000000e+00	
43	1.343000e-08	5.000000e+00	5.000000e+00	0.000000e+00	
44	1.347000e-08	5.000000e+00	5.000000e+00	0.000000e+00	
45	1.350000e-08	5.000000e+00	5.000000e+00	0.000000e+00	
46	1.350800e-08	5.000000e+00	5.000000e+00	0.000000e+00	
47	1.352400e-08	5.000000e+00	5.000000e+00	0.000000e+00	
48	1.355600e-08	5.000000e+00	5.000000e+00	0.000000e+00	
49	1.362000e-08	5.000000e+00	5.000000e+00	0.000000e+00	
50	1.374800e-08	5.000000e+00	5.000000e+00	0.000000e+00	
51	1.400400e-08	5.000000e+00	5.000000e+00	0.000000e+00	
52	1.451600e-08	5.000000e+00	5.000000e+00	0.000000e+00	
53	1.554000e-08	5.000000e+00	5.000000e+00	0.000000e+00	
54	1.758800e-08	5.000000e+00	5.000000e+00	0.000000e+00	

Index   time            V(10)           V(12)           V(13)           
--------------------------------------------------------------------------------
55	2.168400e-08	5.000000e+00	5.000000e+00	0.000000e+00	
56	2.987600e-08	5.000000e+00	5.000000e+00	0.000000e+00	
57	4.626000e-08	5.000000e+00	5.000000e+00	0.000000e+00	
58	7.902800e-08	5.000000e+00	5.000000e+00	0.000000e+00	
59	1.445640e-07	5.000000e+00	5.000000e+00	0.000000e+00	
60	2.756360e-07	5.000000e+00	5.000000e+00	0.000000e+00	
61	5.377800e-07	5.000000e+00	5.000000e+00	0.000000e+00	
62	1.062068e-06	5.000000e+00	5.000000e+00	0.000000e+00	
63	2.110644e-06	5.000000e+00	5.000000e+00	0.000000e+00	
64	4.207796e-06	5.000000e+00	5.000000e+00	0.000000e+00	
65	8.402100e-06	5.000000e+00	5.000000e+00	0.000000e+00	
66	1.679071e-05	5.000000e+00	5.000000e+00	0.000000e+00	
67	2.679071e-05	5.000000e+00	5.000000e+00	0.000000e+00	
68	3.679071e-05	5.000000e+00	5.000000e+00	0.000000e+00	
69	4.679071e-05	5.000000e+00	5.000000e+00	0.000000e+00	
70	5.679071e-05	5.000000e+00	5.000000e+00	0.000000e+00	
71	6.679071e-05	5.000000e+00	5.000000e+00	0.000000e+00	
72	7.679071e-05	5.000000e+00	5.000000e+00	0.000000e+00	
73	8.679071e-05	5.000000e+00	5.000000e+00	0.000000e+00	
74	9.679071e-05	5.000000e+00	5.000000e+00	0.000000e+00	
75	1.067907e-04	5.000000e+00	5.000000e+00	0.000000e+00	
76	1.167907e-04	5.000000e+00	5.000000e+00	0.000000e+00	
77	1.267907e-04	5.000000e+00	5.000000e+00	0.000000e+00	
78	1.367907e-04	5.000000e+00	5.000000e+00	0.000000e+00	
79	1.467907e-04	5.000000e+00	5.000000e+00	0.000000e+00	
80	1.567907e-04	5.000000e+00	5.000000e+00	0.000000e+00	
81	1.667907e-04	5.000000e+00	5.000000e+00	0.000000e+00	
82	1.767907e-04	5.000000e+00	5.000000e+00	0.000000e+00	
83	1.867907e-04	5.000000e+00	5.000000e+00	0.000000e+00	
84	1.967907e-04	5.000000e+00	5.000000e+00	0.000000e+00	
85	2.067907e-04	5.000000e+00	5.000000e+00	0.000000e+00	
86	2.167907e-04	5.000000e+00	5.000000e+00	0.000000e+00	
87	2.267907e-04	5.000000e+00	5.000000e+00	0.000000e+00	
88	2.367907e-04	5.000000e+00	5.000000e+00	0.000000e+00	
89	2.467907e-04	5.000000e+00	5.000000e+00	0.000000e+00	
90	2.567907e-04	5.000000e+00	5.000000e+00	0.000000e+00	
91	2.667907e-04	5.000000e+00	5.000000e+00	0.000000e+00	
92	2.767907e-04	5.000000e+00	5.000000e+00	0.000000e+00	
93	2.867907e-04	5.000000e+00	5.000000e+00	0.000000e+00	
94	2.967907e-04	5.000000e+00	5.000000e+00	0.000000e+00	
95	3.067907e-04	5.000000e+00	5.000000e+00	0.000000e+00	
96	3.167907e-04	5.000000e+00	5.000000e+00	0.000000e+00	
97	3.267907e-04	5.000000e+00	5.000000e+00	0.000000e+00	
98	3.367907e-04	5.000000e+00	5.000000e+00	0.000000e+00	
99	3.467907e-04	5.000000e+00	5.000000e+00	0.000000e+00	
100	3.567907e-04	5.000000e+00	5.000000e+00	0.000000e+00	
101	3.667907e-04	5.000000e+00	5.000000e+00	0.000000e+00	
102	3.767907e-04	5.000000e+00	5.000000e+00	0.000000e+00	
103	3.867907e-04	5.000000e+00	5.000000e+00	0.000000e+00	
104	3.967907e-04	5.000000e+00	5.000000e+00	0.000000e+00	
105	4.067907e-04	5.000000e+00	5.000000e+00	0.000000e+00	
106	4.167907e-04	5.000000e+00	5.000000e+00	0.000000e+00	
107	4.267907e-04	5.000000e+00	5.000000e+00	0.000000e+00	
108	4.367907e-04	5.000000e+00	5.000000e+00	0.000000e+00	
109	4.467907e-04	5.000000e+00	5.000000e+00	0.000000e+00	
110	4.567907e-04	5.000000e+00	5.000000e+00	0.000000e+00	
111	4.667907e-04	5.000000e+00	5.000000e+00	0.000000e+00	
112	4.767907e-04	5.000000e+00	5.000000e+00	0.000000e+00	

Index   time            V(10)           V(12)           V(13)           
--------------------------------------------------------------------------------
113	4.867907e-04	5.000000e+00	5.000000e+00	0.000000e+00	
114	4.967907e-04	5.000000e+00	5.000000e+00	0.000000e+00	
115	5.067907e-04	5.000000e+00	5.000000e+00	0.000000e+00	
116	5.167907e-04	5.000000e+00	5.000000e+00	0.000000e+00	
117	5.267907e-04	5.000000e+00	5.000000e+00	0.000000e+00	
118	5.367907e-04	5.000000e+00	5.000000e+00	0.000000e+00	
119	5.467907e-04	5.000000e+00	5.000000e+00	0.000000e+00	
120	5.567907e-04	5.000000e+00	5.000000e+00	0.000000e+00	
121	5.667907e-04	5.000000e+00	5.000000e+00	0.000000e+00	
122	5.767907e-04	5.000000e+00	5.000000e+00	0.000000e+00	
123	5.867907e-04	5.000000e+00	5.000000e+00	0.000000e+00	
124	5.967907e-04	5.000000e+00	5.000000e+00	0.000000e+00	
125	6.067907e-04	5.000000e+00	5.000000e+00	0.000000e+00	
126	6.167907e-04	5.000000e+00	5.000000e+00	0.000000e+00	
127	6.267907e-04	5.000000e+00	5.000000e+00	0.000000e+00	
128	6.367907e-04	5.000000e+00	5.000000e+00	0.000000e+00	
129	6.467907e-04	5.000000e+00	5.000000e+00	0.000000e+00	
130	6.567907e-04	5.000000e+00	5.000000e+00	0.000000e+00	
131	6.667907e-04	5.000000e+00	5.000000e+00	0.000000e+00	
132	6.767907e-04	5.000000e+00	5.000000e+00	0.000000e+00	
133	6.867907e-04	5.000000e+00	5.000000e+00	0.000000e+00	
134	6.967907e-04	5.000000e+00	5.000000e+00	0.000000e+00	
135	7.067907e-04	5.000000e+00	5.000000e+00	0.000000e+00	
136	7.167907e-04	5.000000e+00	5.000000e+00	0.000000e+00	
137	7.267907e-04	5.000000e+00	5.000000e+00	0.000000e+00	
138	7.367907e-04	5.000000e+00	5.000000e+00	0.000000e+00	
139	7.467907e-04	5.000000e+00	5.000000e+00	0.000000e+00	
140	7.567907e-04	5.000000e+00	5.000000e+00	0.000000e+00	
141	7.667907e-04	5.000000e+00	5.000000e+00	0.000000e+00	
142	7.767907e-04	5.000000e+00	5.000000e+00	0.000000e+00	
143	7.867907e-04	5.000000e+00	5.000000e+00	0.000000e+00	
144	7.967907e-04	5.000000e+00	5.000000e+00	0.000000e+00	
145	8.067907e-04	5.000000e+00	5.000000e+00	0.000000e+00	
146	8.167907e-04	5.000000e+00	5.000000e+00	0.000000e+00	
147	8.267907e-04	5.000000e+00	5.000000e+00	0.000000e+00	
148	8.367907e-04	5.000000e+00	5.000000e+00	0.000000e+00	
149	8.467907e-04	5.000000e+00	5.000000e+00	0.000000e+00	
150	8.567907e-04	5.000000e+00	5.000000e+00	0.000000e+00	
151	8.667907e-04	5.000000e+00	5.000000e+00	0.000000e+00	
152	8.767907e-04	5.000000e+00	5.000000e+00	0.000000e+00	
153	8.867907e-04	5.000000e+00	5.000000e+00	0.000000e+00	
154	8.967907e-04	5.000000e+00	5.000000e+00	0.000000e+00	
155	9.067907e-04	5.000000e+00	5.000000e+00	0.000000e+00	
156	9.167907e-04	5.000000e+00	5.000000e+00	0.000000e+00	
157	9.267907e-04	5.000000e+00	5.000000e+00	0.000000e+00	
158	9.367907e-04	5.000000e+00	5.000000e+00	0.000000e+00	
159	9.467907e-04	5.000000e+00	5.000000e+00	0.000000e+00	
160	9.567907e-04	5.000000e+00	5.000000e+00	0.000000e+00	
161	9.667907e-04	5.000000e+00	5.000000e+00	0.000000e+00	
162	9.767907e-04	5.000000e+00	5.000000e+00	0.000000e+00	
163	9.867907e-04	5.000000e+00	5.000000e+00	0.000000e+00	
164	9.967907e-04	5.000000e+00	5.000000e+00	0.000000e+00	
165	1.000010e-03	5.000000e+00	5.000000e+00	0.000000e+00	
166	1.000011e-03	5.000000e+00	5.000000e+00	0.000000e+00	
167	1.000013e-03	5.000000e+00	5.000000e+00	0.000000e+00	
168	1.000017e-03	5.000000e+00	5.000000e+00	0.000000e+00	
169	1.000020e-03	5.000000e+00	5.000000e+00	0.000000e+00	
170	1.000021e-03	5.000000e+00	5.000000e+00	0.000000e+00	

Index   time            V(10)           V(12)           V(13)           
--------------------------------------------------------------------------------
171	1.000022e-03	5.000000e+00	5.000000e+00	0.000000e+00	
172	1.000022e-03	5.000000e+00	5.000000e+00	0.000000e+00	
173	1.000022e-03	5.000000e+00	5.000000e+00	0.000000e+00	
174	1.000023e-03	5.000000e+00	5.000000e+00	0.000000e+00	
175	1.000023e-03	5.000000e+00	5.000000e+00	0.000000e+00	
176	1.000023e-03	5.000000e+00	5.000000e+00	0.000000e+00	
177	1.000023e-03	5.000000e+00	5.000000e+00	0.000000e+00	
178	1.000023e-03	5.000000e+00	5.000000e+00	0.000000e+00	
179	1.000024e-03	5.000000e+00	5.000000e+00	0.000000e+00	
180	1.000024e-03	5.000000e+00	5.000000e+00	0.000000e+00	
181	1.000024e-03	5.000000e+00	5.000000e+00	0.000000e+00	
182	1.000024e-03	5.000000e+00	5.000000e+00	0.000000e+00	
183	1.000024e-03	5.000000e+00	5.000000e+00	0.000000e+00	
184	1.000024e-03	5.000000e+00	5.000000e+00	0.000000e+00	
185	1.000024e-03	5.000000e+00	5.000000e+00	0.000000e+00	
186	1.000024e-03	5.000000e+00	5.000000e+00	0.000000e+00	
187	1.000024e-03	5.000000e+00	5.000000e+00	0.000000e+00	
188	1.000024e-03	5.000000e+00	5.000000e+00	0.000000e+00	
189	1.000024e-03	5.000000e+00	5.000000e+00	0.000000e+00	
190	1.000025e-03	5.000000e+00	5.000000e+00	0.000000e+00	
191	1.000025e-03	5.000000e+00	5.000000e+00	0.000000e+00	
192	1.000025e-03	5.000000e+00	5.000000e+00	0.000000e+00	
193	1.000025e-03	5.000000e+00	5.000000e+00	0.000000e+00	
194	1.000025e-03	5.000000e+00	5.000000e+00	0.000000e+00	
195	1.000025e-03	5.000000e+00	5.000000e+00	0.000000e+00	
196	1.000025e-03	5.000000e+00	5.000000e+00	0.000000e+00	
197	1.000025e-03	5.000000e+00	5.000000e+00	0.000000e+00	
198	1.000025e-03	5.000000e+00	5.000000e+00	0.000000e+00	
199	1.000025e-03	5.000000e+00	5.000000e+00	0.000000e+00	
200	1.000025e-03	5.000000e+00	5.000000e+00	0.000000e+00	
201	1.000026e-03	5.000000e+00	5.000000e+00	0.000000e+00	
202	1.000026e-03	5.000000e+00	5.000000e+00	0.000000e+00	
203	1.000027e-03	5.000000e+00	5.000000e+00	0.000000e+00	
204	1.000027e-03	5.000000e+00	5.000000e+00	0.000000e+00	
205	1.000027e-03	5.000000e+00	5.000000e+00	0.000000e+00	
206	1.000028e-03	5.000000e+00	5.000000e+00	0.000000e+00	
207	1.000028e-03	5.000000e+00	5.000000e+00	0.000000e+00	
208	1.000028e-03	5.000000e+00	5.000000e+00	0.000000e+00	
209	1.000028e-03	5.000000e+00	5.000000e+00	0.000000e+00	
210	1.000028e-03	5.000000e+00	5.000000e+00	0.000000e+00	
211	1.000029e-03	5.000000e+00	5.000000e+00	0.000000e+00	
212	1.000030e-03	5.000000e+00	5.000000e+00	0.000000e+00	
213	1.000032e-03	5.000000e+00	5.000000e+00	0.000000e+00	
214	1.000037e-03	5.000000e+00	5.000000e+00	0.000000e+00	
215	1.000046e-03	5.000000e+00	5.000000e+00	0.000000e+00	
216	1.000065e-03	5.000000e+00	5.000000e+00	0.000000e+00	
217	1.000102e-03	5.000000e+00	5.000000e+00	0.000000e+00	
218	1.000175e-03	5.000000e+00	5.000000e+00	0.000000e+00	
219	1.000323e-03	5.000000e+00	5.000000e+00	0.000000e+00	
220	1.000618e-03	5.000000e+00	5.000000e+00	0.000000e+00	
221	1.001207e-03	5.000000e+00	5.000000e+00	0.000000e+00	
222	1.002387e-03	5.000000e+00	5.000000e+00	0.000000e+00	
223	1.004746e-03	5.000000e+00	5.000000e+00	0.000000e+00	
224	1.009465e-03	5.000000e+00	5.000000e+00	0.000000e+00	
225	1.018902e-03	5.000000e+00	5.000000e+00	0.000000e+00	
226	1.028902e-03	5.000000e+00	5.000000e+00	0.000000e+00	
227	1.038902e-03	5.000000e+00	5.000000e+00	0.000000e+00	
228	1.048902e-03	5.000000e+00	5.000000e+00	0.000000e+00	

Index   time            V(10)           V(12)           V(13)           
--------------------------------------------------------------------------------
229	1.058902e-03	5.000000e+00	5.000000e+00	0.000000e+00	
230	1.068902e-03	5.000000e+00	5.000000e+00	0.000000e+00	
231	1.078902e-03	5.000000e+00	5.000000e+00	0.000000e+00	
232	1.088902e-03	5.000000e+00	5.000000e+00	0.000000e+00	
233	1.098902e-03	5.000000e+00	5.000000e+00	0.000000e+00	
234	1.108902e-03	5.000000e+00	5.000000e+00	0.000000e+00	
235	1.118902e-03	5.000000e+00	5.000000e+00	0.000000e+00	
236	1.128902e-03	5.000000e+00	5.000000e+00	0.000000e+00	
237	1.138902e-03	5.000000e+00	5.000000e+00	0.000000e+00	
238	1.148902e-03	5.000000e+00	5.000000e+00	0.000000e+00	
239	1.158902e-03	5.000000e+00	5.000000e+00	0.000000e+00	
240	1.168902e-03	5.000000e+00	5.000000e+00	0.000000e+00	
241	1.178902e-03	5.000000e+00	5.000000e+00	0.000000e+00	
242	1.188902e-03	5.000000e+00	5.000000e+00	0.000000e+00	
243	1.198902e-03	5.000000e+00	5.000000e+00	0.000000e+00	
244	1.208902e-03	5.000000e+00	5.000000e+00	0.000000e+00	
245	1.218902e-03	5.000000e+00	5.000000e+00	0.000000e+00	
246	1.228902e-03	5.000000e+00	5.000000e+00	0.000000e+00	
247	1.238902e-03	5.000000e+00	5.000000e+00	0.000000e+00	
248	1.248902e-03	5.000000e+00	5.000000e+00	0.000000e+00	
249	1.258902e-03	5.000000e+00	5.000000e+00	0.000000e+00	
250	1.268902e-03	5.000000e+00	5.000000e+00	0.000000e+00	
251	1.278902e-03	5.000000e+00	5.000000e+00	0.000000e+00	
252	1.288902e-03	5.000000e+00	5.000000e+00	0.000000e+00	
253	1.298902e-03	5.000000e+00	5.000000e+00	0.000000e+00	
254	1.308902e-03	5.000000e+00	5.000000e+00	0.000000e+00	
255	1.318902e-03	5.000000e+00	5.000000e+00	0.000000e+00	
256	1.328902e-03	5.000000e+00	5.000000e+00	0.000000e+00	
257	1.338902e-03	5.000000e+00	5.000000e+00	0.000000e+00	
258	1.348902e-03	5.000000e+00	5.000000e+00	0.000000e+00	
259	1.358902e-03	5.000000e+00	5.000000e+00	0.000000e+00	
260	1.368902e-03	5.000000e+00	5.000000e+00	0.000000e+00	
261	1.378902e-03	5.000000e+00	5.000000e+00	0.000000e+00	
262	1.388902e-03	5.000000e+00	5.000000e+00	0.000000e+00	
263	1.398902e-03	5.000000e+00	5.000000e+00	0.000000e+00	
264	1.408902e-03	5.000000e+00	5.000000e+00	0.000000e+00	
265	1.418902e-03	5.000000e+00	5.000000e+00	0.000000e+00	
266	1.428902e-03	5.000000e+00	5.000000e+00	0.000000e+00	
267	1.438902e-03	5.000000e+00	5.000000e+00	0.000000e+00	
268	1.448902e-03	5.000000e+00	5.000000e+00	0.000000e+00	
269	1.458902e-03	5.000000e+00	5.000000e+00	0.000000e+00	
270	1.468902e-03	5.000000e+00	5.000000e+00	0.000000e+00	
271	1.478902e-03	5.000000e+00	5.000000e+00	0.000000e+00	
272	1.488902e-03	5.000000e+00	5.000000e+00	0.000000e+00	
273	1.498902e-03	5.000000e+00	5.000000e+00	0.000000e+00	
274	1.508902e-03	5.000000e+00	5.000000e+00	0.000000e+00	
275	1.518902e-03	5.000000e+00	5.000000e+00	0.000000e+00	
276	1.528902e-03	5.000000e+00	5.000000e+00	0.000000e+00	
277	1.538902e-03	5.000000e+00	5.000000e+00	0.000000e+00	
278	1.548902e-03	5.000000e+00	5.000000e+00	0.000000e+00	
279	1.558902e-03	5.000000e+00	5.000000e+00	0.000000e+00	
280	1.568902e-03	5.000000e+00	5.000000e+00	0.000000e+00	
281	1.578902e-03	5.000000e+00	5.000000e+00	0.000000e+00	
282	1.588902e-03	5.000000e+00	5.000000e+00	0.000000e+00	
283	1.598902e-03	5.000000e+00	5.000000e+00	0.000000e+00	
284	1.608902e-03	5.000000e+00	5.000000e+00	0.000000e+00	
285	1.618902e-03	5.000000e+00	5.000000e+00	0.000000e+00	
286	1.628902e-03	5.000000e+00	5.000000e+00	0.000000e+00	

Index   time            V(10)           V(12)           V(13)           
--------------------------------------------------------------------------------
287	1.638902e-03	5.000000e+00	5.000000e+00	0.000000e+00	
288	1.648902e-03	5.000000e+00	5.000000e+00	0.000000e+00	
289	1.658902e-03	5.000000e+00	5.000000e+00	0.000000e+00	
290	1.668902e-03	5.000000e+00	5.000000e+00	0.000000e+00	
291	1.678902e-03	5.000000e+00	5.000000e+00	0.000000e+00	
292	1.688902e-03	5.000000e+00	5.000000e+00	0.000000e+00	
293	1.698902e-03	5.000000e+00	5.000000e+00	0.000000e+00	
294	1.708902e-03	5.000000e+00	5.000000e+00	0.000000e+00	
295	1.718902e-03	5.000000e+00	5.000000e+00	0.000000e+00	
296	1.728902e-03	5.000000e+00	5.000000e+00	0.000000e+00	
297	1.738902e-03	5.000000e+00	5.000000e+00	0.000000e+00	
298	1.748902e-03	5.000000e+00	5.000000e+00	0.000000e+00	
299	1.758902e-03	5.000000e+00	5.000000e+00	0.000000e+00	
300	1.768902e-03	5.000000e+00	5.000000e+00	0.000000e+00	
301	1.778902e-03	5.000000e+00	5.000000e+00	0.000000e+00	
302	1.788902e-03	5.000000e+00	5.000000e+00	0.000000e+00	
303	1.798902e-03	5.000000e+00	5.000000e+00	0.000000e+00	
304	1.808902e-03	5.000000e+00	5.000000e+00	0.000000e+00	
305	1.818902e-03	5.000000e+00	5.000000e+00	0.000000e+00	
306	1.828902e-03	5.000000e+00	5.000000e+00	0.000000e+00	
307	1.838902e-03	5.000000e+00	5.000000e+00	0.000000e+00	
308	1.848902e-03	5.000000e+00	5.000000e+00	0.000000e+00	
309	1.858902e-03	5.000000e+00	5.000000e+00	0.000000e+00	
310	1.868902e-03	5.000000e+00	5.000000e+00	0.000000e+00	
311	1.878902e-03	5.000000e+00	5.000000e+00	0.000000e+00	
312	1.888902e-03	5.000000e+00	5.000000e+00	0.000000e+00	
313	1.898902e-03	5.000000e+00	5.000000e+00	0.000000e+00	
314	1.908902e-03	5.000000e+00	5.000000e+00	0.000000e+00	
315	1.918902e-03	5.000000e+00	5.000000e+00	0.000000e+00	
316	1.928902e-03	5.000000e+00	5.000000e+00	0.000000e+00	
317	1.938902e-03	5.000000e+00	5.000000e+00	0.000000e+00	
318	1.948902e-03	5.000000e+00	5.000000e+00	0.000000e+00	
319	1.958902e-03	5.000000e+00	5.000000e+00	0.000000e+00	
320	1.968902e-03	5.000000e+00	5.000000e+00	0.000000e+00	
321	1.978902e-03	5.000000e+00	5.000000e+00	0.000000e+00	
322	1.988902e-03	5.000000e+00	5.000000e+00	0.000000e+00	
323	1.998902e-03	5.000000e+00	5.000000e+00	0.000000e+00	
324	2.000000e-03	5.000000e+00	5.000000e+00	0.000000e+00	
325	2.000001e-03	5.000000e+00	5.000000e+00	0.000000e+00	
326	2.000003e-03	5.000000e+00	5.000000e+00	0.000000e+00	
327	2.000007e-03	5.000000e+00	5.000000e+00	0.000000e+00	
328	2.000008e-03	5.000000e+00	5.000000e+00	0.000000e+00	
329	2.000008e-03	5.000000e+00	5.000000e+00	0.000000e+00	
330	2.000008e-03	5.000000e+00	5.000000e+00	0.000000e+00	
331	2.000008e-03	5.000000e+00	5.000000e+00	0.000000e+00	
332	2.000008e-03	5.000000e+00	5.000000e+00	0.000000e+00	
333	2.000008e-03	5.000000e+00	5.000000e+00	0.000000e+00	
334	2.000008e-03	5.000000e+00	5.000000e+00	0.000000e+00	
335	2.000008e-03	5.000000e+00	5.000000e+00	0.000000e+00	
336	2.000008e-03	5.000000e+00	5.000000e+00	0.000000e+00	
337	2.000008e-03	5.000000e+00	5.000000e+00	0.000000e+00	
338	2.000009e-03	5.000000e+00	5.000000e+00	0.000000e+00	
339	2.000009e-03	5.000000e+00	5.000000e+00	0.000000e+00	
340	2.000010e-03	5.000000e+00	5.000000e+00	0.000000e+00	
341	2.000010e-03	5.000000e+00	5.000000e+00	0.000000e+00	
342	2.000010e-03	5.000000e+00	5.000000e+00	0.000000e+00	
343	2.000011e-03	5.000000e+00	5.000000e+00	0.000000e+00	
344	2.000011e-03	5.000000e+00	5.000000e+00	0.000000e+00	

Index   time            V(10)           V(12)           V(13)           
--------------------------------------------------------------------------------
345	2.000011e-03	5.000000e+00	5.000000e+00	0.000000e+00	
346	2.000011e-03	5.000000e+00	5.000000e+00	0.000000e+00	
347	2.000011e-03	5.000000e+00	5.000000e+00	0.000000e+00	
348	2.000012e-03	5.000000e+00	5.000000e+00	0.000000e+00	
349	2.000012e-03	5.000000e+00	5.000000e+00	0.000000e+00	
350	2.000012e-03	5.000000e+00	5.000000e+00	0.000000e+00	
351	2.000012e-03	5.000000e+00	5.000000e+00	0.000000e+00	
352	2.000013e-03	5.000000e+00	5.000000e+00	0.000000e+00	
353	2.000013e-03	5.000000e+00	5.000000e+00	0.000000e+00	
354	2.000013e-03	5.000000e+00	5.000000e+00	0.000000e+00	
355	2.000013e-03	5.000000e+00	5.000000e+00	0.000000e+00	
356	2.000013e-03	5.000000e+00	5.000000e+00	0.000000e+00	
357	2.000014e-03	5.000000e+00	5.000000e+00	0.000000e+00	
358	2.000014e-03	5.000000e+00	5.000000e+00	0.000000e+00	
359	2.000014e-03	5.000000e+00	5.000000e+00	0.000000e+00	
360	2.000014e-03	5.000000e+00	5.000000e+00	0.000000e+00	
361	2.000014e-03	5.000000e+00	5.000000e+00	0.000000e+00	
362	2.000014e-03	5.000000e+00	5.000000e+00	0.000000e+00	
363	2.000014e-03	5.000000e+00	5.000000e+00	0.000000e+00	
364	2.000014e-03	5.000000e+00	5.000000e+00	0.000000e+00	
365	2.000014e-03	5.000000e+00	5.000000e+00	0.000000e+00	
366	2.000014e-03	5.000000e+00	5.000000e+00	0.000000e+00	
367	2.000014e-03	5.000000e+00	5.000000e+00	0.000000e+00	
368	2.000015e-03	5.000000e+00	5.000000e+00	0.000000e+00	
369	2.000015e-03	5.000000e+00	5.000000e+00	0.000000e+00	
370	2.000016e-03	5.000000e+00	5.000000e+00	0.000000e+00	
371	2.000018e-03	5.000000e+00	5.000000e+00	0.000000e+00	
372	2.000020e-03	5.000000e+00	5.000000e+00	0.000000e+00	
373	2.000020e-03	5.000000e+00	5.000000e+00	0.000000e+00	
374	2.000021e-03	5.000000e+00	5.000000e+00	0.000000e+00	
375	2.000021e-03	5.000000e+00	5.000000e+00	0.000000e+00	
376	2.000021e-03	5.000000e+00	5.000000e+00	0.000000e+00	
377	2.000022e-03	5.000000e+00	5.000000e+00	0.000000e+00	
378	2.000022e-03	5.000000e+00	5.000000e+00	0.000000e+00	
379	2.000022e-03	5.000000e+00	5.000000e+00	0.000000e+00	
380	2.000022e-03	5.000000e+00	5.000000e+00	0.000000e+00	
381	2.000022e-03	5.000000e+00	5.000000e+00	0.000000e+00	
382	2.000023e-03	5.000000e+00	5.000000e+00	0.000000e+00	
383	2.000023e-03	5.000000e+00	5.000000e+00	0.000000e+00	
384	2.000023e-03	5.000000e+00	5.000000e+00	0.000000e+00	
385	2.000023e-03	5.000000e+00	5.000000e+00	0.000000e+00	
386	2.000023e-03	5.000000e+00	5.000000e+00	0.000000e+00	
387	2.000023e-03	5.000000e+00	5.000000e+00	0.000000e+00	
388	2.000023e-03	5.000000e+00	5.000000e+00	0.000000e+00	
389	2.000023e-03	5.000000e+00	5.000000e+00	0.000000e+00	
390	2.000023e-03	5.000000e+00	5.000000e+00	0.000000e+00	
391	2.000023e-03	5.000000e+00	5.000000e+00	0.000000e+00	
392	2.000023e-03	5.000000e+00	5.000000e+00	0.000000e+00	
393	2.000023e-03	5.000000e+00	5.000000e+00	0.000000e+00	
394	2.000023e-03	5.000000e+00	5.000000e+00	0.000000e+00	
395	2.000023e-03	5.000000e+00	5.000000e+00	0.000000e+00	
396	2.000023e-03	5.000000e+00	5.000000e+00	0.000000e+00	
397	2.000023e-03	5.000000e+00	5.000000e+00	0.000000e+00	
398	2.000023e-03	5.000000e+00	5.000000e+00	0.000000e+00	
399	2.000023e-03	5.000000e+00	5.000000e+00	0.000000e+00	
400	2.000023e-03	5.000000e+00	5.000000e+00	0.000000e+00	
401	2.000024e-03	5.000000e+00	5.000000e+00	0.000000e+00	
402	2.000024e-03	5.000000e+00	5.000000e+00	0.000000e+00	

Index   time            V(10)           V(12)           V(13)           
--------------------------------------------------------------------------------
403	2.000025e-03	5.000000e+00	5.000000e+00	0.000000e+00	
404	2.000025e-03	5.000000e+00	5.000000e+00	0.000000e+00	
405	2.000025e-03	5.000000e+00	5.000000e+00	0.000000e+00	
406	2.000025e-03	5.000000e+00	5.000000e+00	0.000000e+00	
407	2.000026e-03	5.000000e+00	5.000000e+00	0.000000e+00	
408	2.000026e-03	5.000000e+00	5.000000e+00	0.000000e+00	
409	2.000026e-03	5.000000e+00	5.000000e+00	0.000000e+00	
410	2.000026e-03	5.000000e+00	5.000000e+00	0.000000e+00	
411	2.000027e-03	5.000000e+00	5.000000e+00	0.000000e+00	
412	2.000027e-03	5.000000e+00	5.000000e+00	0.000000e+00	
413	2.000028e-03	5.000000e+00	5.000000e+00	0.000000e+00	
414	2.000031e-03	5.000000e+00	5.000000e+00	0.000000e+00	
415	2.000035e-03	5.000000e+00	5.000000e+00	0.000000e+00	
416	2.000044e-03	5.000000e+00	5.000000e+00	0.000000e+00	
417	2.000063e-03	5.000000e+00	5.000000e+00	0.000000e+00	
418	2.000100e-03	5.000000e+00	5.000000e+00	0.000000e+00	
419	2.000173e-03	5.000000e+00	5.000000e+00	0.000000e+00	
420	2.000321e-03	5.000000e+00	5.000000e+00	0.000000e+00	
421	2.000616e-03	5.000000e+00	5.000000e+00	0.000000e+00	
422	2.001206e-03	5.000000e+00	5.000000e+00	0.000000e+00	
423	2.002385e-03	5.000000e+00	5.000000e+00	0.000000e+00	
424	2.004745e-03	5.000000e+00	5.000000e+00	0.000000e+00	
425	2.009463e-03	5.000000e+00	5.000000e+00	0.000000e+00	
426	2.018900e-03	5.000000e+00	5.000000e+00	0.000000e+00	
427	2.028900e-03	5.000000e+00	5.000000e+00	0.000000e+00	
428	2.038900e-03	5.000000e+00	5.000000e+00	0.000000e+00	
429	2.048900e-03	5.000000e+00	5.000000e+00	0.000000e+00	
430	2.058900e-03	5.000000e+00	5.000000e+00	0.000000e+00	
431	2.068900e-03	5.000000e+00	5.000000e+00	0.000000e+00	
432	2.078900e-03	5.000000e+00	5.000000e+00	0.000000e+00	
433	2.088900e-03	5.000000e+00	5.000000e+00	0.000000e+00	
434	2.098900e-03	5.000000e+00	5.000000e+00	0.000000e+00	
435	2.108900e-03	5.000000e+00	5.000000e+00	0.000000e+00	
436	2.118900e-03	5.000000e+00	5.000000e+00	0.000000e+00	
437	2.128900e-03	5.000000e+00	5.000000e+00	0.000000e+00	
438	2.138900e-03	5.000000e+00	5.000000e+00	0.000000e+00	
439	2.148900e-03	5.000000e+00	5.000000e+00	0.000000e+00	
440	2.158900e-03	5.000000e+00	5.000000e+00	0.000000e+00	
441	2.168900e-03	5.000000e+00	5.000000e+00	0.000000e+00	
442	2.178900e-03	5.000000e+00	5.000000e+00	0.000000e+00	
443	2.188900e-03	5.000000e+00	5.000000e+00	0.000000e+00	
444	2.198900e-03	5.000000e+00	5.000000e+00	0.000000e+00	
445	2.208900e-03	5.000000e+00	5.000000e+00	0.000000e+00	
446	2.218900e-03	5.000000e+00	5.000000e+00	0.000000e+00	
447	2.228900e-03	5.000000e+00	5.000000e+00	0.000000e+00	
448	2.238900e-03	5.000000e+00	5.000000e+00	0.000000e+00	
449	2.248900e-03	5.000000e+00	5.000000e+00	0.000000e+00	
450	2.258900e-03	5.000000e+00	5.000000e+00	0.000000e+00	
451	2.268900e-03	5.000000e+00	5.000000e+00	0.000000e+00	
452	2.278900e-03	5.000000e+00	5.000000e+00	0.000000e+00	
453	2.288900e-03	5.000000e+00	5.000000e+00	0.000000e+00	
454	2.298900e-03	5.000000e+00	5.000000e+00	0.000000e+00	
455	2.308900e-03	5.000000e+00	5.000000e+00	0.000000e+00	
456	2.318900e-03	5.000000e+00	5.000000e+00	0.000000e+00	
457	2.328900e-03	5.000000e+00	5.000000e+00	0.000000e+00	
458	2.338900e-03	5.000000e+00	5.000000e+00	0.000000e+00	
459	2.348900e-03	5.000000e+00	5.000000e+00	0.000000e+00	
460	2.358900e-03	5.000000e+00	5.000000e+00	0.000000e+00	

Index   time            V(10)           V(12)           V(13)           
--------------------------------------------------------------------------------
461	2.368900e-03	5.000000e+00	5.000000e+00	0.000000e+00	
462	2.378900e-03	5.000000e+00	5.000000e+00	0.000000e+00	
463	2.388900e-03	5.000000e+00	5.000000e+00	0.000000e+00	
464	2.398900e-03	5.000000e+00	5.000000e+00	0.000000e+00	
465	2.408900e-03	5.000000e+00	5.000000e+00	0.000000e+00	
466	2.418900e-03	5.000000e+00	5.000000e+00	0.000000e+00	
467	2.428900e-03	5.000000e+00	5.000000e+00	0.000000e+00	
468	2.438900e-03	5.000000e+00	5.000000e+00	0.000000e+00	
469	2.448900e-03	5.000000e+00	5.000000e+00	0.000000e+00	
470	2.458900e-03	5.000000e+00	5.000000e+00	0.000000e+00	
471	2.468900e-03	5.000000e+00	5.000000e+00	0.000000e+00	
472	2.478900e-03	5.000000e+00	5.000000e+00	0.000000e+00	
473	2.488900e-03	5.000000e+00	5.000000e+00	0.000000e+00	
474	2.498900e-03	5.000000e+00	5.000000e+00	0.000000e+00	
475	2.508900e-03	5.000000e+00	5.000000e+00	0.000000e+00	
476	2.518900e-03	5.000000e+00	5.000000e+00	0.000000e+00	
477	2.528900e-03	5.000000e+00	5.000000e+00	0.000000e+00	
478	2.538900e-03	5.000000e+00	5.000000e+00	0.000000e+00	
479	2.548900e-03	5.000000e+00	5.000000e+00	0.000000e+00	
480	2.558900e-03	5.000000e+00	5.000000e+00	0.000000e+00	
481	2.568900e-03	5.000000e+00	5.000000e+00	0.000000e+00	
482	2.578900e-03	5.000000e+00	5.000000e+00	0.000000e+00	
483	2.588900e-03	5.000000e+00	5.000000e+00	0.000000e+00	
484	2.598900e-03	5.000000e+00	5.000000e+00	0.000000e+00	
485	2.608900e-03	5.000000e+00	5.000000e+00	0.000000e+00	
486	2.618900e-03	5.000000e+00	5.000000e+00	0.000000e+00	
487	2.628900e-03	5.000000e+00	5.000000e+00	0.000000e+00	
488	2.638900e-03	5.000000e+00	5.000000e+00	0.000000e+00	
489	2.648900e-03	5.000000e+00	5.000000e+00	0.000000e+00	
490	2.658900e-03	5.000000e+00	5.000000e+00	0.000000e+00	
491	2.668900e-03	5.000000e+00	5.000000e+00	0.000000e+00	
492	2.678900e-03	5.000000e+00	5.000000e+00	0.000000e+00	
493	2.688900e-03	5.000000e+00	5.000000e+00	0.000000e+00	
494	2.698900e-03	5.000000e+00	5.000000e+00	0.000000e+00	
495	2.708900e-03	5.000000e+00	5.000000e+00	0.000000e+00	
496	2.718900e-03	5.000000e+00	5.000000e+00	0.000000e+00	
497	2.728900e-03	5.000000e+00	5.000000e+00	0.000000e+00	
498	2.738900e-03	5.000000e+00	5.000000e+00	0.000000e+00	
499	2.748900e-03	5.000000e+00	5.000000e+00	0.000000e+00	
500	2.758900e-03	5.000000e+00	5.000000e+00	0.000000e+00	
501	2.768900e-03	5.000000e+00	5.000000e+00	0.000000e+00	
502	2.778900e-03	5.000000e+00	5.000000e+00	0.000000e+00	
503	2.788900e-03	5.000000e+00	5.000000e+00	0.000000e+00	
504	2.798900e-03	5.000000e+00	5.000000e+00	0.000000e+00	
505	2.808900e-03	5.000000e+00	5.000000e+00	0.000000e+00	
506	2.818900e-03	5.000000e+00	5.000000e+00	0.000000e+00	
507	2.828900e-03	5.000000e+00	5.000000e+00	0.000000e+00	
508	2.838900e-03	5.000000e+00	5.000000e+00	0.000000e+00	
509	2.848900e-03	5.000000e+00	5.000000e+00	0.000000e+00	
510	2.858900e-03	5.000000e+00	5.000000e+00	0.000000e+00	
511	2.868900e-03	5.000000e+00	5.000000e+00	0.000000e+00	
512	2.878900e-03	5.000000e+00	5.000000e+00	0.000000e+00	
513	2.888900e-03	5.000000e+00	5.000000e+00	0.000000e+00	
514	2.898900e-03	5.000000e+00	5.000000e+00	0.000000e+00	
515	2.908900e-03	5.000000e+00	5.000000e+00	0.000000e+00	
516	2.918900e-03	5.000000e+00	5.000000e+00	0.000000e+00	
517	2.928900e-03	5.000000e+00	5.000000e+00	0.000000e+00	
518	2.938900e-03	5.000000e+00	5.000000e+00	0.000000e+00	

Index   time            V(10)           V(12)           V(13)           
--------------------------------------------------------------------------------
519	2.948900e-03	5.000000e+00	5.000000e+00	0.000000e+00	
520	2.958900e-03	5.000000e+00	5.000000e+00	0.000000e+00	
521	2.968900e-03	5.000000e+00	5.000000e+00	0.000000e+00	
522	2.978900e-03	5.000000e+00	5.000000e+00	0.000000e+00	
523	2.988900e-03	5.000000e+00	5.000000e+00	0.000000e+00	
524	2.998900e-03	5.000000e+00	5.000000e+00	0.000000e+00	
525	3.000010e-03	5.000000e+00	5.000000e+00	0.000000e+00	
526	3.000011e-03	5.000000e+00	5.000000e+00	0.000000e+00	
527	3.000013e-03	5.000000e+00	5.000000e+00	0.000000e+00	
528	3.000017e-03	5.000000e+00	5.000000e+00	0.000000e+00	
529	3.000020e-03	5.000000e+00	5.000000e+00	0.000000e+00	
530	3.000021e-03	5.000000e+00	5.000000e+00	0.000000e+00	
531	3.000022e-03	5.000000e+00	5.000000e+00	0.000000e+00	
532	3.000022e-03	5.000000e+00	5.000000e+00	0.000000e+00	
533	3.000022e-03	5.000000e+00	5.000000e+00	0.000000e+00	
534	3.000023e-03	5.000000e+00	5.000000e+00	0.000000e+00	
535	3.000023e-03	5.000000e+00	5.000000e+00	0.000000e+00	
536	3.000023e-03	5.000000e+00	5.000000e+00	0.000000e+00	
537	3.000023e-03	5.000000e+00	5.000000e+00	0.000000e+00	
538	3.000023e-03	5.000000e+00	5.000000e+00	0.000000e+00	
539	3.000024e-03	5.000000e+00	5.000000e+00	0.000000e+00	
540	3.000024e-03	5.000000e+00	5.000000e+00	0.000000e+00	
541	3.000024e-03	5.000000e+00	5.000000e+00	0.000000e+00	
542	3.000024e-03	5.000000e+00	5.000000e+00	0.000000e+00	
543	3.000024e-03	5.000000e+00	5.000000e+00	0.000000e+00	
544	3.000024e-03	5.000000e+00	5.000000e+00	0.000000e+00	
545	3.000024e-03	5.000000e+00	5.000000e+00	0.000000e+00	
546	3.000024e-03	5.000000e+00	5.000000e+00	0.000000e+00	
547	3.000024e-03	5.000000e+00	5.000000e+00	0.000000e+00	
548	3.000024e-03	5.000000e+00	5.000000e+00	0.000000e+00	
549	3.000024e-03	5.000000e+00	5.000000e+00	0.000000e+00	
550	3.000025e-03	5.000000e+00	5.000000e+00	0.000000e+00	
551	3.000025e-03	5.000000e+00	5.000000e+00	0.000000e+00	
552	3.000025e-03	5.000000e+00	5.000000e+00	0.000000e+00	
553	3.000025e-03	5.000000e+00	5.000000e+00	0.000000e+00	
554	3.000025e-03	5.000000e+00	5.000000e+00	0.000000e+00	
555	3.000025e-03	5.000000e+00	5.000000e+00	0.000000e+00	
556	3.000025e-03	5.000000e+00	5.000000e+00	0.000000e+00	
557	3.000025e-03	5.000000e+00	5.000000e+00	0.000000e+00	
558	3.000025e-03	5.000000e+00	5.000000e+00	0.000000e+00	
559	3.000025e-03	5.000000e+00	5.000000e+00	0.000000e+00	
560	3.000025e-03	5.000000e+00	5.000000e+00	0.000000e+00	
561	3.000026e-03	5.000000e+00	5.000000e+00	0.000000e+00	
562	3.000026e-03	5.000000e+00	5.000000e+00	0.000000e+00	
563	3.000027e-03	5.000000e+00	5.000000e+00	0.000000e+00	
564	3.000027e-03	5.000000e+00	5.000000e+00	0.000000e+00	
565	3.000027e-03	5.000000e+00	5.000000e+00	0.000000e+00	
566	3.000028e-03	5.000000e+00	5.000000e+00	0.000000e+00	
567	3.000028e-03	5.000000e+00	5.000000e+00	0.000000e+00	
568	3.000028e-03	5.000000e+00	5.000000e+00	0.000000e+00	
569	3.000028e-03	5.000000e+00	5.000000e+00	0.000000e+00	
570	3.000028e-03	5.000000e+00	5.000000e+00	0.000000e+00	
571	3.000029e-03	5.000000e+00	5.000000e+00	0.000000e+00	
572	3.000030e-03	5.000000e+00	5.000000e+00	0.000000e+00	
573	3.000032e-03	5.000000e+00	5.000000e+00	0.000000e+00	
574	3.000037e-03	5.000000e+00	5.000000e+00	0.000000e+00	
575	3.000046e-03	5.000000e+00	5.000000e+00	0.000000e+00	
576	3.000065e-03	5.000000e+00	5.000000e+00	0.000000e+00	

Index   time            V(10)           V(12)           V(13)           
--------------------------------------------------------------------------------
577	3.000102e-03	5.000000e+00	5.000000e+00	0.000000e+00	
578	3.000175e-03	5.000000e+00	5.000000e+00	0.000000e+00	
579	3.000323e-03	5.000000e+00	5.000000e+00	0.000000e+00	
580	3.000618e-03	5.000000e+00	5.000000e+00	0.000000e+00	
581	3.001207e-03	5.000000e+00	5.000000e+00	0.000000e+00	
582	3.002387e-03	5.000000e+00	5.000000e+00	0.000000e+00	
583	3.004746e-03	5.000000e+00	5.000000e+00	0.000000e+00	
584	3.009465e-03	5.000000e+00	5.000000e+00	0.000000e+00	
585	3.018902e-03	5.000000e+00	5.000000e+00	0.000000e+00	
586	3.028902e-03	5.000000e+00	5.000000e+00	0.000000e+00	
587	3.038902e-03	5.000000e+00	5.000000e+00	0.000000e+00	
588	3.048902e-03	5.000000e+00	5.000000e+00	0.000000e+00	
589	3.058902e-03	5.000000e+00	5.000000e+00	0.000000e+00	
590	3.068902e-03	5.000000e+00	5.000000e+00	0.000000e+00	
591	3.078902e-03	5.000000e+00	5.000000e+00	0.000000e+00	
592	3.088902e-03	5.000000e+00	5.000000e+00	0.000000e+00	
593	3.098902e-03	5.000000e+00	5.000000e+00	0.000000e+00	
594	3.108902e-03	5.000000e+00	5.000000e+00	0.000000e+00	
595	3.118902e-03	5.000000e+00	5.000000e+00	0.000000e+00	
596	3.128902e-03	5.000000e+00	5.000000e+00	0.000000e+00	
597	3.138902e-03	5.000000e+00	5.000000e+00	0.000000e+00	
598	3.148902e-03	5.000000e+00	5.000000e+00	0.000000e+00	
599	3.158902e-03	5.000000e+00	5.000000e+00	0.000000e+00	
600	3.168902e-03	5.000000e+00	5.000000e+00	0.000000e+00	
601	3.178902e-03	5.000000e+00	5.000000e+00	0.000000e+00	
602	3.188902e-03	5.000000e+00	5.000000e+00	0.000000e+00	
603	3.198902e-03	5.000000e+00	5.000000e+00	0.000000e+00	
604	3.208902e-03	5.000000e+00	5.000000e+00	0.000000e+00	
605	3.218902e-03	5.000000e+00	5.000000e+00	0.000000e+00	
606	3.228902e-03	5.000000e+00	5.000000e+00	0.000000e+00	
607	3.238902e-03	5.000000e+00	5.000000e+00	0.000000e+00	
608	3.248902e-03	5.000000e+00	5.000000e+00	0.000000e+00	
609	3.258902e-03	5.000000e+00	5.000000e+00	0.000000e+00	
610	3.268902e-03	5.000000e+00	5.000000e+00	0.000000e+00	
611	3.278902e-03	5.000000e+00	5.000000e+00	0.000000e+00	
612	3.288902e-03	5.000000e+00	5.000000e+00	0.000000e+00	
613	3.298902e-03	5.000000e+00	5.000000e+00	0.000000e+00	
614	3.308902e-03	5.000000e+00	5.000000e+00	0.000000e+00	
615	3.318902e-03	5.000000e+00	5.000000e+00	0.000000e+00	
616	3.328902e-03	5.000000e+00	5.000000e+00	0.000000e+00	
617	3.338902e-03	5.000000e+00	5.000000e+00	0.000000e+00	
618	3.348902e-03	5.000000e+00	5.000000e+00	0.000000e+00	
619	3.358902e-03	5.000000e+00	5.000000e+00	0.000000e+00	
620	3.368902e-03	5.000000e+00	5.000000e+00	0.000000e+00	
621	3.378902e-03	5.000000e+00	5.000000e+00	0.000000e+00	
622	3.388902e-03	5.000000e+00	5.000000e+00	0.000000e+00	
623	3.398902e-03	5.000000e+00	5.000000e+00	0.000000e+00	
624	3.408902e-03	5.000000e+00	5.000000e+00	0.000000e+00	
625	3.418902e-03	5.000000e+00	5.000000e+00	0.000000e+00	
626	3.428902e-03	5.000000e+00	5.000000e+00	0.000000e+00	
627	3.438902e-03	5.000000e+00	5.000000e+00	0.000000e+00	
628	3.448902e-03	5.000000e+00	5.000000e+00	0.000000e+00	
629	3.458902e-03	5.000000e+00	5.000000e+00	0.000000e+00	
630	3.468902e-03	5.000000e+00	5.000000e+00	0.000000e+00	
631	3.478902e-03	5.000000e+00	5.000000e+00	0.000000e+00	
632	3.488902e-03	5.000000e+00	5.000000e+00	0.000000e+00	
633	3.498902e-03	5.000000e+00	5.000000e+00	0.000000e+00	
634	3.508902e-03	5.000000e+00	5.000000e+00	0.000000e+00	

Index   time            V(10)           V(12)           V(13)           
--------------------------------------------------------------------------------
635	3.518902e-03	5.000000e+00	5.000000e+00	0.000000e+00	
636	3.528902e-03	5.000000e+00	5.000000e+00	0.000000e+00	
637	3.538902e-03	5.000000e+00	5.000000e+00	0.000000e+00	
638	3.548902e-03	5.000000e+00	5.000000e+00	0.000000e+00	
639	3.558902e-03	5.000000e+00	5.000000e+00	0.000000e+00	
640	3.568902e-03	5.000000e+00	5.000000e+00	0.000000e+00	
641	3.578902e-03	5.000000e+00	5.000000e+00	0.000000e+00	
642	3.588902e-03	5.000000e+00	5.000000e+00	0.000000e+00	
643	3.598902e-03	5.000000e+00	5.000000e+00	0.000000e+00	
644	3.608902e-03	5.000000e+00	5.000000e+00	0.000000e+00	
645	3.618902e-03	5.000000e+00	5.000000e+00	0.000000e+00	
646	3.628902e-03	5.000000e+00	5.000000e+00	0.000000e+00	
647	3.638902e-03	5.000000e+00	5.000000e+00	0.000000e+00	
648	3.648902e-03	5.000000e+00	5.000000e+00	0.000000e+00	
649	3.658902e-03	5.000000e+00	5.000000e+00	0.000000e+00	
650	3.668902e-03	5.000000e+00	5.000000e+00	0.000000e+00	
651	3.678902e-03	5.000000e+00	5.000000e+00	0.000000e+00	
652	3.688902e-03	5.000000e+00	5.000000e+00	0.000000e+00	
653	3.698902e-03	5.000000e+00	5.000000e+00	0.000000e+00	
654	3.708902e-03	5.000000e+00	5.000000e+00	0.000000e+00	
655	3.718902e-03	5.000000e+00	5.000000e+00	0.000000e+00	
656	3.728902e-03	5.000000e+00	5.000000e+00	0.000000e+00	
657	3.738902e-03	5.000000e+00	5.000000e+00	0.000000e+00	
658	3.748902e-03	5.000000e+00	5.000000e+00	0.000000e+00	
659	3.758902e-03	5.000000e+00	5.000000e+00	0.000000e+00	
660	3.768902e-03	5.000000e+00	5.000000e+00	0.000000e+00	
661	3.778902e-03	5.000000e+00	5.000000e+00	0.000000e+00	
662	3.788902e-03	5.000000e+00	5.000000e+00	0.000000e+00	
663	3.798902e-03	5.000000e+00	5.000000e+00	0.000000e+00	
664	3.808902e-03	5.000000e+00	5.000000e+00	0.000000e+00	
665	3.818902e-03	5.000000e+00	5.000000e+00	0.000000e+00	
666	3.828902e-03	5.000000e+00	5.000000e+00	0.000000e+00	
667	3.838902e-03	5.000000e+00	5.000000e+00	0.000000e+00	
668	3.848902e-03	5.000000e+00	5.000000e+00	0.000000e+00	
669	3.858902e-03	5.000000e+00	5.000000e+00	0.000000e+00	
670	3.868902e-03	5.000000e+00	5.000000e+00	0.000000e+00	
671	3.878902e-03	5.000000e+00	5.000000e+00	0.000000e+00	
672	3.888902e-03	5.000000e+00	5.000000e+00	0.000000e+00	
673	3.898902e-03	5.000000e+00	5.000000e+00	0.000000e+00	
674	3.908902e-03	5.000000e+00	5.000000e+00	0.000000e+00	
675	3.918902e-03	5.000000e+00	5.000000e+00	0.000000e+00	
676	3.928902e-03	5.000000e+00	5.000000e+00	0.000000e+00	
677	3.938902e-03	5.000000e+00	5.000000e+00	0.000000e+00	
678	3.948902e-03	5.000000e+00	5.000000e+00	0.000000e+00	
679	3.958902e-03	5.000000e+00	5.000000e+00	0.000000e+00	
680	3.968902e-03	5.000000e+00	5.000000e+00	0.000000e+00	
681	3.978902e-03	5.000000e+00	5.000000e+00	0.000000e+00	
682	3.988902e-03	5.000000e+00	5.000000e+00	0.000000e+00	
683	3.998902e-03	5.000000e+00	5.000000e+00	0.000000e+00	
684	4.000000e-03	5.000000e+00	5.000000e+00	0.000000e+00	
685	4.000001e-03	5.000000e+00	5.000000e+00	0.000000e+00	
686	4.000003e-03	5.000000e+00	5.000000e+00	0.000000e+00	
687	4.000007e-03	5.000000e+00	5.000000e+00	0.000000e+00	
688	4.000008e-03	5.000000e+00	5.000000e+00	0.000000e+00	
689	4.000008e-03	5.000000e+00	5.000000e+00	0.000000e+00	
690	4.000008e-03	5.000000e+00	5.000000e+00	0.000000e+00	
691	4.000008e-03	5.000000e+00	5.000000e+00	0.000000e+00	
692	4.000008e-03	5.000000e+00	5.000000e+00	0.000000e+00	

Index   time            V(10)           V(12)           V(13)           
--------------------------------------------------------------------------------
693	4.000008e-03	5.000000e+00	5.000000e+00	0.000000e+00	
694	4.000008e-03	5.000000e+00	5.000000e+00	0.000000e+00	
695	4.000008e-03	5.000000e+00	5.000000e+00	0.000000e+00	
696	4.000008e-03	5.000000e+00	5.000000e+00	0.000000e+00	
697	4.000008e-03	5.000000e+00	5.000000e+00	0.000000e+00	
698	4.000009e-03	5.000000e+00	5.000000e+00	0.000000e+00	
699	4.000009e-03	5.000000e+00	5.000000e+00	0.000000e+00	
700	4.000010e-03	5.000000e+00	5.000000e+00	0.000000e+00	
701	4.000010e-03	5.000000e+00	4.948800e+00	5.120000e-02	
702	4.000010e-03	5.000000e+00	4.846400e+00	1.536000e-01	
703	4.000011e-03	5.000000e+00	4.641600e+00	3.584000e-01	
704	4.000011e-03	5.000000e+00	4.498800e+00	5.012000e-01	
705	4.000011e-03	5.000000e+00	4.457840e+00	5.421600e-01	
706	4.000011e-03	5.000000e+00	4.375920e+00	6.240800e-01	
707	4.000012e-03	5.000000e+00	4.212080e+00	7.879200e-01	
708	4.000012e-03	5.000000e+00	4.000000e+00	1.000000e+00	
709	4.000012e-03	5.000000e+00	3.967232e+00	1.032768e+00	
710	4.000012e-03	5.000000e+00	3.901696e+00	1.098304e+00	
711	4.000012e-03	5.000000e+00	3.770624e+00	1.229376e+00	
712	4.000013e-03	5.000000e+00	3.550000e+00	1.450000e+00	
713	4.000013e-03	5.000000e+00	3.523786e+00	1.476214e+00	
714	4.000013e-03	5.000000e+00	3.471357e+00	1.528643e+00	
715	4.000013e-03	5.000000e+00	3.366499e+00	1.633501e+00	
716	4.000014e-03	5.000000e+00	3.156784e+00	1.843216e+00	
717	4.000014e-03	5.000000e+00	3.000000e+00	2.000000e+00	
718	4.000014e-03	5.000000e+00	2.995000e+00	2.005000e+00	
719	4.000014e-03	5.000000e+00	2.985000e+00	2.015000e+00	
720	4.000014e-03	5.000000e+00	2.965000e+00	2.035000e+00	
721	4.000014e-03	5.000000e+00	2.950000e+00	2.050000e+00	
722	4.000014e-03	5.000000e+00	2.946000e+00	2.054000e+00	
723	4.000014e-03	5.000000e+00	2.938000e+00	2.062000e+00	
724	4.000014e-03	5.000000e+00	2.922000e+00	2.078000e+00	
725	4.000014e-03	5.000000e+00	2.890000e+00	2.110000e+00	
726	4.000014e-03	5.000000e+00	2.826000e+00	2.174000e+00	
727	4.000015e-03	5.000000e+00	2.698000e+00	2.302000e+00	
728	4.000015e-03	5.000000e+00	2.442000e+00	2.558000e+00	
729	4.000016e-03	5.000000e+00	1.930000e+00	3.070000e+00	
730	4.000017e-03	5.000000e+00	1.500000e+00	3.500000e+00	
731	4.000017e-03	5.000000e+00	1.495000e+00	3.505000e+00	
732	4.000017e-03	5.000000e+00	1.485000e+00	3.515000e+00	
733	4.000017e-03	5.000000e+00	1.465000e+00	3.535000e+00	
734	4.000017e-03	5.000000e+00	1.450000e+00	3.550000e+00	
735	4.000017e-03	5.000000e+00	1.446000e+00	3.554000e+00	
736	4.000017e-03	5.000000e+00	1.438000e+00	3.562000e+00	
737	4.000017e-03	5.000000e+00	1.422000e+00	3.578000e+00	
738	4.000017e-03	5.000000e+00	1.390000e+00	3.610000e+00	
739	4.000017e-03	5.000000e+00	1.326000e+00	3.674000e+00	
740	4.000018e-03	5.000000e+00	1.198000e+00	3.802000e+00	
741	4.000018e-03	5.000000e+00	9.420000e-01	4.058000e+00	
742	4.000019e-03	5.000000e+00	5.000000e-01	4.500000e+00	
743	4.000019e-03	5.000000e+00	4.550000e-01	4.545000e+00	
744	4.000019e-03	5.000000e+00	3.650000e-01	4.635000e+00	
745	4.000020e-03	5.000000e+00	1.850000e-01	4.815000e+00	
746	4.000020e-03	5.000000e+00	5.000000e-02	4.950000e+00	
747	4.000020e-03	5.000000e+00	4.500000e-02	4.955000e+00	
748	4.000020e-03	5.000000e+00	3.500000e-02	4.965000e+00	
749	4.000020e-03	5.000000e+00	1.500000e-02	4.985000e+00	
750	4.000020e-03	5.000000e+00	0.000000e+00	5.000000e+00	

Index   time            V(10)           V(12)           V(13)           
--------------------------------------------------------------------------------
751	4.000020e-03	5.000000e+00	0.000000e+00	5.000000e+00	
752	4.000020e-03	5.000000e+00	0.000000e+00	5.000000e+00	
753	4.000020e-03	5.000000e+00	0.000000e+00	5.000000e+00	
754	4.000020e-03	5.000000e+00	0.000000e+00	5.000000e+00	
755	4.000020e-03	5.000000e+00	0.000000e+00	5.000000e+00	
756	4.000021e-03	5.000000e+00	0.000000e+00	5.000000e+00	
757	4.000021e-03	5.000000e+00	0.000000e+00	5.000000e+00	
758	4.000021e-03	5.000000e+00	0.000000e+00	5.000000e+00	
759	4.000021e-03	5.000000e+00	0.000000e+00	5.000000e+00	
760	4.000021e-03	5.000000e+00	0.000000e+00	5.000000e+00	
761	4.000022e-03	5.000000e+00	0.000000e+00	5.000000e+00	
762	4.000022e-03	5.000000e+00	0.000000e+00	5.000000e+00	
763	4.000022e-03	5.000000e+00	0.000000e+00	5.000000e+00	
764	4.000022e-03	5.000000e+00	0.000000e+00	5.000000e+00	
765	4.000023e-03	5.000000e+00	0.000000e+00	5.000000e+00	
766	4.000023e-03	5.000000e+00	0.000000e+00	5.000000e+00	
767	4.000023e-03	5.000000e+00	0.000000e+00	5.000000e+00	
768	4.000023e-03	5.000000e+00	0.000000e+00	5.000000e+00	
769	4.000023e-03	5.000000e+00	0.000000e+00	5.000000e+00	
770	4.000023e-03	5.000000e+00	0.000000e+00	5.000000e+00	
771	4.000023e-03	5.000000e+00	0.000000e+00	5.000000e+00	
772	4.000023e-03	5.000000e+00	0.000000e+00	5.000000e+00	
773	4.000023e-03	5.000000e+00	0.000000e+00	5.000000e+00	
774	4.000023e-03	5.000000e+00	0.000000e+00	5.000000e+00	
775	4.000023e-03	5.000000e+00	0.000000e+00	5.000000e+00	
776	4.000024e-03	5.000000e+00	0.000000e+00	5.000000e+00	
777	4.000024e-03	5.000000e+00	0.000000e+00	5.000000e+00	
778	4.000025e-03	5.000000e+00	0.000000e+00	5.000000e+00	
779	4.000027e-03	5.000000e+00	0.000000e+00	5.000000e+00	
780	4.000031e-03	5.000000e+00	0.000000e+00	5.000000e+00	
781	4.000040e-03	5.000000e+00	0.000000e+00	5.000000e+00	
782	4.000056e-03	5.000000e+00	0.000000e+00	5.000000e+00	
783	4.000089e-03	5.000000e+00	0.000000e+00	5.000000e+00	
784	4.000154e-03	5.000000e+00	0.000000e+00	5.000000e+00	
785	4.000285e-03	5.000000e+00	0.000000e+00	5.000000e+00	
786	4.000547e-03	5.000000e+00	0.000000e+00	5.000000e+00	
787	4.001072e-03	5.000000e+00	0.000000e+00	5.000000e+00	
788	4.002120e-03	5.000000e+00	0.000000e+00	5.000000e+00	
789	4.004218e-03	5.000000e+00	0.000000e+00	5.000000e+00	
790	4.008412e-03	5.000000e+00	0.000000e+00	5.000000e+00	
791	4.016800e-03	5.000000e+00	0.000000e+00	5.000000e+00	
792	4.026800e-03	5.000000e+00	0.000000e+00	5.000000e+00	
793	4.036800e-03	5.000000e+00	0.000000e+00	5.000000e+00	
794	4.046800e-03	5.000000e+00	0.000000e+00	5.000000e+00	
795	4.056800e-03	5.000000e+00	0.000000e+00	5.000000e+00	
796	4.066800e-03	5.000000e+00	0.000000e+00	5.000000e+00	
797	4.076800e-03	5.000000e+00	0.000000e+00	5.000000e+00	
798	4.086800e-03	5.000000e+00	0.000000e+00	5.000000e+00	
799	4.096800e-03	5.000000e+00	0.000000e+00	5.000000e+00	
800	4.106800e-03	5.000000e+00	0.000000e+00	5.000000e+00	
801	4.116800e-03	5.000000e+00	0.000000e+00	5.000000e+00	
802	4.126800e-03	5.000000e+00	0.000000e+00	5.000000e+00	
803	4.136800e-03	5.000000e+00	0.000000e+00	5.000000e+00	
804	4.146800e-03	5.000000e+00	0.000000e+00	5.000000e+00	
805	4.156800e-03	5.000000e+00	0.000000e+00	5.000000e+00	
806	4.166800e-03	5.000000e+00	0.000000e+00	5.000000e+00	
807	4.176800e-03	5.000000e+00	0.000000e+00	5.000000e+00	
808	4.186800e-03	5.000000e+00	0.000000e+00	5.000000e+00	

Index   time            V(10)           V(12)           V(13)           
--------------------------------------------------------------------------------
809	4.196800e-03	5.000000e+00	0.000000e+00	5.000000e+00	
810	4.206800e-03	5.000000e+00	0.000000e+00	5.000000e+00	
811	4.216800e-03	5.000000e+00	0.000000e+00	5.000000e+00	
812	4.226800e-03	5.000000e+00	0.000000e+00	5.000000e+00	
813	4.236800e-03	5.000000e+00	0.000000e+00	5.000000e+00	
814	4.246800e-03	5.000000e+00	0.000000e+00	5.000000e+00	
815	4.256800e-03	5.000000e+00	0.000000e+00	5.000000e+00	
816	4.266800e-03	5.000000e+00	0.000000e+00	5.000000e+00	
817	4.276800e-03	5.000000e+00	0.000000e+00	5.000000e+00	
818	4.286800e-03	5.000000e+00	0.000000e+00	5.000000e+00	
819	4.296800e-03	5.000000e+00	0.000000e+00	5.000000e+00	
820	4.306800e-03	5.000000e+00	0.000000e+00	5.000000e+00	
821	4.316800e-03	5.000000e+00	0.000000e+00	5.000000e+00	
822	4.326800e-03	5.000000e+00	0.000000e+00	5.000000e+00	
823	4.336800e-03	5.000000e+00	0.000000e+00	5.000000e+00	
824	4.346800e-03	5.000000e+00	0.000000e+00	5.000000e+00	
825	4.356800e-03	5.000000e+00	0.000000e+00	5.000000e+00	
826	4.366800e-03	5.000000e+00	0.000000e+00	5.000000e+00	
827	4.376800e-03	5.000000e+00	0.000000e+00	5.000000e+00	
828	4.386800e-03	5.000000e+00	0.000000e+00	5.000000e+00	
829	4.396800e-03	5.000000e+00	0.000000e+00	5.000000e+00	
830	4.406800e-03	5.000000e+00	0.000000e+00	5.000000e+00	
831	4.416800e-03	5.000000e+00	0.000000e+00	5.000000e+00	
832	4.426800e-03	5.000000e+00	0.000000e+00	5.000000e+00	
833	4.436800e-03	5.000000e+00	0.000000e+00	5.000000e+00	
834	4.446800e-03	5.000000e+00	0.000000e+00	5.000000e+00	
835	4.456800e-03	5.000000e+00	0.000000e+00	5.000000e+00	
836	4.466800e-03	5.000000e+00	0.000000e+00	5.000000e+00	
837	4.476800e-03	5.000000e+00	0.000000e+00	5.000000e+00	
838	4.486800e-03	5.000000e+00	0.000000e+00	5.000000e+00	
839	4.496800e-03	5.000000e+00	0.000000e+00	5.000000e+00	
840	4.506800e-03	5.000000e+00	0.000000e+00	5.000000e+00	
841	4.516800e-03	5.000000e+00	0.000000e+00	5.000000e+00	
842	4.526800e-03	5.000000e+00	0.000000e+00	5.000000e+00	
843	4.536800e-03	5.000000e+00	0.000000e+00	5.000000e+00	
844	4.546800e-03	5.000000e+00	0.000000e+00	5.000000e+00	
845	4.556800e-03	5.000000e+00	0.000000e+00	5.000000e+00	
846	4.566800e-03	5.000000e+00	0.000000e+00	5.000000e+00	
847	4.576800e-03	5.000000e+00	0.000000e+00	5.000000e+00	
848	4.586800e-03	5.000000e+00	0.000000e+00	5.000000e+00	
849	4.596800e-03	5.000000e+00	0.000000e+00	5.000000e+00	
850	4.606800e-03	5.000000e+00	0.000000e+00	5.000000e+00	
851	4.616800e-03	5.000000e+00	0.000000e+00	5.000000e+00	
852	4.626800e-03	5.000000e+00	0.000000e+00	5.000000e+00	
853	4.636800e-03	5.000000e+00	0.000000e+00	5.000000e+00	
854	4.646800e-03	5.000000e+00	0.000000e+00	5.000000e+00	
855	4.656800e-03	5.000000e+00	0.000000e+00	5.000000e+00	
856	4.666800e-03	5.000000e+00	0.000000e+00	5.000000e+00	
857	4.676800e-03	5.000000e+00	0.000000e+00	5.000000e+00	
858	4.686800e-03	5.000000e+00	0.000000e+00	5.000000e+00	
859	4.696800e-03	5.000000e+00	0.000000e+00	5.000000e+00	
860	4.706800e-03	5.000000e+00	0.000000e+00	5.000000e+00	
861	4.716800e-03	5.000000e+00	0.000000e+00	5.000000e+00	
862	4.726800e-03	5.000000e+00	0.000000e+00	5.000000e+00	
863	4.736800e-03	5.000000e+00	0.000000e+00	5.000000e+00	
864	4.746800e-03	5.000000e+00	0.000000e+00	5.000000e+00	
865	4.756800e-03	5.000000e+00	0.000000e+00	5.000000e+00	
866	4.766800e-03	5.000000e+00	0.000000e+00	5.000000e+00	

Index   time            V(10)           V(12)           V(13)           
--------------------------------------------------------------------------------
867	4.776800e-03	5.000000e+00	0.000000e+00	5.000000e+00	
868	4.786800e-03	5.000000e+00	0.000000e+00	5.000000e+00	
869	4.796800e-03	5.000000e+00	0.000000e+00	5.000000e+00	
870	4.806800e-03	5.000000e+00	0.000000e+00	5.000000e+00	
871	4.816800e-03	5.000000e+00	0.000000e+00	5.000000e+00	
872	4.826800e-03	5.000000e+00	0.000000e+00	5.000000e+00	
873	4.836800e-03	5.000000e+00	0.000000e+00	5.000000e+00	
874	4.846800e-03	5.000000e+00	0.000000e+00	5.000000e+00	
875	4.856800e-03	5.000000e+00	0.000000e+00	5.000000e+00	
876	4.866800e-03	5.000000e+00	0.000000e+00	5.000000e+00	
877	4.876800e-03	5.000000e+00	0.000000e+00	5.000000e+00	
878	4.886800e-03	5.000000e+00	0.000000e+00	5.000000e+00	
879	4.896800e-03	5.000000e+00	0.000000e+00	5.000000e+00	
880	4.906800e-03	5.000000e+00	0.000000e+00	5.000000e+00	
881	4.916800e-03	5.000000e+00	0.000000e+00	5.000000e+00	
882	4.926800e-03	5.000000e+00	0.000000e+00	5.000000e+00	
883	4.936800e-03	5.000000e+00	0.000000e+00	5.000000e+00	
884	4.946800e-03	5.000000e+00	0.000000e+00	5.000000e+00	
885	4.956800e-03	5.000000e+00	0.000000e+00	5.000000e+00	
886	4.966800e-03	5.000000e+00	0.000000e+00	5.000000e+00	
887	4.976800e-03	5.000000e+00	0.000000e+00	5.000000e+00	
888	4.986800e-03	5.000000e+00	0.000000e+00	5.000000e+00	
889	4.996800e-03	5.000000e+00	0.000000e+00	5.000000e+00	
890	5.000010e-03	5.000000e+00	0.000000e+00	5.000000e+00	
891	5.000011e-03	5.000000e+00	0.000000e+00	5.000000e+00	
892	5.000013e-03	5.000000e+00	0.000000e+00	5.000000e+00	
893	5.000017e-03	5.000000e+00	0.000000e+00	5.000000e+00	
894	5.000020e-03	5.000000e+00	0.000000e+00	5.000000e+00	
895	5.000021e-03	5.000000e+00	0.000000e+00	5.000000e+00	
896	5.000022e-03	5.000000e+00	0.000000e+00	5.000000e+00	
897	5.000022e-03	5.000000e+00	0.000000e+00	5.000000e+00	
898	5.000022e-03	5.000000e+00	0.000000e+00	5.000000e+00	
899	5.000023e-03	5.000000e+00	0.000000e+00	5.000000e+00	
900	5.000023e-03	5.000000e+00	0.000000e+00	5.000000e+00	
901	5.000023e-03	5.000000e+00	0.000000e+00	5.000000e+00	
902	5.000023e-03	5.000000e+00	0.000000e+00	5.000000e+00	
903	5.000023e-03	5.000000e+00	0.000000e+00	5.000000e+00	
904	5.000024e-03	5.000000e+00	0.000000e+00	5.000000e+00	
905	5.000024e-03	5.000000e+00	0.000000e+00	5.000000e+00	
906	5.000024e-03	5.000000e+00	0.000000e+00	5.000000e+00	
907	5.000024e-03	5.000000e+00	0.000000e+00	5.000000e+00	
908	5.000024e-03	5.000000e+00	0.000000e+00	5.000000e+00	
909	5.000024e-03	5.000000e+00	0.000000e+00	5.000000e+00	
910	5.000024e-03	5.000000e+00	0.000000e+00	5.000000e+00	
911	5.000024e-03	5.000000e+00	0.000000e+00	5.000000e+00	
912	5.000024e-03	5.000000e+00	0.000000e+00	5.000000e+00	
913	5.000024e-03	5.000000e+00	0.000000e+00	5.000000e+00	
914	5.000024e-03	5.000000e+00	0.000000e+00	5.000000e+00	
915	5.000025e-03	5.000000e+00	0.000000e+00	5.000000e+00	
916	5.000025e-03	5.000000e+00	0.000000e+00	5.000000e+00	
917	5.000025e-03	5.000000e+00	0.000000e+00	5.000000e+00	
918	5.000025e-03	5.000000e+00	0.000000e+00	5.000000e+00	
919	5.000025e-03	5.000000e+00	0.000000e+00	5.000000e+00	
920	5.000025e-03	5.000000e+00	0.000000e+00	5.000000e+00	
921	5.000025e-03	5.000000e+00	0.000000e+00	5.000000e+00	
922	5.000025e-03	5.000000e+00	0.000000e+00	5.000000e+00	
923	5.000025e-03	5.000000e+00	0.000000e+00	5.000000e+00	
924	5.000025e-03	5.000000e+00	0.000000e+00	5.000000e+00	

Index   time            V(10)           V(12)           V(13)           
--------------------------------------------------------------------------------
925	5.000025e-03	5.000000e+00	0.000000e+00	5.000000e+00	
926	5.000026e-03	5.000000e+00	0.000000e+00	5.000000e+00	
927	5.000026e-03	5.000000e+00	0.000000e+00	5.000000e+00	
928	5.000027e-03	5.000000e+00	0.000000e+00	5.000000e+00	
929	5.000027e-03	5.000000e+00	0.000000e+00	5.000000e+00	
930	5.000027e-03	5.000000e+00	0.000000e+00	5.000000e+00	
931	5.000028e-03	5.000000e+00	0.000000e+00	5.000000e+00	
932	5.000028e-03	5.000000e+00	0.000000e+00	5.000000e+00	
933	5.000028e-03	5.000000e+00	0.000000e+00	5.000000e+00	
934	5.000028e-03	5.000000e+00	0.000000e+00	5.000000e+00	
935	5.000028e-03	5.000000e+00	0.000000e+00	5.000000e+00	
936	5.000029e-03	5.000000e+00	0.000000e+00	5.000000e+00	
937	5.000030e-03	5.000000e+00	0.000000e+00	5.000000e+00	
938	5.000032e-03	5.000000e+00	0.000000e+00	5.000000e+00	
939	5.000037e-03	5.000000e+00	0.000000e+00	5.000000e+00	
940	5.000046e-03	5.000000e+00	0.000000e+00	5.000000e+00	
941	5.000065e-03	5.000000e+00	0.000000e+00	5.000000e+00	
942	5.000102e-03	5.000000e+00	0.000000e+00	5.000000e+00	
943	5.000175e-03	5.000000e+00	0.000000e+00	5.000000e+00	
944	5.000323e-03	5.000000e+00	0.000000e+00	5.000000e+00	
945	5.000618e-03	5.000000e+00	0.000000e+00	5.000000e+00	
946	5.001207e-03	5.000000e+00	0.000000e+00	5.000000e+00	
947	5.002387e-03	5.000000e+00	0.000000e+00	5.000000e+00	
948	5.004746e-03	5.000000e+00	0.000000e+00	5.000000e+00	
949	5.009465e-03	5.000000e+00	0.000000e+00	5.000000e+00	
950	5.018902e-03	5.000000e+00	0.000000e+00	5.000000e+00	
951	5.028902e-03	5.000000e+00	0.000000e+00	5.000000e+00	
952	5.038902e-03	5.000000e+00	0.000000e+00	5.000000e+00	
953	5.048902e-03	5.000000e+00	0.000000e+00	5.000000e+00	
954	5.058902e-03	5.000000e+00	0.000000e+00	5.000000e+00	
955	5.068902e-03	5.000000e+00	0.000000e+00	5.000000e+00	
956	5.078902e-03	5.000000e+00	0.000000e+00	5.000000e+00	
957	5.088902e-03	5.000000e+00	0.000000e+00	5.000000e+00	
958	5.098902e-03	5.000000e+00	0.000000e+00	5.000000e+00	
959	5.108902e-03	5.000000e+00	0.000000e+00	5.000000e+00	
960	5.118902e-03	5.000000e+00	0.000000e+00	5.000000e+00	
961	5.128902e-03	5.000000e+00	0.000000e+00	5.000000e+00	
962	5.138902e-03	5.000000e+00	0.000000e+00	5.000000e+00	
963	5.148902e-03	5.000000e+00	0.000000e+00	5.000000e+00	
964	5.158902e-03	5.000000e+00	0.000000e+00	5.000000e+00	
965	5.168902e-03	5.000000e+00	0.000000e+00	5.000000e+00	
966	5.178902e-03	5.000000e+00	0.000000e+00	5.000000e+00	
967	5.188902e-03	5.000000e+00	0.000000e+00	5.000000e+00	
968	5.198902e-03	5.000000e+00	0.000000e+00	5.000000e+00	
969	5.208902e-03	5.000000e+00	0.000000e+00	5.000000e+00	
970	5.218902e-03	5.000000e+00	0.000000e+00	5.000000e+00	
971	5.228902e-03	5.000000e+00	0.000000e+00	5.000000e+00	
972	5.238902e-03	5.000000e+00	0.000000e+00	5.000000e+00	
973	5.248902e-03	5.000000e+00	0.000000e+00	5.000000e+00	
974	5.258902e-03	5.000000e+00	0.000000e+00	5.000000e+00	
975	5.268902e-03	5.000000e+00	0.000000e+00	5.000000e+00	
976	5.278902e-03	5.000000e+00	0.000000e+00	5.000000e+00	
977	5.288902e-03	5.000000e+00	0.000000e+00	5.000000e+00	
978	5.298902e-03	5.000000e+00	0.000000e+00	5.000000e+00	
979	5.308902e-03	5.000000e+00	0.000000e+00	5.000000e+00	
980	5.318902e-03	5.000000e+00	0.000000e+00	5.000000e+00	
981	5.328902e-03	5.000000e+00	0.000000e+00	5.000000e+00	
982	5.338902e-03	5.000000e+00	0.000000e+00	5.000000e+00	

Index   time            V(10)           V(12)           V(13)           
--------------------------------------------------------------------------------
983	5.348902e-03	5.000000e+00	0.000000e+00	5.000000e+00	
984	5.358902e-03	5.000000e+00	0.000000e+00	5.000000e+00	
985	5.368902e-03	5.000000e+00	0.000000e+00	5.000000e+00	
986	5.378902e-03	5.000000e+00	0.000000e+00	5.000000e+00	
987	5.388902e-03	5.000000e+00	0.000000e+00	5.000000e+00	
988	5.398902e-03	5.000000e+00	0.000000e+00	5.000000e+00	
989	5.408902e-03	5.000000e+00	0.000000e+00	5.000000e+00	
990	5.418902e-03	5.000000e+00	0.000000e+00	5.000000e+00	
991	5.428902e-03	5.000000e+00	0.000000e+00	5.000000e+00	
992	5.438902e-03	5.000000e+00	0.000000e+00	5.000000e+00	
993	5.448902e-03	5.000000e+00	0.000000e+00	5.000000e+00	
994	5.458902e-03	5.000000e+00	0.000000e+00	5.000000e+00	
995	5.468902e-03	5.000000e+00	0.000000e+00	5.000000e+00	
996	5.478902e-03	5.000000e+00	0.000000e+00	5.000000e+00	
997	5.488902e-03	5.000000e+00	0.000000e+00	5.000000e+00	
998	5.498902e-03	5.000000e+00	0.000000e+00	5.000000e+00	
999	5.508902e-03	5.000000e+00	0.000000e+00	5.000000e+00	
1000	5.518902e-03	5.000000e+00	0.000000e+00	5.000000e+00	
1001	5.528902e-03	5.000000e+00	0.000000e+00	5.000000e+00	
1002	5.538902e-03	5.000000e+00	0.000000e+00	5.000000e+00	
1003	5.548902e-03	5.000000e+00	0.000000e+00	5.000000e+00	
1004	5.558902e-03	5.000000e+00	0.000000e+00	5.000000e+00	
1005	5.568902e-03	5.000000e+00	0.000000e+00	5.000000e+00	
1006	5.578902e-03	5.000000e+00	0.000000e+00	5.000000e+00	
1007	5.588902e-03	5.000000e+00	0.000000e+00	5.000000e+00	
1008	5.598902e-03	5.000000e+00	0.000000e+00	5.000000e+00	
1009	5.608902e-03	5.000000e+00	0.000000e+00	5.000000e+00	
1010	5.618902e-03	5.000000e+00	0.000000e+00	5.000000e+00	
1011	5.628902e-03	5.000000e+00	0.000000e+00	5.000000e+00	
1012	5.638902e-03	5.000000e+00	0.000000e+00	5.000000e+00	
1013	5.648902e-03	5.000000e+00	0.000000e+00	5.000000e+00	
1014	5.658902e-03	5.000000e+00	0.000000e+00	5.000000e+00	
1015	5.668902e-03	5.000000e+00	0.000000e+00	5.000000e+00	
1016	5.678902e-03	5.000000e+00	0.000000e+00	5.000000e+00	
1017	5.688902e-03	5.000000e+00	0.000000e+00	5.000000e+00	
1018	5.698902e-03	5.000000e+00	0.000000e+00	5.000000e+00	
1019	5.708902e-03	5.000000e+00	0.000000e+00	5.000000e+00	
1020	5.718902e-03	5.000000e+00	0.000000e+00	5.000000e+00	
1021	5.728902e-03	5.000000e+00	0.000000e+00	5.000000e+00	
1022	5.738902e-03	5.000000e+00	0.000000e+00	5.000000e+00	
1023	5.748902e-03	5.000000e+00	0.000000e+00	5.000000e+00	
1024	5.758902e-03	5.000000e+00	0.000000e+00	5.000000e+00	
1025	5.768902e-03	5.000000e+00	0.000000e+00	5.000000e+00	
1026	5.778902e-03	5.000000e+00	0.000000e+00	5.000000e+00	
1027	5.788902e-03	5.000000e+00	0.000000e+00	5.000000e+00	
1028	5.798902e-03	5.000000e+00	0.000000e+00	5.000000e+00	
1029	5.808902e-03	5.000000e+00	0.000000e+00	5.000000e+00	
1030	5.818902e-03	5.000000e+00	0.000000e+00	5.000000e+00	
1031	5.828902e-03	5.000000e+00	0.000000e+00	5.000000e+00	
1032	5.838902e-03	5.000000e+00	0.000000e+00	5.000000e+00	
1033	5.848902e-03	5.000000e+00	0.000000e+00	5.000000e+00	
1034	5.858902e-03	5.000000e+00	0.000000e+00	5.000000e+00	
1035	5.868902e-03	5.000000e+00	0.000000e+00	5.000000e+00	
1036	5.878902e-03	5.000000e+00	0.000000e+00	5.000000e+00	
1037	5.888902e-03	5.000000e+00	0.000000e+00	5.000000e+00	
1038	5.898902e-03	5.000000e+00	0.000000e+00	5.000000e+00	
1039	5.908902e-03	5.000000e+00	0.000000e+00	5.000000e+00	
1040	5.918902e-03	5.000000e+00	0.000000e+00	5.000000e+00	

Index   time            V(10)           V(12)           V(13)           
--------------------------------------------------------------------------------
1041	5.928902e-03	5.000000e+00	0.000000e+00	5.000000e+00	
1042	5.938902e-03	5.000000e+00	0.000000e+00	5.000000e+00	
1043	5.948902e-03	5.000000e+00	0.000000e+00	5.000000e+00	
1044	5.958902e-03	5.000000e+00	0.000000e+00	5.000000e+00	
1045	5.968902e-03	5.000000e+00	0.000000e+00	5.000000e+00	
1046	5.978902e-03	5.000000e+00	0.000000e+00	5.000000e+00	
1047	5.988902e-03	5.000000e+00	0.000000e+00	5.000000e+00	
1048	5.998902e-03	5.000000e+00	0.000000e+00	5.000000e+00	
1049	6.000000e-03	5.000000e+00	0.000000e+00	5.000000e+00	
1050	6.000001e-03	5.000000e+00	0.000000e+00	5.000000e+00	
1051	6.000003e-03	5.000000e+00	0.000000e+00	5.000000e+00	
1052	6.000007e-03	5.000000e+00	0.000000e+00	5.000000e+00	
1053	6.000008e-03	5.000000e+00	0.000000e+00	5.000000e+00	
1054	6.000008e-03	5.000000e+00	0.000000e+00	5.000000e+00	
1055	6.000008e-03	5.000000e+00	0.000000e+00	5.000000e+00	
1056	6.000008e-03	5.000000e+00	0.000000e+00	5.000000e+00	
1057	6.000008e-03	5.000000e+00	0.000000e+00	5.000000e+00	
1058	6.000008e-03	5.000000e+00	0.000000e+00	5.000000e+00	
1059	6.000008e-03	5.000000e+00	0.000000e+00	5.000000e+00	
1060	6.000008e-03	5.000000e+00	0.000000e+00	5.000000e+00	
1061	6.000008e-03	5.000000e+00	0.000000e+00	5.000000e+00	
1062	6.000008e-03	5.000000e+00	0.000000e+00	5.000000e+00	
1063	6.000009e-03	5.000000e+00	0.000000e+00	5.000000e+00	
1064	6.000009e-03	5.000000e+00	0.000000e+00	5.000000e+00	
1065	6.000010e-03	5.000000e+00	0.000000e+00	5.000000e+00	
1066	6.000010e-03	5.000000e+00	0.000000e+00	5.000000e+00	
1067	6.000010e-03	5.000000e+00	0.000000e+00	5.000000e+00	
1068	6.000011e-03	5.000000e+00	0.000000e+00	5.000000e+00	
1069	6.000011e-03	5.000000e+00	0.000000e+00	5.000000e+00	
1070	6.000011e-03	5.000000e+00	0.000000e+00	5.000000e+00	
1071	6.000011e-03	5.000000e+00	0.000000e+00	5.000000e+00	
1072	6.000012e-03	5.000000e+00	0.000000e+00	5.000000e+00	
1073	6.000012e-03	5.000000e+00	0.000000e+00	5.000000e+00	
1074	6.000012e-03	5.000000e+00	0.000000e+00	5.000000e+00	
1075	6.000012e-03	5.000000e+00	0.000000e+00	5.000000e+00	
1076	6.000012e-03	5.000000e+00	0.000000e+00	5.000000e+00	
1077	6.000013e-03	5.000000e+00	0.000000e+00	5.000000e+00	
1078	6.000013e-03	5.000000e+00	0.000000e+00	5.000000e+00	
1079	6.000013e-03	5.000000e+00	0.000000e+00	5.000000e+00	
1080	6.000013e-03	5.000000e+00	0.000000e+00	5.000000e+00	
1081	6.000014e-03	5.000000e+00	0.000000e+00	5.000000e+00	
1082	6.000014e-03	5.000000e+00	0.000000e+00	5.000000e+00	
1083	6.000014e-03	5.000000e+00	0.000000e+00	5.000000e+00	
1084	6.000014e-03	5.000000e+00	0.000000e+00	5.000000e+00	
1085	6.000014e-03	5.000000e+00	0.000000e+00	5.000000e+00	
1086	6.000014e-03	5.000000e+00	0.000000e+00	5.000000e+00	
1087	6.000014e-03	5.000000e+00	0.000000e+00	5.000000e+00	
1088	6.000014e-03	5.000000e+00	0.000000e+00	5.000000e+00	
1089	6.000014e-03	5.000000e+00	0.000000e+00	5.000000e+00	
1090	6.000014e-03	5.000000e+00	0.000000e+00	5.000000e+00	
1091	6.000014e-03	5.000000e+00	0.000000e+00	5.000000e+00	
1092	6.000015e-03	5.000000e+00	0.000000e+00	5.000000e+00	
1093	6.000015e-03	5.000000e+00	0.000000e+00	5.000000e+00	
1094	6.000016e-03	5.000000e+00	0.000000e+00	5.000000e+00	
1095	6.000018e-03	5.000000e+00	0.000000e+00	5.000000e+00	
1096	6.000020e-03	5.000000e+00	0.000000e+00	5.000000e+00	
1097	6.000020e-03	5.000000e+00	0.000000e+00	5.000000e+00	
1098	6.000021e-03	5.000000e+00	0.000000e+00	5.000000e+00	

Index   time            V(10)           V(12)           V(13)           
--------------------------------------------------------------------------------
1099	6.000021e-03	5.000000e+00	0.000000e+00	5.000000e+00	
1100	6.000021e-03	5.000000e+00	0.000000e+00	5.000000e+00	
1101	6.000022e-03	5.000000e+00	0.000000e+00	5.000000e+00	
1102	6.000022e-03	5.000000e+00	0.000000e+00	5.000000e+00	
1103	6.000022e-03	5.000000e+00	0.000000e+00	5.000000e+00	
1104	6.000022e-03	5.000000e+00	0.000000e+00	5.000000e+00	
1105	6.000022e-03	5.000000e+00	0.000000e+00	5.000000e+00	
1106	6.000023e-03	5.000000e+00	0.000000e+00	5.000000e+00	
1107	6.000023e-03	5.000000e+00	0.000000e+00	5.000000e+00	
1108	6.000023e-03	5.000000e+00	0.000000e+00	5.000000e+00	
1109	6.000023e-03	5.000000e+00	0.000000e+00	5.000000e+00	
1110	6.000023e-03	5.000000e+00	0.000000e+00	5.000000e+00	
1111	6.000023e-03	5.000000e+00	0.000000e+00	5.000000e+00	
1112	6.000023e-03	5.000000e+00	0.000000e+00	5.000000e+00	
1113	6.000023e-03	5.000000e+00	0.000000e+00	5.000000e+00	
1114	6.000023e-03	5.000000e+00	0.000000e+00	5.000000e+00	
1115	6.000023e-03	5.000000e+00	0.000000e+00	5.000000e+00	
1116	6.000023e-03	5.000000e+00	0.000000e+00	5.000000e+00	
1117	6.000023e-03	5.000000e+00	0.000000e+00	5.000000e+00	
1118	6.000023e-03	5.000000e+00	0.000000e+00	5.000000e+00	
1119	6.000023e-03	5.000000e+00	0.000000e+00	5.000000e+00	
1120	6.000023e-03	5.000000e+00	0.000000e+00	5.000000e+00	
1121	6.000023e-03	5.000000e+00	0.000000e+00	5.000000e+00	
1122	6.000023e-03	5.000000e+00	0.000000e+00	5.000000e+00	
1123	6.000023e-03	5.000000e+00	0.000000e+00	5.000000e+00	
1124	6.000023e-03	5.000000e+00	0.000000e+00	5.000000e+00	
1125	6.000024e-03	5.000000e+00	0.000000e+00	5.000000e+00	
1126	6.000024e-03	5.000000e+00	0.000000e+00	5.000000e+00	
1127	6.000025e-03	5.000000e+00	0.000000e+00	5.000000e+00	
1128	6.000025e-03	5.000000e+00	0.000000e+00	5.000000e+00	
1129	6.000025e-03	5.000000e+00	0.000000e+00	5.000000e+00	
1130	6.000025e-03	5.000000e+00	0.000000e+00	5.000000e+00	
1131	6.000026e-03	5.000000e+00	0.000000e+00	5.000000e+00	
1132	6.000026e-03	5.000000e+00	0.000000e+00	5.000000e+00	
1133	6.000026e-03	5.000000e+00	0.000000e+00	5.000000e+00	
1134	6.000026e-03	5.000000e+00	0.000000e+00	5.000000e+00	
1135	6.000027e-03	5.000000e+00	0.000000e+00	5.000000e+00	
1136	6.000027e-03	5.000000e+00	0.000000e+00	5.000000e+00	
1137	6.000028e-03	5.000000e+00	0.000000e+00	5.000000e+00	
1138	6.000031e-03	5.000000e+00	0.000000e+00	5.000000e+00	
1139	6.000035e-03	5.000000e+00	0.000000e+00	5.000000e+00	
1140	6.000044e-03	5.000000e+00	0.000000e+00	5.000000e+00	
1141	6.000063e-03	5.000000e+00	0.000000e+00	5.000000e+00	
1142	6.000100e-03	5.000000e+00	0.000000e+00	5.000000e+00	
1143	6.000173e-03	5.000000e+00	0.000000e+00	5.000000e+00	
1144	6.000321e-03	5.000000e+00	0.000000e+00	5.000000e+00	
1145	6.000616e-03	5.000000e+00	0.000000e+00	5.000000e+00	
1146	6.001206e-03	5.000000e+00	0.000000e+00	5.000000e+00	
1147	6.002385e-03	5.000000e+00	0.000000e+00	5.000000e+00	
1148	6.004745e-03	5.000000e+00	0.000000e+00	5.000000e+00	
1149	6.009463e-03	5.000000e+00	0.000000e+00	5.000000e+00	
1150	6.018900e-03	5.000000e+00	0.000000e+00	5.000000e+00	
1151	6.028900e-03	5.000000e+00	0.000000e+00	5.000000e+00	
1152	6.038900e-03	5.000000e+00	0.000000e+00	5.000000e+00	
1153	6.048900e-03	5.000000e+00	0.000000e+00	5.000000e+00	
1154	6.058900e-03	5.000000e+00	0.000000e+00	5.000000e+00	
1155	6.068900e-03	5.000000e+00	0.000000e+00	5.000000e+00	
1156	6.078900e-03	5.000000e+00	0.000000e+00	5.000000e+00	

Index   time            V(10)           V(12)           V(13)           
--------------------------------------------------------------------------------
1157	6.088900e-03	5.000000e+00	0.000000e+00	5.000000e+00	
1158	6.098900e-03	5.000000e+00	0.000000e+00	5.000000e+00	
1159	6.108900e-03	5.000000e+00	0.000000e+00	5.000000e+00	
1160	6.118900e-03	5.000000e+00	0.000000e+00	5.000000e+00	
1161	6.128900e-03	5.000000e+00	0.000000e+00	5.000000e+00	
1162	6.138900e-03	5.000000e+00	0.000000e+00	5.000000e+00	
1163	6.148900e-03	5.000000e+00	0.000000e+00	5.000000e+00	
1164	6.158900e-03	5.000000e+00	0.000000e+00	5.000000e+00	
1165	6.168900e-03	5.000000e+00	0.000000e+00	5.000000e+00	
1166	6.178900e-03	5.000000e+00	0.000000e+00	5.000000e+00	
1167	6.188900e-03	5.000000e+00	0.000000e+00	5.000000e+00	
1168	6.198900e-03	5.000000e+00	0.000000e+00	5.000000e+00	
1169	6.208900e-03	5.000000e+00	0.000000e+00	5.000000e+00	
1170	6.218900e-03	5.000000e+00	0.000000e+00	5.000000e+00	
1171	6.228900e-03	5.000000e+00	0.000000e+00	5.000000e+00	
1172	6.238900e-03	5.000000e+00	0.000000e+00	5.000000e+00	
1173	6.248900e-03	5.000000e+00	0.000000e+00	5.000000e+00	
1174	6.258900e-03	5.000000e+00	0.000000e+00	5.000000e+00	
1175	6.268900e-03	5.000000e+00	0.000000e+00	5.000000e+00	
1176	6.278900e-03	5.000000e+00	0.000000e+00	5.000000e+00	
1177	6.288900e-03	5.000000e+00	0.000000e+00	5.000000e+00	
1178	6.298900e-03	5.000000e+00	0.000000e+00	5.000000e+00	
1179	6.308900e-03	5.000000e+00	0.000000e+00	5.000000e+00	
1180	6.318900e-03	5.000000e+00	0.000000e+00	5.000000e+00	
1181	6.328900e-03	5.000000e+00	0.000000e+00	5.000000e+00	
1182	6.338900e-03	5.000000e+00	0.000000e+00	5.000000e+00	
1183	6.348900e-03	5.000000e+00	0.000000e+00	5.000000e+00	
1184	6.358900e-03	5.000000e+00	0.000000e+00	5.000000e+00	
1185	6.368900e-03	5.000000e+00	0.000000e+00	5.000000e+00	
1186	6.378900e-03	5.000000e+00	0.000000e+00	5.000000e+00	
1187	6.388900e-03	5.000000e+00	0.000000e+00	5.000000e+00	
1188	6.398900e-03	5.000000e+00	0.000000e+00	5.000000e+00	
1189	6.408900e-03	5.000000e+00	0.000000e+00	5.000000e+00	
1190	6.418900e-03	5.000000e+00	0.000000e+00	5.000000e+00	
1191	6.428900e-03	5.000000e+00	0.000000e+00	5.000000e+00	
1192	6.438900e-03	5.000000e+00	0.000000e+00	5.000000e+00	
1193	6.448900e-03	5.000000e+00	0.000000e+00	5.000000e+00	
1194	6.458900e-03	5.000000e+00	0.000000e+00	5.000000e+00	
1195	6.468900e-03	5.000000e+00	0.000000e+00	5.000000e+00	
1196	6.478900e-03	5.000000e+00	0.000000e+00	5.000000e+00	
1197	6.488900e-03	5.000000e+00	0.000000e+00	5.000000e+00	
1198	6.498900e-03	5.000000e+00	0.000000e+00	5.000000e+00	
1199	6.508900e-03	5.000000e+00	0.000000e+00	5.000000e+00	
1200	6.518900e-03	5.000000e+00	0.000000e+00	5.000000e+00	
1201	6.528900e-03	5.000000e+00	0.000000e+00	5.000000e+00	
1202	6.538900e-03	5.000000e+00	0.000000e+00	5.000000e+00	
1203	6.548900e-03	5.000000e+00	0.000000e+00	5.000000e+00	
1204	6.558900e-03	5.000000e+00	0.000000e+00	5.000000e+00	
1205	6.568900e-03	5.000000e+00	0.000000e+00	5.000000e+00	
1206	6.578900e-03	5.000000e+00	0.000000e+00	5.000000e+00	
1207	6.588900e-03	5.000000e+00	0.000000e+00	5.000000e+00	
1208	6.598900e-03	5.000000e+00	0.000000e+00	5.000000e+00	
1209	6.608900e-03	5.000000e+00	0.000000e+00	5.000000e+00	
1210	6.618900e-03	5.000000e+00	0.000000e+00	5.000000e+00	
1211	6.628900e-03	5.000000e+00	0.000000e+00	5.000000e+00	
1212	6.638900e-03	5.000000e+00	0.000000e+00	5.000000e+00	
1213	6.648900e-03	5.000000e+00	0.000000e+00	5.000000e+00	
1214	6.658900e-03	5.000000e+00	0.000000e+00	5.000000e+00	

Index   time            V(10)           V(12)           V(13)           
--------------------------------------------------------------------------------
1215	6.668900e-03	5.000000e+00	0.000000e+00	5.000000e+00	
1216	6.678900e-03	5.000000e+00	0.000000e+00	5.000000e+00	
1217	6.688900e-03	5.000000e+00	0.000000e+00	5.000000e+00	
1218	6.698900e-03	5.000000e+00	0.000000e+00	5.000000e+00	
1219	6.708900e-03	5.000000e+00	0.000000e+00	5.000000e+00	
1220	6.718900e-03	5.000000e+00	0.000000e+00	5.000000e+00	
1221	6.728900e-03	5.000000e+00	0.000000e+00	5.000000e+00	
1222	6.738900e-03	5.000000e+00	0.000000e+00	5.000000e+00	
1223	6.748900e-03	5.000000e+00	0.000000e+00	5.000000e+00	
1224	6.758900e-03	5.000000e+00	0.000000e+00	5.000000e+00	
1225	6.768900e-03	5.000000e+00	0.000000e+00	5.000000e+00	
1226	6.778900e-03	5.000000e+00	0.000000e+00	5.000000e+00	
1227	6.788900e-03	5.000000e+00	0.000000e+00	5.000000e+00	
1228	6.798900e-03	5.000000e+00	0.000000e+00	5.000000e+00	
1229	6.808900e-03	5.000000e+00	0.000000e+00	5.000000e+00	
1230	6.818900e-03	5.000000e+00	0.000000e+00	5.000000e+00	
1231	6.828900e-03	5.000000e+00	0.000000e+00	5.000000e+00	
1232	6.838900e-03	5.000000e+00	0.000000e+00	5.000000e+00	
1233	6.848900e-03	5.000000e+00	0.000000e+00	5.000000e+00	
1234	6.858900e-03	5.000000e+00	0.000000e+00	5.000000e+00	
1235	6.868900e-03	5.000000e+00	0.000000e+00	5.000000e+00	
1236	6.878900e-03	5.000000e+00	0.000000e+00	5.000000e+00	
1237	6.888900e-03	5.000000e+00	0.000000e+00	5.000000e+00	
1238	6.898900e-03	5.000000e+00	0.000000e+00	5.000000e+00	
1239	6.908900e-03	5.000000e+00	0.000000e+00	5.000000e+00	
1240	6.918900e-03	5.000000e+00	0.000000e+00	5.000000e+00	
1241	6.928900e-03	5.000000e+00	0.000000e+00	5.000000e+00	
1242	6.938900e-03	5.000000e+00	0.000000e+00	5.000000e+00	
1243	6.948900e-03	5.000000e+00	0.000000e+00	5.000000e+00	
1244	6.958900e-03	5.000000e+00	0.000000e+00	5.000000e+00	
1245	6.968900e-03	5.000000e+00	0.000000e+00	5.000000e+00	
1246	6.978900e-03	5.000000e+00	0.000000e+00	5.000000e+00	
1247	6.988900e-03	5.000000e+00	0.000000e+00	5.000000e+00	
1248	6.998900e-03	5.000000e+00	0.000000e+00	5.000000e+00	
1249	7.000010e-03	5.000000e+00	0.000000e+00	5.000000e+00	
1250	7.000011e-03	5.000000e+00	0.000000e+00	5.000000e+00	
1251	7.000013e-03	5.000000e+00	0.000000e+00	5.000000e+00	
1252	7.000017e-03	5.000000e+00	0.000000e+00	5.000000e+00	
1253	7.000020e-03	5.000000e+00	0.000000e+00	5.000000e+00	
1254	7.000021e-03	5.000000e+00	0.000000e+00	5.000000e+00	
1255	7.000022e-03	5.000000e+00	0.000000e+00	5.000000e+00	
1256	7.000022e-03	5.000000e+00	0.000000e+00	5.000000e+00	
1257	7.000022e-03	5.000000e+00	0.000000e+00	5.000000e+00	
1258	7.000023e-03	5.000000e+00	0.000000e+00	5.000000e+00	
1259	7.000023e-03	5.000000e+00	0.000000e+00	5.000000e+00	
1260	7.000023e-03	5.000000e+00	0.000000e+00	5.000000e+00	
1261	7.000023e-03	5.000000e+00	0.000000e+00	5.000000e+00	
1262	7.000023e-03	5.000000e+00	0.000000e+00	5.000000e+00	
1263	7.000024e-03	5.000000e+00	0.000000e+00	5.000000e+00	
1264	7.000024e-03	5.000000e+00	0.000000e+00	5.000000e+00	
1265	7.000024e-03	5.000000e+00	0.000000e+00	5.000000e+00	
1266	7.000024e-03	5.000000e+00	0.000000e+00	5.000000e+00	
1267	7.000024e-03	5.000000e+00	0.000000e+00	5.000000e+00	
1268	7.000024e-03	5.000000e+00	0.000000e+00	5.000000e+00	
1269	7.000024e-03	5.000000e+00	0.000000e+00	5.000000e+00	
1270	7.000024e-03	5.000000e+00	0.000000e+00	5.000000e+00	
1271	7.000024e-03	5.000000e+00	0.000000e+00	5.000000e+00	
1272	7.000024e-03	5.000000e+00	0.000000e+00	5.000000e+00	

Index   time            V(10)           V(12)           V(13)           
--------------------------------------------------------------------------------
1273	7.000024e-03	5.000000e+00	0.000000e+00	5.000000e+00	
1274	7.000025e-03	5.000000e+00	0.000000e+00	5.000000e+00	
1275	7.000025e-03	5.000000e+00	0.000000e+00	5.000000e+00	
1276	7.000025e-03	5.000000e+00	0.000000e+00	5.000000e+00	
1277	7.000025e-03	5.000000e+00	0.000000e+00	5.000000e+00	
1278	7.000025e-03	5.000000e+00	0.000000e+00	5.000000e+00	
1279	7.000025e-03	5.000000e+00	0.000000e+00	5.000000e+00	
1280	7.000025e-03	5.000000e+00	0.000000e+00	5.000000e+00	
1281	7.000025e-03	5.000000e+00	0.000000e+00	5.000000e+00	
1282	7.000025e-03	5.000000e+00	0.000000e+00	5.000000e+00	
1283	7.000025e-03	5.000000e+00	0.000000e+00	5.000000e+00	
1284	7.000025e-03	5.000000e+00	0.000000e+00	5.000000e+00	
1285	7.000026e-03	5.000000e+00	0.000000e+00	5.000000e+00	
1286	7.000026e-03	5.000000e+00	0.000000e+00	5.000000e+00	
1287	7.000027e-03	5.000000e+00	0.000000e+00	5.000000e+00	
1288	7.000027e-03	5.000000e+00	0.000000e+00	5.000000e+00	
1289	7.000027e-03	5.000000e+00	0.000000e+00	5.000000e+00	
1290	7.000028e-03	5.000000e+00	0.000000e+00	5.000000e+00	
1291	7.000028e-03	5.000000e+00	0.000000e+00	5.000000e+00	
1292	7.000028e-03	5.000000e+00	0.000000e+00	5.000000e+00	
1293	7.000028e-03	5.000000e+00	0.000000e+00	5.000000e+00	
1294	7.000028e-03	5.000000e+00	0.000000e+00	5.000000e+00	
1295	7.000029e-03	5.000000e+00	0.000000e+00	5.000000e+00	
1296	7.000030e-03	5.000000e+00	0.000000e+00	5.000000e+00	
1297	7.000032e-03	5.000000e+00	0.000000e+00	5.000000e+00	
1298	7.000037e-03	5.000000e+00	0.000000e+00	5.000000e+00	
1299	7.000046e-03	5.000000e+00	0.000000e+00	5.000000e+00	
1300	7.000065e-03	5.000000e+00	0.000000e+00	5.000000e+00	
1301	7.000102e-03	5.000000e+00	0.000000e+00	5.000000e+00	
1302	7.000175e-03	5.000000e+00	0.000000e+00	5.000000e+00	
1303	7.000323e-03	5.000000e+00	0.000000e+00	5.000000e+00	
1304	7.000618e-03	5.000000e+00	0.000000e+00	5.000000e+00	
1305	7.001207e-03	5.000000e+00	0.000000e+00	5.000000e+00	
1306	7.002387e-03	5.000000e+00	0.000000e+00	5.000000e+00	
1307	7.004746e-03	5.000000e+00	0.000000e+00	5.000000e+00	
1308	7.009465e-03	5.000000e+00	0.000000e+00	5.000000e+00	
1309	7.018902e-03	5.000000e+00	0.000000e+00	5.000000e+00	
1310	7.028902e-03	5.000000e+00	0.000000e+00	5.000000e+00	
1311	7.038902e-03	5.000000e+00	0.000000e+00	5.000000e+00	
1312	7.048902e-03	5.000000e+00	0.000000e+00	5.000000e+00	
1313	7.058902e-03	5.000000e+00	0.000000e+00	5.000000e+00	
1314	7.068902e-03	5.000000e+00	0.000000e+00	5.000000e+00	
1315	7.078902e-03	5.000000e+00	0.000000e+00	5.000000e+00	
1316	7.088902e-03	5.000000e+00	0.000000e+00	5.000000e+00	
1317	7.098902e-03	5.000000e+00	0.000000e+00	5.000000e+00	
1318	7.108902e-03	5.000000e+00	0.000000e+00	5.000000e+00	
1319	7.118902e-03	5.000000e+00	0.000000e+00	5.000000e+00	
1320	7.128902e-03	5.000000e+00	0.000000e+00	5.000000e+00	
1321	7.138902e-03	5.000000e+00	0.000000e+00	5.000000e+00	
1322	7.148902e-03	5.000000e+00	0.000000e+00	5.000000e+00	
1323	7.158902e-03	5.000000e+00	0.000000e+00	5.000000e+00	
1324	7.168902e-03	5.000000e+00	0.000000e+00	5.000000e+00	
1325	7.178902e-03	5.000000e+00	0.000000e+00	5.000000e+00	
1326	7.188902e-03	5.000000e+00	0.000000e+00	5.000000e+00	
1327	7.198902e-03	5.000000e+00	0.000000e+00	5.000000e+00	
1328	7.208902e-03	5.000000e+00	0.000000e+00	5.000000e+00	
1329	7.218902e-03	5.000000e+00	0.000000e+00	5.000000e+00	
1330	7.228902e-03	5.000000e+00	0.000000e+00	5.000000e+00	

Index   time            V(10)           V(12)           V(13)           
--------------------------------------------------------------------------------
1331	7.238902e-03	5.000000e+00	0.000000e+00	5.000000e+00	
1332	7.248902e-03	5.000000e+00	0.000000e+00	5.000000e+00	
1333	7.258902e-03	5.000000e+00	0.000000e+00	5.000000e+00	
1334	7.268902e-03	5.000000e+00	0.000000e+00	5.000000e+00	
1335	7.278902e-03	5.000000e+00	0.000000e+00	5.000000e+00	
1336	7.288902e-03	5.000000e+00	0.000000e+00	5.000000e+00	
1337	7.298902e-03	5.000000e+00	0.000000e+00	5.000000e+00	
1338	7.308902e-03	5.000000e+00	0.000000e+00	5.000000e+00	
1339	7.318902e-03	5.000000e+00	0.000000e+00	5.000000e+00	
1340	7.328902e-03	5.000000e+00	0.000000e+00	5.000000e+00	
1341	7.338902e-03	5.000000e+00	0.000000e+00	5.000000e+00	
1342	7.348902e-03	5.000000e+00	0.000000e+00	5.000000e+00	
1343	7.358902e-03	5.000000e+00	0.000000e+00	5.000000e+00	
1344	7.368902e-03	5.000000e+00	0.000000e+00	5.000000e+00	
1345	7.378902e-03	5.000000e+00	0.000000e+00	5.000000e+00	
1346	7.388902e-03	5.000000e+00	0.000000e+00	5.000000e+00	
1347	7.398902e-03	5.000000e+00	0.000000e+00	5.000000e+00	
1348	7.408902e-03	5.000000e+00	0.000000e+00	5.000000e+00	
1349	7.418902e-03	5.000000e+00	0.000000e+00	5.000000e+00	
1350	7.428902e-03	5.000000e+00	0.000000e+00	5.000000e+00	
1351	7.438902e-03	5.000000e+00	0.000000e+00	5.000000e+00	
1352	7.448902e-03	5.000000e+00	0.000000e+00	5.000000e+00	
1353	7.458902e-03	5.000000e+00	0.000000e+00	5.000000e+00	
1354	7.468902e-03	5.000000e+00	0.000000e+00	5.000000e+00	
1355	7.478902e-03	5.000000e+00	0.000000e+00	5.000000e+00	
1356	7.488902e-03	5.000000e+00	0.000000e+00	5.000000e+00	
1357	7.498902e-03	5.000000e+00	0.000000e+00	5.000000e+00	
1358	7.508902e-03	5.000000e+00	0.000000e+00	5.000000e+00	
1359	7.518902e-03	5.000000e+00	0.000000e+00	5.000000e+00	
1360	7.528902e-03	5.000000e+00	0.000000e+00	5.000000e+00	
1361	7.538902e-03	5.000000e+00	0.000000e+00	5.000000e+00	
1362	7.548902e-03	5.000000e+00	0.000000e+00	5.000000e+00	
1363	7.558902e-03	5.000000e+00	0.000000e+00	5.000000e+00	
1364	7.568902e-03	5.000000e+00	0.000000e+00	5.000000e+00	
1365	7.578902e-03	5.000000e+00	0.000000e+00	5.000000e+00	
1366	7.588902e-03	5.000000e+00	0.000000e+00	5.000000e+00	
1367	7.598902e-03	5.000000e+00	0.000000e+00	5.000000e+00	
1368	7.608902e-03	5.000000e+00	0.000000e+00	5.000000e+00	
1369	7.618902e-03	5.000000e+00	0.000000e+00	5.000000e+00	
1370	7.628902e-03	5.000000e+00	0.000000e+00	5.000000e+00	
1371	7.638902e-03	5.000000e+00	0.000000e+00	5.000000e+00	
1372	7.648902e-03	5.000000e+00	0.000000e+00	5.000000e+00	
1373	7.658902e-03	5.000000e+00	0.000000e+00	5.000000e+00	
1374	7.668902e-03	5.000000e+00	0.000000e+00	5.000000e+00	
1375	7.678902e-03	5.000000e+00	0.000000e+00	5.000000e+00	
1376	7.688902e-03	5.000000e+00	0.000000e+00	5.000000e+00	
1377	7.698902e-03	5.000000e+00	0.000000e+00	5.000000e+00	
1378	7.708902e-03	5.000000e+00	0.000000e+00	5.000000e+00	
1379	7.718902e-03	5.000000e+00	0.000000e+00	5.000000e+00	
1380	7.728902e-03	5.000000e+00	0.000000e+00	5.000000e+00	
1381	7.738902e-03	5.000000e+00	0.000000e+00	5.000000e+00	
1382	7.748902e-03	5.000000e+00	0.000000e+00	5.000000e+00	
1383	7.758902e-03	5.000000e+00	0.000000e+00	5.000000e+00	
1384	7.768902e-03	5.000000e+00	0.000000e+00	5.000000e+00	
1385	7.778902e-03	5.000000e+00	0.000000e+00	5.000000e+00	
1386	7.788902e-03	5.000000e+00	0.000000e+00	5.000000e+00	
1387	7.798902e-03	5.000000e+00	0.000000e+00	5.000000e+00	
1388	7.808902e-03	5.000000e+00	0.000000e+00	5.000000e+00	

Index   time            V(10)           V(12)           V(13)           
--------------------------------------------------------------------------------
1389	7.818902e-03	5.000000e+00	0.000000e+00	5.000000e+00	
1390	7.828902e-03	5.000000e+00	0.000000e+00	5.000000e+00	
1391	7.838902e-03	5.000000e+00	0.000000e+00	5.000000e+00	
1392	7.848902e-03	5.000000e+00	0.000000e+00	5.000000e+00	
1393	7.858902e-03	5.000000e+00	0.000000e+00	5.000000e+00	
1394	7.868902e-03	5.000000e+00	0.000000e+00	5.000000e+00	
1395	7.878902e-03	5.000000e+00	0.000000e+00	5.000000e+00	
1396	7.888902e-03	5.000000e+00	0.000000e+00	5.000000e+00	
1397	7.898902e-03	5.000000e+00	0.000000e+00	5.000000e+00	
1398	7.908902e-03	5.000000e+00	0.000000e+00	5.000000e+00	
1399	7.918902e-03	5.000000e+00	0.000000e+00	5.000000e+00	
1400	7.928902e-03	5.000000e+00	0.000000e+00	5.000000e+00	
1401	7.938902e-03	5.000000e+00	0.000000e+00	5.000000e+00	
1402	7.948902e-03	5.000000e+00	0.000000e+00	5.000000e+00	
1403	7.958902e-03	5.000000e+00	0.000000e+00	5.000000e+00	
1404	7.968902e-03	5.000000e+00	0.000000e+00	5.000000e+00	
1405	7.978902e-03	5.000000e+00	0.000000e+00	5.000000e+00	
1406	7.988902e-03	5.000000e+00	0.000000e+00	5.000000e+00	
1407	7.998902e-03	5.000000e+00	0.000000e+00	5.000000e+00	
1408	8.000000e-03	5.000000e+00	0.000000e+00	5.000000e+00	

                                kicad schematic
                                Transient Analysis  Thu Nov 06 13:44:55  2025
--------------------------------------------------------------------------------
Index   time            V(14)           V(15)           
--------------------------------------------------------------------------------
0	0.000000e+00	0.000000e+00	0.000000e+00	
1	1.000000e-10	5.000000e-02	5.000000e-02	
2	2.000000e-10	1.000000e-01	1.000000e-01	
3	4.000000e-10	2.000000e-01	2.000000e-01	
4	8.000000e-10	4.000000e-01	4.000000e-01	
5	1.600000e-09	8.000000e-01	8.000000e-01	
6	3.200000e-09	1.600000e+00	1.600000e+00	
7	6.400000e-09	3.200000e+00	3.200000e+00	
8	8.200000e-09	4.100000e+00	4.100000e+00	
9	8.210000e-09	4.105000e+00	4.105000e+00	
10	8.230000e-09	4.115000e+00	4.115000e+00	
11	8.270000e-09	4.135000e+00	4.135000e+00	
12	8.300000e-09	4.150000e+00	4.150000e+00	
13	8.308000e-09	4.154000e+00	4.154000e+00	
14	8.324000e-09	4.162000e+00	4.162000e+00	
15	8.356000e-09	4.178000e+00	4.178000e+00	
16	8.420000e-09	4.210000e+00	4.210000e+00	
17	8.548000e-09	4.274000e+00	4.274000e+00	
18	8.804000e-09	4.402000e+00	4.402000e+00	
19	9.316000e-09	4.658000e+00	4.658000e+00	
20	1.000000e-08	5.000000e+00	5.000000e+00	
21	1.010240e-08	5.000000e+00	5.000000e+00	
22	1.020000e-08	5.000000e+00	5.000000e+00	
23	1.022048e-08	5.000000e+00	5.000000e+00	
24	1.026144e-08	5.000000e+00	5.000000e+00	
25	1.034336e-08	5.000000e+00	5.000000e+00	
26	1.050720e-08	5.000000e+00	5.000000e+00	
27	1.083488e-08	5.000000e+00	5.000000e+00	
28	1.110000e-08	5.000000e+00	5.000000e+00	
29	1.116554e-08	5.000000e+00	5.000000e+00	
30	1.129661e-08	5.000000e+00	5.000000e+00	
31	1.140000e-08	5.000000e+00	5.000000e+00	
32	1.142621e-08	5.000000e+00	5.000000e+00	
33	1.147864e-08	5.000000e+00	5.000000e+00	
34	1.158350e-08	5.000000e+00	5.000000e+00	
35	1.179322e-08	5.000000e+00	5.000000e+00	
36	1.221265e-08	5.000000e+00	5.000000e+00	
37	1.230000e-08	5.000000e+00	5.000000e+00	
38	1.238389e-08	5.000000e+00	5.000000e+00	
39	1.255166e-08	5.000000e+00	5.000000e+00	
40	1.288720e-08	5.000000e+00	5.000000e+00	
41	1.340000e-08	5.000000e+00	5.000000e+00	
42	1.341000e-08	5.000000e+00	5.000000e+00	
43	1.343000e-08	5.000000e+00	5.000000e+00	
44	1.347000e-08	5.000000e+00	5.000000e+00	
45	1.350000e-08	5.000000e+00	5.000000e+00	
46	1.350800e-08	5.000000e+00	5.000000e+00	
47	1.352400e-08	5.000000e+00	5.000000e+00	
48	1.355600e-08	5.000000e+00	5.000000e+00	
49	1.362000e-08	5.000000e+00	5.000000e+00	
50	1.374800e-08	5.000000e+00	5.000000e+00	
51	1.400400e-08	5.000000e+00	5.000000e+00	
52	1.451600e-08	5.000000e+00	5.000000e+00	
53	1.554000e-08	5.000000e+00	5.000000e+00	
54	1.758800e-08	5.000000e+00	5.000000e+00	

Index   time            V(14)           V(15)           
--------------------------------------------------------------------------------
55	2.168400e-08	5.000000e+00	5.000000e+00	
56	2.987600e-08	5.000000e+00	5.000000e+00	
57	4.626000e-08	5.000000e+00	5.000000e+00	
58	7.902800e-08	5.000000e+00	5.000000e+00	
59	1.445640e-07	5.000000e+00	5.000000e+00	
60	2.756360e-07	5.000000e+00	5.000000e+00	
61	5.377800e-07	5.000000e+00	5.000000e+00	
62	1.062068e-06	5.000000e+00	5.000000e+00	
63	2.110644e-06	5.000000e+00	5.000000e+00	
64	4.207796e-06	5.000000e+00	5.000000e+00	
65	8.402100e-06	5.000000e+00	5.000000e+00	
66	1.679071e-05	5.000000e+00	5.000000e+00	
67	2.679071e-05	5.000000e+00	5.000000e+00	
68	3.679071e-05	5.000000e+00	5.000000e+00	
69	4.679071e-05	5.000000e+00	5.000000e+00	
70	5.679071e-05	5.000000e+00	5.000000e+00	
71	6.679071e-05	5.000000e+00	5.000000e+00	
72	7.679071e-05	5.000000e+00	5.000000e+00	
73	8.679071e-05	5.000000e+00	5.000000e+00	
74	9.679071e-05	5.000000e+00	5.000000e+00	
75	1.067907e-04	5.000000e+00	5.000000e+00	
76	1.167907e-04	5.000000e+00	5.000000e+00	
77	1.267907e-04	5.000000e+00	5.000000e+00	
78	1.367907e-04	5.000000e+00	5.000000e+00	
79	1.467907e-04	5.000000e+00	5.000000e+00	
80	1.567907e-04	5.000000e+00	5.000000e+00	
81	1.667907e-04	5.000000e+00	5.000000e+00	
82	1.767907e-04	5.000000e+00	5.000000e+00	
83	1.867907e-04	5.000000e+00	5.000000e+00	
84	1.967907e-04	5.000000e+00	5.000000e+00	
85	2.067907e-04	5.000000e+00	5.000000e+00	
86	2.167907e-04	5.000000e+00	5.000000e+00	
87	2.267907e-04	5.000000e+00	5.000000e+00	
88	2.367907e-04	5.000000e+00	5.000000e+00	
89	2.467907e-04	5.000000e+00	5.000000e+00	
90	2.567907e-04	5.000000e+00	5.000000e+00	
91	2.667907e-04	5.000000e+00	5.000000e+00	
92	2.767907e-04	5.000000e+00	5.000000e+00	
93	2.867907e-04	5.000000e+00	5.000000e+00	
94	2.967907e-04	5.000000e+00	5.000000e+00	
95	3.067907e-04	5.000000e+00	5.000000e+00	
96	3.167907e-04	5.000000e+00	5.000000e+00	
97	3.267907e-04	5.000000e+00	5.000000e+00	
98	3.367907e-04	5.000000e+00	5.000000e+00	
99	3.467907e-04	5.000000e+00	5.000000e+00	
100	3.567907e-04	5.000000e+00	5.000000e+00	
101	3.667907e-04	5.000000e+00	5.000000e+00	
102	3.767907e-04	5.000000e+00	5.000000e+00	
103	3.867907e-04	5.000000e+00	5.000000e+00	
104	3.967907e-04	5.000000e+00	5.000000e+00	
105	4.067907e-04	5.000000e+00	5.000000e+00	
106	4.167907e-04	5.000000e+00	5.000000e+00	
107	4.267907e-04	5.000000e+00	5.000000e+00	
108	4.367907e-04	5.000000e+00	5.000000e+00	
109	4.467907e-04	5.000000e+00	5.000000e+00	
110	4.567907e-04	5.000000e+00	5.000000e+00	
111	4.667907e-04	5.000000e+00	5.000000e+00	
112	4.767907e-04	5.000000e+00	5.000000e+00	

Index   time            V(14)           V(15)           
--------------------------------------------------------------------------------
113	4.867907e-04	5.000000e+00	5.000000e+00	
114	4.967907e-04	5.000000e+00	5.000000e+00	
115	5.067907e-04	5.000000e+00	5.000000e+00	
116	5.167907e-04	5.000000e+00	5.000000e+00	
117	5.267907e-04	5.000000e+00	5.000000e+00	
118	5.367907e-04	5.000000e+00	5.000000e+00	
119	5.467907e-04	5.000000e+00	5.000000e+00	
120	5.567907e-04	5.000000e+00	5.000000e+00	
121	5.667907e-04	5.000000e+00	5.000000e+00	
122	5.767907e-04	5.000000e+00	5.000000e+00	
123	5.867907e-04	5.000000e+00	5.000000e+00	
124	5.967907e-04	5.000000e+00	5.000000e+00	
125	6.067907e-04	5.000000e+00	5.000000e+00	
126	6.167907e-04	5.000000e+00	5.000000e+00	
127	6.267907e-04	5.000000e+00	5.000000e+00	
128	6.367907e-04	5.000000e+00	5.000000e+00	
129	6.467907e-04	5.000000e+00	5.000000e+00	
130	6.567907e-04	5.000000e+00	5.000000e+00	
131	6.667907e-04	5.000000e+00	5.000000e+00	
132	6.767907e-04	5.000000e+00	5.000000e+00	
133	6.867907e-04	5.000000e+00	5.000000e+00	
134	6.967907e-04	5.000000e+00	5.000000e+00	
135	7.067907e-04	5.000000e+00	5.000000e+00	
136	7.167907e-04	5.000000e+00	5.000000e+00	
137	7.267907e-04	5.000000e+00	5.000000e+00	
138	7.367907e-04	5.000000e+00	5.000000e+00	
139	7.467907e-04	5.000000e+00	5.000000e+00	
140	7.567907e-04	5.000000e+00	5.000000e+00	
141	7.667907e-04	5.000000e+00	5.000000e+00	
142	7.767907e-04	5.000000e+00	5.000000e+00	
143	7.867907e-04	5.000000e+00	5.000000e+00	
144	7.967907e-04	5.000000e+00	5.000000e+00	
145	8.067907e-04	5.000000e+00	5.000000e+00	
146	8.167907e-04	5.000000e+00	5.000000e+00	
147	8.267907e-04	5.000000e+00	5.000000e+00	
148	8.367907e-04	5.000000e+00	5.000000e+00	
149	8.467907e-04	5.000000e+00	5.000000e+00	
150	8.567907e-04	5.000000e+00	5.000000e+00	
151	8.667907e-04	5.000000e+00	5.000000e+00	
152	8.767907e-04	5.000000e+00	5.000000e+00	
153	8.867907e-04	5.000000e+00	5.000000e+00	
154	8.967907e-04	5.000000e+00	5.000000e+00	
155	9.067907e-04	5.000000e+00	5.000000e+00	
156	9.167907e-04	5.000000e+00	5.000000e+00	
157	9.267907e-04	5.000000e+00	5.000000e+00	
158	9.367907e-04	5.000000e+00	5.000000e+00	
159	9.467907e-04	5.000000e+00	5.000000e+00	
160	9.567907e-04	5.000000e+00	5.000000e+00	
161	9.667907e-04	5.000000e+00	5.000000e+00	
162	9.767907e-04	5.000000e+00	5.000000e+00	
163	9.867907e-04	5.000000e+00	5.000000e+00	
164	9.967907e-04	5.000000e+00	5.000000e+00	
165	1.000010e-03	5.000000e+00	5.000000e+00	
166	1.000011e-03	5.000000e+00	4.500000e+00	
167	1.000013e-03	5.000000e+00	3.500000e+00	
168	1.000017e-03	5.000000e+00	1.500000e+00	
169	1.000020e-03	5.000000e+00	0.000000e+00	
170	1.000021e-03	5.000000e+00	0.000000e+00	

Index   time            V(14)           V(15)           
--------------------------------------------------------------------------------
171	1.000022e-03	5.000000e+00	0.000000e+00	
172	1.000022e-03	5.000000e+00	0.000000e+00	
173	1.000022e-03	5.000000e+00	0.000000e+00	
174	1.000023e-03	5.000000e+00	0.000000e+00	
175	1.000023e-03	5.000000e+00	0.000000e+00	
176	1.000023e-03	5.000000e+00	0.000000e+00	
177	1.000023e-03	5.000000e+00	0.000000e+00	
178	1.000023e-03	5.000000e+00	0.000000e+00	
179	1.000024e-03	5.000000e+00	0.000000e+00	
180	1.000024e-03	5.000000e+00	0.000000e+00	
181	1.000024e-03	5.000000e+00	0.000000e+00	
182	1.000024e-03	5.000000e+00	0.000000e+00	
183	1.000024e-03	5.000000e+00	0.000000e+00	
184	1.000024e-03	5.000000e+00	0.000000e+00	
185	1.000024e-03	5.000000e+00	0.000000e+00	
186	1.000024e-03	5.000000e+00	0.000000e+00	
187	1.000024e-03	5.000000e+00	0.000000e+00	
188	1.000024e-03	5.000000e+00	0.000000e+00	
189	1.000024e-03	5.000000e+00	0.000000e+00	
190	1.000025e-03	5.000000e+00	0.000000e+00	
191	1.000025e-03	5.000000e+00	0.000000e+00	
192	1.000025e-03	5.000000e+00	0.000000e+00	
193	1.000025e-03	5.000000e+00	0.000000e+00	
194	1.000025e-03	5.000000e+00	0.000000e+00	
195	1.000025e-03	5.000000e+00	0.000000e+00	
196	1.000025e-03	5.000000e+00	0.000000e+00	
197	1.000025e-03	5.000000e+00	0.000000e+00	
198	1.000025e-03	5.000000e+00	0.000000e+00	
199	1.000025e-03	5.000000e+00	0.000000e+00	
200	1.000025e-03	5.000000e+00	0.000000e+00	
201	1.000026e-03	5.000000e+00	0.000000e+00	
202	1.000026e-03	5.000000e+00	0.000000e+00	
203	1.000027e-03	5.000000e+00	0.000000e+00	
204	1.000027e-03	5.000000e+00	0.000000e+00	
205	1.000027e-03	5.000000e+00	0.000000e+00	
206	1.000028e-03	5.000000e+00	0.000000e+00	
207	1.000028e-03	5.000000e+00	0.000000e+00	
208	1.000028e-03	5.000000e+00	0.000000e+00	
209	1.000028e-03	5.000000e+00	0.000000e+00	
210	1.000028e-03	5.000000e+00	0.000000e+00	
211	1.000029e-03	5.000000e+00	0.000000e+00	
212	1.000030e-03	5.000000e+00	0.000000e+00	
213	1.000032e-03	5.000000e+00	0.000000e+00	
214	1.000037e-03	5.000000e+00	0.000000e+00	
215	1.000046e-03	5.000000e+00	0.000000e+00	
216	1.000065e-03	5.000000e+00	0.000000e+00	
217	1.000102e-03	5.000000e+00	0.000000e+00	
218	1.000175e-03	5.000000e+00	0.000000e+00	
219	1.000323e-03	5.000000e+00	0.000000e+00	
220	1.000618e-03	5.000000e+00	0.000000e+00	
221	1.001207e-03	5.000000e+00	0.000000e+00	
222	1.002387e-03	5.000000e+00	0.000000e+00	
223	1.004746e-03	5.000000e+00	0.000000e+00	
224	1.009465e-03	5.000000e+00	0.000000e+00	
225	1.018902e-03	5.000000e+00	0.000000e+00	
226	1.028902e-03	5.000000e+00	0.000000e+00	
227	1.038902e-03	5.000000e+00	0.000000e+00	
228	1.048902e-03	5.000000e+00	0.000000e+00	

Index   time            V(14)           V(15)           
--------------------------------------------------------------------------------
229	1.058902e-03	5.000000e+00	0.000000e+00	
230	1.068902e-03	5.000000e+00	0.000000e+00	
231	1.078902e-03	5.000000e+00	0.000000e+00	
232	1.088902e-03	5.000000e+00	0.000000e+00	
233	1.098902e-03	5.000000e+00	0.000000e+00	
234	1.108902e-03	5.000000e+00	0.000000e+00	
235	1.118902e-03	5.000000e+00	0.000000e+00	
236	1.128902e-03	5.000000e+00	0.000000e+00	
237	1.138902e-03	5.000000e+00	0.000000e+00	
238	1.148902e-03	5.000000e+00	0.000000e+00	
239	1.158902e-03	5.000000e+00	0.000000e+00	
240	1.168902e-03	5.000000e+00	0.000000e+00	
241	1.178902e-03	5.000000e+00	0.000000e+00	
242	1.188902e-03	5.000000e+00	0.000000e+00	
243	1.198902e-03	5.000000e+00	0.000000e+00	
244	1.208902e-03	5.000000e+00	0.000000e+00	
245	1.218902e-03	5.000000e+00	0.000000e+00	
246	1.228902e-03	5.000000e+00	0.000000e+00	
247	1.238902e-03	5.000000e+00	0.000000e+00	
248	1.248902e-03	5.000000e+00	0.000000e+00	
249	1.258902e-03	5.000000e+00	0.000000e+00	
250	1.268902e-03	5.000000e+00	0.000000e+00	
251	1.278902e-03	5.000000e+00	0.000000e+00	
252	1.288902e-03	5.000000e+00	0.000000e+00	
253	1.298902e-03	5.000000e+00	0.000000e+00	
254	1.308902e-03	5.000000e+00	0.000000e+00	
255	1.318902e-03	5.000000e+00	0.000000e+00	
256	1.328902e-03	5.000000e+00	0.000000e+00	
257	1.338902e-03	5.000000e+00	0.000000e+00	
258	1.348902e-03	5.000000e+00	0.000000e+00	
259	1.358902e-03	5.000000e+00	0.000000e+00	
260	1.368902e-03	5.000000e+00	0.000000e+00	
261	1.378902e-03	5.000000e+00	0.000000e+00	
262	1.388902e-03	5.000000e+00	0.000000e+00	
263	1.398902e-03	5.000000e+00	0.000000e+00	
264	1.408902e-03	5.000000e+00	0.000000e+00	
265	1.418902e-03	5.000000e+00	0.000000e+00	
266	1.428902e-03	5.000000e+00	0.000000e+00	
267	1.438902e-03	5.000000e+00	0.000000e+00	
268	1.448902e-03	5.000000e+00	0.000000e+00	
269	1.458902e-03	5.000000e+00	0.000000e+00	
270	1.468902e-03	5.000000e+00	0.000000e+00	
271	1.478902e-03	5.000000e+00	0.000000e+00	
272	1.488902e-03	5.000000e+00	0.000000e+00	
273	1.498902e-03	5.000000e+00	0.000000e+00	
274	1.508902e-03	5.000000e+00	0.000000e+00	
275	1.518902e-03	5.000000e+00	0.000000e+00	
276	1.528902e-03	5.000000e+00	0.000000e+00	
277	1.538902e-03	5.000000e+00	0.000000e+00	
278	1.548902e-03	5.000000e+00	0.000000e+00	
279	1.558902e-03	5.000000e+00	0.000000e+00	
280	1.568902e-03	5.000000e+00	0.000000e+00	
281	1.578902e-03	5.000000e+00	0.000000e+00	
282	1.588902e-03	5.000000e+00	0.000000e+00	
283	1.598902e-03	5.000000e+00	0.000000e+00	
284	1.608902e-03	5.000000e+00	0.000000e+00	
285	1.618902e-03	5.000000e+00	0.000000e+00	
286	1.628902e-03	5.000000e+00	0.000000e+00	

Index   time            V(14)           V(15)           
--------------------------------------------------------------------------------
287	1.638902e-03	5.000000e+00	0.000000e+00	
288	1.648902e-03	5.000000e+00	0.000000e+00	
289	1.658902e-03	5.000000e+00	0.000000e+00	
290	1.668902e-03	5.000000e+00	0.000000e+00	
291	1.678902e-03	5.000000e+00	0.000000e+00	
292	1.688902e-03	5.000000e+00	0.000000e+00	
293	1.698902e-03	5.000000e+00	0.000000e+00	
294	1.708902e-03	5.000000e+00	0.000000e+00	
295	1.718902e-03	5.000000e+00	0.000000e+00	
296	1.728902e-03	5.000000e+00	0.000000e+00	
297	1.738902e-03	5.000000e+00	0.000000e+00	
298	1.748902e-03	5.000000e+00	0.000000e+00	
299	1.758902e-03	5.000000e+00	0.000000e+00	
300	1.768902e-03	5.000000e+00	0.000000e+00	
301	1.778902e-03	5.000000e+00	0.000000e+00	
302	1.788902e-03	5.000000e+00	0.000000e+00	
303	1.798902e-03	5.000000e+00	0.000000e+00	
304	1.808902e-03	5.000000e+00	0.000000e+00	
305	1.818902e-03	5.000000e+00	0.000000e+00	
306	1.828902e-03	5.000000e+00	0.000000e+00	
307	1.838902e-03	5.000000e+00	0.000000e+00	
308	1.848902e-03	5.000000e+00	0.000000e+00	
309	1.858902e-03	5.000000e+00	0.000000e+00	
310	1.868902e-03	5.000000e+00	0.000000e+00	
311	1.878902e-03	5.000000e+00	0.000000e+00	
312	1.888902e-03	5.000000e+00	0.000000e+00	
313	1.898902e-03	5.000000e+00	0.000000e+00	
314	1.908902e-03	5.000000e+00	0.000000e+00	
315	1.918902e-03	5.000000e+00	0.000000e+00	
316	1.928902e-03	5.000000e+00	0.000000e+00	
317	1.938902e-03	5.000000e+00	0.000000e+00	
318	1.948902e-03	5.000000e+00	0.000000e+00	
319	1.958902e-03	5.000000e+00	0.000000e+00	
320	1.968902e-03	5.000000e+00	0.000000e+00	
321	1.978902e-03	5.000000e+00	0.000000e+00	
322	1.988902e-03	5.000000e+00	0.000000e+00	
323	1.998902e-03	5.000000e+00	0.000000e+00	
324	2.000000e-03	5.000000e+00	0.000000e+00	
325	2.000001e-03	5.000000e+00	5.000000e-01	
326	2.000003e-03	5.000000e+00	1.500000e+00	
327	2.000007e-03	5.000000e+00	3.500000e+00	
328	2.000008e-03	5.000000e+00	4.000000e+00	
329	2.000008e-03	5.000000e+00	4.005000e+00	
330	2.000008e-03	5.000000e+00	4.015000e+00	
331	2.000008e-03	5.000000e+00	4.035000e+00	
332	2.000008e-03	5.000000e+00	4.050000e+00	
333	2.000008e-03	5.000000e+00	4.054000e+00	
334	2.000008e-03	5.000000e+00	4.062000e+00	
335	2.000008e-03	5.000000e+00	4.078000e+00	
336	2.000008e-03	5.000000e+00	4.110000e+00	
337	2.000008e-03	5.000000e+00	4.174000e+00	
338	2.000009e-03	5.000000e+00	4.302000e+00	
339	2.000009e-03	5.000000e+00	4.558000e+00	
340	2.000010e-03	5.000000e+00	5.000000e+00	
341	2.000010e-03	4.955800e+00	5.000000e+00	
342	2.000010e-03	4.867400e+00	5.000000e+00	
343	2.000011e-03	4.690600e+00	5.000000e+00	
344	2.000011e-03	4.550000e+00	5.000000e+00	

Index   time            V(14)           V(15)           
--------------------------------------------------------------------------------
345	2.000011e-03	4.514640e+00	5.000000e+00	
346	2.000011e-03	4.443920e+00	5.000000e+00	
347	2.000011e-03	4.302480e+00	5.000000e+00	
348	2.000012e-03	4.019600e+00	5.000000e+00	
349	2.000012e-03	4.000000e+00	5.000000e+00	
350	2.000012e-03	3.960800e+00	5.000000e+00	
351	2.000012e-03	3.882400e+00	5.000000e+00	
352	2.000013e-03	3.725600e+00	5.000000e+00	
353	2.000013e-03	3.550000e+00	5.000000e+00	
354	2.000013e-03	3.518640e+00	5.000000e+00	
355	2.000013e-03	3.455920e+00	5.000000e+00	
356	2.000013e-03	3.330480e+00	5.000000e+00	
357	2.000014e-03	3.079600e+00	5.000000e+00	
358	2.000014e-03	3.000000e+00	5.000000e+00	
359	2.000014e-03	2.995000e+00	5.000000e+00	
360	2.000014e-03	2.985000e+00	5.000000e+00	
361	2.000014e-03	2.965000e+00	5.000000e+00	
362	2.000014e-03	2.950000e+00	5.000000e+00	
363	2.000014e-03	2.946000e+00	5.000000e+00	
364	2.000014e-03	2.938000e+00	5.000000e+00	
365	2.000014e-03	2.922000e+00	5.000000e+00	
366	2.000014e-03	2.890000e+00	5.000000e+00	
367	2.000014e-03	2.826000e+00	5.000000e+00	
368	2.000015e-03	2.698000e+00	5.000000e+00	
369	2.000015e-03	2.442000e+00	5.000000e+00	
370	2.000016e-03	1.930000e+00	5.000000e+00	
371	2.000018e-03	9.060000e-01	5.000000e+00	
372	2.000020e-03	0.000000e+00	5.000000e+00	
373	2.000020e-03	0.000000e+00	5.000000e+00	
374	2.000021e-03	0.000000e+00	5.000000e+00	
375	2.000021e-03	0.000000e+00	5.000000e+00	
376	2.000021e-03	0.000000e+00	5.000000e+00	
377	2.000022e-03	0.000000e+00	5.000000e+00	
378	2.000022e-03	0.000000e+00	5.000000e+00	
379	2.000022e-03	0.000000e+00	5.000000e+00	
380	2.000022e-03	0.000000e+00	5.000000e+00	
381	2.000022e-03	0.000000e+00	5.000000e+00	
382	2.000023e-03	0.000000e+00	5.000000e+00	
383	2.000023e-03	0.000000e+00	5.000000e+00	
384	2.000023e-03	0.000000e+00	5.000000e+00	
385	2.000023e-03	0.000000e+00	5.000000e+00	
386	2.000023e-03	0.000000e+00	5.000000e+00	
387	2.000023e-03	0.000000e+00	5.000000e+00	
388	2.000023e-03	0.000000e+00	5.000000e+00	
389	2.000023e-03	0.000000e+00	5.000000e+00	
390	2.000023e-03	0.000000e+00	5.000000e+00	
391	2.000023e-03	0.000000e+00	5.000000e+00	
392	2.000023e-03	0.000000e+00	5.000000e+00	
393	2.000023e-03	0.000000e+00	5.000000e+00	
394	2.000023e-03	0.000000e+00	5.000000e+00	
395	2.000023e-03	0.000000e+00	5.000000e+00	
396	2.000023e-03	0.000000e+00	5.000000e+00	
397	2.000023e-03	0.000000e+00	5.000000e+00	
398	2.000023e-03	0.000000e+00	5.000000e+00	
399	2.000023e-03	0.000000e+00	5.000000e+00	
400	2.000023e-03	0.000000e+00	5.000000e+00	
401	2.000024e-03	0.000000e+00	5.000000e+00	
402	2.000024e-03	0.000000e+00	5.000000e+00	

Index   time            V(14)           V(15)           
--------------------------------------------------------------------------------
403	2.000025e-03	0.000000e+00	5.000000e+00	
404	2.000025e-03	0.000000e+00	5.000000e+00	
405	2.000025e-03	0.000000e+00	5.000000e+00	
406	2.000025e-03	0.000000e+00	5.000000e+00	
407	2.000026e-03	0.000000e+00	5.000000e+00	
408	2.000026e-03	0.000000e+00	5.000000e+00	
409	2.000026e-03	0.000000e+00	5.000000e+00	
410	2.000026e-03	0.000000e+00	5.000000e+00	
411	2.000027e-03	0.000000e+00	5.000000e+00	
412	2.000027e-03	0.000000e+00	5.000000e+00	
413	2.000028e-03	0.000000e+00	5.000000e+00	
414	2.000031e-03	0.000000e+00	5.000000e+00	
415	2.000035e-03	0.000000e+00	5.000000e+00	
416	2.000044e-03	0.000000e+00	5.000000e+00	
417	2.000063e-03	0.000000e+00	5.000000e+00	
418	2.000100e-03	0.000000e+00	5.000000e+00	
419	2.000173e-03	0.000000e+00	5.000000e+00	
420	2.000321e-03	0.000000e+00	5.000000e+00	
421	2.000616e-03	0.000000e+00	5.000000e+00	
422	2.001206e-03	0.000000e+00	5.000000e+00	
423	2.002385e-03	0.000000e+00	5.000000e+00	
424	2.004745e-03	0.000000e+00	5.000000e+00	
425	2.009463e-03	0.000000e+00	5.000000e+00	
426	2.018900e-03	0.000000e+00	5.000000e+00	
427	2.028900e-03	0.000000e+00	5.000000e+00	
428	2.038900e-03	0.000000e+00	5.000000e+00	
429	2.048900e-03	0.000000e+00	5.000000e+00	
430	2.058900e-03	0.000000e+00	5.000000e+00	
431	2.068900e-03	0.000000e+00	5.000000e+00	
432	2.078900e-03	0.000000e+00	5.000000e+00	
433	2.088900e-03	0.000000e+00	5.000000e+00	
434	2.098900e-03	0.000000e+00	5.000000e+00	
435	2.108900e-03	0.000000e+00	5.000000e+00	
436	2.118900e-03	0.000000e+00	5.000000e+00	
437	2.128900e-03	0.000000e+00	5.000000e+00	
438	2.138900e-03	0.000000e+00	5.000000e+00	
439	2.148900e-03	0.000000e+00	5.000000e+00	
440	2.158900e-03	0.000000e+00	5.000000e+00	
441	2.168900e-03	0.000000e+00	5.000000e+00	
442	2.178900e-03	0.000000e+00	5.000000e+00	
443	2.188900e-03	0.000000e+00	5.000000e+00	
444	2.198900e-03	0.000000e+00	5.000000e+00	
445	2.208900e-03	0.000000e+00	5.000000e+00	
446	2.218900e-03	0.000000e+00	5.000000e+00	
447	2.228900e-03	0.000000e+00	5.000000e+00	
448	2.238900e-03	0.000000e+00	5.000000e+00	
449	2.248900e-03	0.000000e+00	5.000000e+00	
450	2.258900e-03	0.000000e+00	5.000000e+00	
451	2.268900e-03	0.000000e+00	5.000000e+00	
452	2.278900e-03	0.000000e+00	5.000000e+00	
453	2.288900e-03	0.000000e+00	5.000000e+00	
454	2.298900e-03	0.000000e+00	5.000000e+00	
455	2.308900e-03	0.000000e+00	5.000000e+00	
456	2.318900e-03	0.000000e+00	5.000000e+00	
457	2.328900e-03	0.000000e+00	5.000000e+00	
458	2.338900e-03	0.000000e+00	5.000000e+00	
459	2.348900e-03	0.000000e+00	5.000000e+00	
460	2.358900e-03	0.000000e+00	5.000000e+00	

Index   time            V(14)           V(15)           
--------------------------------------------------------------------------------
461	2.368900e-03	0.000000e+00	5.000000e+00	
462	2.378900e-03	0.000000e+00	5.000000e+00	
463	2.388900e-03	0.000000e+00	5.000000e+00	
464	2.398900e-03	0.000000e+00	5.000000e+00	
465	2.408900e-03	0.000000e+00	5.000000e+00	
466	2.418900e-03	0.000000e+00	5.000000e+00	
467	2.428900e-03	0.000000e+00	5.000000e+00	
468	2.438900e-03	0.000000e+00	5.000000e+00	
469	2.448900e-03	0.000000e+00	5.000000e+00	
470	2.458900e-03	0.000000e+00	5.000000e+00	
471	2.468900e-03	0.000000e+00	5.000000e+00	
472	2.478900e-03	0.000000e+00	5.000000e+00	
473	2.488900e-03	0.000000e+00	5.000000e+00	
474	2.498900e-03	0.000000e+00	5.000000e+00	
475	2.508900e-03	0.000000e+00	5.000000e+00	
476	2.518900e-03	0.000000e+00	5.000000e+00	
477	2.528900e-03	0.000000e+00	5.000000e+00	
478	2.538900e-03	0.000000e+00	5.000000e+00	
479	2.548900e-03	0.000000e+00	5.000000e+00	
480	2.558900e-03	0.000000e+00	5.000000e+00	
481	2.568900e-03	0.000000e+00	5.000000e+00	
482	2.578900e-03	0.000000e+00	5.000000e+00	
483	2.588900e-03	0.000000e+00	5.000000e+00	
484	2.598900e-03	0.000000e+00	5.000000e+00	
485	2.608900e-03	0.000000e+00	5.000000e+00	
486	2.618900e-03	0.000000e+00	5.000000e+00	
487	2.628900e-03	0.000000e+00	5.000000e+00	
488	2.638900e-03	0.000000e+00	5.000000e+00	
489	2.648900e-03	0.000000e+00	5.000000e+00	
490	2.658900e-03	0.000000e+00	5.000000e+00	
491	2.668900e-03	0.000000e+00	5.000000e+00	
492	2.678900e-03	0.000000e+00	5.000000e+00	
493	2.688900e-03	0.000000e+00	5.000000e+00	
494	2.698900e-03	0.000000e+00	5.000000e+00	
495	2.708900e-03	0.000000e+00	5.000000e+00	
496	2.718900e-03	0.000000e+00	5.000000e+00	
497	2.728900e-03	0.000000e+00	5.000000e+00	
498	2.738900e-03	0.000000e+00	5.000000e+00	
499	2.748900e-03	0.000000e+00	5.000000e+00	
500	2.758900e-03	0.000000e+00	5.000000e+00	
501	2.768900e-03	0.000000e+00	5.000000e+00	
502	2.778900e-03	0.000000e+00	5.000000e+00	
503	2.788900e-03	0.000000e+00	5.000000e+00	
504	2.798900e-03	0.000000e+00	5.000000e+00	
505	2.808900e-03	0.000000e+00	5.000000e+00	
506	2.818900e-03	0.000000e+00	5.000000e+00	
507	2.828900e-03	0.000000e+00	5.000000e+00	
508	2.838900e-03	0.000000e+00	5.000000e+00	
509	2.848900e-03	0.000000e+00	5.000000e+00	
510	2.858900e-03	0.000000e+00	5.000000e+00	
511	2.868900e-03	0.000000e+00	5.000000e+00	
512	2.878900e-03	0.000000e+00	5.000000e+00	
513	2.888900e-03	0.000000e+00	5.000000e+00	
514	2.898900e-03	0.000000e+00	5.000000e+00	
515	2.908900e-03	0.000000e+00	5.000000e+00	
516	2.918900e-03	0.000000e+00	5.000000e+00	
517	2.928900e-03	0.000000e+00	5.000000e+00	
518	2.938900e-03	0.000000e+00	5.000000e+00	

Index   time            V(14)           V(15)           
--------------------------------------------------------------------------------
519	2.948900e-03	0.000000e+00	5.000000e+00	
520	2.958900e-03	0.000000e+00	5.000000e+00	
521	2.968900e-03	0.000000e+00	5.000000e+00	
522	2.978900e-03	0.000000e+00	5.000000e+00	
523	2.988900e-03	0.000000e+00	5.000000e+00	
524	2.998900e-03	0.000000e+00	5.000000e+00	
525	3.000010e-03	0.000000e+00	5.000000e+00	
526	3.000011e-03	0.000000e+00	4.500000e+00	
527	3.000013e-03	0.000000e+00	3.500000e+00	
528	3.000017e-03	0.000000e+00	1.500000e+00	
529	3.000020e-03	0.000000e+00	0.000000e+00	
530	3.000021e-03	0.000000e+00	0.000000e+00	
531	3.000022e-03	0.000000e+00	0.000000e+00	
532	3.000022e-03	0.000000e+00	0.000000e+00	
533	3.000022e-03	0.000000e+00	0.000000e+00	
534	3.000023e-03	0.000000e+00	0.000000e+00	
535	3.000023e-03	0.000000e+00	0.000000e+00	
536	3.000023e-03	0.000000e+00	0.000000e+00	
537	3.000023e-03	0.000000e+00	0.000000e+00	
538	3.000023e-03	0.000000e+00	0.000000e+00	
539	3.000024e-03	0.000000e+00	0.000000e+00	
540	3.000024e-03	0.000000e+00	0.000000e+00	
541	3.000024e-03	0.000000e+00	0.000000e+00	
542	3.000024e-03	0.000000e+00	0.000000e+00	
543	3.000024e-03	0.000000e+00	0.000000e+00	
544	3.000024e-03	0.000000e+00	0.000000e+00	
545	3.000024e-03	0.000000e+00	0.000000e+00	
546	3.000024e-03	0.000000e+00	0.000000e+00	
547	3.000024e-03	0.000000e+00	0.000000e+00	
548	3.000024e-03	0.000000e+00	0.000000e+00	
549	3.000024e-03	0.000000e+00	0.000000e+00	
550	3.000025e-03	0.000000e+00	0.000000e+00	
551	3.000025e-03	0.000000e+00	0.000000e+00	
552	3.000025e-03	0.000000e+00	0.000000e+00	
553	3.000025e-03	0.000000e+00	0.000000e+00	
554	3.000025e-03	0.000000e+00	0.000000e+00	
555	3.000025e-03	0.000000e+00	0.000000e+00	
556	3.000025e-03	0.000000e+00	0.000000e+00	
557	3.000025e-03	0.000000e+00	0.000000e+00	
558	3.000025e-03	0.000000e+00	0.000000e+00	
559	3.000025e-03	0.000000e+00	0.000000e+00	
560	3.000025e-03	0.000000e+00	0.000000e+00	
561	3.000026e-03	0.000000e+00	0.000000e+00	
562	3.000026e-03	0.000000e+00	0.000000e+00	
563	3.000027e-03	0.000000e+00	0.000000e+00	
564	3.000027e-03	0.000000e+00	0.000000e+00	
565	3.000027e-03	0.000000e+00	0.000000e+00	
566	3.000028e-03	0.000000e+00	0.000000e+00	
567	3.000028e-03	0.000000e+00	0.000000e+00	
568	3.000028e-03	0.000000e+00	0.000000e+00	
569	3.000028e-03	0.000000e+00	0.000000e+00	
570	3.000028e-03	0.000000e+00	0.000000e+00	
571	3.000029e-03	0.000000e+00	0.000000e+00	
572	3.000030e-03	0.000000e+00	0.000000e+00	
573	3.000032e-03	0.000000e+00	0.000000e+00	
574	3.000037e-03	0.000000e+00	0.000000e+00	
575	3.000046e-03	0.000000e+00	0.000000e+00	
576	3.000065e-03	0.000000e+00	0.000000e+00	

Index   time            V(14)           V(15)           
--------------------------------------------------------------------------------
577	3.000102e-03	0.000000e+00	0.000000e+00	
578	3.000175e-03	0.000000e+00	0.000000e+00	
579	3.000323e-03	0.000000e+00	0.000000e+00	
580	3.000618e-03	0.000000e+00	0.000000e+00	
581	3.001207e-03	0.000000e+00	0.000000e+00	
582	3.002387e-03	0.000000e+00	0.000000e+00	
583	3.004746e-03	0.000000e+00	0.000000e+00	
584	3.009465e-03	0.000000e+00	0.000000e+00	
585	3.018902e-03	0.000000e+00	0.000000e+00	
586	3.028902e-03	0.000000e+00	0.000000e+00	
587	3.038902e-03	0.000000e+00	0.000000e+00	
588	3.048902e-03	0.000000e+00	0.000000e+00	
589	3.058902e-03	0.000000e+00	0.000000e+00	
590	3.068902e-03	0.000000e+00	0.000000e+00	
591	3.078902e-03	0.000000e+00	0.000000e+00	
592	3.088902e-03	0.000000e+00	0.000000e+00	
593	3.098902e-03	0.000000e+00	0.000000e+00	
594	3.108902e-03	0.000000e+00	0.000000e+00	
595	3.118902e-03	0.000000e+00	0.000000e+00	
596	3.128902e-03	0.000000e+00	0.000000e+00	
597	3.138902e-03	0.000000e+00	0.000000e+00	
598	3.148902e-03	0.000000e+00	0.000000e+00	
599	3.158902e-03	0.000000e+00	0.000000e+00	
600	3.168902e-03	0.000000e+00	0.000000e+00	
601	3.178902e-03	0.000000e+00	0.000000e+00	
602	3.188902e-03	0.000000e+00	0.000000e+00	
603	3.198902e-03	0.000000e+00	0.000000e+00	
604	3.208902e-03	0.000000e+00	0.000000e+00	
605	3.218902e-03	0.000000e+00	0.000000e+00	
606	3.228902e-03	0.000000e+00	0.000000e+00	
607	3.238902e-03	0.000000e+00	0.000000e+00	
608	3.248902e-03	0.000000e+00	0.000000e+00	
609	3.258902e-03	0.000000e+00	0.000000e+00	
610	3.268902e-03	0.000000e+00	0.000000e+00	
611	3.278902e-03	0.000000e+00	0.000000e+00	
612	3.288902e-03	0.000000e+00	0.000000e+00	
613	3.298902e-03	0.000000e+00	0.000000e+00	
614	3.308902e-03	0.000000e+00	0.000000e+00	
615	3.318902e-03	0.000000e+00	0.000000e+00	
616	3.328902e-03	0.000000e+00	0.000000e+00	
617	3.338902e-03	0.000000e+00	0.000000e+00	
618	3.348902e-03	0.000000e+00	0.000000e+00	
619	3.358902e-03	0.000000e+00	0.000000e+00	
620	3.368902e-03	0.000000e+00	0.000000e+00	
621	3.378902e-03	0.000000e+00	0.000000e+00	
622	3.388902e-03	0.000000e+00	0.000000e+00	
623	3.398902e-03	0.000000e+00	0.000000e+00	
624	3.408902e-03	0.000000e+00	0.000000e+00	
625	3.418902e-03	0.000000e+00	0.000000e+00	
626	3.428902e-03	0.000000e+00	0.000000e+00	
627	3.438902e-03	0.000000e+00	0.000000e+00	
628	3.448902e-03	0.000000e+00	0.000000e+00	
629	3.458902e-03	0.000000e+00	0.000000e+00	
630	3.468902e-03	0.000000e+00	0.000000e+00	
631	3.478902e-03	0.000000e+00	0.000000e+00	
632	3.488902e-03	0.000000e+00	0.000000e+00	
633	3.498902e-03	0.000000e+00	0.000000e+00	
634	3.508902e-03	0.000000e+00	0.000000e+00	

Index   time            V(14)           V(15)           
--------------------------------------------------------------------------------
635	3.518902e-03	0.000000e+00	0.000000e+00	
636	3.528902e-03	0.000000e+00	0.000000e+00	
637	3.538902e-03	0.000000e+00	0.000000e+00	
638	3.548902e-03	0.000000e+00	0.000000e+00	
639	3.558902e-03	0.000000e+00	0.000000e+00	
640	3.568902e-03	0.000000e+00	0.000000e+00	
641	3.578902e-03	0.000000e+00	0.000000e+00	
642	3.588902e-03	0.000000e+00	0.000000e+00	
643	3.598902e-03	0.000000e+00	0.000000e+00	
644	3.608902e-03	0.000000e+00	0.000000e+00	
645	3.618902e-03	0.000000e+00	0.000000e+00	
646	3.628902e-03	0.000000e+00	0.000000e+00	
647	3.638902e-03	0.000000e+00	0.000000e+00	
648	3.648902e-03	0.000000e+00	0.000000e+00	
649	3.658902e-03	0.000000e+00	0.000000e+00	
650	3.668902e-03	0.000000e+00	0.000000e+00	
651	3.678902e-03	0.000000e+00	0.000000e+00	
652	3.688902e-03	0.000000e+00	0.000000e+00	
653	3.698902e-03	0.000000e+00	0.000000e+00	
654	3.708902e-03	0.000000e+00	0.000000e+00	
655	3.718902e-03	0.000000e+00	0.000000e+00	
656	3.728902e-03	0.000000e+00	0.000000e+00	
657	3.738902e-03	0.000000e+00	0.000000e+00	
658	3.748902e-03	0.000000e+00	0.000000e+00	
659	3.758902e-03	0.000000e+00	0.000000e+00	
660	3.768902e-03	0.000000e+00	0.000000e+00	
661	3.778902e-03	0.000000e+00	0.000000e+00	
662	3.788902e-03	0.000000e+00	0.000000e+00	
663	3.798902e-03	0.000000e+00	0.000000e+00	
664	3.808902e-03	0.000000e+00	0.000000e+00	
665	3.818902e-03	0.000000e+00	0.000000e+00	
666	3.828902e-03	0.000000e+00	0.000000e+00	
667	3.838902e-03	0.000000e+00	0.000000e+00	
668	3.848902e-03	0.000000e+00	0.000000e+00	
669	3.858902e-03	0.000000e+00	0.000000e+00	
670	3.868902e-03	0.000000e+00	0.000000e+00	
671	3.878902e-03	0.000000e+00	0.000000e+00	
672	3.888902e-03	0.000000e+00	0.000000e+00	
673	3.898902e-03	0.000000e+00	0.000000e+00	
674	3.908902e-03	0.000000e+00	0.000000e+00	
675	3.918902e-03	0.000000e+00	0.000000e+00	
676	3.928902e-03	0.000000e+00	0.000000e+00	
677	3.938902e-03	0.000000e+00	0.000000e+00	
678	3.948902e-03	0.000000e+00	0.000000e+00	
679	3.958902e-03	0.000000e+00	0.000000e+00	
680	3.968902e-03	0.000000e+00	0.000000e+00	
681	3.978902e-03	0.000000e+00	0.000000e+00	
682	3.988902e-03	0.000000e+00	0.000000e+00	
683	3.998902e-03	0.000000e+00	0.000000e+00	
684	4.000000e-03	0.000000e+00	0.000000e+00	
685	4.000001e-03	5.000000e-01	5.000000e-01	
686	4.000003e-03	1.500000e+00	1.500000e+00	
687	4.000007e-03	3.500000e+00	3.500000e+00	
688	4.000008e-03	4.000000e+00	4.000000e+00	
689	4.000008e-03	4.005000e+00	4.005000e+00	
690	4.000008e-03	4.015000e+00	4.015000e+00	
691	4.000008e-03	4.035000e+00	4.035000e+00	
692	4.000008e-03	4.050000e+00	4.050000e+00	

Index   time            V(14)           V(15)           
--------------------------------------------------------------------------------
693	4.000008e-03	4.054000e+00	4.054000e+00	
694	4.000008e-03	4.062000e+00	4.062000e+00	
695	4.000008e-03	4.078000e+00	4.078000e+00	
696	4.000008e-03	4.110000e+00	4.110000e+00	
697	4.000008e-03	4.174000e+00	4.174000e+00	
698	4.000009e-03	4.302000e+00	4.302000e+00	
699	4.000009e-03	4.558000e+00	4.558000e+00	
700	4.000010e-03	5.000000e+00	5.000000e+00	
701	4.000010e-03	5.000000e+00	5.000000e+00	
702	4.000010e-03	5.000000e+00	5.000000e+00	
703	4.000011e-03	5.000000e+00	5.000000e+00	
704	4.000011e-03	5.000000e+00	5.000000e+00	
705	4.000011e-03	5.000000e+00	5.000000e+00	
706	4.000011e-03	5.000000e+00	5.000000e+00	
707	4.000012e-03	5.000000e+00	5.000000e+00	
708	4.000012e-03	5.000000e+00	5.000000e+00	
709	4.000012e-03	5.000000e+00	5.000000e+00	
710	4.000012e-03	5.000000e+00	5.000000e+00	
711	4.000012e-03	5.000000e+00	5.000000e+00	
712	4.000013e-03	5.000000e+00	5.000000e+00	
713	4.000013e-03	5.000000e+00	5.000000e+00	
714	4.000013e-03	5.000000e+00	5.000000e+00	
715	4.000013e-03	5.000000e+00	5.000000e+00	
716	4.000014e-03	5.000000e+00	5.000000e+00	
717	4.000014e-03	5.000000e+00	5.000000e+00	
718	4.000014e-03	5.000000e+00	5.000000e+00	
719	4.000014e-03	5.000000e+00	5.000000e+00	
720	4.000014e-03	5.000000e+00	5.000000e+00	
721	4.000014e-03	5.000000e+00	5.000000e+00	
722	4.000014e-03	5.000000e+00	5.000000e+00	
723	4.000014e-03	5.000000e+00	5.000000e+00	
724	4.000014e-03	5.000000e+00	5.000000e+00	
725	4.000014e-03	5.000000e+00	5.000000e+00	
726	4.000014e-03	5.000000e+00	5.000000e+00	
727	4.000015e-03	5.000000e+00	5.000000e+00	
728	4.000015e-03	5.000000e+00	5.000000e+00	
729	4.000016e-03	5.000000e+00	5.000000e+00	
730	4.000017e-03	5.000000e+00	5.000000e+00	
731	4.000017e-03	5.000000e+00	5.000000e+00	
732	4.000017e-03	5.000000e+00	5.000000e+00	
733	4.000017e-03	5.000000e+00	5.000000e+00	
734	4.000017e-03	5.000000e+00	5.000000e+00	
735	4.000017e-03	5.000000e+00	5.000000e+00	
736	4.000017e-03	5.000000e+00	5.000000e+00	
737	4.000017e-03	5.000000e+00	5.000000e+00	
738	4.000017e-03	5.000000e+00	5.000000e+00	
739	4.000017e-03	5.000000e+00	5.000000e+00	
740	4.000018e-03	5.000000e+00	5.000000e+00	
741	4.000018e-03	5.000000e+00	5.000000e+00	
742	4.000019e-03	5.000000e+00	5.000000e+00	
743	4.000019e-03	5.000000e+00	5.000000e+00	
744	4.000019e-03	5.000000e+00	5.000000e+00	
745	4.000020e-03	5.000000e+00	5.000000e+00	
746	4.000020e-03	5.000000e+00	5.000000e+00	
747	4.000020e-03	5.000000e+00	5.000000e+00	
748	4.000020e-03	5.000000e+00	5.000000e+00	
749	4.000020e-03	5.000000e+00	5.000000e+00	
750	4.000020e-03	5.000000e+00	5.000000e+00	

Index   time            V(14)           V(15)           
--------------------------------------------------------------------------------
751	4.000020e-03	5.000000e+00	5.000000e+00	
752	4.000020e-03	5.000000e+00	5.000000e+00	
753	4.000020e-03	5.000000e+00	5.000000e+00	
754	4.000020e-03	5.000000e+00	5.000000e+00	
755	4.000020e-03	5.000000e+00	5.000000e+00	
756	4.000021e-03	5.000000e+00	5.000000e+00	
757	4.000021e-03	5.000000e+00	5.000000e+00	
758	4.000021e-03	5.000000e+00	5.000000e+00	
759	4.000021e-03	5.000000e+00	5.000000e+00	
760	4.000021e-03	5.000000e+00	5.000000e+00	
761	4.000022e-03	5.000000e+00	5.000000e+00	
762	4.000022e-03	5.000000e+00	5.000000e+00	
763	4.000022e-03	5.000000e+00	5.000000e+00	
764	4.000022e-03	5.000000e+00	5.000000e+00	
765	4.000023e-03	5.000000e+00	5.000000e+00	
766	4.000023e-03	5.000000e+00	5.000000e+00	
767	4.000023e-03	5.000000e+00	5.000000e+00	
768	4.000023e-03	5.000000e+00	5.000000e+00	
769	4.000023e-03	5.000000e+00	5.000000e+00	
770	4.000023e-03	5.000000e+00	5.000000e+00	
771	4.000023e-03	5.000000e+00	5.000000e+00	
772	4.000023e-03	5.000000e+00	5.000000e+00	
773	4.000023e-03	5.000000e+00	5.000000e+00	
774	4.000023e-03	5.000000e+00	5.000000e+00	
775	4.000023e-03	5.000000e+00	5.000000e+00	
776	4.000024e-03	5.000000e+00	5.000000e+00	
777	4.000024e-03	5.000000e+00	5.000000e+00	
778	4.000025e-03	5.000000e+00	5.000000e+00	
779	4.000027e-03	5.000000e+00	5.000000e+00	
780	4.000031e-03	5.000000e+00	5.000000e+00	
781	4.000040e-03	5.000000e+00	5.000000e+00	
782	4.000056e-03	5.000000e+00	5.000000e+00	
783	4.000089e-03	5.000000e+00	5.000000e+00	
784	4.000154e-03	5.000000e+00	5.000000e+00	
785	4.000285e-03	5.000000e+00	5.000000e+00	
786	4.000547e-03	5.000000e+00	5.000000e+00	
787	4.001072e-03	5.000000e+00	5.000000e+00	
788	4.002120e-03	5.000000e+00	5.000000e+00	
789	4.004218e-03	5.000000e+00	5.000000e+00	
790	4.008412e-03	5.000000e+00	5.000000e+00	
791	4.016800e-03	5.000000e+00	5.000000e+00	
792	4.026800e-03	5.000000e+00	5.000000e+00	
793	4.036800e-03	5.000000e+00	5.000000e+00	
794	4.046800e-03	5.000000e+00	5.000000e+00	
795	4.056800e-03	5.000000e+00	5.000000e+00	
796	4.066800e-03	5.000000e+00	5.000000e+00	
797	4.076800e-03	5.000000e+00	5.000000e+00	
798	4.086800e-03	5.000000e+00	5.000000e+00	
799	4.096800e-03	5.000000e+00	5.000000e+00	
800	4.106800e-03	5.000000e+00	5.000000e+00	
801	4.116800e-03	5.000000e+00	5.000000e+00	
802	4.126800e-03	5.000000e+00	5.000000e+00	
803	4.136800e-03	5.000000e+00	5.000000e+00	
804	4.146800e-03	5.000000e+00	5.000000e+00	
805	4.156800e-03	5.000000e+00	5.000000e+00	
806	4.166800e-03	5.000000e+00	5.000000e+00	
807	4.176800e-03	5.000000e+00	5.000000e+00	
808	4.186800e-03	5.000000e+00	5.000000e+00	

Index   time            V(14)           V(15)           
--------------------------------------------------------------------------------
809	4.196800e-03	5.000000e+00	5.000000e+00	
810	4.206800e-03	5.000000e+00	5.000000e+00	
811	4.216800e-03	5.000000e+00	5.000000e+00	
812	4.226800e-03	5.000000e+00	5.000000e+00	
813	4.236800e-03	5.000000e+00	5.000000e+00	
814	4.246800e-03	5.000000e+00	5.000000e+00	
815	4.256800e-03	5.000000e+00	5.000000e+00	
816	4.266800e-03	5.000000e+00	5.000000e+00	
817	4.276800e-03	5.000000e+00	5.000000e+00	
818	4.286800e-03	5.000000e+00	5.000000e+00	
819	4.296800e-03	5.000000e+00	5.000000e+00	
820	4.306800e-03	5.000000e+00	5.000000e+00	
821	4.316800e-03	5.000000e+00	5.000000e+00	
822	4.326800e-03	5.000000e+00	5.000000e+00	
823	4.336800e-03	5.000000e+00	5.000000e+00	
824	4.346800e-03	5.000000e+00	5.000000e+00	
825	4.356800e-03	5.000000e+00	5.000000e+00	
826	4.366800e-03	5.000000e+00	5.000000e+00	
827	4.376800e-03	5.000000e+00	5.000000e+00	
828	4.386800e-03	5.000000e+00	5.000000e+00	
829	4.396800e-03	5.000000e+00	5.000000e+00	
830	4.406800e-03	5.000000e+00	5.000000e+00	
831	4.416800e-03	5.000000e+00	5.000000e+00	
832	4.426800e-03	5.000000e+00	5.000000e+00	
833	4.436800e-03	5.000000e+00	5.000000e+00	
834	4.446800e-03	5.000000e+00	5.000000e+00	
835	4.456800e-03	5.000000e+00	5.000000e+00	
836	4.466800e-03	5.000000e+00	5.000000e+00	
837	4.476800e-03	5.000000e+00	5.000000e+00	
838	4.486800e-03	5.000000e+00	5.000000e+00	
839	4.496800e-03	5.000000e+00	5.000000e+00	
840	4.506800e-03	5.000000e+00	5.000000e+00	
841	4.516800e-03	5.000000e+00	5.000000e+00	
842	4.526800e-03	5.000000e+00	5.000000e+00	
843	4.536800e-03	5.000000e+00	5.000000e+00	
844	4.546800e-03	5.000000e+00	5.000000e+00	
845	4.556800e-03	5.000000e+00	5.000000e+00	
846	4.566800e-03	5.000000e+00	5.000000e+00	
847	4.576800e-03	5.000000e+00	5.000000e+00	
848	4.586800e-03	5.000000e+00	5.000000e+00	
849	4.596800e-03	5.000000e+00	5.000000e+00	
850	4.606800e-03	5.000000e+00	5.000000e+00	
851	4.616800e-03	5.000000e+00	5.000000e+00	
852	4.626800e-03	5.000000e+00	5.000000e+00	
853	4.636800e-03	5.000000e+00	5.000000e+00	
854	4.646800e-03	5.000000e+00	5.000000e+00	
855	4.656800e-03	5.000000e+00	5.000000e+00	
856	4.666800e-03	5.000000e+00	5.000000e+00	
857	4.676800e-03	5.000000e+00	5.000000e+00	
858	4.686800e-03	5.000000e+00	5.000000e+00	
859	4.696800e-03	5.000000e+00	5.000000e+00	
860	4.706800e-03	5.000000e+00	5.000000e+00	
861	4.716800e-03	5.000000e+00	5.000000e+00	
862	4.726800e-03	5.000000e+00	5.000000e+00	
863	4.736800e-03	5.000000e+00	5.000000e+00	
864	4.746800e-03	5.000000e+00	5.000000e+00	
865	4.756800e-03	5.000000e+00	5.000000e+00	
866	4.766800e-03	5.000000e+00	5.000000e+00	

Index   time            V(14)           V(15)           
--------------------------------------------------------------------------------
867	4.776800e-03	5.000000e+00	5.000000e+00	
868	4.786800e-03	5.000000e+00	5.000000e+00	
869	4.796800e-03	5.000000e+00	5.000000e+00	
870	4.806800e-03	5.000000e+00	5.000000e+00	
871	4.816800e-03	5.000000e+00	5.000000e+00	
872	4.826800e-03	5.000000e+00	5.000000e+00	
873	4.836800e-03	5.000000e+00	5.000000e+00	
874	4.846800e-03	5.000000e+00	5.000000e+00	
875	4.856800e-03	5.000000e+00	5.000000e+00	
876	4.866800e-03	5.000000e+00	5.000000e+00	
877	4.876800e-03	5.000000e+00	5.000000e+00	
878	4.886800e-03	5.000000e+00	5.000000e+00	
879	4.896800e-03	5.000000e+00	5.000000e+00	
880	4.906800e-03	5.000000e+00	5.000000e+00	
881	4.916800e-03	5.000000e+00	5.000000e+00	
882	4.926800e-03	5.000000e+00	5.000000e+00	
883	4.936800e-03	5.000000e+00	5.000000e+00	
884	4.946800e-03	5.000000e+00	5.000000e+00	
885	4.956800e-03	5.000000e+00	5.000000e+00	
886	4.966800e-03	5.000000e+00	5.000000e+00	
887	4.976800e-03	5.000000e+00	5.000000e+00	
888	4.986800e-03	5.000000e+00	5.000000e+00	
889	4.996800e-03	5.000000e+00	5.000000e+00	
890	5.000010e-03	5.000000e+00	5.000000e+00	
891	5.000011e-03	5.000000e+00	4.500000e+00	
892	5.000013e-03	5.000000e+00	3.500000e+00	
893	5.000017e-03	5.000000e+00	1.500000e+00	
894	5.000020e-03	5.000000e+00	1.381188e-10	
895	5.000021e-03	5.000000e+00	0.000000e+00	
896	5.000022e-03	5.000000e+00	0.000000e+00	
897	5.000022e-03	5.000000e+00	0.000000e+00	
898	5.000022e-03	5.000000e+00	0.000000e+00	
899	5.000023e-03	5.000000e+00	0.000000e+00	
900	5.000023e-03	5.000000e+00	0.000000e+00	
901	5.000023e-03	5.000000e+00	0.000000e+00	
902	5.000023e-03	5.000000e+00	0.000000e+00	
903	5.000023e-03	5.000000e+00	0.000000e+00	
904	5.000024e-03	5.000000e+00	0.000000e+00	
905	5.000024e-03	5.000000e+00	0.000000e+00	
906	5.000024e-03	5.000000e+00	0.000000e+00	
907	5.000024e-03	5.000000e+00	0.000000e+00	
908	5.000024e-03	5.000000e+00	0.000000e+00	
909	5.000024e-03	5.000000e+00	0.000000e+00	
910	5.000024e-03	5.000000e+00	0.000000e+00	
911	5.000024e-03	5.000000e+00	0.000000e+00	
912	5.000024e-03	5.000000e+00	0.000000e+00	
913	5.000024e-03	5.000000e+00	0.000000e+00	
914	5.000024e-03	5.000000e+00	0.000000e+00	
915	5.000025e-03	5.000000e+00	0.000000e+00	
916	5.000025e-03	5.000000e+00	0.000000e+00	
917	5.000025e-03	5.000000e+00	0.000000e+00	
918	5.000025e-03	5.000000e+00	0.000000e+00	
919	5.000025e-03	5.000000e+00	0.000000e+00	
920	5.000025e-03	5.000000e+00	0.000000e+00	
921	5.000025e-03	5.000000e+00	0.000000e+00	
922	5.000025e-03	5.000000e+00	0.000000e+00	
923	5.000025e-03	5.000000e+00	0.000000e+00	
924	5.000025e-03	5.000000e+00	0.000000e+00	

Index   time            V(14)           V(15)           
--------------------------------------------------------------------------------
925	5.000025e-03	5.000000e+00	0.000000e+00	
926	5.000026e-03	5.000000e+00	0.000000e+00	
927	5.000026e-03	5.000000e+00	0.000000e+00	
928	5.000027e-03	5.000000e+00	0.000000e+00	
929	5.000027e-03	5.000000e+00	0.000000e+00	
930	5.000027e-03	5.000000e+00	0.000000e+00	
931	5.000028e-03	5.000000e+00	0.000000e+00	
932	5.000028e-03	5.000000e+00	0.000000e+00	
933	5.000028e-03	5.000000e+00	0.000000e+00	
934	5.000028e-03	5.000000e+00	0.000000e+00	
935	5.000028e-03	5.000000e+00	0.000000e+00	
936	5.000029e-03	5.000000e+00	0.000000e+00	
937	5.000030e-03	5.000000e+00	0.000000e+00	
938	5.000032e-03	5.000000e+00	0.000000e+00	
939	5.000037e-03	5.000000e+00	0.000000e+00	
940	5.000046e-03	5.000000e+00	0.000000e+00	
941	5.000065e-03	5.000000e+00	0.000000e+00	
942	5.000102e-03	5.000000e+00	0.000000e+00	
943	5.000175e-03	5.000000e+00	0.000000e+00	
944	5.000323e-03	5.000000e+00	0.000000e+00	
945	5.000618e-03	5.000000e+00	0.000000e+00	
946	5.001207e-03	5.000000e+00	0.000000e+00	
947	5.002387e-03	5.000000e+00	0.000000e+00	
948	5.004746e-03	5.000000e+00	0.000000e+00	
949	5.009465e-03	5.000000e+00	0.000000e+00	
950	5.018902e-03	5.000000e+00	0.000000e+00	
951	5.028902e-03	5.000000e+00	0.000000e+00	
952	5.038902e-03	5.000000e+00	0.000000e+00	
953	5.048902e-03	5.000000e+00	0.000000e+00	
954	5.058902e-03	5.000000e+00	0.000000e+00	
955	5.068902e-03	5.000000e+00	0.000000e+00	
956	5.078902e-03	5.000000e+00	0.000000e+00	
957	5.088902e-03	5.000000e+00	0.000000e+00	
958	5.098902e-03	5.000000e+00	0.000000e+00	
959	5.108902e-03	5.000000e+00	0.000000e+00	
960	5.118902e-03	5.000000e+00	0.000000e+00	
961	5.128902e-03	5.000000e+00	0.000000e+00	
962	5.138902e-03	5.000000e+00	0.000000e+00	
963	5.148902e-03	5.000000e+00	0.000000e+00	
964	5.158902e-03	5.000000e+00	0.000000e+00	
965	5.168902e-03	5.000000e+00	0.000000e+00	
966	5.178902e-03	5.000000e+00	0.000000e+00	
967	5.188902e-03	5.000000e+00	0.000000e+00	
968	5.198902e-03	5.000000e+00	0.000000e+00	
969	5.208902e-03	5.000000e+00	0.000000e+00	
970	5.218902e-03	5.000000e+00	0.000000e+00	
971	5.228902e-03	5.000000e+00	0.000000e+00	
972	5.238902e-03	5.000000e+00	0.000000e+00	
973	5.248902e-03	5.000000e+00	0.000000e+00	
974	5.258902e-03	5.000000e+00	0.000000e+00	
975	5.268902e-03	5.000000e+00	0.000000e+00	
976	5.278902e-03	5.000000e+00	0.000000e+00	
977	5.288902e-03	5.000000e+00	0.000000e+00	
978	5.298902e-03	5.000000e+00	0.000000e+00	
979	5.308902e-03	5.000000e+00	0.000000e+00	
980	5.318902e-03	5.000000e+00	0.000000e+00	
981	5.328902e-03	5.000000e+00	0.000000e+00	
982	5.338902e-03	5.000000e+00	0.000000e+00	

Index   time            V(14)           V(15)           
--------------------------------------------------------------------------------
983	5.348902e-03	5.000000e+00	0.000000e+00	
984	5.358902e-03	5.000000e+00	0.000000e+00	
985	5.368902e-03	5.000000e+00	0.000000e+00	
986	5.378902e-03	5.000000e+00	0.000000e+00	
987	5.388902e-03	5.000000e+00	0.000000e+00	
988	5.398902e-03	5.000000e+00	0.000000e+00	
989	5.408902e-03	5.000000e+00	0.000000e+00	
990	5.418902e-03	5.000000e+00	0.000000e+00	
991	5.428902e-03	5.000000e+00	0.000000e+00	
992	5.438902e-03	5.000000e+00	0.000000e+00	
993	5.448902e-03	5.000000e+00	0.000000e+00	
994	5.458902e-03	5.000000e+00	0.000000e+00	
995	5.468902e-03	5.000000e+00	0.000000e+00	
996	5.478902e-03	5.000000e+00	0.000000e+00	
997	5.488902e-03	5.000000e+00	0.000000e+00	
998	5.498902e-03	5.000000e+00	0.000000e+00	
999	5.508902e-03	5.000000e+00	0.000000e+00	
1000	5.518902e-03	5.000000e+00	0.000000e+00	
1001	5.528902e-03	5.000000e+00	0.000000e+00	
1002	5.538902e-03	5.000000e+00	0.000000e+00	
1003	5.548902e-03	5.000000e+00	0.000000e+00	
1004	5.558902e-03	5.000000e+00	0.000000e+00	
1005	5.568902e-03	5.000000e+00	0.000000e+00	
1006	5.578902e-03	5.000000e+00	0.000000e+00	
1007	5.588902e-03	5.000000e+00	0.000000e+00	
1008	5.598902e-03	5.000000e+00	0.000000e+00	
1009	5.608902e-03	5.000000e+00	0.000000e+00	
1010	5.618902e-03	5.000000e+00	0.000000e+00	
1011	5.628902e-03	5.000000e+00	0.000000e+00	
1012	5.638902e-03	5.000000e+00	0.000000e+00	
1013	5.648902e-03	5.000000e+00	0.000000e+00	
1014	5.658902e-03	5.000000e+00	0.000000e+00	
1015	5.668902e-03	5.000000e+00	0.000000e+00	
1016	5.678902e-03	5.000000e+00	0.000000e+00	
1017	5.688902e-03	5.000000e+00	0.000000e+00	
1018	5.698902e-03	5.000000e+00	0.000000e+00	
1019	5.708902e-03	5.000000e+00	0.000000e+00	
1020	5.718902e-03	5.000000e+00	0.000000e+00	
1021	5.728902e-03	5.000000e+00	0.000000e+00	
1022	5.738902e-03	5.000000e+00	0.000000e+00	
1023	5.748902e-03	5.000000e+00	0.000000e+00	
1024	5.758902e-03	5.000000e+00	0.000000e+00	
1025	5.768902e-03	5.000000e+00	0.000000e+00	
1026	5.778902e-03	5.000000e+00	0.000000e+00	
1027	5.788902e-03	5.000000e+00	0.000000e+00	
1028	5.798902e-03	5.000000e+00	0.000000e+00	
1029	5.808902e-03	5.000000e+00	0.000000e+00	
1030	5.818902e-03	5.000000e+00	0.000000e+00	
1031	5.828902e-03	5.000000e+00	0.000000e+00	
1032	5.838902e-03	5.000000e+00	0.000000e+00	
1033	5.848902e-03	5.000000e+00	0.000000e+00	
1034	5.858902e-03	5.000000e+00	0.000000e+00	
1035	5.868902e-03	5.000000e+00	0.000000e+00	
1036	5.878902e-03	5.000000e+00	0.000000e+00	
1037	5.888902e-03	5.000000e+00	0.000000e+00	
1038	5.898902e-03	5.000000e+00	0.000000e+00	
1039	5.908902e-03	5.000000e+00	0.000000e+00	
1040	5.918902e-03	5.000000e+00	0.000000e+00	

Index   time            V(14)           V(15)           
--------------------------------------------------------------------------------
1041	5.928902e-03	5.000000e+00	0.000000e+00	
1042	5.938902e-03	5.000000e+00	0.000000e+00	
1043	5.948902e-03	5.000000e+00	0.000000e+00	
1044	5.958902e-03	5.000000e+00	0.000000e+00	
1045	5.968902e-03	5.000000e+00	0.000000e+00	
1046	5.978902e-03	5.000000e+00	0.000000e+00	
1047	5.988902e-03	5.000000e+00	0.000000e+00	
1048	5.998902e-03	5.000000e+00	0.000000e+00	
1049	6.000000e-03	5.000000e+00	0.000000e+00	
1050	6.000001e-03	5.000000e+00	5.000000e-01	
1051	6.000003e-03	5.000000e+00	1.500000e+00	
1052	6.000007e-03	5.000000e+00	3.500000e+00	
1053	6.000008e-03	5.000000e+00	4.000000e+00	
1054	6.000008e-03	5.000000e+00	4.005000e+00	
1055	6.000008e-03	5.000000e+00	4.015000e+00	
1056	6.000008e-03	5.000000e+00	4.035000e+00	
1057	6.000008e-03	5.000000e+00	4.050000e+00	
1058	6.000008e-03	5.000000e+00	4.054000e+00	
1059	6.000008e-03	5.000000e+00	4.062000e+00	
1060	6.000008e-03	5.000000e+00	4.078000e+00	
1061	6.000008e-03	5.000000e+00	4.110000e+00	
1062	6.000008e-03	5.000000e+00	4.174000e+00	
1063	6.000009e-03	5.000000e+00	4.302000e+00	
1064	6.000009e-03	5.000000e+00	4.558000e+00	
1065	6.000010e-03	5.000000e+00	5.000000e+00	
1066	6.000010e-03	4.948800e+00	5.000000e+00	
1067	6.000010e-03	4.846400e+00	5.000000e+00	
1068	6.000011e-03	4.641600e+00	5.000000e+00	
1069	6.000011e-03	4.498800e+00	5.000000e+00	
1070	6.000011e-03	4.457840e+00	5.000000e+00	
1071	6.000011e-03	4.375920e+00	5.000000e+00	
1072	6.000012e-03	4.212080e+00	5.000000e+00	
1073	6.000012e-03	4.000000e+00	5.000000e+00	
1074	6.000012e-03	3.967232e+00	5.000000e+00	
1075	6.000012e-03	3.901696e+00	5.000000e+00	
1076	6.000012e-03	3.770624e+00	5.000000e+00	
1077	6.000013e-03	3.550000e+00	5.000000e+00	
1078	6.000013e-03	3.523786e+00	5.000000e+00	
1079	6.000013e-03	3.471357e+00	5.000000e+00	
1080	6.000013e-03	3.366499e+00	5.000000e+00	
1081	6.000014e-03	3.156784e+00	5.000000e+00	
1082	6.000014e-03	3.000000e+00	5.000000e+00	
1083	6.000014e-03	2.995000e+00	5.000000e+00	
1084	6.000014e-03	2.985000e+00	5.000000e+00	
1085	6.000014e-03	2.965000e+00	5.000000e+00	
1086	6.000014e-03	2.950000e+00	5.000000e+00	
1087	6.000014e-03	2.946000e+00	5.000000e+00	
1088	6.000014e-03	2.938000e+00	5.000000e+00	
1089	6.000014e-03	2.922000e+00	5.000000e+00	
1090	6.000014e-03	2.890000e+00	5.000000e+00	
1091	6.000014e-03	2.826000e+00	5.000000e+00	
1092	6.000015e-03	2.698000e+00	5.000000e+00	
1093	6.000015e-03	2.442000e+00	5.000000e+00	
1094	6.000016e-03	1.930000e+00	5.000000e+00	
1095	6.000018e-03	9.060000e-01	5.000000e+00	
1096	6.000020e-03	0.000000e+00	5.000000e+00	
1097	6.000020e-03	0.000000e+00	5.000000e+00	
1098	6.000021e-03	0.000000e+00	5.000000e+00	

Index   time            V(14)           V(15)           
--------------------------------------------------------------------------------
1099	6.000021e-03	0.000000e+00	5.000000e+00	
1100	6.000021e-03	0.000000e+00	5.000000e+00	
1101	6.000022e-03	0.000000e+00	5.000000e+00	
1102	6.000022e-03	0.000000e+00	5.000000e+00	
1103	6.000022e-03	0.000000e+00	5.000000e+00	
1104	6.000022e-03	0.000000e+00	5.000000e+00	
1105	6.000022e-03	0.000000e+00	5.000000e+00	
1106	6.000023e-03	0.000000e+00	5.000000e+00	
1107	6.000023e-03	0.000000e+00	5.000000e+00	
1108	6.000023e-03	0.000000e+00	5.000000e+00	
1109	6.000023e-03	0.000000e+00	5.000000e+00	
1110	6.000023e-03	0.000000e+00	5.000000e+00	
1111	6.000023e-03	0.000000e+00	5.000000e+00	
1112	6.000023e-03	0.000000e+00	5.000000e+00	
1113	6.000023e-03	0.000000e+00	5.000000e+00	
1114	6.000023e-03	0.000000e+00	5.000000e+00	
1115	6.000023e-03	0.000000e+00	5.000000e+00	
1116	6.000023e-03	0.000000e+00	5.000000e+00	
1117	6.000023e-03	0.000000e+00	5.000000e+00	
1118	6.000023e-03	0.000000e+00	5.000000e+00	
1119	6.000023e-03	0.000000e+00	5.000000e+00	
1120	6.000023e-03	0.000000e+00	5.000000e+00	
1121	6.000023e-03	0.000000e+00	5.000000e+00	
1122	6.000023e-03	0.000000e+00	5.000000e+00	
1123	6.000023e-03	0.000000e+00	5.000000e+00	
1124	6.000023e-03	0.000000e+00	5.000000e+00	
1125	6.000024e-03	0.000000e+00	5.000000e+00	
1126	6.000024e-03	0.000000e+00	5.000000e+00	
1127	6.000025e-03	0.000000e+00	5.000000e+00	
1128	6.000025e-03	0.000000e+00	5.000000e+00	
1129	6.000025e-03	0.000000e+00	5.000000e+00	
1130	6.000025e-03	0.000000e+00	5.000000e+00	
1131	6.000026e-03	0.000000e+00	5.000000e+00	
1132	6.000026e-03	0.000000e+00	5.000000e+00	
1133	6.000026e-03	0.000000e+00	5.000000e+00	
1134	6.000026e-03	0.000000e+00	5.000000e+00	
1135	6.000027e-03	0.000000e+00	5.000000e+00	
1136	6.000027e-03	0.000000e+00	5.000000e+00	
1137	6.000028e-03	0.000000e+00	5.000000e+00	
1138	6.000031e-03	0.000000e+00	5.000000e+00	
1139	6.000035e-03	0.000000e+00	5.000000e+00	
1140	6.000044e-03	0.000000e+00	5.000000e+00	
1141	6.000063e-03	0.000000e+00	5.000000e+00	
1142	6.000100e-03	0.000000e+00	5.000000e+00	
1143	6.000173e-03	0.000000e+00	5.000000e+00	
1144	6.000321e-03	0.000000e+00	5.000000e+00	
1145	6.000616e-03	0.000000e+00	5.000000e+00	
1146	6.001206e-03	0.000000e+00	5.000000e+00	
1147	6.002385e-03	0.000000e+00	5.000000e+00	
1148	6.004745e-03	0.000000e+00	5.000000e+00	
1149	6.009463e-03	0.000000e+00	5.000000e+00	
1150	6.018900e-03	0.000000e+00	5.000000e+00	
1151	6.028900e-03	0.000000e+00	5.000000e+00	
1152	6.038900e-03	0.000000e+00	5.000000e+00	
1153	6.048900e-03	0.000000e+00	5.000000e+00	
1154	6.058900e-03	0.000000e+00	5.000000e+00	
1155	6.068900e-03	0.000000e+00	5.000000e+00	
1156	6.078900e-03	0.000000e+00	5.000000e+00	

Index   time            V(14)           V(15)           
--------------------------------------------------------------------------------
1157	6.088900e-03	0.000000e+00	5.000000e+00	
1158	6.098900e-03	0.000000e+00	5.000000e+00	
1159	6.108900e-03	0.000000e+00	5.000000e+00	
1160	6.118900e-03	0.000000e+00	5.000000e+00	
1161	6.128900e-03	0.000000e+00	5.000000e+00	
1162	6.138900e-03	0.000000e+00	5.000000e+00	
1163	6.148900e-03	0.000000e+00	5.000000e+00	
1164	6.158900e-03	0.000000e+00	5.000000e+00	
1165	6.168900e-03	0.000000e+00	5.000000e+00	
1166	6.178900e-03	0.000000e+00	5.000000e+00	
1167	6.188900e-03	0.000000e+00	5.000000e+00	
1168	6.198900e-03	0.000000e+00	5.000000e+00	
1169	6.208900e-03	0.000000e+00	5.000000e+00	
1170	6.218900e-03	0.000000e+00	5.000000e+00	
1171	6.228900e-03	0.000000e+00	5.000000e+00	
1172	6.238900e-03	0.000000e+00	5.000000e+00	
1173	6.248900e-03	0.000000e+00	5.000000e+00	
1174	6.258900e-03	0.000000e+00	5.000000e+00	
1175	6.268900e-03	0.000000e+00	5.000000e+00	
1176	6.278900e-03	0.000000e+00	5.000000e+00	
1177	6.288900e-03	0.000000e+00	5.000000e+00	
1178	6.298900e-03	0.000000e+00	5.000000e+00	
1179	6.308900e-03	0.000000e+00	5.000000e+00	
1180	6.318900e-03	0.000000e+00	5.000000e+00	
1181	6.328900e-03	0.000000e+00	5.000000e+00	
1182	6.338900e-03	0.000000e+00	5.000000e+00	
1183	6.348900e-03	0.000000e+00	5.000000e+00	
1184	6.358900e-03	0.000000e+00	5.000000e+00	
1185	6.368900e-03	0.000000e+00	5.000000e+00	
1186	6.378900e-03	0.000000e+00	5.000000e+00	
1187	6.388900e-03	0.000000e+00	5.000000e+00	
1188	6.398900e-03	0.000000e+00	5.000000e+00	
1189	6.408900e-03	0.000000e+00	5.000000e+00	
1190	6.418900e-03	0.000000e+00	5.000000e+00	
1191	6.428900e-03	0.000000e+00	5.000000e+00	
1192	6.438900e-03	0.000000e+00	5.000000e+00	
1193	6.448900e-03	0.000000e+00	5.000000e+00	
1194	6.458900e-03	0.000000e+00	5.000000e+00	
1195	6.468900e-03	0.000000e+00	5.000000e+00	
1196	6.478900e-03	0.000000e+00	5.000000e+00	
1197	6.488900e-03	0.000000e+00	5.000000e+00	
1198	6.498900e-03	0.000000e+00	5.000000e+00	
1199	6.508900e-03	0.000000e+00	5.000000e+00	
1200	6.518900e-03	0.000000e+00	5.000000e+00	
1201	6.528900e-03	0.000000e+00	5.000000e+00	
1202	6.538900e-03	0.000000e+00	5.000000e+00	
1203	6.548900e-03	0.000000e+00	5.000000e+00	
1204	6.558900e-03	0.000000e+00	5.000000e+00	
1205	6.568900e-03	0.000000e+00	5.000000e+00	
1206	6.578900e-03	0.000000e+00	5.000000e+00	
1207	6.588900e-03	0.000000e+00	5.000000e+00	
1208	6.598900e-03	0.000000e+00	5.000000e+00	
1209	6.608900e-03	0.000000e+00	5.000000e+00	
1210	6.618900e-03	0.000000e+00	5.000000e+00	
1211	6.628900e-03	0.000000e+00	5.000000e+00	
1212	6.638900e-03	0.000000e+00	5.000000e+00	
1213	6.648900e-03	0.000000e+00	5.000000e+00	
1214	6.658900e-03	0.000000e+00	5.000000e+00	

Index   time            V(14)           V(15)           
--------------------------------------------------------------------------------
1215	6.668900e-03	0.000000e+00	5.000000e+00	
1216	6.678900e-03	0.000000e+00	5.000000e+00	
1217	6.688900e-03	0.000000e+00	5.000000e+00	
1218	6.698900e-03	0.000000e+00	5.000000e+00	
1219	6.708900e-03	0.000000e+00	5.000000e+00	
1220	6.718900e-03	0.000000e+00	5.000000e+00	
1221	6.728900e-03	0.000000e+00	5.000000e+00	
1222	6.738900e-03	0.000000e+00	5.000000e+00	
1223	6.748900e-03	0.000000e+00	5.000000e+00	
1224	6.758900e-03	0.000000e+00	5.000000e+00	
1225	6.768900e-03	0.000000e+00	5.000000e+00	
1226	6.778900e-03	0.000000e+00	5.000000e+00	
1227	6.788900e-03	0.000000e+00	5.000000e+00	
1228	6.798900e-03	0.000000e+00	5.000000e+00	
1229	6.808900e-03	0.000000e+00	5.000000e+00	
1230	6.818900e-03	0.000000e+00	5.000000e+00	
1231	6.828900e-03	0.000000e+00	5.000000e+00	
1232	6.838900e-03	0.000000e+00	5.000000e+00	
1233	6.848900e-03	0.000000e+00	5.000000e+00	
1234	6.858900e-03	0.000000e+00	5.000000e+00	
1235	6.868900e-03	0.000000e+00	5.000000e+00	
1236	6.878900e-03	0.000000e+00	5.000000e+00	
1237	6.888900e-03	0.000000e+00	5.000000e+00	
1238	6.898900e-03	0.000000e+00	5.000000e+00	
1239	6.908900e-03	0.000000e+00	5.000000e+00	
1240	6.918900e-03	0.000000e+00	5.000000e+00	
1241	6.928900e-03	0.000000e+00	5.000000e+00	
1242	6.938900e-03	0.000000e+00	5.000000e+00	
1243	6.948900e-03	0.000000e+00	5.000000e+00	
1244	6.958900e-03	0.000000e+00	5.000000e+00	
1245	6.968900e-03	0.000000e+00	5.000000e+00	
1246	6.978900e-03	0.000000e+00	5.000000e+00	
1247	6.988900e-03	0.000000e+00	5.000000e+00	
1248	6.998900e-03	0.000000e+00	5.000000e+00	
1249	7.000010e-03	0.000000e+00	5.000000e+00	
1250	7.000011e-03	0.000000e+00	4.500000e+00	
1251	7.000013e-03	0.000000e+00	3.500000e+00	
1252	7.000017e-03	0.000000e+00	1.500000e+00	
1253	7.000020e-03	0.000000e+00	1.381188e-10	
1254	7.000021e-03	0.000000e+00	0.000000e+00	
1255	7.000022e-03	0.000000e+00	0.000000e+00	
1256	7.000022e-03	0.000000e+00	0.000000e+00	
1257	7.000022e-03	0.000000e+00	0.000000e+00	
1258	7.000023e-03	0.000000e+00	0.000000e+00	
1259	7.000023e-03	0.000000e+00	0.000000e+00	
1260	7.000023e-03	0.000000e+00	0.000000e+00	
1261	7.000023e-03	0.000000e+00	0.000000e+00	
1262	7.000023e-03	0.000000e+00	0.000000e+00	
1263	7.000024e-03	0.000000e+00	0.000000e+00	
1264	7.000024e-03	0.000000e+00	0.000000e+00	
1265	7.000024e-03	0.000000e+00	0.000000e+00	
1266	7.000024e-03	0.000000e+00	0.000000e+00	
1267	7.000024e-03	0.000000e+00	0.000000e+00	
1268	7.000024e-03	0.000000e+00	0.000000e+00	
1269	7.000024e-03	0.000000e+00	0.000000e+00	
1270	7.000024e-03	0.000000e+00	0.000000e+00	
1271	7.000024e-03	0.000000e+00	0.000000e+00	
1272	7.000024e-03	0.000000e+00	0.000000e+00	

Index   time            V(14)           V(15)           
--------------------------------------------------------------------------------
1273	7.000024e-03	0.000000e+00	0.000000e+00	
1274	7.000025e-03	0.000000e+00	0.000000e+00	
1275	7.000025e-03	0.000000e+00	0.000000e+00	
1276	7.000025e-03	0.000000e+00	0.000000e+00	
1277	7.000025e-03	0.000000e+00	0.000000e+00	
1278	7.000025e-03	0.000000e+00	0.000000e+00	
1279	7.000025e-03	0.000000e+00	0.000000e+00	
1280	7.000025e-03	0.000000e+00	0.000000e+00	
1281	7.000025e-03	0.000000e+00	0.000000e+00	
1282	7.000025e-03	0.000000e+00	0.000000e+00	
1283	7.000025e-03	0.000000e+00	0.000000e+00	
1284	7.000025e-03	0.000000e+00	0.000000e+00	
1285	7.000026e-03	0.000000e+00	0.000000e+00	
1286	7.000026e-03	0.000000e+00	0.000000e+00	
1287	7.000027e-03	0.000000e+00	0.000000e+00	
1288	7.000027e-03	0.000000e+00	0.000000e+00	
1289	7.000027e-03	0.000000e+00	0.000000e+00	
1290	7.000028e-03	0.000000e+00	0.000000e+00	
1291	7.000028e-03	0.000000e+00	0.000000e+00	
1292	7.000028e-03	0.000000e+00	0.000000e+00	
1293	7.000028e-03	0.000000e+00	0.000000e+00	
1294	7.000028e-03	0.000000e+00	0.000000e+00	
1295	7.000029e-03	0.000000e+00	0.000000e+00	
1296	7.000030e-03	0.000000e+00	0.000000e+00	
1297	7.000032e-03	0.000000e+00	0.000000e+00	
1298	7.000037e-03	0.000000e+00	0.000000e+00	
1299	7.000046e-03	0.000000e+00	0.000000e+00	
1300	7.000065e-03	0.000000e+00	0.000000e+00	
1301	7.000102e-03	0.000000e+00	0.000000e+00	
1302	7.000175e-03	0.000000e+00	0.000000e+00	
1303	7.000323e-03	0.000000e+00	0.000000e+00	
1304	7.000618e-03	0.000000e+00	0.000000e+00	
1305	7.001207e-03	0.000000e+00	0.000000e+00	
1306	7.002387e-03	0.000000e+00	0.000000e+00	
1307	7.004746e-03	0.000000e+00	0.000000e+00	
1308	7.009465e-03	0.000000e+00	0.000000e+00	
1309	7.018902e-03	0.000000e+00	0.000000e+00	
1310	7.028902e-03	0.000000e+00	0.000000e+00	
1311	7.038902e-03	0.000000e+00	0.000000e+00	
1312	7.048902e-03	0.000000e+00	0.000000e+00	
1313	7.058902e-03	0.000000e+00	0.000000e+00	
1314	7.068902e-03	0.000000e+00	0.000000e+00	
1315	7.078902e-03	0.000000e+00	0.000000e+00	
1316	7.088902e-03	0.000000e+00	0.000000e+00	
1317	7.098902e-03	0.000000e+00	0.000000e+00	
1318	7.108902e-03	0.000000e+00	0.000000e+00	
1319	7.118902e-03	0.000000e+00	0.000000e+00	
1320	7.128902e-03	0.000000e+00	0.000000e+00	
1321	7.138902e-03	0.000000e+00	0.000000e+00	
1322	7.148902e-03	0.000000e+00	0.000000e+00	
1323	7.158902e-03	0.000000e+00	0.000000e+00	
1324	7.168902e-03	0.000000e+00	0.000000e+00	
1325	7.178902e-03	0.000000e+00	0.000000e+00	
1326	7.188902e-03	0.000000e+00	0.000000e+00	
1327	7.198902e-03	0.000000e+00	0.000000e+00	
1328	7.208902e-03	0.000000e+00	0.000000e+00	
1329	7.218902e-03	0.000000e+00	0.000000e+00	
1330	7.228902e-03	0.000000e+00	0.000000e+00	

Index   time            V(14)           V(15)           
--------------------------------------------------------------------------------
1331	7.238902e-03	0.000000e+00	0.000000e+00	
1332	7.248902e-03	0.000000e+00	0.000000e+00	
1333	7.258902e-03	0.000000e+00	0.000000e+00	
1334	7.268902e-03	0.000000e+00	0.000000e+00	
1335	7.278902e-03	0.000000e+00	0.000000e+00	
1336	7.288902e-03	0.000000e+00	0.000000e+00	
1337	7.298902e-03	0.000000e+00	0.000000e+00	
1338	7.308902e-03	0.000000e+00	0.000000e+00	
1339	7.318902e-03	0.000000e+00	0.000000e+00	
1340	7.328902e-03	0.000000e+00	0.000000e+00	
1341	7.338902e-03	0.000000e+00	0.000000e+00	
1342	7.348902e-03	0.000000e+00	0.000000e+00	
1343	7.358902e-03	0.000000e+00	0.000000e+00	
1344	7.368902e-03	0.000000e+00	0.000000e+00	
1345	7.378902e-03	0.000000e+00	0.000000e+00	
1346	7.388902e-03	0.000000e+00	0.000000e+00	
1347	7.398902e-03	0.000000e+00	0.000000e+00	
1348	7.408902e-03	0.000000e+00	0.000000e+00	
1349	7.418902e-03	0.000000e+00	0.000000e+00	
1350	7.428902e-03	0.000000e+00	0.000000e+00	
1351	7.438902e-03	0.000000e+00	0.000000e+00	
1352	7.448902e-03	0.000000e+00	0.000000e+00	
1353	7.458902e-03	0.000000e+00	0.000000e+00	
1354	7.468902e-03	0.000000e+00	0.000000e+00	
1355	7.478902e-03	0.000000e+00	0.000000e+00	
1356	7.488902e-03	0.000000e+00	0.000000e+00	
1357	7.498902e-03	0.000000e+00	0.000000e+00	
1358	7.508902e-03	0.000000e+00	0.000000e+00	
1359	7.518902e-03	0.000000e+00	0.000000e+00	
1360	7.528902e-03	0.000000e+00	0.000000e+00	
1361	7.538902e-03	0.000000e+00	0.000000e+00	
1362	7.548902e-03	0.000000e+00	0.000000e+00	
1363	7.558902e-03	0.000000e+00	0.000000e+00	
1364	7.568902e-03	0.000000e+00	0.000000e+00	
1365	7.578902e-03	0.000000e+00	0.000000e+00	
1366	7.588902e-03	0.000000e+00	0.000000e+00	
1367	7.598902e-03	0.000000e+00	0.000000e+00	
1368	7.608902e-03	0.000000e+00	0.000000e+00	
1369	7.618902e-03	0.000000e+00	0.000000e+00	
1370	7.628902e-03	0.000000e+00	0.000000e+00	
1371	7.638902e-03	0.000000e+00	0.000000e+00	
1372	7.648902e-03	0.000000e+00	0.000000e+00	
1373	7.658902e-03	0.000000e+00	0.000000e+00	
1374	7.668902e-03	0.000000e+00	0.000000e+00	
1375	7.678902e-03	0.000000e+00	0.000000e+00	
1376	7.688902e-03	0.000000e+00	0.000000e+00	
1377	7.698902e-03	0.000000e+00	0.000000e+00	
1378	7.708902e-03	0.000000e+00	0.000000e+00	
1379	7.718902e-03	0.000000e+00	0.000000e+00	
1380	7.728902e-03	0.000000e+00	0.000000e+00	
1381	7.738902e-03	0.000000e+00	0.000000e+00	
1382	7.748902e-03	0.000000e+00	0.000000e+00	
1383	7.758902e-03	0.000000e+00	0.000000e+00	
1384	7.768902e-03	0.000000e+00	0.000000e+00	
1385	7.778902e-03	0.000000e+00	0.000000e+00	
1386	7.788902e-03	0.000000e+00	0.000000e+00	
1387	7.798902e-03	0.000000e+00	0.000000e+00	
1388	7.808902e-03	0.000000e+00	0.000000e+00	

Index   time            V(14)           V(15)           
--------------------------------------------------------------------------------
1389	7.818902e-03	0.000000e+00	0.000000e+00	
1390	7.828902e-03	0.000000e+00	0.000000e+00	
1391	7.838902e-03	0.000000e+00	0.000000e+00	
1392	7.848902e-03	0.000000e+00	0.000000e+00	
1393	7.858902e-03	0.000000e+00	0.000000e+00	
1394	7.868902e-03	0.000000e+00	0.000000e+00	
1395	7.878902e-03	0.000000e+00	0.000000e+00	
1396	7.888902e-03	0.000000e+00	0.000000e+00	
1397	7.898902e-03	0.000000e+00	0.000000e+00	
1398	7.908902e-03	0.000000e+00	0.000000e+00	
1399	7.918902e-03	0.000000e+00	0.000000e+00	
1400	7.928902e-03	0.000000e+00	0.000000e+00	
1401	7.938902e-03	0.000000e+00	0.000000e+00	
1402	7.948902e-03	0.000000e+00	0.000000e+00	
1403	7.958902e-03	0.000000e+00	0.000000e+00	
1404	7.968902e-03	0.000000e+00	0.000000e+00	
1405	7.978902e-03	0.000000e+00	0.000000e+00	
1406	7.988902e-03	0.000000e+00	0.000000e+00	
1407	7.998902e-03	0.000000e+00	0.000000e+00	
1408	8.000000e-03	0.000000e+00	0.000000e+00	
