                                kicad schematic
                                Transient Analysis  Sat Nov 01 15:23:57  2025
--------------------------------------------------------------------------------
Index   time            a26#branch_1_0  a27#branch_1_0  a32#branch_1_0  
--------------------------------------------------------------------------------
0	0.000000e+00	0.000000e+00	0.000000e+00	0.000000e+00	
1	1.000000e-10	0.000000e+00	0.000000e+00	0.000000e+00	
2	2.000000e-10	0.000000e+00	0.000000e+00	0.000000e+00	
3	4.000000e-10	0.000000e+00	0.000000e+00	0.000000e+00	
4	8.000000e-10	0.000000e+00	0.000000e+00	0.000000e+00	
5	1.600000e-09	0.000000e+00	0.000000e+00	0.000000e+00	
6	3.200000e-09	0.000000e+00	0.000000e+00	0.000000e+00	
7	6.400000e-09	0.000000e+00	0.000000e+00	0.000000e+00	
8	8.200000e-09	0.000000e+00	0.000000e+00	0.000000e+00	
9	8.210000e-09	0.000000e+00	0.000000e+00	0.000000e+00	
10	8.230000e-09	0.000000e+00	0.000000e+00	0.000000e+00	
11	8.270000e-09	0.000000e+00	0.000000e+00	0.000000e+00	
12	8.300000e-09	0.000000e+00	0.000000e+00	0.000000e+00	
13	8.308000e-09	0.000000e+00	0.000000e+00	0.000000e+00	
14	8.324000e-09	0.000000e+00	0.000000e+00	0.000000e+00	
15	8.356000e-09	0.000000e+00	0.000000e+00	0.000000e+00	
16	8.420000e-09	0.000000e+00	0.000000e+00	0.000000e+00	
17	8.548000e-09	0.000000e+00	0.000000e+00	0.000000e+00	
18	8.804000e-09	0.000000e+00	0.000000e+00	0.000000e+00	
19	9.316000e-09	0.000000e+00	0.000000e+00	0.000000e+00	
20	1.000000e-08	0.000000e+00	0.000000e+00	0.000000e+00	
21	1.010240e-08	0.000000e+00	0.000000e+00	0.000000e+00	
22	1.030720e-08	0.000000e+00	0.000000e+00	0.000000e+00	
23	1.071680e-08	0.000000e+00	0.000000e+00	0.000000e+00	
24	1.140000e-08	0.000000e+00	0.000000e+00	0.000000e+00	
25	1.148192e-08	0.000000e+00	0.000000e+00	0.000000e+00	
26	1.164576e-08	0.000000e+00	0.000000e+00	0.000000e+00	
27	1.197344e-08	0.000000e+00	0.000000e+00	0.000000e+00	
28	1.230000e-08	0.000000e+00	0.000000e+00	0.000000e+00	
29	1.236554e-08	0.000000e+00	0.000000e+00	0.000000e+00	
30	1.249661e-08	0.000000e+00	0.000000e+00	0.000000e+00	
31	1.275875e-08	0.000000e+00	0.000000e+00	0.000000e+00	
32	1.320000e-08	0.000000e+00	0.000000e+00	0.000000e+00	
33	1.321000e-08	0.000000e+00	0.000000e+00	0.000000e+00	
34	1.323000e-08	0.000000e+00	0.000000e+00	0.000000e+00	
35	1.327000e-08	0.000000e+00	0.000000e+00	0.000000e+00	
36	1.330000e-08	0.000000e+00	0.000000e+00	0.000000e+00	
37	1.330800e-08	0.000000e+00	0.000000e+00	0.000000e+00	
38	1.332400e-08	0.000000e+00	0.000000e+00	0.000000e+00	
39	1.335600e-08	0.000000e+00	0.000000e+00	0.000000e+00	
40	1.342000e-08	0.000000e+00	0.000000e+00	0.000000e+00	
41	1.354800e-08	0.000000e+00	0.000000e+00	0.000000e+00	
42	1.380400e-08	0.000000e+00	0.000000e+00	0.000000e+00	
43	1.431600e-08	0.000000e+00	0.000000e+00	0.000000e+00	
44	1.534000e-08	0.000000e+00	0.000000e+00	0.000000e+00	
45	1.738800e-08	0.000000e+00	0.000000e+00	0.000000e+00	
46	2.148400e-08	0.000000e+00	0.000000e+00	0.000000e+00	
47	2.967600e-08	0.000000e+00	0.000000e+00	0.000000e+00	
48	4.606000e-08	0.000000e+00	0.000000e+00	0.000000e+00	
49	7.882800e-08	0.000000e+00	0.000000e+00	0.000000e+00	
50	1.443640e-07	0.000000e+00	0.000000e+00	0.000000e+00	
51	2.754360e-07	0.000000e+00	0.000000e+00	0.000000e+00	
52	5.375800e-07	0.000000e+00	0.000000e+00	0.000000e+00	
53	1.061868e-06	0.000000e+00	0.000000e+00	0.000000e+00	
54	2.110444e-06	0.000000e+00	0.000000e+00	0.000000e+00	

Index   time            a26#branch_1_0  a27#branch_1_0  a32#branch_1_0  
--------------------------------------------------------------------------------
55	4.207596e-06	0.000000e+00	0.000000e+00	0.000000e+00	
56	8.401900e-06	0.000000e+00	0.000000e+00	0.000000e+00	
57	1.679051e-05	0.000000e+00	0.000000e+00	0.000000e+00	
58	2.679051e-05	0.000000e+00	0.000000e+00	0.000000e+00	
59	3.679051e-05	0.000000e+00	0.000000e+00	0.000000e+00	
60	4.679051e-05	0.000000e+00	0.000000e+00	0.000000e+00	
61	5.679051e-05	0.000000e+00	0.000000e+00	0.000000e+00	
62	6.679051e-05	0.000000e+00	0.000000e+00	0.000000e+00	
63	7.679051e-05	0.000000e+00	0.000000e+00	0.000000e+00	
64	8.679051e-05	0.000000e+00	0.000000e+00	0.000000e+00	
65	9.679051e-05	0.000000e+00	0.000000e+00	0.000000e+00	
66	1.067905e-04	0.000000e+00	0.000000e+00	0.000000e+00	
67	1.167905e-04	0.000000e+00	0.000000e+00	0.000000e+00	
68	1.267905e-04	0.000000e+00	0.000000e+00	0.000000e+00	
69	1.367905e-04	0.000000e+00	0.000000e+00	0.000000e+00	
70	1.467905e-04	0.000000e+00	0.000000e+00	0.000000e+00	
71	1.567905e-04	0.000000e+00	0.000000e+00	0.000000e+00	
72	1.667905e-04	0.000000e+00	0.000000e+00	0.000000e+00	
73	1.767905e-04	0.000000e+00	0.000000e+00	0.000000e+00	
74	1.867905e-04	0.000000e+00	0.000000e+00	0.000000e+00	
75	1.967905e-04	0.000000e+00	0.000000e+00	0.000000e+00	
76	2.067905e-04	0.000000e+00	0.000000e+00	0.000000e+00	
77	2.167905e-04	0.000000e+00	0.000000e+00	0.000000e+00	
78	2.267905e-04	0.000000e+00	0.000000e+00	0.000000e+00	
79	2.367905e-04	0.000000e+00	0.000000e+00	0.000000e+00	
80	2.467905e-04	0.000000e+00	0.000000e+00	0.000000e+00	
81	2.567905e-04	0.000000e+00	0.000000e+00	0.000000e+00	
82	2.667905e-04	0.000000e+00	0.000000e+00	0.000000e+00	
83	2.767905e-04	0.000000e+00	0.000000e+00	0.000000e+00	
84	2.867905e-04	0.000000e+00	0.000000e+00	0.000000e+00	
85	2.967905e-04	0.000000e+00	0.000000e+00	0.000000e+00	
86	3.067905e-04	0.000000e+00	0.000000e+00	0.000000e+00	
87	3.167905e-04	0.000000e+00	0.000000e+00	0.000000e+00	
88	3.267905e-04	0.000000e+00	0.000000e+00	0.000000e+00	
89	3.367905e-04	0.000000e+00	0.000000e+00	0.000000e+00	
90	3.467905e-04	0.000000e+00	0.000000e+00	0.000000e+00	
91	3.567905e-04	0.000000e+00	0.000000e+00	0.000000e+00	
92	3.667905e-04	0.000000e+00	0.000000e+00	0.000000e+00	
93	3.767905e-04	0.000000e+00	0.000000e+00	0.000000e+00	
94	3.867905e-04	0.000000e+00	0.000000e+00	0.000000e+00	
95	3.967905e-04	0.000000e+00	0.000000e+00	0.000000e+00	
96	4.067905e-04	0.000000e+00	0.000000e+00	0.000000e+00	
97	4.167905e-04	0.000000e+00	0.000000e+00	0.000000e+00	
98	4.267905e-04	0.000000e+00	0.000000e+00	0.000000e+00	
99	4.367905e-04	0.000000e+00	0.000000e+00	0.000000e+00	
100	4.467905e-04	0.000000e+00	0.000000e+00	0.000000e+00	
101	4.567905e-04	0.000000e+00	0.000000e+00	0.000000e+00	
102	4.667905e-04	0.000000e+00	0.000000e+00	0.000000e+00	
103	4.767905e-04	0.000000e+00	0.000000e+00	0.000000e+00	
104	4.867905e-04	0.000000e+00	0.000000e+00	0.000000e+00	
105	4.967905e-04	0.000000e+00	0.000000e+00	0.000000e+00	
106	5.067905e-04	0.000000e+00	0.000000e+00	0.000000e+00	
107	5.167905e-04	0.000000e+00	0.000000e+00	0.000000e+00	
108	5.267905e-04	0.000000e+00	0.000000e+00	0.000000e+00	
109	5.367905e-04	0.000000e+00	0.000000e+00	0.000000e+00	
110	5.467905e-04	0.000000e+00	0.000000e+00	0.000000e+00	
111	5.567905e-04	0.000000e+00	0.000000e+00	0.000000e+00	
112	5.667905e-04	0.000000e+00	0.000000e+00	0.000000e+00	

Index   time            a26#branch_1_0  a27#branch_1_0  a32#branch_1_0  
--------------------------------------------------------------------------------
113	5.767905e-04	0.000000e+00	0.000000e+00	0.000000e+00	
114	5.867905e-04	0.000000e+00	0.000000e+00	0.000000e+00	
115	5.967905e-04	0.000000e+00	0.000000e+00	0.000000e+00	
116	6.067905e-04	0.000000e+00	0.000000e+00	0.000000e+00	
117	6.167905e-04	0.000000e+00	0.000000e+00	0.000000e+00	
118	6.267905e-04	0.000000e+00	0.000000e+00	0.000000e+00	
119	6.367905e-04	0.000000e+00	0.000000e+00	0.000000e+00	
120	6.467905e-04	0.000000e+00	0.000000e+00	0.000000e+00	
121	6.567905e-04	0.000000e+00	0.000000e+00	0.000000e+00	
122	6.667905e-04	0.000000e+00	0.000000e+00	0.000000e+00	
123	6.767905e-04	0.000000e+00	0.000000e+00	0.000000e+00	
124	6.867905e-04	0.000000e+00	0.000000e+00	0.000000e+00	
125	6.967905e-04	0.000000e+00	0.000000e+00	0.000000e+00	
126	7.067905e-04	0.000000e+00	0.000000e+00	0.000000e+00	
127	7.167905e-04	0.000000e+00	0.000000e+00	0.000000e+00	
128	7.267905e-04	0.000000e+00	0.000000e+00	0.000000e+00	
129	7.367905e-04	0.000000e+00	0.000000e+00	0.000000e+00	
130	7.467905e-04	0.000000e+00	0.000000e+00	0.000000e+00	
131	7.567905e-04	0.000000e+00	0.000000e+00	0.000000e+00	
132	7.667905e-04	0.000000e+00	0.000000e+00	0.000000e+00	
133	7.767905e-04	0.000000e+00	0.000000e+00	0.000000e+00	
134	7.867905e-04	0.000000e+00	0.000000e+00	0.000000e+00	
135	7.967905e-04	0.000000e+00	0.000000e+00	0.000000e+00	
136	8.067905e-04	0.000000e+00	0.000000e+00	0.000000e+00	
137	8.167905e-04	0.000000e+00	0.000000e+00	0.000000e+00	
138	8.267905e-04	0.000000e+00	0.000000e+00	0.000000e+00	
139	8.367905e-04	0.000000e+00	0.000000e+00	0.000000e+00	
140	8.467905e-04	0.000000e+00	0.000000e+00	0.000000e+00	
141	8.567905e-04	0.000000e+00	0.000000e+00	0.000000e+00	
142	8.667905e-04	0.000000e+00	0.000000e+00	0.000000e+00	
143	8.767905e-04	0.000000e+00	0.000000e+00	0.000000e+00	
144	8.867905e-04	0.000000e+00	0.000000e+00	0.000000e+00	
145	8.967905e-04	0.000000e+00	0.000000e+00	0.000000e+00	
146	9.067905e-04	0.000000e+00	0.000000e+00	0.000000e+00	
147	9.167905e-04	0.000000e+00	0.000000e+00	0.000000e+00	
148	9.267905e-04	0.000000e+00	0.000000e+00	0.000000e+00	
149	9.367905e-04	0.000000e+00	0.000000e+00	0.000000e+00	
150	9.467905e-04	0.000000e+00	0.000000e+00	0.000000e+00	
151	9.567905e-04	0.000000e+00	0.000000e+00	0.000000e+00	
152	9.667905e-04	0.000000e+00	0.000000e+00	0.000000e+00	
153	9.767905e-04	0.000000e+00	0.000000e+00	0.000000e+00	
154	9.867905e-04	0.000000e+00	0.000000e+00	0.000000e+00	
155	9.967905e-04	0.000000e+00	0.000000e+00	0.000000e+00	
156	1.000010e-03	0.000000e+00	0.000000e+00	0.000000e+00	
157	1.000011e-03	0.000000e+00	0.000000e+00	0.000000e+00	
158	1.000013e-03	0.000000e+00	0.000000e+00	0.000000e+00	
159	1.000017e-03	0.000000e+00	0.000000e+00	0.000000e+00	
160	1.000018e-03	0.000000e+00	0.000000e+00	0.000000e+00	
161	1.000018e-03	0.000000e+00	0.000000e+00	0.000000e+00	
162	1.000018e-03	0.000000e+00	0.000000e+00	0.000000e+00	
163	1.000018e-03	0.000000e+00	0.000000e+00	0.000000e+00	
164	1.000018e-03	0.000000e+00	0.000000e+00	0.000000e+00	
165	1.000018e-03	0.000000e+00	0.000000e+00	0.000000e+00	
166	1.000018e-03	0.000000e+00	0.000000e+00	0.000000e+00	
167	1.000018e-03	0.000000e+00	0.000000e+00	0.000000e+00	
168	1.000018e-03	0.000000e+00	0.000000e+00	0.000000e+00	
169	1.000018e-03	0.000000e+00	0.000000e+00	0.000000e+00	
170	1.000019e-03	0.000000e+00	0.000000e+00	0.000000e+00	

Index   time            a26#branch_1_0  a27#branch_1_0  a32#branch_1_0  
--------------------------------------------------------------------------------
171	1.000019e-03	0.000000e+00	0.000000e+00	0.000000e+00	
172	1.000020e-03	0.000000e+00	0.000000e+00	0.000000e+00	
173	1.000020e-03	0.000000e+00	0.000000e+00	0.000000e+00	
174	1.000020e-03	0.000000e+00	0.000000e+00	0.000000e+00	
175	1.000021e-03	0.000000e+00	0.000000e+00	0.000000e+00	
176	1.000022e-03	0.000000e+00	0.000000e+00	0.000000e+00	
177	1.000022e-03	0.000000e+00	0.000000e+00	0.000000e+00	
178	1.000022e-03	0.000000e+00	0.000000e+00	0.000000e+00	
179	1.000022e-03	0.000000e+00	0.000000e+00	0.000000e+00	
180	1.000023e-03	0.000000e+00	0.000000e+00	0.000000e+00	
181	1.000023e-03	0.000000e+00	0.000000e+00	0.000000e+00	
182	1.000023e-03	0.000000e+00	0.000000e+00	0.000000e+00	
183	1.000023e-03	0.000000e+00	0.000000e+00	0.000000e+00	
184	1.000023e-03	0.000000e+00	0.000000e+00	0.000000e+00	
185	1.000023e-03	0.000000e+00	0.000000e+00	0.000000e+00	
186	1.000023e-03	0.000000e+00	0.000000e+00	0.000000e+00	
187	1.000023e-03	0.000000e+00	0.000000e+00	0.000000e+00	
188	1.000023e-03	0.000000e+00	0.000000e+00	0.000000e+00	
189	1.000023e-03	0.000000e+00	0.000000e+00	0.000000e+00	
190	1.000023e-03	0.000000e+00	0.000000e+00	0.000000e+00	
191	1.000023e-03	0.000000e+00	0.000000e+00	0.000000e+00	
192	1.000023e-03	0.000000e+00	0.000000e+00	0.000000e+00	
193	1.000023e-03	0.000000e+00	0.000000e+00	0.000000e+00	
194	1.000023e-03	0.000000e+00	0.000000e+00	0.000000e+00	
195	1.000023e-03	0.000000e+00	0.000000e+00	0.000000e+00	
196	1.000023e-03	0.000000e+00	0.000000e+00	0.000000e+00	
197	1.000023e-03	0.000000e+00	0.000000e+00	0.000000e+00	
198	1.000023e-03	0.000000e+00	0.000000e+00	0.000000e+00	
199	1.000023e-03	0.000000e+00	0.000000e+00	0.000000e+00	
200	1.000023e-03	0.000000e+00	0.000000e+00	0.000000e+00	
201	1.000023e-03	0.000000e+00	0.000000e+00	0.000000e+00	
202	1.000023e-03	0.000000e+00	0.000000e+00	0.000000e+00	
203	1.000023e-03	0.000000e+00	0.000000e+00	0.000000e+00	
204	1.000024e-03	0.000000e+00	0.000000e+00	0.000000e+00	
205	1.000024e-03	0.000000e+00	0.000000e+00	0.000000e+00	
206	1.000025e-03	0.000000e+00	0.000000e+00	0.000000e+00	
207	1.000026e-03	0.000000e+00	0.000000e+00	0.000000e+00	
208	1.000030e-03	0.000000e+00	0.000000e+00	0.000000e+00	
209	1.000036e-03	0.000000e+00	0.000000e+00	0.000000e+00	
210	1.000049e-03	0.000000e+00	0.000000e+00	0.000000e+00	
211	1.000076e-03	0.000000e+00	0.000000e+00	0.000000e+00	
212	1.000128e-03	0.000000e+00	0.000000e+00	0.000000e+00	
213	1.000233e-03	0.000000e+00	0.000000e+00	0.000000e+00	
214	1.000443e-03	0.000000e+00	0.000000e+00	0.000000e+00	
215	1.000862e-03	0.000000e+00	0.000000e+00	0.000000e+00	
216	1.001701e-03	0.000000e+00	0.000000e+00	0.000000e+00	
217	1.003379e-03	0.000000e+00	0.000000e+00	0.000000e+00	
218	1.006734e-03	0.000000e+00	0.000000e+00	0.000000e+00	
219	1.013445e-03	0.000000e+00	0.000000e+00	0.000000e+00	
220	1.023445e-03	0.000000e+00	0.000000e+00	0.000000e+00	
221	1.033445e-03	0.000000e+00	0.000000e+00	0.000000e+00	
222	1.043445e-03	0.000000e+00	0.000000e+00	0.000000e+00	
223	1.053445e-03	0.000000e+00	0.000000e+00	0.000000e+00	
224	1.063445e-03	0.000000e+00	0.000000e+00	0.000000e+00	
225	1.073445e-03	0.000000e+00	0.000000e+00	0.000000e+00	
226	1.083445e-03	0.000000e+00	0.000000e+00	0.000000e+00	
227	1.093445e-03	0.000000e+00	0.000000e+00	0.000000e+00	
228	1.103445e-03	0.000000e+00	0.000000e+00	0.000000e+00	

Index   time            a26#branch_1_0  a27#branch_1_0  a32#branch_1_0  
--------------------------------------------------------------------------------
229	1.113445e-03	0.000000e+00	0.000000e+00	0.000000e+00	
230	1.123445e-03	0.000000e+00	0.000000e+00	0.000000e+00	
231	1.133445e-03	0.000000e+00	0.000000e+00	0.000000e+00	
232	1.143445e-03	0.000000e+00	0.000000e+00	0.000000e+00	
233	1.153445e-03	0.000000e+00	0.000000e+00	0.000000e+00	
234	1.163445e-03	0.000000e+00	0.000000e+00	0.000000e+00	
235	1.173445e-03	0.000000e+00	0.000000e+00	0.000000e+00	
236	1.183445e-03	0.000000e+00	0.000000e+00	0.000000e+00	
237	1.193445e-03	0.000000e+00	0.000000e+00	0.000000e+00	
238	1.203445e-03	0.000000e+00	0.000000e+00	0.000000e+00	
239	1.213445e-03	0.000000e+00	0.000000e+00	0.000000e+00	
240	1.223445e-03	0.000000e+00	0.000000e+00	0.000000e+00	
241	1.233445e-03	0.000000e+00	0.000000e+00	0.000000e+00	
242	1.243445e-03	0.000000e+00	0.000000e+00	0.000000e+00	
243	1.253445e-03	0.000000e+00	0.000000e+00	0.000000e+00	
244	1.263445e-03	0.000000e+00	0.000000e+00	0.000000e+00	
245	1.273445e-03	0.000000e+00	0.000000e+00	0.000000e+00	
246	1.283445e-03	0.000000e+00	0.000000e+00	0.000000e+00	
247	1.293445e-03	0.000000e+00	0.000000e+00	0.000000e+00	
248	1.303445e-03	0.000000e+00	0.000000e+00	0.000000e+00	
249	1.313445e-03	0.000000e+00	0.000000e+00	0.000000e+00	
250	1.323445e-03	0.000000e+00	0.000000e+00	0.000000e+00	
251	1.333445e-03	0.000000e+00	0.000000e+00	0.000000e+00	
252	1.343445e-03	0.000000e+00	0.000000e+00	0.000000e+00	
253	1.353445e-03	0.000000e+00	0.000000e+00	0.000000e+00	
254	1.363445e-03	0.000000e+00	0.000000e+00	0.000000e+00	
255	1.373445e-03	0.000000e+00	0.000000e+00	0.000000e+00	
256	1.383445e-03	0.000000e+00	0.000000e+00	0.000000e+00	
257	1.393445e-03	0.000000e+00	0.000000e+00	0.000000e+00	
258	1.403445e-03	0.000000e+00	0.000000e+00	0.000000e+00	
259	1.413445e-03	0.000000e+00	0.000000e+00	0.000000e+00	
260	1.423445e-03	0.000000e+00	0.000000e+00	0.000000e+00	
261	1.433445e-03	0.000000e+00	0.000000e+00	0.000000e+00	
262	1.443445e-03	0.000000e+00	0.000000e+00	0.000000e+00	
263	1.453445e-03	0.000000e+00	0.000000e+00	0.000000e+00	
264	1.463445e-03	0.000000e+00	0.000000e+00	0.000000e+00	
265	1.473445e-03	0.000000e+00	0.000000e+00	0.000000e+00	
266	1.483445e-03	0.000000e+00	0.000000e+00	0.000000e+00	
267	1.493445e-03	0.000000e+00	0.000000e+00	0.000000e+00	
268	1.503445e-03	0.000000e+00	0.000000e+00	0.000000e+00	
269	1.513445e-03	0.000000e+00	0.000000e+00	0.000000e+00	
270	1.523445e-03	0.000000e+00	0.000000e+00	0.000000e+00	
271	1.533445e-03	0.000000e+00	0.000000e+00	0.000000e+00	
272	1.543445e-03	0.000000e+00	0.000000e+00	0.000000e+00	
273	1.553445e-03	0.000000e+00	0.000000e+00	0.000000e+00	
274	1.563445e-03	0.000000e+00	0.000000e+00	0.000000e+00	
275	1.573445e-03	0.000000e+00	0.000000e+00	0.000000e+00	
276	1.583445e-03	0.000000e+00	0.000000e+00	0.000000e+00	
277	1.593445e-03	0.000000e+00	0.000000e+00	0.000000e+00	
278	1.603445e-03	0.000000e+00	0.000000e+00	0.000000e+00	
279	1.613445e-03	0.000000e+00	0.000000e+00	0.000000e+00	
280	1.623445e-03	0.000000e+00	0.000000e+00	0.000000e+00	
281	1.633445e-03	0.000000e+00	0.000000e+00	0.000000e+00	
282	1.643445e-03	0.000000e+00	0.000000e+00	0.000000e+00	
283	1.653445e-03	0.000000e+00	0.000000e+00	0.000000e+00	
284	1.663445e-03	0.000000e+00	0.000000e+00	0.000000e+00	
285	1.673445e-03	0.000000e+00	0.000000e+00	0.000000e+00	
286	1.683445e-03	0.000000e+00	0.000000e+00	0.000000e+00	

Index   time            a26#branch_1_0  a27#branch_1_0  a32#branch_1_0  
--------------------------------------------------------------------------------
287	1.693445e-03	0.000000e+00	0.000000e+00	0.000000e+00	
288	1.703445e-03	0.000000e+00	0.000000e+00	0.000000e+00	
289	1.713445e-03	0.000000e+00	0.000000e+00	0.000000e+00	
290	1.723445e-03	0.000000e+00	0.000000e+00	0.000000e+00	
291	1.733445e-03	0.000000e+00	0.000000e+00	0.000000e+00	
292	1.743445e-03	0.000000e+00	0.000000e+00	0.000000e+00	
293	1.753445e-03	0.000000e+00	0.000000e+00	0.000000e+00	
294	1.763445e-03	0.000000e+00	0.000000e+00	0.000000e+00	
295	1.773445e-03	0.000000e+00	0.000000e+00	0.000000e+00	
296	1.783445e-03	0.000000e+00	0.000000e+00	0.000000e+00	
297	1.793445e-03	0.000000e+00	0.000000e+00	0.000000e+00	
298	1.803445e-03	0.000000e+00	0.000000e+00	0.000000e+00	
299	1.813445e-03	0.000000e+00	0.000000e+00	0.000000e+00	
300	1.823445e-03	0.000000e+00	0.000000e+00	0.000000e+00	
301	1.833445e-03	0.000000e+00	0.000000e+00	0.000000e+00	
302	1.843445e-03	0.000000e+00	0.000000e+00	0.000000e+00	
303	1.853445e-03	0.000000e+00	0.000000e+00	0.000000e+00	
304	1.863445e-03	0.000000e+00	0.000000e+00	0.000000e+00	
305	1.873445e-03	0.000000e+00	0.000000e+00	0.000000e+00	
306	1.883445e-03	0.000000e+00	0.000000e+00	0.000000e+00	
307	1.893445e-03	0.000000e+00	0.000000e+00	0.000000e+00	
308	1.903445e-03	0.000000e+00	0.000000e+00	0.000000e+00	
309	1.913445e-03	0.000000e+00	0.000000e+00	0.000000e+00	
310	1.923445e-03	0.000000e+00	0.000000e+00	0.000000e+00	
311	1.933445e-03	0.000000e+00	0.000000e+00	0.000000e+00	
312	1.943445e-03	0.000000e+00	0.000000e+00	0.000000e+00	
313	1.953445e-03	0.000000e+00	0.000000e+00	0.000000e+00	
314	1.963445e-03	0.000000e+00	0.000000e+00	0.000000e+00	
315	1.973445e-03	0.000000e+00	0.000000e+00	0.000000e+00	
316	1.983445e-03	0.000000e+00	0.000000e+00	0.000000e+00	
317	1.993445e-03	0.000000e+00	0.000000e+00	0.000000e+00	
318	2.000000e-03	0.000000e+00	0.000000e+00	0.000000e+00	
319	2.000001e-03	0.000000e+00	0.000000e+00	0.000000e+00	
320	2.000003e-03	0.000000e+00	0.000000e+00	0.000000e+00	
321	2.000007e-03	0.000000e+00	0.000000e+00	0.000000e+00	
322	2.000008e-03	0.000000e+00	0.000000e+00	0.000000e+00	
323	2.000008e-03	0.000000e+00	0.000000e+00	0.000000e+00	
324	2.000008e-03	0.000000e+00	0.000000e+00	0.000000e+00	
325	2.000008e-03	0.000000e+00	0.000000e+00	0.000000e+00	
326	2.000008e-03	0.000000e+00	0.000000e+00	0.000000e+00	
327	2.000008e-03	0.000000e+00	0.000000e+00	0.000000e+00	
328	2.000008e-03	0.000000e+00	0.000000e+00	0.000000e+00	
329	2.000008e-03	0.000000e+00	0.000000e+00	0.000000e+00	
330	2.000008e-03	0.000000e+00	0.000000e+00	0.000000e+00	
331	2.000008e-03	0.000000e+00	0.000000e+00	0.000000e+00	
332	2.000009e-03	0.000000e+00	0.000000e+00	0.000000e+00	
333	2.000009e-03	0.000000e+00	0.000000e+00	0.000000e+00	
334	2.000010e-03	0.000000e+00	0.000000e+00	0.000000e+00	
335	2.000010e-03	0.000000e+00	0.000000e+00	0.000000e+00	
336	2.000010e-03	0.000000e+00	0.000000e+00	0.000000e+00	
337	2.000011e-03	0.000000e+00	0.000000e+00	0.000000e+00	
338	2.000012e-03	0.000000e+00	0.000000e+00	0.000000e+00	
339	2.000012e-03	0.000000e+00	0.000000e+00	0.000000e+00	
340	2.000012e-03	0.000000e+00	0.000000e+00	0.000000e+00	
341	2.000012e-03	0.000000e+00	0.000000e+00	0.000000e+00	
342	2.000013e-03	0.000000e+00	0.000000e+00	0.000000e+00	
343	2.000013e-03	0.000000e+00	0.000000e+00	0.000000e+00	
344	2.000013e-03	0.000000e+00	0.000000e+00	0.000000e+00	

Index   time            a26#branch_1_0  a27#branch_1_0  a32#branch_1_0  
--------------------------------------------------------------------------------
345	2.000013e-03	0.000000e+00	0.000000e+00	0.000000e+00	
346	2.000013e-03	0.000000e+00	0.000000e+00	0.000000e+00	
347	2.000013e-03	0.000000e+00	0.000000e+00	0.000000e+00	
348	2.000013e-03	0.000000e+00	0.000000e+00	0.000000e+00	
349	2.000013e-03	0.000000e+00	0.000000e+00	0.000000e+00	
350	2.000013e-03	0.000000e+00	0.000000e+00	0.000000e+00	
351	2.000013e-03	0.000000e+00	0.000000e+00	0.000000e+00	
352	2.000013e-03	0.000000e+00	0.000000e+00	0.000000e+00	
353	2.000013e-03	0.000000e+00	0.000000e+00	0.000000e+00	
354	2.000013e-03	0.000000e+00	0.000000e+00	0.000000e+00	
355	2.000013e-03	0.000000e+00	0.000000e+00	0.000000e+00	
356	2.000013e-03	0.000000e+00	0.000000e+00	0.000000e+00	
357	2.000013e-03	0.000000e+00	0.000000e+00	0.000000e+00	
358	2.000013e-03	0.000000e+00	0.000000e+00	0.000000e+00	
359	2.000013e-03	0.000000e+00	0.000000e+00	0.000000e+00	
360	2.000013e-03	0.000000e+00	0.000000e+00	0.000000e+00	
361	2.000013e-03	0.000000e+00	0.000000e+00	0.000000e+00	
362	2.000013e-03	0.000000e+00	0.000000e+00	0.000000e+00	
363	2.000013e-03	0.000000e+00	0.000000e+00	0.000000e+00	
364	2.000013e-03	0.000000e+00	0.000000e+00	0.000000e+00	
365	2.000013e-03	0.000000e+00	0.000000e+00	0.000000e+00	
366	2.000013e-03	0.000000e+00	0.000000e+00	0.000000e+00	
367	2.000013e-03	0.000000e+00	0.000000e+00	0.000000e+00	
368	2.000013e-03	0.000000e+00	0.000000e+00	0.000000e+00	
369	2.000013e-03	0.000000e+00	0.000000e+00	0.000000e+00	
370	2.000014e-03	0.000000e+00	0.000000e+00	0.000000e+00	
371	2.000014e-03	0.000000e+00	0.000000e+00	0.000000e+00	
372	2.000015e-03	0.000000e+00	0.000000e+00	0.000000e+00	
373	2.000016e-03	0.000000e+00	0.000000e+00	0.000000e+00	
374	2.000017e-03	0.000000e+00	0.000000e+00	0.000000e+00	
375	2.000017e-03	0.000000e+00	0.000000e+00	0.000000e+00	
376	2.000017e-03	0.000000e+00	0.000000e+00	0.000000e+00	
377	2.000017e-03	0.000000e+00	0.000000e+00	0.000000e+00	
378	2.000017e-03	0.000000e+00	0.000000e+00	0.000000e+00	
379	2.000017e-03	0.000000e+00	0.000000e+00	0.000000e+00	
380	2.000017e-03	0.000000e+00	0.000000e+00	0.000000e+00	
381	2.000017e-03	0.000000e+00	0.000000e+00	0.000000e+00	
382	2.000017e-03	0.000000e+00	0.000000e+00	0.000000e+00	
383	2.000017e-03	0.000000e+00	0.000000e+00	0.000000e+00	
384	2.000018e-03	0.000000e+00	0.000000e+00	0.000000e+00	
385	2.000018e-03	0.000000e+00	0.000000e+00	0.000000e+00	
386	2.000019e-03	0.000000e+00	0.000000e+00	0.000000e+00	
387	2.000020e-03	0.000000e+00	0.000000e+00	0.000000e+00	
388	2.000020e-03	0.000000e+00	0.000000e+00	0.000000e+00	
389	2.000020e-03	0.000000e+00	0.000000e+00	0.000000e+00	
390	2.000020e-03	0.000000e+00	0.000000e+00	0.000000e+00	
391	2.000020e-03	0.000000e+00	0.000000e+00	0.000000e+00	
392	2.000020e-03	0.000000e+00	0.000000e+00	0.000000e+00	
393	2.000020e-03	0.000000e+00	0.000000e+00	0.000000e+00	
394	2.000020e-03	0.000000e+00	0.000000e+00	0.000000e+00	
395	2.000020e-03	0.000000e+00	0.000000e+00	0.000000e+00	
396	2.000021e-03	0.000000e+00	0.000000e+00	0.000000e+00	
397	2.000021e-03	0.000000e+00	0.000000e+00	0.000000e+00	
398	2.000021e-03	0.000000e+00	0.000000e+00	0.000000e+00	
399	2.000021e-03	0.000000e+00	0.000000e+00	0.000000e+00	
400	2.000021e-03	0.000000e+00	0.000000e+00	0.000000e+00	
401	2.000021e-03	0.000000e+00	0.000000e+00	0.000000e+00	
402	2.000021e-03	0.000000e+00	0.000000e+00	0.000000e+00	

Index   time            a26#branch_1_0  a27#branch_1_0  a32#branch_1_0  
--------------------------------------------------------------------------------
403	2.000021e-03	0.000000e+00	0.000000e+00	0.000000e+00	
404	2.000021e-03	0.000000e+00	0.000000e+00	0.000000e+00	
405	2.000021e-03	0.000000e+00	0.000000e+00	0.000000e+00	
406	2.000021e-03	0.000000e+00	0.000000e+00	0.000000e+00	
407	2.000021e-03	0.000000e+00	0.000000e+00	0.000000e+00	
408	2.000021e-03	0.000000e+00	0.000000e+00	0.000000e+00	
409	2.000021e-03	0.000000e+00	0.000000e+00	0.000000e+00	
410	2.000022e-03	0.000000e+00	0.000000e+00	0.000000e+00	
411	2.000023e-03	0.000000e+00	0.000000e+00	0.000000e+00	
412	2.000024e-03	0.000000e+00	0.000000e+00	0.000000e+00	
413	2.000028e-03	0.000000e+00	0.000000e+00	0.000000e+00	
414	2.000035e-03	0.000000e+00	0.000000e+00	0.000000e+00	
415	2.000049e-03	0.000000e+00	0.000000e+00	0.000000e+00	
416	2.000078e-03	0.000000e+00	0.000000e+00	0.000000e+00	
417	2.000134e-03	0.000000e+00	0.000000e+00	0.000000e+00	
418	2.000248e-03	0.000000e+00	0.000000e+00	0.000000e+00	
419	2.000475e-03	0.000000e+00	0.000000e+00	0.000000e+00	
420	2.000929e-03	0.000000e+00	0.000000e+00	0.000000e+00	
421	2.001837e-03	0.000000e+00	0.000000e+00	0.000000e+00	
422	2.003653e-03	0.000000e+00	0.000000e+00	0.000000e+00	
423	2.007285e-03	0.000000e+00	0.000000e+00	0.000000e+00	
424	2.014548e-03	0.000000e+00	0.000000e+00	0.000000e+00	
425	2.024548e-03	0.000000e+00	0.000000e+00	0.000000e+00	
426	2.034548e-03	0.000000e+00	0.000000e+00	0.000000e+00	
427	2.044548e-03	0.000000e+00	0.000000e+00	0.000000e+00	
428	2.054548e-03	0.000000e+00	0.000000e+00	0.000000e+00	
429	2.064548e-03	0.000000e+00	0.000000e+00	0.000000e+00	
430	2.074548e-03	0.000000e+00	0.000000e+00	0.000000e+00	
431	2.084548e-03	0.000000e+00	0.000000e+00	0.000000e+00	
432	2.094548e-03	0.000000e+00	0.000000e+00	0.000000e+00	
433	2.104548e-03	0.000000e+00	0.000000e+00	0.000000e+00	
434	2.114548e-03	0.000000e+00	0.000000e+00	0.000000e+00	
435	2.124548e-03	0.000000e+00	0.000000e+00	0.000000e+00	
436	2.134548e-03	0.000000e+00	0.000000e+00	0.000000e+00	
437	2.144548e-03	0.000000e+00	0.000000e+00	0.000000e+00	
438	2.154548e-03	0.000000e+00	0.000000e+00	0.000000e+00	
439	2.164548e-03	0.000000e+00	0.000000e+00	0.000000e+00	
440	2.174548e-03	0.000000e+00	0.000000e+00	0.000000e+00	
441	2.184548e-03	0.000000e+00	0.000000e+00	0.000000e+00	
442	2.194548e-03	0.000000e+00	0.000000e+00	0.000000e+00	
443	2.204548e-03	0.000000e+00	0.000000e+00	0.000000e+00	
444	2.214548e-03	0.000000e+00	0.000000e+00	0.000000e+00	
445	2.224548e-03	0.000000e+00	0.000000e+00	0.000000e+00	
446	2.234548e-03	0.000000e+00	0.000000e+00	0.000000e+00	
447	2.244548e-03	0.000000e+00	0.000000e+00	0.000000e+00	
448	2.254548e-03	0.000000e+00	0.000000e+00	0.000000e+00	
449	2.264548e-03	0.000000e+00	0.000000e+00	0.000000e+00	
450	2.274548e-03	0.000000e+00	0.000000e+00	0.000000e+00	
451	2.284548e-03	0.000000e+00	0.000000e+00	0.000000e+00	
452	2.294548e-03	0.000000e+00	0.000000e+00	0.000000e+00	
453	2.304548e-03	0.000000e+00	0.000000e+00	0.000000e+00	
454	2.314548e-03	0.000000e+00	0.000000e+00	0.000000e+00	
455	2.324548e-03	0.000000e+00	0.000000e+00	0.000000e+00	
456	2.334548e-03	0.000000e+00	0.000000e+00	0.000000e+00	
457	2.344548e-03	0.000000e+00	0.000000e+00	0.000000e+00	
458	2.354548e-03	0.000000e+00	0.000000e+00	0.000000e+00	
459	2.364548e-03	0.000000e+00	0.000000e+00	0.000000e+00	
460	2.374548e-03	0.000000e+00	0.000000e+00	0.000000e+00	

Index   time            a26#branch_1_0  a27#branch_1_0  a32#branch_1_0  
--------------------------------------------------------------------------------
461	2.384548e-03	0.000000e+00	0.000000e+00	0.000000e+00	
462	2.394548e-03	0.000000e+00	0.000000e+00	0.000000e+00	
463	2.404548e-03	0.000000e+00	0.000000e+00	0.000000e+00	
464	2.414548e-03	0.000000e+00	0.000000e+00	0.000000e+00	
465	2.424548e-03	0.000000e+00	0.000000e+00	0.000000e+00	
466	2.434548e-03	0.000000e+00	0.000000e+00	0.000000e+00	
467	2.444548e-03	0.000000e+00	0.000000e+00	0.000000e+00	
468	2.454548e-03	0.000000e+00	0.000000e+00	0.000000e+00	
469	2.464548e-03	0.000000e+00	0.000000e+00	0.000000e+00	
470	2.474548e-03	0.000000e+00	0.000000e+00	0.000000e+00	
471	2.484548e-03	0.000000e+00	0.000000e+00	0.000000e+00	
472	2.494548e-03	0.000000e+00	0.000000e+00	0.000000e+00	
473	2.504548e-03	0.000000e+00	0.000000e+00	0.000000e+00	
474	2.514548e-03	0.000000e+00	0.000000e+00	0.000000e+00	
475	2.524548e-03	0.000000e+00	0.000000e+00	0.000000e+00	
476	2.534548e-03	0.000000e+00	0.000000e+00	0.000000e+00	
477	2.544548e-03	0.000000e+00	0.000000e+00	0.000000e+00	
478	2.554548e-03	0.000000e+00	0.000000e+00	0.000000e+00	
479	2.564548e-03	0.000000e+00	0.000000e+00	0.000000e+00	
480	2.574548e-03	0.000000e+00	0.000000e+00	0.000000e+00	
481	2.584548e-03	0.000000e+00	0.000000e+00	0.000000e+00	
482	2.594548e-03	0.000000e+00	0.000000e+00	0.000000e+00	
483	2.604548e-03	0.000000e+00	0.000000e+00	0.000000e+00	
484	2.614548e-03	0.000000e+00	0.000000e+00	0.000000e+00	
485	2.624548e-03	0.000000e+00	0.000000e+00	0.000000e+00	
486	2.634548e-03	0.000000e+00	0.000000e+00	0.000000e+00	
487	2.644548e-03	0.000000e+00	0.000000e+00	0.000000e+00	
488	2.654548e-03	0.000000e+00	0.000000e+00	0.000000e+00	
489	2.664548e-03	0.000000e+00	0.000000e+00	0.000000e+00	
490	2.674548e-03	0.000000e+00	0.000000e+00	0.000000e+00	
491	2.684548e-03	0.000000e+00	0.000000e+00	0.000000e+00	
492	2.694548e-03	0.000000e+00	0.000000e+00	0.000000e+00	
493	2.704548e-03	0.000000e+00	0.000000e+00	0.000000e+00	
494	2.714548e-03	0.000000e+00	0.000000e+00	0.000000e+00	
495	2.724548e-03	0.000000e+00	0.000000e+00	0.000000e+00	
496	2.734548e-03	0.000000e+00	0.000000e+00	0.000000e+00	
497	2.744548e-03	0.000000e+00	0.000000e+00	0.000000e+00	
498	2.754548e-03	0.000000e+00	0.000000e+00	0.000000e+00	
499	2.764548e-03	0.000000e+00	0.000000e+00	0.000000e+00	
500	2.774548e-03	0.000000e+00	0.000000e+00	0.000000e+00	
501	2.784548e-03	0.000000e+00	0.000000e+00	0.000000e+00	
502	2.794548e-03	0.000000e+00	0.000000e+00	0.000000e+00	
503	2.804548e-03	0.000000e+00	0.000000e+00	0.000000e+00	
504	2.814548e-03	0.000000e+00	0.000000e+00	0.000000e+00	
505	2.824548e-03	0.000000e+00	0.000000e+00	0.000000e+00	
506	2.834548e-03	0.000000e+00	0.000000e+00	0.000000e+00	
507	2.844548e-03	0.000000e+00	0.000000e+00	0.000000e+00	
508	2.854548e-03	0.000000e+00	0.000000e+00	0.000000e+00	
509	2.864548e-03	0.000000e+00	0.000000e+00	0.000000e+00	
510	2.874548e-03	0.000000e+00	0.000000e+00	0.000000e+00	
511	2.884548e-03	0.000000e+00	0.000000e+00	0.000000e+00	
512	2.894548e-03	0.000000e+00	0.000000e+00	0.000000e+00	
513	2.904548e-03	0.000000e+00	0.000000e+00	0.000000e+00	
514	2.914548e-03	0.000000e+00	0.000000e+00	0.000000e+00	
515	2.924548e-03	0.000000e+00	0.000000e+00	0.000000e+00	
516	2.934548e-03	0.000000e+00	0.000000e+00	0.000000e+00	
517	2.944548e-03	0.000000e+00	0.000000e+00	0.000000e+00	
518	2.954548e-03	0.000000e+00	0.000000e+00	0.000000e+00	

Index   time            a26#branch_1_0  a27#branch_1_0  a32#branch_1_0  
--------------------------------------------------------------------------------
519	2.964548e-03	0.000000e+00	0.000000e+00	0.000000e+00	
520	2.974548e-03	0.000000e+00	0.000000e+00	0.000000e+00	
521	2.984548e-03	0.000000e+00	0.000000e+00	0.000000e+00	
522	2.994548e-03	0.000000e+00	0.000000e+00	0.000000e+00	
523	3.000010e-03	0.000000e+00	0.000000e+00	0.000000e+00	
524	3.000011e-03	0.000000e+00	0.000000e+00	0.000000e+00	
525	3.000013e-03	0.000000e+00	0.000000e+00	0.000000e+00	
526	3.000017e-03	0.000000e+00	0.000000e+00	0.000000e+00	
527	3.000018e-03	0.000000e+00	0.000000e+00	0.000000e+00	
528	3.000018e-03	0.000000e+00	0.000000e+00	0.000000e+00	
529	3.000018e-03	0.000000e+00	0.000000e+00	0.000000e+00	
530	3.000018e-03	0.000000e+00	0.000000e+00	0.000000e+00	
531	3.000018e-03	0.000000e+00	0.000000e+00	0.000000e+00	
532	3.000018e-03	0.000000e+00	0.000000e+00	0.000000e+00	
533	3.000018e-03	0.000000e+00	0.000000e+00	0.000000e+00	
534	3.000018e-03	0.000000e+00	0.000000e+00	0.000000e+00	
535	3.000018e-03	0.000000e+00	0.000000e+00	0.000000e+00	
536	3.000018e-03	0.000000e+00	0.000000e+00	0.000000e+00	
537	3.000019e-03	0.000000e+00	0.000000e+00	0.000000e+00	
538	3.000019e-03	0.000000e+00	0.000000e+00	0.000000e+00	
539	3.000020e-03	0.000000e+00	0.000000e+00	0.000000e+00	
540	3.000020e-03	0.000000e+00	0.000000e+00	0.000000e+00	
541	3.000020e-03	0.000000e+00	0.000000e+00	0.000000e+00	
542	3.000021e-03	0.000000e+00	0.000000e+00	0.000000e+00	
543	3.000022e-03	0.000000e+00	0.000000e+00	0.000000e+00	
544	3.000022e-03	0.000000e+00	0.000000e+00	0.000000e+00	
545	3.000022e-03	0.000000e+00	0.000000e+00	0.000000e+00	
546	3.000022e-03	0.000000e+00	0.000000e+00	0.000000e+00	
547	3.000023e-03	0.000000e+00	0.000000e+00	0.000000e+00	
548	3.000023e-03	0.000000e+00	0.000000e+00	0.000000e+00	
549	3.000023e-03	0.000000e+00	0.000000e+00	0.000000e+00	
550	3.000023e-03	0.000000e+00	0.000000e+00	0.000000e+00	
551	3.000023e-03	0.000000e+00	0.000000e+00	0.000000e+00	
552	3.000023e-03	0.000000e+00	0.000000e+00	0.000000e+00	
553	3.000023e-03	0.000000e+00	0.000000e+00	0.000000e+00	
554	3.000023e-03	0.000000e+00	0.000000e+00	0.000000e+00	
555	3.000023e-03	0.000000e+00	0.000000e+00	0.000000e+00	
556	3.000023e-03	0.000000e+00	0.000000e+00	0.000000e+00	
557	3.000023e-03	0.000000e+00	0.000000e+00	0.000000e+00	
558	3.000023e-03	0.000000e+00	0.000000e+00	0.000000e+00	
559	3.000023e-03	0.000000e+00	0.000000e+00	0.000000e+00	
560	3.000023e-03	0.000000e+00	0.000000e+00	0.000000e+00	
561	3.000023e-03	0.000000e+00	0.000000e+00	0.000000e+00	
562	3.000023e-03	0.000000e+00	0.000000e+00	0.000000e+00	
563	3.000023e-03	0.000000e+00	0.000000e+00	0.000000e+00	
564	3.000023e-03	0.000000e+00	0.000000e+00	0.000000e+00	
565	3.000023e-03	0.000000e+00	0.000000e+00	0.000000e+00	
566	3.000023e-03	0.000000e+00	0.000000e+00	0.000000e+00	
567	3.000023e-03	0.000000e+00	0.000000e+00	0.000000e+00	
568	3.000023e-03	0.000000e+00	0.000000e+00	0.000000e+00	
569	3.000023e-03	0.000000e+00	0.000000e+00	0.000000e+00	
570	3.000023e-03	0.000000e+00	0.000000e+00	0.000000e+00	
571	3.000024e-03	0.000000e+00	0.000000e+00	0.000000e+00	
572	3.000024e-03	0.000000e+00	0.000000e+00	0.000000e+00	
573	3.000025e-03	0.000000e+00	0.000000e+00	0.000000e+00	
574	3.000026e-03	0.000000e+00	0.000000e+00	0.000000e+00	
575	3.000030e-03	0.000000e+00	0.000000e+00	0.000000e+00	
576	3.000036e-03	0.000000e+00	0.000000e+00	0.000000e+00	

Index   time            a26#branch_1_0  a27#branch_1_0  a32#branch_1_0  
--------------------------------------------------------------------------------
577	3.000049e-03	0.000000e+00	0.000000e+00	0.000000e+00	
578	3.000076e-03	0.000000e+00	0.000000e+00	0.000000e+00	
579	3.000128e-03	0.000000e+00	0.000000e+00	0.000000e+00	
580	3.000233e-03	0.000000e+00	0.000000e+00	0.000000e+00	
581	3.000443e-03	0.000000e+00	0.000000e+00	0.000000e+00	
582	3.000862e-03	0.000000e+00	0.000000e+00	0.000000e+00	
583	3.001701e-03	0.000000e+00	0.000000e+00	0.000000e+00	
584	3.003379e-03	0.000000e+00	0.000000e+00	0.000000e+00	
585	3.006734e-03	0.000000e+00	0.000000e+00	0.000000e+00	
586	3.013445e-03	0.000000e+00	0.000000e+00	0.000000e+00	
587	3.023445e-03	0.000000e+00	0.000000e+00	0.000000e+00	
588	3.033445e-03	0.000000e+00	0.000000e+00	0.000000e+00	
589	3.043445e-03	0.000000e+00	0.000000e+00	0.000000e+00	
590	3.053445e-03	0.000000e+00	0.000000e+00	0.000000e+00	
591	3.063445e-03	0.000000e+00	0.000000e+00	0.000000e+00	
592	3.073445e-03	0.000000e+00	0.000000e+00	0.000000e+00	
593	3.083445e-03	0.000000e+00	0.000000e+00	0.000000e+00	
594	3.093445e-03	0.000000e+00	0.000000e+00	0.000000e+00	
595	3.103445e-03	0.000000e+00	0.000000e+00	0.000000e+00	
596	3.113445e-03	0.000000e+00	0.000000e+00	0.000000e+00	
597	3.123445e-03	0.000000e+00	0.000000e+00	0.000000e+00	
598	3.133445e-03	0.000000e+00	0.000000e+00	0.000000e+00	
599	3.143445e-03	0.000000e+00	0.000000e+00	0.000000e+00	
600	3.153445e-03	0.000000e+00	0.000000e+00	0.000000e+00	
601	3.163445e-03	0.000000e+00	0.000000e+00	0.000000e+00	
602	3.173445e-03	0.000000e+00	0.000000e+00	0.000000e+00	
603	3.183445e-03	0.000000e+00	0.000000e+00	0.000000e+00	
604	3.193445e-03	0.000000e+00	0.000000e+00	0.000000e+00	
605	3.203445e-03	0.000000e+00	0.000000e+00	0.000000e+00	
606	3.213445e-03	0.000000e+00	0.000000e+00	0.000000e+00	
607	3.223445e-03	0.000000e+00	0.000000e+00	0.000000e+00	
608	3.233445e-03	0.000000e+00	0.000000e+00	0.000000e+00	
609	3.243445e-03	0.000000e+00	0.000000e+00	0.000000e+00	
610	3.253445e-03	0.000000e+00	0.000000e+00	0.000000e+00	
611	3.263445e-03	0.000000e+00	0.000000e+00	0.000000e+00	
612	3.273445e-03	0.000000e+00	0.000000e+00	0.000000e+00	
613	3.283445e-03	0.000000e+00	0.000000e+00	0.000000e+00	
614	3.293445e-03	0.000000e+00	0.000000e+00	0.000000e+00	
615	3.303445e-03	0.000000e+00	0.000000e+00	0.000000e+00	
616	3.313445e-03	0.000000e+00	0.000000e+00	0.000000e+00	
617	3.323445e-03	0.000000e+00	0.000000e+00	0.000000e+00	
618	3.333445e-03	0.000000e+00	0.000000e+00	0.000000e+00	
619	3.343445e-03	0.000000e+00	0.000000e+00	0.000000e+00	
620	3.353445e-03	0.000000e+00	0.000000e+00	0.000000e+00	
621	3.363445e-03	0.000000e+00	0.000000e+00	0.000000e+00	
622	3.373445e-03	0.000000e+00	0.000000e+00	0.000000e+00	
623	3.383445e-03	0.000000e+00	0.000000e+00	0.000000e+00	
624	3.393445e-03	0.000000e+00	0.000000e+00	0.000000e+00	
625	3.403445e-03	0.000000e+00	0.000000e+00	0.000000e+00	
626	3.413445e-03	0.000000e+00	0.000000e+00	0.000000e+00	
627	3.423445e-03	0.000000e+00	0.000000e+00	0.000000e+00	
628	3.433445e-03	0.000000e+00	0.000000e+00	0.000000e+00	
629	3.443445e-03	0.000000e+00	0.000000e+00	0.000000e+00	
630	3.453445e-03	0.000000e+00	0.000000e+00	0.000000e+00	
631	3.463445e-03	0.000000e+00	0.000000e+00	0.000000e+00	
632	3.473445e-03	0.000000e+00	0.000000e+00	0.000000e+00	
633	3.483445e-03	0.000000e+00	0.000000e+00	0.000000e+00	
634	3.493445e-03	0.000000e+00	0.000000e+00	0.000000e+00	

Index   time            a26#branch_1_0  a27#branch_1_0  a32#branch_1_0  
--------------------------------------------------------------------------------
635	3.503445e-03	0.000000e+00	0.000000e+00	0.000000e+00	
636	3.513445e-03	0.000000e+00	0.000000e+00	0.000000e+00	
637	3.523445e-03	0.000000e+00	0.000000e+00	0.000000e+00	
638	3.533445e-03	0.000000e+00	0.000000e+00	0.000000e+00	
639	3.543445e-03	0.000000e+00	0.000000e+00	0.000000e+00	
640	3.553445e-03	0.000000e+00	0.000000e+00	0.000000e+00	
641	3.563445e-03	0.000000e+00	0.000000e+00	0.000000e+00	
642	3.573445e-03	0.000000e+00	0.000000e+00	0.000000e+00	
643	3.583445e-03	0.000000e+00	0.000000e+00	0.000000e+00	
644	3.593445e-03	0.000000e+00	0.000000e+00	0.000000e+00	
645	3.603445e-03	0.000000e+00	0.000000e+00	0.000000e+00	
646	3.613445e-03	0.000000e+00	0.000000e+00	0.000000e+00	
647	3.623445e-03	0.000000e+00	0.000000e+00	0.000000e+00	
648	3.633445e-03	0.000000e+00	0.000000e+00	0.000000e+00	
649	3.643445e-03	0.000000e+00	0.000000e+00	0.000000e+00	
650	3.653445e-03	0.000000e+00	0.000000e+00	0.000000e+00	
651	3.663445e-03	0.000000e+00	0.000000e+00	0.000000e+00	
652	3.673445e-03	0.000000e+00	0.000000e+00	0.000000e+00	
653	3.683445e-03	0.000000e+00	0.000000e+00	0.000000e+00	
654	3.693445e-03	0.000000e+00	0.000000e+00	0.000000e+00	
655	3.703445e-03	0.000000e+00	0.000000e+00	0.000000e+00	
656	3.713445e-03	0.000000e+00	0.000000e+00	0.000000e+00	
657	3.723445e-03	0.000000e+00	0.000000e+00	0.000000e+00	
658	3.733445e-03	0.000000e+00	0.000000e+00	0.000000e+00	
659	3.743445e-03	0.000000e+00	0.000000e+00	0.000000e+00	
660	3.753445e-03	0.000000e+00	0.000000e+00	0.000000e+00	
661	3.763445e-03	0.000000e+00	0.000000e+00	0.000000e+00	
662	3.773445e-03	0.000000e+00	0.000000e+00	0.000000e+00	
663	3.783445e-03	0.000000e+00	0.000000e+00	0.000000e+00	
664	3.793445e-03	0.000000e+00	0.000000e+00	0.000000e+00	
665	3.803445e-03	0.000000e+00	0.000000e+00	0.000000e+00	
666	3.813445e-03	0.000000e+00	0.000000e+00	0.000000e+00	
667	3.823445e-03	0.000000e+00	0.000000e+00	0.000000e+00	
668	3.833445e-03	0.000000e+00	0.000000e+00	0.000000e+00	
669	3.843445e-03	0.000000e+00	0.000000e+00	0.000000e+00	
670	3.853445e-03	0.000000e+00	0.000000e+00	0.000000e+00	
671	3.863445e-03	0.000000e+00	0.000000e+00	0.000000e+00	
672	3.873445e-03	0.000000e+00	0.000000e+00	0.000000e+00	
673	3.883445e-03	0.000000e+00	0.000000e+00	0.000000e+00	
674	3.893445e-03	0.000000e+00	0.000000e+00	0.000000e+00	
675	3.903445e-03	0.000000e+00	0.000000e+00	0.000000e+00	
676	3.913445e-03	0.000000e+00	0.000000e+00	0.000000e+00	
677	3.923445e-03	0.000000e+00	0.000000e+00	0.000000e+00	
678	3.933445e-03	0.000000e+00	0.000000e+00	0.000000e+00	
679	3.943445e-03	0.000000e+00	0.000000e+00	0.000000e+00	
680	3.953445e-03	0.000000e+00	0.000000e+00	0.000000e+00	
681	3.963445e-03	0.000000e+00	0.000000e+00	0.000000e+00	
682	3.973445e-03	0.000000e+00	0.000000e+00	0.000000e+00	
683	3.983445e-03	0.000000e+00	0.000000e+00	0.000000e+00	
684	3.993445e-03	0.000000e+00	0.000000e+00	0.000000e+00	
685	4.000000e-03	0.000000e+00	0.000000e+00	0.000000e+00	

                                kicad schematic
                                Transient Analysis  Sat Nov 01 15:23:57  2025
--------------------------------------------------------------------------------
Index   time            a33#branch_1_0  v1#branch       v2#branch       
--------------------------------------------------------------------------------
0	0.000000e+00	0.000000e+00	0.000000e+00	0.000000e+00	
1	1.000000e-10	0.000000e+00	0.000000e+00	0.000000e+00	
2	2.000000e-10	0.000000e+00	0.000000e+00	0.000000e+00	
3	4.000000e-10	0.000000e+00	0.000000e+00	0.000000e+00	
4	8.000000e-10	0.000000e+00	0.000000e+00	0.000000e+00	
5	1.600000e-09	0.000000e+00	0.000000e+00	0.000000e+00	
6	3.200000e-09	0.000000e+00	0.000000e+00	0.000000e+00	
7	6.400000e-09	0.000000e+00	0.000000e+00	0.000000e+00	
8	8.200000e-09	0.000000e+00	0.000000e+00	0.000000e+00	
9	8.210000e-09	0.000000e+00	0.000000e+00	0.000000e+00	
10	8.230000e-09	0.000000e+00	0.000000e+00	0.000000e+00	
11	8.270000e-09	0.000000e+00	0.000000e+00	0.000000e+00	
12	8.300000e-09	0.000000e+00	0.000000e+00	0.000000e+00	
13	8.308000e-09	0.000000e+00	0.000000e+00	0.000000e+00	
14	8.324000e-09	0.000000e+00	0.000000e+00	0.000000e+00	
15	8.356000e-09	0.000000e+00	0.000000e+00	0.000000e+00	
16	8.420000e-09	0.000000e+00	0.000000e+00	0.000000e+00	
17	8.548000e-09	0.000000e+00	0.000000e+00	0.000000e+00	
18	8.804000e-09	0.000000e+00	0.000000e+00	0.000000e+00	
19	9.316000e-09	0.000000e+00	0.000000e+00	0.000000e+00	
20	1.000000e-08	0.000000e+00	0.000000e+00	0.000000e+00	
21	1.010240e-08	0.000000e+00	0.000000e+00	0.000000e+00	
22	1.030720e-08	0.000000e+00	0.000000e+00	0.000000e+00	
23	1.071680e-08	0.000000e+00	0.000000e+00	0.000000e+00	
24	1.140000e-08	0.000000e+00	0.000000e+00	0.000000e+00	
25	1.148192e-08	0.000000e+00	0.000000e+00	0.000000e+00	
26	1.164576e-08	0.000000e+00	0.000000e+00	0.000000e+00	
27	1.197344e-08	0.000000e+00	0.000000e+00	0.000000e+00	
28	1.230000e-08	0.000000e+00	0.000000e+00	0.000000e+00	
29	1.236554e-08	0.000000e+00	0.000000e+00	0.000000e+00	
30	1.249661e-08	0.000000e+00	0.000000e+00	0.000000e+00	
31	1.275875e-08	0.000000e+00	0.000000e+00	0.000000e+00	
32	1.320000e-08	0.000000e+00	0.000000e+00	0.000000e+00	
33	1.321000e-08	0.000000e+00	0.000000e+00	0.000000e+00	
34	1.323000e-08	0.000000e+00	0.000000e+00	0.000000e+00	
35	1.327000e-08	0.000000e+00	0.000000e+00	0.000000e+00	
36	1.330000e-08	0.000000e+00	0.000000e+00	0.000000e+00	
37	1.330800e-08	0.000000e+00	0.000000e+00	0.000000e+00	
38	1.332400e-08	0.000000e+00	0.000000e+00	0.000000e+00	
39	1.335600e-08	0.000000e+00	0.000000e+00	0.000000e+00	
40	1.342000e-08	0.000000e+00	0.000000e+00	0.000000e+00	
41	1.354800e-08	0.000000e+00	0.000000e+00	0.000000e+00	
42	1.380400e-08	0.000000e+00	0.000000e+00	0.000000e+00	
43	1.431600e-08	0.000000e+00	0.000000e+00	0.000000e+00	
44	1.534000e-08	0.000000e+00	0.000000e+00	0.000000e+00	
45	1.738800e-08	0.000000e+00	0.000000e+00	0.000000e+00	
46	2.148400e-08	0.000000e+00	0.000000e+00	0.000000e+00	
47	2.967600e-08	0.000000e+00	0.000000e+00	0.000000e+00	
48	4.606000e-08	0.000000e+00	0.000000e+00	0.000000e+00	
49	7.882800e-08	0.000000e+00	0.000000e+00	0.000000e+00	
50	1.443640e-07	0.000000e+00	0.000000e+00	0.000000e+00	
51	2.754360e-07	0.000000e+00	0.000000e+00	0.000000e+00	
52	5.375800e-07	0.000000e+00	0.000000e+00	0.000000e+00	
53	1.061868e-06	0.000000e+00	0.000000e+00	0.000000e+00	
54	2.110444e-06	0.000000e+00	0.000000e+00	0.000000e+00	

Index   time            a33#branch_1_0  v1#branch       v2#branch       
--------------------------------------------------------------------------------
55	4.207596e-06	0.000000e+00	0.000000e+00	0.000000e+00	
56	8.401900e-06	0.000000e+00	0.000000e+00	0.000000e+00	
57	1.679051e-05	0.000000e+00	0.000000e+00	0.000000e+00	
58	2.679051e-05	0.000000e+00	0.000000e+00	0.000000e+00	
59	3.679051e-05	0.000000e+00	0.000000e+00	0.000000e+00	
60	4.679051e-05	0.000000e+00	0.000000e+00	0.000000e+00	
61	5.679051e-05	0.000000e+00	0.000000e+00	0.000000e+00	
62	6.679051e-05	0.000000e+00	0.000000e+00	0.000000e+00	
63	7.679051e-05	0.000000e+00	0.000000e+00	0.000000e+00	
64	8.679051e-05	0.000000e+00	0.000000e+00	0.000000e+00	
65	9.679051e-05	0.000000e+00	0.000000e+00	0.000000e+00	
66	1.067905e-04	0.000000e+00	0.000000e+00	0.000000e+00	
67	1.167905e-04	0.000000e+00	0.000000e+00	0.000000e+00	
68	1.267905e-04	0.000000e+00	0.000000e+00	0.000000e+00	
69	1.367905e-04	0.000000e+00	0.000000e+00	0.000000e+00	
70	1.467905e-04	0.000000e+00	0.000000e+00	0.000000e+00	
71	1.567905e-04	0.000000e+00	0.000000e+00	0.000000e+00	
72	1.667905e-04	0.000000e+00	0.000000e+00	0.000000e+00	
73	1.767905e-04	0.000000e+00	0.000000e+00	0.000000e+00	
74	1.867905e-04	0.000000e+00	0.000000e+00	0.000000e+00	
75	1.967905e-04	0.000000e+00	0.000000e+00	0.000000e+00	
76	2.067905e-04	0.000000e+00	0.000000e+00	0.000000e+00	
77	2.167905e-04	0.000000e+00	0.000000e+00	0.000000e+00	
78	2.267905e-04	0.000000e+00	0.000000e+00	0.000000e+00	
79	2.367905e-04	0.000000e+00	0.000000e+00	0.000000e+00	
80	2.467905e-04	0.000000e+00	0.000000e+00	0.000000e+00	
81	2.567905e-04	0.000000e+00	0.000000e+00	0.000000e+00	
82	2.667905e-04	0.000000e+00	0.000000e+00	0.000000e+00	
83	2.767905e-04	0.000000e+00	0.000000e+00	0.000000e+00	
84	2.867905e-04	0.000000e+00	0.000000e+00	0.000000e+00	
85	2.967905e-04	0.000000e+00	0.000000e+00	0.000000e+00	
86	3.067905e-04	0.000000e+00	0.000000e+00	0.000000e+00	
87	3.167905e-04	0.000000e+00	0.000000e+00	0.000000e+00	
88	3.267905e-04	0.000000e+00	0.000000e+00	0.000000e+00	
89	3.367905e-04	0.000000e+00	0.000000e+00	0.000000e+00	
90	3.467905e-04	0.000000e+00	0.000000e+00	0.000000e+00	
91	3.567905e-04	0.000000e+00	0.000000e+00	0.000000e+00	
92	3.667905e-04	0.000000e+00	0.000000e+00	0.000000e+00	
93	3.767905e-04	0.000000e+00	0.000000e+00	0.000000e+00	
94	3.867905e-04	0.000000e+00	0.000000e+00	0.000000e+00	
95	3.967905e-04	0.000000e+00	0.000000e+00	0.000000e+00	
96	4.067905e-04	0.000000e+00	0.000000e+00	0.000000e+00	
97	4.167905e-04	0.000000e+00	0.000000e+00	0.000000e+00	
98	4.267905e-04	0.000000e+00	0.000000e+00	0.000000e+00	
99	4.367905e-04	0.000000e+00	0.000000e+00	0.000000e+00	
100	4.467905e-04	0.000000e+00	0.000000e+00	0.000000e+00	
101	4.567905e-04	0.000000e+00	0.000000e+00	0.000000e+00	
102	4.667905e-04	0.000000e+00	0.000000e+00	0.000000e+00	
103	4.767905e-04	0.000000e+00	0.000000e+00	0.000000e+00	
104	4.867905e-04	0.000000e+00	0.000000e+00	0.000000e+00	
105	4.967905e-04	0.000000e+00	0.000000e+00	0.000000e+00	
106	5.067905e-04	0.000000e+00	0.000000e+00	0.000000e+00	
107	5.167905e-04	0.000000e+00	0.000000e+00	0.000000e+00	
108	5.267905e-04	0.000000e+00	0.000000e+00	0.000000e+00	
109	5.367905e-04	0.000000e+00	0.000000e+00	0.000000e+00	
110	5.467905e-04	0.000000e+00	0.000000e+00	0.000000e+00	
111	5.567905e-04	0.000000e+00	0.000000e+00	0.000000e+00	
112	5.667905e-04	0.000000e+00	0.000000e+00	0.000000e+00	

Index   time            a33#branch_1_0  v1#branch       v2#branch       
--------------------------------------------------------------------------------
113	5.767905e-04	0.000000e+00	0.000000e+00	0.000000e+00	
114	5.867905e-04	0.000000e+00	0.000000e+00	0.000000e+00	
115	5.967905e-04	0.000000e+00	0.000000e+00	0.000000e+00	
116	6.067905e-04	0.000000e+00	0.000000e+00	0.000000e+00	
117	6.167905e-04	0.000000e+00	0.000000e+00	0.000000e+00	
118	6.267905e-04	0.000000e+00	0.000000e+00	0.000000e+00	
119	6.367905e-04	0.000000e+00	0.000000e+00	0.000000e+00	
120	6.467905e-04	0.000000e+00	0.000000e+00	0.000000e+00	
121	6.567905e-04	0.000000e+00	0.000000e+00	0.000000e+00	
122	6.667905e-04	0.000000e+00	0.000000e+00	0.000000e+00	
123	6.767905e-04	0.000000e+00	0.000000e+00	0.000000e+00	
124	6.867905e-04	0.000000e+00	0.000000e+00	0.000000e+00	
125	6.967905e-04	0.000000e+00	0.000000e+00	0.000000e+00	
126	7.067905e-04	0.000000e+00	0.000000e+00	0.000000e+00	
127	7.167905e-04	0.000000e+00	0.000000e+00	0.000000e+00	
128	7.267905e-04	0.000000e+00	0.000000e+00	0.000000e+00	
129	7.367905e-04	0.000000e+00	0.000000e+00	0.000000e+00	
130	7.467905e-04	0.000000e+00	0.000000e+00	0.000000e+00	
131	7.567905e-04	0.000000e+00	0.000000e+00	0.000000e+00	
132	7.667905e-04	0.000000e+00	0.000000e+00	0.000000e+00	
133	7.767905e-04	0.000000e+00	0.000000e+00	0.000000e+00	
134	7.867905e-04	0.000000e+00	0.000000e+00	0.000000e+00	
135	7.967905e-04	0.000000e+00	0.000000e+00	0.000000e+00	
136	8.067905e-04	0.000000e+00	0.000000e+00	0.000000e+00	
137	8.167905e-04	0.000000e+00	0.000000e+00	0.000000e+00	
138	8.267905e-04	0.000000e+00	0.000000e+00	0.000000e+00	
139	8.367905e-04	0.000000e+00	0.000000e+00	0.000000e+00	
140	8.467905e-04	0.000000e+00	0.000000e+00	0.000000e+00	
141	8.567905e-04	0.000000e+00	0.000000e+00	0.000000e+00	
142	8.667905e-04	0.000000e+00	0.000000e+00	0.000000e+00	
143	8.767905e-04	0.000000e+00	0.000000e+00	0.000000e+00	
144	8.867905e-04	0.000000e+00	0.000000e+00	0.000000e+00	
145	8.967905e-04	0.000000e+00	0.000000e+00	0.000000e+00	
146	9.067905e-04	0.000000e+00	0.000000e+00	0.000000e+00	
147	9.167905e-04	0.000000e+00	0.000000e+00	0.000000e+00	
148	9.267905e-04	0.000000e+00	0.000000e+00	0.000000e+00	
149	9.367905e-04	0.000000e+00	0.000000e+00	0.000000e+00	
150	9.467905e-04	0.000000e+00	0.000000e+00	0.000000e+00	
151	9.567905e-04	0.000000e+00	0.000000e+00	0.000000e+00	
152	9.667905e-04	0.000000e+00	0.000000e+00	0.000000e+00	
153	9.767905e-04	0.000000e+00	0.000000e+00	0.000000e+00	
154	9.867905e-04	0.000000e+00	0.000000e+00	0.000000e+00	
155	9.967905e-04	0.000000e+00	0.000000e+00	0.000000e+00	
156	1.000010e-03	0.000000e+00	0.000000e+00	0.000000e+00	
157	1.000011e-03	0.000000e+00	0.000000e+00	0.000000e+00	
158	1.000013e-03	0.000000e+00	0.000000e+00	0.000000e+00	
159	1.000017e-03	0.000000e+00	0.000000e+00	0.000000e+00	
160	1.000018e-03	0.000000e+00	0.000000e+00	0.000000e+00	
161	1.000018e-03	0.000000e+00	0.000000e+00	0.000000e+00	
162	1.000018e-03	0.000000e+00	0.000000e+00	0.000000e+00	
163	1.000018e-03	0.000000e+00	0.000000e+00	0.000000e+00	
164	1.000018e-03	0.000000e+00	0.000000e+00	0.000000e+00	
165	1.000018e-03	0.000000e+00	0.000000e+00	0.000000e+00	
166	1.000018e-03	0.000000e+00	0.000000e+00	0.000000e+00	
167	1.000018e-03	0.000000e+00	0.000000e+00	0.000000e+00	
168	1.000018e-03	0.000000e+00	0.000000e+00	0.000000e+00	
169	1.000018e-03	0.000000e+00	0.000000e+00	0.000000e+00	
170	1.000019e-03	0.000000e+00	0.000000e+00	0.000000e+00	

Index   time            a33#branch_1_0  v1#branch       v2#branch       
--------------------------------------------------------------------------------
171	1.000019e-03	0.000000e+00	0.000000e+00	0.000000e+00	
172	1.000020e-03	0.000000e+00	0.000000e+00	0.000000e+00	
173	1.000020e-03	0.000000e+00	0.000000e+00	0.000000e+00	
174	1.000020e-03	0.000000e+00	0.000000e+00	0.000000e+00	
175	1.000021e-03	0.000000e+00	0.000000e+00	0.000000e+00	
176	1.000022e-03	0.000000e+00	0.000000e+00	0.000000e+00	
177	1.000022e-03	0.000000e+00	0.000000e+00	0.000000e+00	
178	1.000022e-03	0.000000e+00	0.000000e+00	0.000000e+00	
179	1.000022e-03	0.000000e+00	0.000000e+00	0.000000e+00	
180	1.000023e-03	0.000000e+00	0.000000e+00	0.000000e+00	
181	1.000023e-03	0.000000e+00	0.000000e+00	0.000000e+00	
182	1.000023e-03	0.000000e+00	0.000000e+00	0.000000e+00	
183	1.000023e-03	0.000000e+00	0.000000e+00	0.000000e+00	
184	1.000023e-03	0.000000e+00	0.000000e+00	0.000000e+00	
185	1.000023e-03	0.000000e+00	0.000000e+00	0.000000e+00	
186	1.000023e-03	0.000000e+00	0.000000e+00	0.000000e+00	
187	1.000023e-03	0.000000e+00	0.000000e+00	0.000000e+00	
188	1.000023e-03	0.000000e+00	0.000000e+00	0.000000e+00	
189	1.000023e-03	0.000000e+00	0.000000e+00	0.000000e+00	
190	1.000023e-03	0.000000e+00	0.000000e+00	0.000000e+00	
191	1.000023e-03	0.000000e+00	0.000000e+00	0.000000e+00	
192	1.000023e-03	0.000000e+00	0.000000e+00	0.000000e+00	
193	1.000023e-03	0.000000e+00	0.000000e+00	0.000000e+00	
194	1.000023e-03	0.000000e+00	0.000000e+00	0.000000e+00	
195	1.000023e-03	0.000000e+00	0.000000e+00	0.000000e+00	
196	1.000023e-03	0.000000e+00	0.000000e+00	0.000000e+00	
197	1.000023e-03	0.000000e+00	0.000000e+00	0.000000e+00	
198	1.000023e-03	0.000000e+00	0.000000e+00	0.000000e+00	
199	1.000023e-03	0.000000e+00	0.000000e+00	0.000000e+00	
200	1.000023e-03	0.000000e+00	0.000000e+00	0.000000e+00	
201	1.000023e-03	0.000000e+00	0.000000e+00	0.000000e+00	
202	1.000023e-03	0.000000e+00	0.000000e+00	0.000000e+00	
203	1.000023e-03	0.000000e+00	0.000000e+00	0.000000e+00	
204	1.000024e-03	0.000000e+00	0.000000e+00	0.000000e+00	
205	1.000024e-03	0.000000e+00	0.000000e+00	0.000000e+00	
206	1.000025e-03	0.000000e+00	0.000000e+00	0.000000e+00	
207	1.000026e-03	0.000000e+00	0.000000e+00	0.000000e+00	
208	1.000030e-03	0.000000e+00	0.000000e+00	0.000000e+00	
209	1.000036e-03	0.000000e+00	0.000000e+00	0.000000e+00	
210	1.000049e-03	0.000000e+00	0.000000e+00	0.000000e+00	
211	1.000076e-03	0.000000e+00	0.000000e+00	0.000000e+00	
212	1.000128e-03	0.000000e+00	0.000000e+00	0.000000e+00	
213	1.000233e-03	0.000000e+00	0.000000e+00	0.000000e+00	
214	1.000443e-03	0.000000e+00	0.000000e+00	0.000000e+00	
215	1.000862e-03	0.000000e+00	0.000000e+00	0.000000e+00	
216	1.001701e-03	0.000000e+00	0.000000e+00	0.000000e+00	
217	1.003379e-03	0.000000e+00	0.000000e+00	0.000000e+00	
218	1.006734e-03	0.000000e+00	0.000000e+00	0.000000e+00	
219	1.013445e-03	0.000000e+00	0.000000e+00	0.000000e+00	
220	1.023445e-03	0.000000e+00	0.000000e+00	0.000000e+00	
221	1.033445e-03	0.000000e+00	0.000000e+00	0.000000e+00	
222	1.043445e-03	0.000000e+00	0.000000e+00	0.000000e+00	
223	1.053445e-03	0.000000e+00	0.000000e+00	0.000000e+00	
224	1.063445e-03	0.000000e+00	0.000000e+00	0.000000e+00	
225	1.073445e-03	0.000000e+00	0.000000e+00	0.000000e+00	
226	1.083445e-03	0.000000e+00	0.000000e+00	0.000000e+00	
227	1.093445e-03	0.000000e+00	0.000000e+00	0.000000e+00	
228	1.103445e-03	0.000000e+00	0.000000e+00	0.000000e+00	

Index   time            a33#branch_1_0  v1#branch       v2#branch       
--------------------------------------------------------------------------------
229	1.113445e-03	0.000000e+00	0.000000e+00	0.000000e+00	
230	1.123445e-03	0.000000e+00	0.000000e+00	0.000000e+00	
231	1.133445e-03	0.000000e+00	0.000000e+00	0.000000e+00	
232	1.143445e-03	0.000000e+00	0.000000e+00	0.000000e+00	
233	1.153445e-03	0.000000e+00	0.000000e+00	0.000000e+00	
234	1.163445e-03	0.000000e+00	0.000000e+00	0.000000e+00	
235	1.173445e-03	0.000000e+00	0.000000e+00	0.000000e+00	
236	1.183445e-03	0.000000e+00	0.000000e+00	0.000000e+00	
237	1.193445e-03	0.000000e+00	0.000000e+00	0.000000e+00	
238	1.203445e-03	0.000000e+00	0.000000e+00	0.000000e+00	
239	1.213445e-03	0.000000e+00	0.000000e+00	0.000000e+00	
240	1.223445e-03	0.000000e+00	0.000000e+00	0.000000e+00	
241	1.233445e-03	0.000000e+00	0.000000e+00	0.000000e+00	
242	1.243445e-03	0.000000e+00	0.000000e+00	0.000000e+00	
243	1.253445e-03	0.000000e+00	0.000000e+00	0.000000e+00	
244	1.263445e-03	0.000000e+00	0.000000e+00	0.000000e+00	
245	1.273445e-03	0.000000e+00	0.000000e+00	0.000000e+00	
246	1.283445e-03	0.000000e+00	0.000000e+00	0.000000e+00	
247	1.293445e-03	0.000000e+00	0.000000e+00	0.000000e+00	
248	1.303445e-03	0.000000e+00	0.000000e+00	0.000000e+00	
249	1.313445e-03	0.000000e+00	0.000000e+00	0.000000e+00	
250	1.323445e-03	0.000000e+00	0.000000e+00	0.000000e+00	
251	1.333445e-03	0.000000e+00	0.000000e+00	0.000000e+00	
252	1.343445e-03	0.000000e+00	0.000000e+00	0.000000e+00	
253	1.353445e-03	0.000000e+00	0.000000e+00	0.000000e+00	
254	1.363445e-03	0.000000e+00	0.000000e+00	0.000000e+00	
255	1.373445e-03	0.000000e+00	0.000000e+00	0.000000e+00	
256	1.383445e-03	0.000000e+00	0.000000e+00	0.000000e+00	
257	1.393445e-03	0.000000e+00	0.000000e+00	0.000000e+00	
258	1.403445e-03	0.000000e+00	0.000000e+00	0.000000e+00	
259	1.413445e-03	0.000000e+00	0.000000e+00	0.000000e+00	
260	1.423445e-03	0.000000e+00	0.000000e+00	0.000000e+00	
261	1.433445e-03	0.000000e+00	0.000000e+00	0.000000e+00	
262	1.443445e-03	0.000000e+00	0.000000e+00	0.000000e+00	
263	1.453445e-03	0.000000e+00	0.000000e+00	0.000000e+00	
264	1.463445e-03	0.000000e+00	0.000000e+00	0.000000e+00	
265	1.473445e-03	0.000000e+00	0.000000e+00	0.000000e+00	
266	1.483445e-03	0.000000e+00	0.000000e+00	0.000000e+00	
267	1.493445e-03	0.000000e+00	0.000000e+00	0.000000e+00	
268	1.503445e-03	0.000000e+00	0.000000e+00	0.000000e+00	
269	1.513445e-03	0.000000e+00	0.000000e+00	0.000000e+00	
270	1.523445e-03	0.000000e+00	0.000000e+00	0.000000e+00	
271	1.533445e-03	0.000000e+00	0.000000e+00	0.000000e+00	
272	1.543445e-03	0.000000e+00	0.000000e+00	0.000000e+00	
273	1.553445e-03	0.000000e+00	0.000000e+00	0.000000e+00	
274	1.563445e-03	0.000000e+00	0.000000e+00	0.000000e+00	
275	1.573445e-03	0.000000e+00	0.000000e+00	0.000000e+00	
276	1.583445e-03	0.000000e+00	0.000000e+00	0.000000e+00	
277	1.593445e-03	0.000000e+00	0.000000e+00	0.000000e+00	
278	1.603445e-03	0.000000e+00	0.000000e+00	0.000000e+00	
279	1.613445e-03	0.000000e+00	0.000000e+00	0.000000e+00	
280	1.623445e-03	0.000000e+00	0.000000e+00	0.000000e+00	
281	1.633445e-03	0.000000e+00	0.000000e+00	0.000000e+00	
282	1.643445e-03	0.000000e+00	0.000000e+00	0.000000e+00	
283	1.653445e-03	0.000000e+00	0.000000e+00	0.000000e+00	
284	1.663445e-03	0.000000e+00	0.000000e+00	0.000000e+00	
285	1.673445e-03	0.000000e+00	0.000000e+00	0.000000e+00	
286	1.683445e-03	0.000000e+00	0.000000e+00	0.000000e+00	

Index   time            a33#branch_1_0  v1#branch       v2#branch       
--------------------------------------------------------------------------------
287	1.693445e-03	0.000000e+00	0.000000e+00	0.000000e+00	
288	1.703445e-03	0.000000e+00	0.000000e+00	0.000000e+00	
289	1.713445e-03	0.000000e+00	0.000000e+00	0.000000e+00	
290	1.723445e-03	0.000000e+00	0.000000e+00	0.000000e+00	
291	1.733445e-03	0.000000e+00	0.000000e+00	0.000000e+00	
292	1.743445e-03	0.000000e+00	0.000000e+00	0.000000e+00	
293	1.753445e-03	0.000000e+00	0.000000e+00	0.000000e+00	
294	1.763445e-03	0.000000e+00	0.000000e+00	0.000000e+00	
295	1.773445e-03	0.000000e+00	0.000000e+00	0.000000e+00	
296	1.783445e-03	0.000000e+00	0.000000e+00	0.000000e+00	
297	1.793445e-03	0.000000e+00	0.000000e+00	0.000000e+00	
298	1.803445e-03	0.000000e+00	0.000000e+00	0.000000e+00	
299	1.813445e-03	0.000000e+00	0.000000e+00	0.000000e+00	
300	1.823445e-03	0.000000e+00	0.000000e+00	0.000000e+00	
301	1.833445e-03	0.000000e+00	0.000000e+00	0.000000e+00	
302	1.843445e-03	0.000000e+00	0.000000e+00	0.000000e+00	
303	1.853445e-03	0.000000e+00	0.000000e+00	0.000000e+00	
304	1.863445e-03	0.000000e+00	0.000000e+00	0.000000e+00	
305	1.873445e-03	0.000000e+00	0.000000e+00	0.000000e+00	
306	1.883445e-03	0.000000e+00	0.000000e+00	0.000000e+00	
307	1.893445e-03	0.000000e+00	0.000000e+00	0.000000e+00	
308	1.903445e-03	0.000000e+00	0.000000e+00	0.000000e+00	
309	1.913445e-03	0.000000e+00	0.000000e+00	0.000000e+00	
310	1.923445e-03	0.000000e+00	0.000000e+00	0.000000e+00	
311	1.933445e-03	0.000000e+00	0.000000e+00	0.000000e+00	
312	1.943445e-03	0.000000e+00	0.000000e+00	0.000000e+00	
313	1.953445e-03	0.000000e+00	0.000000e+00	0.000000e+00	
314	1.963445e-03	0.000000e+00	0.000000e+00	0.000000e+00	
315	1.973445e-03	0.000000e+00	0.000000e+00	0.000000e+00	
316	1.983445e-03	0.000000e+00	0.000000e+00	0.000000e+00	
317	1.993445e-03	0.000000e+00	0.000000e+00	0.000000e+00	
318	2.000000e-03	0.000000e+00	0.000000e+00	0.000000e+00	
319	2.000001e-03	0.000000e+00	0.000000e+00	0.000000e+00	
320	2.000003e-03	0.000000e+00	0.000000e+00	0.000000e+00	
321	2.000007e-03	0.000000e+00	0.000000e+00	0.000000e+00	
322	2.000008e-03	0.000000e+00	0.000000e+00	0.000000e+00	
323	2.000008e-03	0.000000e+00	0.000000e+00	0.000000e+00	
324	2.000008e-03	0.000000e+00	0.000000e+00	0.000000e+00	
325	2.000008e-03	0.000000e+00	0.000000e+00	0.000000e+00	
326	2.000008e-03	0.000000e+00	0.000000e+00	0.000000e+00	
327	2.000008e-03	0.000000e+00	0.000000e+00	0.000000e+00	
328	2.000008e-03	0.000000e+00	0.000000e+00	0.000000e+00	
329	2.000008e-03	0.000000e+00	0.000000e+00	0.000000e+00	
330	2.000008e-03	0.000000e+00	0.000000e+00	0.000000e+00	
331	2.000008e-03	0.000000e+00	0.000000e+00	0.000000e+00	
332	2.000009e-03	0.000000e+00	0.000000e+00	0.000000e+00	
333	2.000009e-03	0.000000e+00	0.000000e+00	0.000000e+00	
334	2.000010e-03	0.000000e+00	0.000000e+00	0.000000e+00	
335	2.000010e-03	0.000000e+00	0.000000e+00	0.000000e+00	
336	2.000010e-03	0.000000e+00	0.000000e+00	0.000000e+00	
337	2.000011e-03	0.000000e+00	0.000000e+00	0.000000e+00	
338	2.000012e-03	0.000000e+00	0.000000e+00	0.000000e+00	
339	2.000012e-03	0.000000e+00	0.000000e+00	0.000000e+00	
340	2.000012e-03	0.000000e+00	0.000000e+00	0.000000e+00	
341	2.000012e-03	0.000000e+00	0.000000e+00	0.000000e+00	
342	2.000013e-03	0.000000e+00	0.000000e+00	0.000000e+00	
343	2.000013e-03	0.000000e+00	0.000000e+00	0.000000e+00	
344	2.000013e-03	0.000000e+00	0.000000e+00	0.000000e+00	

Index   time            a33#branch_1_0  v1#branch       v2#branch       
--------------------------------------------------------------------------------
345	2.000013e-03	0.000000e+00	0.000000e+00	0.000000e+00	
346	2.000013e-03	0.000000e+00	0.000000e+00	0.000000e+00	
347	2.000013e-03	0.000000e+00	0.000000e+00	0.000000e+00	
348	2.000013e-03	0.000000e+00	0.000000e+00	0.000000e+00	
349	2.000013e-03	0.000000e+00	0.000000e+00	0.000000e+00	
350	2.000013e-03	0.000000e+00	0.000000e+00	0.000000e+00	
351	2.000013e-03	0.000000e+00	0.000000e+00	0.000000e+00	
352	2.000013e-03	0.000000e+00	0.000000e+00	0.000000e+00	
353	2.000013e-03	0.000000e+00	0.000000e+00	0.000000e+00	
354	2.000013e-03	0.000000e+00	0.000000e+00	0.000000e+00	
355	2.000013e-03	0.000000e+00	0.000000e+00	0.000000e+00	
356	2.000013e-03	0.000000e+00	0.000000e+00	0.000000e+00	
357	2.000013e-03	0.000000e+00	0.000000e+00	0.000000e+00	
358	2.000013e-03	0.000000e+00	0.000000e+00	0.000000e+00	
359	2.000013e-03	0.000000e+00	0.000000e+00	0.000000e+00	
360	2.000013e-03	0.000000e+00	0.000000e+00	0.000000e+00	
361	2.000013e-03	0.000000e+00	0.000000e+00	0.000000e+00	
362	2.000013e-03	0.000000e+00	0.000000e+00	0.000000e+00	
363	2.000013e-03	0.000000e+00	0.000000e+00	0.000000e+00	
364	2.000013e-03	0.000000e+00	0.000000e+00	0.000000e+00	
365	2.000013e-03	0.000000e+00	0.000000e+00	0.000000e+00	
366	2.000013e-03	0.000000e+00	0.000000e+00	0.000000e+00	
367	2.000013e-03	0.000000e+00	0.000000e+00	0.000000e+00	
368	2.000013e-03	0.000000e+00	0.000000e+00	0.000000e+00	
369	2.000013e-03	0.000000e+00	0.000000e+00	0.000000e+00	
370	2.000014e-03	0.000000e+00	0.000000e+00	0.000000e+00	
371	2.000014e-03	0.000000e+00	0.000000e+00	0.000000e+00	
372	2.000015e-03	0.000000e+00	0.000000e+00	0.000000e+00	
373	2.000016e-03	0.000000e+00	0.000000e+00	0.000000e+00	
374	2.000017e-03	0.000000e+00	0.000000e+00	0.000000e+00	
375	2.000017e-03	0.000000e+00	0.000000e+00	0.000000e+00	
376	2.000017e-03	0.000000e+00	0.000000e+00	0.000000e+00	
377	2.000017e-03	0.000000e+00	0.000000e+00	0.000000e+00	
378	2.000017e-03	0.000000e+00	0.000000e+00	0.000000e+00	
379	2.000017e-03	0.000000e+00	0.000000e+00	0.000000e+00	
380	2.000017e-03	0.000000e+00	0.000000e+00	0.000000e+00	
381	2.000017e-03	0.000000e+00	0.000000e+00	0.000000e+00	
382	2.000017e-03	0.000000e+00	0.000000e+00	0.000000e+00	
383	2.000017e-03	0.000000e+00	0.000000e+00	0.000000e+00	
384	2.000018e-03	0.000000e+00	0.000000e+00	0.000000e+00	
385	2.000018e-03	0.000000e+00	0.000000e+00	0.000000e+00	
386	2.000019e-03	0.000000e+00	0.000000e+00	0.000000e+00	
387	2.000020e-03	0.000000e+00	0.000000e+00	0.000000e+00	
388	2.000020e-03	0.000000e+00	0.000000e+00	0.000000e+00	
389	2.000020e-03	0.000000e+00	0.000000e+00	0.000000e+00	
390	2.000020e-03	0.000000e+00	0.000000e+00	0.000000e+00	
391	2.000020e-03	0.000000e+00	0.000000e+00	0.000000e+00	
392	2.000020e-03	0.000000e+00	0.000000e+00	0.000000e+00	
393	2.000020e-03	0.000000e+00	0.000000e+00	0.000000e+00	
394	2.000020e-03	0.000000e+00	0.000000e+00	0.000000e+00	
395	2.000020e-03	0.000000e+00	0.000000e+00	0.000000e+00	
396	2.000021e-03	0.000000e+00	0.000000e+00	0.000000e+00	
397	2.000021e-03	0.000000e+00	0.000000e+00	0.000000e+00	
398	2.000021e-03	0.000000e+00	0.000000e+00	0.000000e+00	
399	2.000021e-03	0.000000e+00	0.000000e+00	0.000000e+00	
400	2.000021e-03	0.000000e+00	0.000000e+00	0.000000e+00	
401	2.000021e-03	0.000000e+00	0.000000e+00	0.000000e+00	
402	2.000021e-03	0.000000e+00	0.000000e+00	0.000000e+00	

Index   time            a33#branch_1_0  v1#branch       v2#branch       
--------------------------------------------------------------------------------
403	2.000021e-03	0.000000e+00	0.000000e+00	0.000000e+00	
404	2.000021e-03	0.000000e+00	0.000000e+00	0.000000e+00	
405	2.000021e-03	0.000000e+00	0.000000e+00	0.000000e+00	
406	2.000021e-03	0.000000e+00	0.000000e+00	0.000000e+00	
407	2.000021e-03	0.000000e+00	0.000000e+00	0.000000e+00	
408	2.000021e-03	0.000000e+00	0.000000e+00	0.000000e+00	
409	2.000021e-03	0.000000e+00	0.000000e+00	0.000000e+00	
410	2.000022e-03	0.000000e+00	0.000000e+00	0.000000e+00	
411	2.000023e-03	0.000000e+00	0.000000e+00	0.000000e+00	
412	2.000024e-03	0.000000e+00	0.000000e+00	0.000000e+00	
413	2.000028e-03	0.000000e+00	0.000000e+00	0.000000e+00	
414	2.000035e-03	0.000000e+00	0.000000e+00	0.000000e+00	
415	2.000049e-03	0.000000e+00	0.000000e+00	0.000000e+00	
416	2.000078e-03	0.000000e+00	0.000000e+00	0.000000e+00	
417	2.000134e-03	0.000000e+00	0.000000e+00	0.000000e+00	
418	2.000248e-03	0.000000e+00	0.000000e+00	0.000000e+00	
419	2.000475e-03	0.000000e+00	0.000000e+00	0.000000e+00	
420	2.000929e-03	0.000000e+00	0.000000e+00	0.000000e+00	
421	2.001837e-03	0.000000e+00	0.000000e+00	0.000000e+00	
422	2.003653e-03	0.000000e+00	0.000000e+00	0.000000e+00	
423	2.007285e-03	0.000000e+00	0.000000e+00	0.000000e+00	
424	2.014548e-03	0.000000e+00	0.000000e+00	0.000000e+00	
425	2.024548e-03	0.000000e+00	0.000000e+00	0.000000e+00	
426	2.034548e-03	0.000000e+00	0.000000e+00	0.000000e+00	
427	2.044548e-03	0.000000e+00	0.000000e+00	0.000000e+00	
428	2.054548e-03	0.000000e+00	0.000000e+00	0.000000e+00	
429	2.064548e-03	0.000000e+00	0.000000e+00	0.000000e+00	
430	2.074548e-03	0.000000e+00	0.000000e+00	0.000000e+00	
431	2.084548e-03	0.000000e+00	0.000000e+00	0.000000e+00	
432	2.094548e-03	0.000000e+00	0.000000e+00	0.000000e+00	
433	2.104548e-03	0.000000e+00	0.000000e+00	0.000000e+00	
434	2.114548e-03	0.000000e+00	0.000000e+00	0.000000e+00	
435	2.124548e-03	0.000000e+00	0.000000e+00	0.000000e+00	
436	2.134548e-03	0.000000e+00	0.000000e+00	0.000000e+00	
437	2.144548e-03	0.000000e+00	0.000000e+00	0.000000e+00	
438	2.154548e-03	0.000000e+00	0.000000e+00	0.000000e+00	
439	2.164548e-03	0.000000e+00	0.000000e+00	0.000000e+00	
440	2.174548e-03	0.000000e+00	0.000000e+00	0.000000e+00	
441	2.184548e-03	0.000000e+00	0.000000e+00	0.000000e+00	
442	2.194548e-03	0.000000e+00	0.000000e+00	0.000000e+00	
443	2.204548e-03	0.000000e+00	0.000000e+00	0.000000e+00	
444	2.214548e-03	0.000000e+00	0.000000e+00	0.000000e+00	
445	2.224548e-03	0.000000e+00	0.000000e+00	0.000000e+00	
446	2.234548e-03	0.000000e+00	0.000000e+00	0.000000e+00	
447	2.244548e-03	0.000000e+00	0.000000e+00	0.000000e+00	
448	2.254548e-03	0.000000e+00	0.000000e+00	0.000000e+00	
449	2.264548e-03	0.000000e+00	0.000000e+00	0.000000e+00	
450	2.274548e-03	0.000000e+00	0.000000e+00	0.000000e+00	
451	2.284548e-03	0.000000e+00	0.000000e+00	0.000000e+00	
452	2.294548e-03	0.000000e+00	0.000000e+00	0.000000e+00	
453	2.304548e-03	0.000000e+00	0.000000e+00	0.000000e+00	
454	2.314548e-03	0.000000e+00	0.000000e+00	0.000000e+00	
455	2.324548e-03	0.000000e+00	0.000000e+00	0.000000e+00	
456	2.334548e-03	0.000000e+00	0.000000e+00	0.000000e+00	
457	2.344548e-03	0.000000e+00	0.000000e+00	0.000000e+00	
458	2.354548e-03	0.000000e+00	0.000000e+00	0.000000e+00	
459	2.364548e-03	0.000000e+00	0.000000e+00	0.000000e+00	
460	2.374548e-03	0.000000e+00	0.000000e+00	0.000000e+00	

Index   time            a33#branch_1_0  v1#branch       v2#branch       
--------------------------------------------------------------------------------
461	2.384548e-03	0.000000e+00	0.000000e+00	0.000000e+00	
462	2.394548e-03	0.000000e+00	0.000000e+00	0.000000e+00	
463	2.404548e-03	0.000000e+00	0.000000e+00	0.000000e+00	
464	2.414548e-03	0.000000e+00	0.000000e+00	0.000000e+00	
465	2.424548e-03	0.000000e+00	0.000000e+00	0.000000e+00	
466	2.434548e-03	0.000000e+00	0.000000e+00	0.000000e+00	
467	2.444548e-03	0.000000e+00	0.000000e+00	0.000000e+00	
468	2.454548e-03	0.000000e+00	0.000000e+00	0.000000e+00	
469	2.464548e-03	0.000000e+00	0.000000e+00	0.000000e+00	
470	2.474548e-03	0.000000e+00	0.000000e+00	0.000000e+00	
471	2.484548e-03	0.000000e+00	0.000000e+00	0.000000e+00	
472	2.494548e-03	0.000000e+00	0.000000e+00	0.000000e+00	
473	2.504548e-03	0.000000e+00	0.000000e+00	0.000000e+00	
474	2.514548e-03	0.000000e+00	0.000000e+00	0.000000e+00	
475	2.524548e-03	0.000000e+00	0.000000e+00	0.000000e+00	
476	2.534548e-03	0.000000e+00	0.000000e+00	0.000000e+00	
477	2.544548e-03	0.000000e+00	0.000000e+00	0.000000e+00	
478	2.554548e-03	0.000000e+00	0.000000e+00	0.000000e+00	
479	2.564548e-03	0.000000e+00	0.000000e+00	0.000000e+00	
480	2.574548e-03	0.000000e+00	0.000000e+00	0.000000e+00	
481	2.584548e-03	0.000000e+00	0.000000e+00	0.000000e+00	
482	2.594548e-03	0.000000e+00	0.000000e+00	0.000000e+00	
483	2.604548e-03	0.000000e+00	0.000000e+00	0.000000e+00	
484	2.614548e-03	0.000000e+00	0.000000e+00	0.000000e+00	
485	2.624548e-03	0.000000e+00	0.000000e+00	0.000000e+00	
486	2.634548e-03	0.000000e+00	0.000000e+00	0.000000e+00	
487	2.644548e-03	0.000000e+00	0.000000e+00	0.000000e+00	
488	2.654548e-03	0.000000e+00	0.000000e+00	0.000000e+00	
489	2.664548e-03	0.000000e+00	0.000000e+00	0.000000e+00	
490	2.674548e-03	0.000000e+00	0.000000e+00	0.000000e+00	
491	2.684548e-03	0.000000e+00	0.000000e+00	0.000000e+00	
492	2.694548e-03	0.000000e+00	0.000000e+00	0.000000e+00	
493	2.704548e-03	0.000000e+00	0.000000e+00	0.000000e+00	
494	2.714548e-03	0.000000e+00	0.000000e+00	0.000000e+00	
495	2.724548e-03	0.000000e+00	0.000000e+00	0.000000e+00	
496	2.734548e-03	0.000000e+00	0.000000e+00	0.000000e+00	
497	2.744548e-03	0.000000e+00	0.000000e+00	0.000000e+00	
498	2.754548e-03	0.000000e+00	0.000000e+00	0.000000e+00	
499	2.764548e-03	0.000000e+00	0.000000e+00	0.000000e+00	
500	2.774548e-03	0.000000e+00	0.000000e+00	0.000000e+00	
501	2.784548e-03	0.000000e+00	0.000000e+00	0.000000e+00	
502	2.794548e-03	0.000000e+00	0.000000e+00	0.000000e+00	
503	2.804548e-03	0.000000e+00	0.000000e+00	0.000000e+00	
504	2.814548e-03	0.000000e+00	0.000000e+00	0.000000e+00	
505	2.824548e-03	0.000000e+00	0.000000e+00	0.000000e+00	
506	2.834548e-03	0.000000e+00	0.000000e+00	0.000000e+00	
507	2.844548e-03	0.000000e+00	0.000000e+00	0.000000e+00	
508	2.854548e-03	0.000000e+00	0.000000e+00	0.000000e+00	
509	2.864548e-03	0.000000e+00	0.000000e+00	0.000000e+00	
510	2.874548e-03	0.000000e+00	0.000000e+00	0.000000e+00	
511	2.884548e-03	0.000000e+00	0.000000e+00	0.000000e+00	
512	2.894548e-03	0.000000e+00	0.000000e+00	0.000000e+00	
513	2.904548e-03	0.000000e+00	0.000000e+00	0.000000e+00	
514	2.914548e-03	0.000000e+00	0.000000e+00	0.000000e+00	
515	2.924548e-03	0.000000e+00	0.000000e+00	0.000000e+00	
516	2.934548e-03	0.000000e+00	0.000000e+00	0.000000e+00	
517	2.944548e-03	0.000000e+00	0.000000e+00	0.000000e+00	
518	2.954548e-03	0.000000e+00	0.000000e+00	0.000000e+00	

Index   time            a33#branch_1_0  v1#branch       v2#branch       
--------------------------------------------------------------------------------
519	2.964548e-03	0.000000e+00	0.000000e+00	0.000000e+00	
520	2.974548e-03	0.000000e+00	0.000000e+00	0.000000e+00	
521	2.984548e-03	0.000000e+00	0.000000e+00	0.000000e+00	
522	2.994548e-03	0.000000e+00	0.000000e+00	0.000000e+00	
523	3.000010e-03	0.000000e+00	0.000000e+00	0.000000e+00	
524	3.000011e-03	0.000000e+00	0.000000e+00	0.000000e+00	
525	3.000013e-03	0.000000e+00	0.000000e+00	0.000000e+00	
526	3.000017e-03	0.000000e+00	0.000000e+00	0.000000e+00	
527	3.000018e-03	0.000000e+00	0.000000e+00	0.000000e+00	
528	3.000018e-03	0.000000e+00	0.000000e+00	0.000000e+00	
529	3.000018e-03	0.000000e+00	0.000000e+00	0.000000e+00	
530	3.000018e-03	0.000000e+00	0.000000e+00	0.000000e+00	
531	3.000018e-03	0.000000e+00	0.000000e+00	0.000000e+00	
532	3.000018e-03	0.000000e+00	0.000000e+00	0.000000e+00	
533	3.000018e-03	0.000000e+00	0.000000e+00	0.000000e+00	
534	3.000018e-03	0.000000e+00	0.000000e+00	0.000000e+00	
535	3.000018e-03	0.000000e+00	0.000000e+00	0.000000e+00	
536	3.000018e-03	0.000000e+00	0.000000e+00	0.000000e+00	
537	3.000019e-03	0.000000e+00	0.000000e+00	0.000000e+00	
538	3.000019e-03	0.000000e+00	0.000000e+00	0.000000e+00	
539	3.000020e-03	0.000000e+00	0.000000e+00	0.000000e+00	
540	3.000020e-03	0.000000e+00	0.000000e+00	0.000000e+00	
541	3.000020e-03	0.000000e+00	0.000000e+00	0.000000e+00	
542	3.000021e-03	0.000000e+00	0.000000e+00	0.000000e+00	
543	3.000022e-03	0.000000e+00	0.000000e+00	0.000000e+00	
544	3.000022e-03	0.000000e+00	0.000000e+00	0.000000e+00	
545	3.000022e-03	0.000000e+00	0.000000e+00	0.000000e+00	
546	3.000022e-03	0.000000e+00	0.000000e+00	0.000000e+00	
547	3.000023e-03	0.000000e+00	0.000000e+00	0.000000e+00	
548	3.000023e-03	0.000000e+00	0.000000e+00	0.000000e+00	
549	3.000023e-03	0.000000e+00	0.000000e+00	0.000000e+00	
550	3.000023e-03	0.000000e+00	0.000000e+00	0.000000e+00	
551	3.000023e-03	0.000000e+00	0.000000e+00	0.000000e+00	
552	3.000023e-03	0.000000e+00	0.000000e+00	0.000000e+00	
553	3.000023e-03	0.000000e+00	0.000000e+00	0.000000e+00	
554	3.000023e-03	0.000000e+00	0.000000e+00	0.000000e+00	
555	3.000023e-03	0.000000e+00	0.000000e+00	0.000000e+00	
556	3.000023e-03	0.000000e+00	0.000000e+00	0.000000e+00	
557	3.000023e-03	0.000000e+00	0.000000e+00	0.000000e+00	
558	3.000023e-03	0.000000e+00	0.000000e+00	0.000000e+00	
559	3.000023e-03	0.000000e+00	0.000000e+00	0.000000e+00	
560	3.000023e-03	0.000000e+00	0.000000e+00	0.000000e+00	
561	3.000023e-03	0.000000e+00	0.000000e+00	0.000000e+00	
562	3.000023e-03	0.000000e+00	0.000000e+00	0.000000e+00	
563	3.000023e-03	0.000000e+00	0.000000e+00	0.000000e+00	
564	3.000023e-03	0.000000e+00	0.000000e+00	0.000000e+00	
565	3.000023e-03	0.000000e+00	0.000000e+00	0.000000e+00	
566	3.000023e-03	0.000000e+00	0.000000e+00	0.000000e+00	
567	3.000023e-03	0.000000e+00	0.000000e+00	0.000000e+00	
568	3.000023e-03	0.000000e+00	0.000000e+00	0.000000e+00	
569	3.000023e-03	0.000000e+00	0.000000e+00	0.000000e+00	
570	3.000023e-03	0.000000e+00	0.000000e+00	0.000000e+00	
571	3.000024e-03	0.000000e+00	0.000000e+00	0.000000e+00	
572	3.000024e-03	0.000000e+00	0.000000e+00	0.000000e+00	
573	3.000025e-03	0.000000e+00	0.000000e+00	0.000000e+00	
574	3.000026e-03	0.000000e+00	0.000000e+00	0.000000e+00	
575	3.000030e-03	0.000000e+00	0.000000e+00	0.000000e+00	
576	3.000036e-03	0.000000e+00	0.000000e+00	0.000000e+00	

Index   time            a33#branch_1_0  v1#branch       v2#branch       
--------------------------------------------------------------------------------
577	3.000049e-03	0.000000e+00	0.000000e+00	0.000000e+00	
578	3.000076e-03	0.000000e+00	0.000000e+00	0.000000e+00	
579	3.000128e-03	0.000000e+00	0.000000e+00	0.000000e+00	
580	3.000233e-03	0.000000e+00	0.000000e+00	0.000000e+00	
581	3.000443e-03	0.000000e+00	0.000000e+00	0.000000e+00	
582	3.000862e-03	0.000000e+00	0.000000e+00	0.000000e+00	
583	3.001701e-03	0.000000e+00	0.000000e+00	0.000000e+00	
584	3.003379e-03	0.000000e+00	0.000000e+00	0.000000e+00	
585	3.006734e-03	0.000000e+00	0.000000e+00	0.000000e+00	
586	3.013445e-03	0.000000e+00	0.000000e+00	0.000000e+00	
587	3.023445e-03	0.000000e+00	0.000000e+00	0.000000e+00	
588	3.033445e-03	0.000000e+00	0.000000e+00	0.000000e+00	
589	3.043445e-03	0.000000e+00	0.000000e+00	0.000000e+00	
590	3.053445e-03	0.000000e+00	0.000000e+00	0.000000e+00	
591	3.063445e-03	0.000000e+00	0.000000e+00	0.000000e+00	
592	3.073445e-03	0.000000e+00	0.000000e+00	0.000000e+00	
593	3.083445e-03	0.000000e+00	0.000000e+00	0.000000e+00	
594	3.093445e-03	0.000000e+00	0.000000e+00	0.000000e+00	
595	3.103445e-03	0.000000e+00	0.000000e+00	0.000000e+00	
596	3.113445e-03	0.000000e+00	0.000000e+00	0.000000e+00	
597	3.123445e-03	0.000000e+00	0.000000e+00	0.000000e+00	
598	3.133445e-03	0.000000e+00	0.000000e+00	0.000000e+00	
599	3.143445e-03	0.000000e+00	0.000000e+00	0.000000e+00	
600	3.153445e-03	0.000000e+00	0.000000e+00	0.000000e+00	
601	3.163445e-03	0.000000e+00	0.000000e+00	0.000000e+00	
602	3.173445e-03	0.000000e+00	0.000000e+00	0.000000e+00	
603	3.183445e-03	0.000000e+00	0.000000e+00	0.000000e+00	
604	3.193445e-03	0.000000e+00	0.000000e+00	0.000000e+00	
605	3.203445e-03	0.000000e+00	0.000000e+00	0.000000e+00	
606	3.213445e-03	0.000000e+00	0.000000e+00	0.000000e+00	
607	3.223445e-03	0.000000e+00	0.000000e+00	0.000000e+00	
608	3.233445e-03	0.000000e+00	0.000000e+00	0.000000e+00	
609	3.243445e-03	0.000000e+00	0.000000e+00	0.000000e+00	
610	3.253445e-03	0.000000e+00	0.000000e+00	0.000000e+00	
611	3.263445e-03	0.000000e+00	0.000000e+00	0.000000e+00	
612	3.273445e-03	0.000000e+00	0.000000e+00	0.000000e+00	
613	3.283445e-03	0.000000e+00	0.000000e+00	0.000000e+00	
614	3.293445e-03	0.000000e+00	0.000000e+00	0.000000e+00	
615	3.303445e-03	0.000000e+00	0.000000e+00	0.000000e+00	
616	3.313445e-03	0.000000e+00	0.000000e+00	0.000000e+00	
617	3.323445e-03	0.000000e+00	0.000000e+00	0.000000e+00	
618	3.333445e-03	0.000000e+00	0.000000e+00	0.000000e+00	
619	3.343445e-03	0.000000e+00	0.000000e+00	0.000000e+00	
620	3.353445e-03	0.000000e+00	0.000000e+00	0.000000e+00	
621	3.363445e-03	0.000000e+00	0.000000e+00	0.000000e+00	
622	3.373445e-03	0.000000e+00	0.000000e+00	0.000000e+00	
623	3.383445e-03	0.000000e+00	0.000000e+00	0.000000e+00	
624	3.393445e-03	0.000000e+00	0.000000e+00	0.000000e+00	
625	3.403445e-03	0.000000e+00	0.000000e+00	0.000000e+00	
626	3.413445e-03	0.000000e+00	0.000000e+00	0.000000e+00	
627	3.423445e-03	0.000000e+00	0.000000e+00	0.000000e+00	
628	3.433445e-03	0.000000e+00	0.000000e+00	0.000000e+00	
629	3.443445e-03	0.000000e+00	0.000000e+00	0.000000e+00	
630	3.453445e-03	0.000000e+00	0.000000e+00	0.000000e+00	
631	3.463445e-03	0.000000e+00	0.000000e+00	0.000000e+00	
632	3.473445e-03	0.000000e+00	0.000000e+00	0.000000e+00	
633	3.483445e-03	0.000000e+00	0.000000e+00	0.000000e+00	
634	3.493445e-03	0.000000e+00	0.000000e+00	0.000000e+00	

Index   time            a33#branch_1_0  v1#branch       v2#branch       
--------------------------------------------------------------------------------
635	3.503445e-03	0.000000e+00	0.000000e+00	0.000000e+00	
636	3.513445e-03	0.000000e+00	0.000000e+00	0.000000e+00	
637	3.523445e-03	0.000000e+00	0.000000e+00	0.000000e+00	
638	3.533445e-03	0.000000e+00	0.000000e+00	0.000000e+00	
639	3.543445e-03	0.000000e+00	0.000000e+00	0.000000e+00	
640	3.553445e-03	0.000000e+00	0.000000e+00	0.000000e+00	
641	3.563445e-03	0.000000e+00	0.000000e+00	0.000000e+00	
642	3.573445e-03	0.000000e+00	0.000000e+00	0.000000e+00	
643	3.583445e-03	0.000000e+00	0.000000e+00	0.000000e+00	
644	3.593445e-03	0.000000e+00	0.000000e+00	0.000000e+00	
645	3.603445e-03	0.000000e+00	0.000000e+00	0.000000e+00	
646	3.613445e-03	0.000000e+00	0.000000e+00	0.000000e+00	
647	3.623445e-03	0.000000e+00	0.000000e+00	0.000000e+00	
648	3.633445e-03	0.000000e+00	0.000000e+00	0.000000e+00	
649	3.643445e-03	0.000000e+00	0.000000e+00	0.000000e+00	
650	3.653445e-03	0.000000e+00	0.000000e+00	0.000000e+00	
651	3.663445e-03	0.000000e+00	0.000000e+00	0.000000e+00	
652	3.673445e-03	0.000000e+00	0.000000e+00	0.000000e+00	
653	3.683445e-03	0.000000e+00	0.000000e+00	0.000000e+00	
654	3.693445e-03	0.000000e+00	0.000000e+00	0.000000e+00	
655	3.703445e-03	0.000000e+00	0.000000e+00	0.000000e+00	
656	3.713445e-03	0.000000e+00	0.000000e+00	0.000000e+00	
657	3.723445e-03	0.000000e+00	0.000000e+00	0.000000e+00	
658	3.733445e-03	0.000000e+00	0.000000e+00	0.000000e+00	
659	3.743445e-03	0.000000e+00	0.000000e+00	0.000000e+00	
660	3.753445e-03	0.000000e+00	0.000000e+00	0.000000e+00	
661	3.763445e-03	0.000000e+00	0.000000e+00	0.000000e+00	
662	3.773445e-03	0.000000e+00	0.000000e+00	0.000000e+00	
663	3.783445e-03	0.000000e+00	0.000000e+00	0.000000e+00	
664	3.793445e-03	0.000000e+00	0.000000e+00	0.000000e+00	
665	3.803445e-03	0.000000e+00	0.000000e+00	0.000000e+00	
666	3.813445e-03	0.000000e+00	0.000000e+00	0.000000e+00	
667	3.823445e-03	0.000000e+00	0.000000e+00	0.000000e+00	
668	3.833445e-03	0.000000e+00	0.000000e+00	0.000000e+00	
669	3.843445e-03	0.000000e+00	0.000000e+00	0.000000e+00	
670	3.853445e-03	0.000000e+00	0.000000e+00	0.000000e+00	
671	3.863445e-03	0.000000e+00	0.000000e+00	0.000000e+00	
672	3.873445e-03	0.000000e+00	0.000000e+00	0.000000e+00	
673	3.883445e-03	0.000000e+00	0.000000e+00	0.000000e+00	
674	3.893445e-03	0.000000e+00	0.000000e+00	0.000000e+00	
675	3.903445e-03	0.000000e+00	0.000000e+00	0.000000e+00	
676	3.913445e-03	0.000000e+00	0.000000e+00	0.000000e+00	
677	3.923445e-03	0.000000e+00	0.000000e+00	0.000000e+00	
678	3.933445e-03	0.000000e+00	0.000000e+00	0.000000e+00	
679	3.943445e-03	0.000000e+00	0.000000e+00	0.000000e+00	
680	3.953445e-03	0.000000e+00	0.000000e+00	0.000000e+00	
681	3.963445e-03	0.000000e+00	0.000000e+00	0.000000e+00	
682	3.973445e-03	0.000000e+00	0.000000e+00	0.000000e+00	
683	3.983445e-03	0.000000e+00	0.000000e+00	0.000000e+00	
684	3.993445e-03	0.000000e+00	0.000000e+00	0.000000e+00	
685	4.000000e-03	0.000000e+00	0.000000e+00	0.000000e+00	

                                kicad schematic
                                Transient Analysis  Sat Nov 01 15:23:57  2025
--------------------------------------------------------------------------------
Index   time            v3#branch       v4#branch       v5#branch       
--------------------------------------------------------------------------------
0	0.000000e+00	0.000000e+00	0.000000e+00	0.000000e+00	
1	1.000000e-10	0.000000e+00	0.000000e+00	0.000000e+00	
2	2.000000e-10	0.000000e+00	0.000000e+00	0.000000e+00	
3	4.000000e-10	0.000000e+00	0.000000e+00	0.000000e+00	
4	8.000000e-10	0.000000e+00	0.000000e+00	0.000000e+00	
5	1.600000e-09	0.000000e+00	0.000000e+00	0.000000e+00	
6	3.200000e-09	0.000000e+00	0.000000e+00	0.000000e+00	
7	6.400000e-09	0.000000e+00	0.000000e+00	0.000000e+00	
8	8.200000e-09	0.000000e+00	0.000000e+00	0.000000e+00	
9	8.210000e-09	0.000000e+00	0.000000e+00	0.000000e+00	
10	8.230000e-09	0.000000e+00	0.000000e+00	0.000000e+00	
11	8.270000e-09	0.000000e+00	0.000000e+00	0.000000e+00	
12	8.300000e-09	0.000000e+00	0.000000e+00	0.000000e+00	
13	8.308000e-09	0.000000e+00	0.000000e+00	0.000000e+00	
14	8.324000e-09	0.000000e+00	0.000000e+00	0.000000e+00	
15	8.356000e-09	0.000000e+00	0.000000e+00	0.000000e+00	
16	8.420000e-09	0.000000e+00	0.000000e+00	0.000000e+00	
17	8.548000e-09	0.000000e+00	0.000000e+00	0.000000e+00	
18	8.804000e-09	0.000000e+00	0.000000e+00	0.000000e+00	
19	9.316000e-09	0.000000e+00	0.000000e+00	0.000000e+00	
20	1.000000e-08	0.000000e+00	0.000000e+00	0.000000e+00	
21	1.010240e-08	0.000000e+00	0.000000e+00	0.000000e+00	
22	1.030720e-08	0.000000e+00	0.000000e+00	0.000000e+00	
23	1.071680e-08	0.000000e+00	0.000000e+00	0.000000e+00	
24	1.140000e-08	0.000000e+00	0.000000e+00	0.000000e+00	
25	1.148192e-08	0.000000e+00	0.000000e+00	0.000000e+00	
26	1.164576e-08	0.000000e+00	0.000000e+00	0.000000e+00	
27	1.197344e-08	0.000000e+00	0.000000e+00	0.000000e+00	
28	1.230000e-08	0.000000e+00	0.000000e+00	0.000000e+00	
29	1.236554e-08	0.000000e+00	0.000000e+00	0.000000e+00	
30	1.249661e-08	0.000000e+00	0.000000e+00	0.000000e+00	
31	1.275875e-08	0.000000e+00	0.000000e+00	0.000000e+00	
32	1.320000e-08	0.000000e+00	0.000000e+00	0.000000e+00	
33	1.321000e-08	0.000000e+00	0.000000e+00	0.000000e+00	
34	1.323000e-08	0.000000e+00	0.000000e+00	0.000000e+00	
35	1.327000e-08	0.000000e+00	0.000000e+00	0.000000e+00	
36	1.330000e-08	0.000000e+00	0.000000e+00	0.000000e+00	
37	1.330800e-08	0.000000e+00	0.000000e+00	0.000000e+00	
38	1.332400e-08	0.000000e+00	0.000000e+00	0.000000e+00	
39	1.335600e-08	0.000000e+00	0.000000e+00	0.000000e+00	
40	1.342000e-08	0.000000e+00	0.000000e+00	0.000000e+00	
41	1.354800e-08	0.000000e+00	0.000000e+00	0.000000e+00	
42	1.380400e-08	0.000000e+00	0.000000e+00	0.000000e+00	
43	1.431600e-08	0.000000e+00	0.000000e+00	0.000000e+00	
44	1.534000e-08	0.000000e+00	0.000000e+00	0.000000e+00	
45	1.738800e-08	0.000000e+00	0.000000e+00	0.000000e+00	
46	2.148400e-08	0.000000e+00	0.000000e+00	0.000000e+00	
47	2.967600e-08	0.000000e+00	0.000000e+00	0.000000e+00	
48	4.606000e-08	0.000000e+00	0.000000e+00	0.000000e+00	
49	7.882800e-08	0.000000e+00	0.000000e+00	0.000000e+00	
50	1.443640e-07	0.000000e+00	0.000000e+00	0.000000e+00	
51	2.754360e-07	0.000000e+00	0.000000e+00	0.000000e+00	
52	5.375800e-07	0.000000e+00	0.000000e+00	0.000000e+00	
53	1.061868e-06	0.000000e+00	0.000000e+00	0.000000e+00	
54	2.110444e-06	0.000000e+00	0.000000e+00	0.000000e+00	

Index   time            v3#branch       v4#branch       v5#branch       
--------------------------------------------------------------------------------
55	4.207596e-06	0.000000e+00	0.000000e+00	0.000000e+00	
56	8.401900e-06	0.000000e+00	0.000000e+00	0.000000e+00	
57	1.679051e-05	0.000000e+00	0.000000e+00	0.000000e+00	
58	2.679051e-05	0.000000e+00	0.000000e+00	0.000000e+00	
59	3.679051e-05	0.000000e+00	0.000000e+00	0.000000e+00	
60	4.679051e-05	0.000000e+00	0.000000e+00	0.000000e+00	
61	5.679051e-05	0.000000e+00	0.000000e+00	0.000000e+00	
62	6.679051e-05	0.000000e+00	0.000000e+00	0.000000e+00	
63	7.679051e-05	0.000000e+00	0.000000e+00	0.000000e+00	
64	8.679051e-05	0.000000e+00	0.000000e+00	0.000000e+00	
65	9.679051e-05	0.000000e+00	0.000000e+00	0.000000e+00	
66	1.067905e-04	0.000000e+00	0.000000e+00	0.000000e+00	
67	1.167905e-04	0.000000e+00	0.000000e+00	0.000000e+00	
68	1.267905e-04	0.000000e+00	0.000000e+00	0.000000e+00	
69	1.367905e-04	0.000000e+00	0.000000e+00	0.000000e+00	
70	1.467905e-04	0.000000e+00	0.000000e+00	0.000000e+00	
71	1.567905e-04	0.000000e+00	0.000000e+00	0.000000e+00	
72	1.667905e-04	0.000000e+00	0.000000e+00	0.000000e+00	
73	1.767905e-04	0.000000e+00	0.000000e+00	0.000000e+00	
74	1.867905e-04	0.000000e+00	0.000000e+00	0.000000e+00	
75	1.967905e-04	0.000000e+00	0.000000e+00	0.000000e+00	
76	2.067905e-04	0.000000e+00	0.000000e+00	0.000000e+00	
77	2.167905e-04	0.000000e+00	0.000000e+00	0.000000e+00	
78	2.267905e-04	0.000000e+00	0.000000e+00	0.000000e+00	
79	2.367905e-04	0.000000e+00	0.000000e+00	0.000000e+00	
80	2.467905e-04	0.000000e+00	0.000000e+00	0.000000e+00	
81	2.567905e-04	0.000000e+00	0.000000e+00	0.000000e+00	
82	2.667905e-04	0.000000e+00	0.000000e+00	0.000000e+00	
83	2.767905e-04	0.000000e+00	0.000000e+00	0.000000e+00	
84	2.867905e-04	0.000000e+00	0.000000e+00	0.000000e+00	
85	2.967905e-04	0.000000e+00	0.000000e+00	0.000000e+00	
86	3.067905e-04	0.000000e+00	0.000000e+00	0.000000e+00	
87	3.167905e-04	0.000000e+00	0.000000e+00	0.000000e+00	
88	3.267905e-04	0.000000e+00	0.000000e+00	0.000000e+00	
89	3.367905e-04	0.000000e+00	0.000000e+00	0.000000e+00	
90	3.467905e-04	0.000000e+00	0.000000e+00	0.000000e+00	
91	3.567905e-04	0.000000e+00	0.000000e+00	0.000000e+00	
92	3.667905e-04	0.000000e+00	0.000000e+00	0.000000e+00	
93	3.767905e-04	0.000000e+00	0.000000e+00	0.000000e+00	
94	3.867905e-04	0.000000e+00	0.000000e+00	0.000000e+00	
95	3.967905e-04	0.000000e+00	0.000000e+00	0.000000e+00	
96	4.067905e-04	0.000000e+00	0.000000e+00	0.000000e+00	
97	4.167905e-04	0.000000e+00	0.000000e+00	0.000000e+00	
98	4.267905e-04	0.000000e+00	0.000000e+00	0.000000e+00	
99	4.367905e-04	0.000000e+00	0.000000e+00	0.000000e+00	
100	4.467905e-04	0.000000e+00	0.000000e+00	0.000000e+00	
101	4.567905e-04	0.000000e+00	0.000000e+00	0.000000e+00	
102	4.667905e-04	0.000000e+00	0.000000e+00	0.000000e+00	
103	4.767905e-04	0.000000e+00	0.000000e+00	0.000000e+00	
104	4.867905e-04	0.000000e+00	0.000000e+00	0.000000e+00	
105	4.967905e-04	0.000000e+00	0.000000e+00	0.000000e+00	
106	5.067905e-04	0.000000e+00	0.000000e+00	0.000000e+00	
107	5.167905e-04	0.000000e+00	0.000000e+00	0.000000e+00	
108	5.267905e-04	0.000000e+00	0.000000e+00	0.000000e+00	
109	5.367905e-04	0.000000e+00	0.000000e+00	0.000000e+00	
110	5.467905e-04	0.000000e+00	0.000000e+00	0.000000e+00	
111	5.567905e-04	0.000000e+00	0.000000e+00	0.000000e+00	
112	5.667905e-04	0.000000e+00	0.000000e+00	0.000000e+00	

Index   time            v3#branch       v4#branch       v5#branch       
--------------------------------------------------------------------------------
113	5.767905e-04	0.000000e+00	0.000000e+00	0.000000e+00	
114	5.867905e-04	0.000000e+00	0.000000e+00	0.000000e+00	
115	5.967905e-04	0.000000e+00	0.000000e+00	0.000000e+00	
116	6.067905e-04	0.000000e+00	0.000000e+00	0.000000e+00	
117	6.167905e-04	0.000000e+00	0.000000e+00	0.000000e+00	
118	6.267905e-04	0.000000e+00	0.000000e+00	0.000000e+00	
119	6.367905e-04	0.000000e+00	0.000000e+00	0.000000e+00	
120	6.467905e-04	0.000000e+00	0.000000e+00	0.000000e+00	
121	6.567905e-04	0.000000e+00	0.000000e+00	0.000000e+00	
122	6.667905e-04	0.000000e+00	0.000000e+00	0.000000e+00	
123	6.767905e-04	0.000000e+00	0.000000e+00	0.000000e+00	
124	6.867905e-04	0.000000e+00	0.000000e+00	0.000000e+00	
125	6.967905e-04	0.000000e+00	0.000000e+00	0.000000e+00	
126	7.067905e-04	0.000000e+00	0.000000e+00	0.000000e+00	
127	7.167905e-04	0.000000e+00	0.000000e+00	0.000000e+00	
128	7.267905e-04	0.000000e+00	0.000000e+00	0.000000e+00	
129	7.367905e-04	0.000000e+00	0.000000e+00	0.000000e+00	
130	7.467905e-04	0.000000e+00	0.000000e+00	0.000000e+00	
131	7.567905e-04	0.000000e+00	0.000000e+00	0.000000e+00	
132	7.667905e-04	0.000000e+00	0.000000e+00	0.000000e+00	
133	7.767905e-04	0.000000e+00	0.000000e+00	0.000000e+00	
134	7.867905e-04	0.000000e+00	0.000000e+00	0.000000e+00	
135	7.967905e-04	0.000000e+00	0.000000e+00	0.000000e+00	
136	8.067905e-04	0.000000e+00	0.000000e+00	0.000000e+00	
137	8.167905e-04	0.000000e+00	0.000000e+00	0.000000e+00	
138	8.267905e-04	0.000000e+00	0.000000e+00	0.000000e+00	
139	8.367905e-04	0.000000e+00	0.000000e+00	0.000000e+00	
140	8.467905e-04	0.000000e+00	0.000000e+00	0.000000e+00	
141	8.567905e-04	0.000000e+00	0.000000e+00	0.000000e+00	
142	8.667905e-04	0.000000e+00	0.000000e+00	0.000000e+00	
143	8.767905e-04	0.000000e+00	0.000000e+00	0.000000e+00	
144	8.867905e-04	0.000000e+00	0.000000e+00	0.000000e+00	
145	8.967905e-04	0.000000e+00	0.000000e+00	0.000000e+00	
146	9.067905e-04	0.000000e+00	0.000000e+00	0.000000e+00	
147	9.167905e-04	0.000000e+00	0.000000e+00	0.000000e+00	
148	9.267905e-04	0.000000e+00	0.000000e+00	0.000000e+00	
149	9.367905e-04	0.000000e+00	0.000000e+00	0.000000e+00	
150	9.467905e-04	0.000000e+00	0.000000e+00	0.000000e+00	
151	9.567905e-04	0.000000e+00	0.000000e+00	0.000000e+00	
152	9.667905e-04	0.000000e+00	0.000000e+00	0.000000e+00	
153	9.767905e-04	0.000000e+00	0.000000e+00	0.000000e+00	
154	9.867905e-04	0.000000e+00	0.000000e+00	0.000000e+00	
155	9.967905e-04	0.000000e+00	0.000000e+00	0.000000e+00	
156	1.000010e-03	0.000000e+00	0.000000e+00	0.000000e+00	
157	1.000011e-03	0.000000e+00	0.000000e+00	0.000000e+00	
158	1.000013e-03	0.000000e+00	0.000000e+00	0.000000e+00	
159	1.000017e-03	0.000000e+00	0.000000e+00	0.000000e+00	
160	1.000018e-03	0.000000e+00	0.000000e+00	0.000000e+00	
161	1.000018e-03	0.000000e+00	0.000000e+00	0.000000e+00	
162	1.000018e-03	0.000000e+00	0.000000e+00	0.000000e+00	
163	1.000018e-03	0.000000e+00	0.000000e+00	0.000000e+00	
164	1.000018e-03	0.000000e+00	0.000000e+00	0.000000e+00	
165	1.000018e-03	0.000000e+00	0.000000e+00	0.000000e+00	
166	1.000018e-03	0.000000e+00	0.000000e+00	0.000000e+00	
167	1.000018e-03	0.000000e+00	0.000000e+00	0.000000e+00	
168	1.000018e-03	0.000000e+00	0.000000e+00	0.000000e+00	
169	1.000018e-03	0.000000e+00	0.000000e+00	0.000000e+00	
170	1.000019e-03	0.000000e+00	0.000000e+00	0.000000e+00	

Index   time            v3#branch       v4#branch       v5#branch       
--------------------------------------------------------------------------------
171	1.000019e-03	0.000000e+00	0.000000e+00	0.000000e+00	
172	1.000020e-03	0.000000e+00	0.000000e+00	0.000000e+00	
173	1.000020e-03	0.000000e+00	0.000000e+00	0.000000e+00	
174	1.000020e-03	0.000000e+00	0.000000e+00	0.000000e+00	
175	1.000021e-03	0.000000e+00	0.000000e+00	0.000000e+00	
176	1.000022e-03	0.000000e+00	0.000000e+00	0.000000e+00	
177	1.000022e-03	0.000000e+00	0.000000e+00	0.000000e+00	
178	1.000022e-03	0.000000e+00	0.000000e+00	0.000000e+00	
179	1.000022e-03	0.000000e+00	0.000000e+00	0.000000e+00	
180	1.000023e-03	0.000000e+00	0.000000e+00	0.000000e+00	
181	1.000023e-03	0.000000e+00	0.000000e+00	0.000000e+00	
182	1.000023e-03	0.000000e+00	0.000000e+00	0.000000e+00	
183	1.000023e-03	0.000000e+00	0.000000e+00	0.000000e+00	
184	1.000023e-03	0.000000e+00	0.000000e+00	0.000000e+00	
185	1.000023e-03	0.000000e+00	0.000000e+00	0.000000e+00	
186	1.000023e-03	0.000000e+00	0.000000e+00	0.000000e+00	
187	1.000023e-03	0.000000e+00	0.000000e+00	0.000000e+00	
188	1.000023e-03	0.000000e+00	0.000000e+00	0.000000e+00	
189	1.000023e-03	0.000000e+00	0.000000e+00	0.000000e+00	
190	1.000023e-03	0.000000e+00	0.000000e+00	0.000000e+00	
191	1.000023e-03	0.000000e+00	0.000000e+00	0.000000e+00	
192	1.000023e-03	0.000000e+00	0.000000e+00	0.000000e+00	
193	1.000023e-03	0.000000e+00	0.000000e+00	0.000000e+00	
194	1.000023e-03	0.000000e+00	0.000000e+00	0.000000e+00	
195	1.000023e-03	0.000000e+00	0.000000e+00	0.000000e+00	
196	1.000023e-03	0.000000e+00	0.000000e+00	0.000000e+00	
197	1.000023e-03	0.000000e+00	0.000000e+00	0.000000e+00	
198	1.000023e-03	0.000000e+00	0.000000e+00	0.000000e+00	
199	1.000023e-03	0.000000e+00	0.000000e+00	0.000000e+00	
200	1.000023e-03	0.000000e+00	0.000000e+00	0.000000e+00	
201	1.000023e-03	0.000000e+00	0.000000e+00	0.000000e+00	
202	1.000023e-03	0.000000e+00	0.000000e+00	0.000000e+00	
203	1.000023e-03	0.000000e+00	0.000000e+00	0.000000e+00	
204	1.000024e-03	0.000000e+00	0.000000e+00	0.000000e+00	
205	1.000024e-03	0.000000e+00	0.000000e+00	0.000000e+00	
206	1.000025e-03	0.000000e+00	0.000000e+00	0.000000e+00	
207	1.000026e-03	0.000000e+00	0.000000e+00	0.000000e+00	
208	1.000030e-03	0.000000e+00	0.000000e+00	0.000000e+00	
209	1.000036e-03	0.000000e+00	0.000000e+00	0.000000e+00	
210	1.000049e-03	0.000000e+00	0.000000e+00	0.000000e+00	
211	1.000076e-03	0.000000e+00	0.000000e+00	0.000000e+00	
212	1.000128e-03	0.000000e+00	0.000000e+00	0.000000e+00	
213	1.000233e-03	0.000000e+00	0.000000e+00	0.000000e+00	
214	1.000443e-03	0.000000e+00	0.000000e+00	0.000000e+00	
215	1.000862e-03	0.000000e+00	0.000000e+00	0.000000e+00	
216	1.001701e-03	0.000000e+00	0.000000e+00	0.000000e+00	
217	1.003379e-03	0.000000e+00	0.000000e+00	0.000000e+00	
218	1.006734e-03	0.000000e+00	0.000000e+00	0.000000e+00	
219	1.013445e-03	0.000000e+00	0.000000e+00	0.000000e+00	
220	1.023445e-03	0.000000e+00	0.000000e+00	0.000000e+00	
221	1.033445e-03	0.000000e+00	0.000000e+00	0.000000e+00	
222	1.043445e-03	0.000000e+00	0.000000e+00	0.000000e+00	
223	1.053445e-03	0.000000e+00	0.000000e+00	0.000000e+00	
224	1.063445e-03	0.000000e+00	0.000000e+00	0.000000e+00	
225	1.073445e-03	0.000000e+00	0.000000e+00	0.000000e+00	
226	1.083445e-03	0.000000e+00	0.000000e+00	0.000000e+00	
227	1.093445e-03	0.000000e+00	0.000000e+00	0.000000e+00	
228	1.103445e-03	0.000000e+00	0.000000e+00	0.000000e+00	

Index   time            v3#branch       v4#branch       v5#branch       
--------------------------------------------------------------------------------
229	1.113445e-03	0.000000e+00	0.000000e+00	0.000000e+00	
230	1.123445e-03	0.000000e+00	0.000000e+00	0.000000e+00	
231	1.133445e-03	0.000000e+00	0.000000e+00	0.000000e+00	
232	1.143445e-03	0.000000e+00	0.000000e+00	0.000000e+00	
233	1.153445e-03	0.000000e+00	0.000000e+00	0.000000e+00	
234	1.163445e-03	0.000000e+00	0.000000e+00	0.000000e+00	
235	1.173445e-03	0.000000e+00	0.000000e+00	0.000000e+00	
236	1.183445e-03	0.000000e+00	0.000000e+00	0.000000e+00	
237	1.193445e-03	0.000000e+00	0.000000e+00	0.000000e+00	
238	1.203445e-03	0.000000e+00	0.000000e+00	0.000000e+00	
239	1.213445e-03	0.000000e+00	0.000000e+00	0.000000e+00	
240	1.223445e-03	0.000000e+00	0.000000e+00	0.000000e+00	
241	1.233445e-03	0.000000e+00	0.000000e+00	0.000000e+00	
242	1.243445e-03	0.000000e+00	0.000000e+00	0.000000e+00	
243	1.253445e-03	0.000000e+00	0.000000e+00	0.000000e+00	
244	1.263445e-03	0.000000e+00	0.000000e+00	0.000000e+00	
245	1.273445e-03	0.000000e+00	0.000000e+00	0.000000e+00	
246	1.283445e-03	0.000000e+00	0.000000e+00	0.000000e+00	
247	1.293445e-03	0.000000e+00	0.000000e+00	0.000000e+00	
248	1.303445e-03	0.000000e+00	0.000000e+00	0.000000e+00	
249	1.313445e-03	0.000000e+00	0.000000e+00	0.000000e+00	
250	1.323445e-03	0.000000e+00	0.000000e+00	0.000000e+00	
251	1.333445e-03	0.000000e+00	0.000000e+00	0.000000e+00	
252	1.343445e-03	0.000000e+00	0.000000e+00	0.000000e+00	
253	1.353445e-03	0.000000e+00	0.000000e+00	0.000000e+00	
254	1.363445e-03	0.000000e+00	0.000000e+00	0.000000e+00	
255	1.373445e-03	0.000000e+00	0.000000e+00	0.000000e+00	
256	1.383445e-03	0.000000e+00	0.000000e+00	0.000000e+00	
257	1.393445e-03	0.000000e+00	0.000000e+00	0.000000e+00	
258	1.403445e-03	0.000000e+00	0.000000e+00	0.000000e+00	
259	1.413445e-03	0.000000e+00	0.000000e+00	0.000000e+00	
260	1.423445e-03	0.000000e+00	0.000000e+00	0.000000e+00	
261	1.433445e-03	0.000000e+00	0.000000e+00	0.000000e+00	
262	1.443445e-03	0.000000e+00	0.000000e+00	0.000000e+00	
263	1.453445e-03	0.000000e+00	0.000000e+00	0.000000e+00	
264	1.463445e-03	0.000000e+00	0.000000e+00	0.000000e+00	
265	1.473445e-03	0.000000e+00	0.000000e+00	0.000000e+00	
266	1.483445e-03	0.000000e+00	0.000000e+00	0.000000e+00	
267	1.493445e-03	0.000000e+00	0.000000e+00	0.000000e+00	
268	1.503445e-03	0.000000e+00	0.000000e+00	0.000000e+00	
269	1.513445e-03	0.000000e+00	0.000000e+00	0.000000e+00	
270	1.523445e-03	0.000000e+00	0.000000e+00	0.000000e+00	
271	1.533445e-03	0.000000e+00	0.000000e+00	0.000000e+00	
272	1.543445e-03	0.000000e+00	0.000000e+00	0.000000e+00	
273	1.553445e-03	0.000000e+00	0.000000e+00	0.000000e+00	
274	1.563445e-03	0.000000e+00	0.000000e+00	0.000000e+00	
275	1.573445e-03	0.000000e+00	0.000000e+00	0.000000e+00	
276	1.583445e-03	0.000000e+00	0.000000e+00	0.000000e+00	
277	1.593445e-03	0.000000e+00	0.000000e+00	0.000000e+00	
278	1.603445e-03	0.000000e+00	0.000000e+00	0.000000e+00	
279	1.613445e-03	0.000000e+00	0.000000e+00	0.000000e+00	
280	1.623445e-03	0.000000e+00	0.000000e+00	0.000000e+00	
281	1.633445e-03	0.000000e+00	0.000000e+00	0.000000e+00	
282	1.643445e-03	0.000000e+00	0.000000e+00	0.000000e+00	
283	1.653445e-03	0.000000e+00	0.000000e+00	0.000000e+00	
284	1.663445e-03	0.000000e+00	0.000000e+00	0.000000e+00	
285	1.673445e-03	0.000000e+00	0.000000e+00	0.000000e+00	
286	1.683445e-03	0.000000e+00	0.000000e+00	0.000000e+00	

Index   time            v3#branch       v4#branch       v5#branch       
--------------------------------------------------------------------------------
287	1.693445e-03	0.000000e+00	0.000000e+00	0.000000e+00	
288	1.703445e-03	0.000000e+00	0.000000e+00	0.000000e+00	
289	1.713445e-03	0.000000e+00	0.000000e+00	0.000000e+00	
290	1.723445e-03	0.000000e+00	0.000000e+00	0.000000e+00	
291	1.733445e-03	0.000000e+00	0.000000e+00	0.000000e+00	
292	1.743445e-03	0.000000e+00	0.000000e+00	0.000000e+00	
293	1.753445e-03	0.000000e+00	0.000000e+00	0.000000e+00	
294	1.763445e-03	0.000000e+00	0.000000e+00	0.000000e+00	
295	1.773445e-03	0.000000e+00	0.000000e+00	0.000000e+00	
296	1.783445e-03	0.000000e+00	0.000000e+00	0.000000e+00	
297	1.793445e-03	0.000000e+00	0.000000e+00	0.000000e+00	
298	1.803445e-03	0.000000e+00	0.000000e+00	0.000000e+00	
299	1.813445e-03	0.000000e+00	0.000000e+00	0.000000e+00	
300	1.823445e-03	0.000000e+00	0.000000e+00	0.000000e+00	
301	1.833445e-03	0.000000e+00	0.000000e+00	0.000000e+00	
302	1.843445e-03	0.000000e+00	0.000000e+00	0.000000e+00	
303	1.853445e-03	0.000000e+00	0.000000e+00	0.000000e+00	
304	1.863445e-03	0.000000e+00	0.000000e+00	0.000000e+00	
305	1.873445e-03	0.000000e+00	0.000000e+00	0.000000e+00	
306	1.883445e-03	0.000000e+00	0.000000e+00	0.000000e+00	
307	1.893445e-03	0.000000e+00	0.000000e+00	0.000000e+00	
308	1.903445e-03	0.000000e+00	0.000000e+00	0.000000e+00	
309	1.913445e-03	0.000000e+00	0.000000e+00	0.000000e+00	
310	1.923445e-03	0.000000e+00	0.000000e+00	0.000000e+00	
311	1.933445e-03	0.000000e+00	0.000000e+00	0.000000e+00	
312	1.943445e-03	0.000000e+00	0.000000e+00	0.000000e+00	
313	1.953445e-03	0.000000e+00	0.000000e+00	0.000000e+00	
314	1.963445e-03	0.000000e+00	0.000000e+00	0.000000e+00	
315	1.973445e-03	0.000000e+00	0.000000e+00	0.000000e+00	
316	1.983445e-03	0.000000e+00	0.000000e+00	0.000000e+00	
317	1.993445e-03	0.000000e+00	0.000000e+00	0.000000e+00	
318	2.000000e-03	0.000000e+00	0.000000e+00	0.000000e+00	
319	2.000001e-03	0.000000e+00	0.000000e+00	0.000000e+00	
320	2.000003e-03	0.000000e+00	0.000000e+00	0.000000e+00	
321	2.000007e-03	0.000000e+00	0.000000e+00	0.000000e+00	
322	2.000008e-03	0.000000e+00	0.000000e+00	0.000000e+00	
323	2.000008e-03	0.000000e+00	0.000000e+00	0.000000e+00	
324	2.000008e-03	0.000000e+00	0.000000e+00	0.000000e+00	
325	2.000008e-03	0.000000e+00	0.000000e+00	0.000000e+00	
326	2.000008e-03	0.000000e+00	0.000000e+00	0.000000e+00	
327	2.000008e-03	0.000000e+00	0.000000e+00	0.000000e+00	
328	2.000008e-03	0.000000e+00	0.000000e+00	0.000000e+00	
329	2.000008e-03	0.000000e+00	0.000000e+00	0.000000e+00	
330	2.000008e-03	0.000000e+00	0.000000e+00	0.000000e+00	
331	2.000008e-03	0.000000e+00	0.000000e+00	0.000000e+00	
332	2.000009e-03	0.000000e+00	0.000000e+00	0.000000e+00	
333	2.000009e-03	0.000000e+00	0.000000e+00	0.000000e+00	
334	2.000010e-03	0.000000e+00	0.000000e+00	0.000000e+00	
335	2.000010e-03	0.000000e+00	0.000000e+00	0.000000e+00	
336	2.000010e-03	0.000000e+00	0.000000e+00	0.000000e+00	
337	2.000011e-03	0.000000e+00	0.000000e+00	0.000000e+00	
338	2.000012e-03	0.000000e+00	0.000000e+00	0.000000e+00	
339	2.000012e-03	0.000000e+00	0.000000e+00	0.000000e+00	
340	2.000012e-03	0.000000e+00	0.000000e+00	0.000000e+00	
341	2.000012e-03	0.000000e+00	0.000000e+00	0.000000e+00	
342	2.000013e-03	0.000000e+00	0.000000e+00	0.000000e+00	
343	2.000013e-03	0.000000e+00	0.000000e+00	0.000000e+00	
344	2.000013e-03	0.000000e+00	0.000000e+00	0.000000e+00	

Index   time            v3#branch       v4#branch       v5#branch       
--------------------------------------------------------------------------------
345	2.000013e-03	0.000000e+00	0.000000e+00	0.000000e+00	
346	2.000013e-03	0.000000e+00	0.000000e+00	0.000000e+00	
347	2.000013e-03	0.000000e+00	0.000000e+00	0.000000e+00	
348	2.000013e-03	0.000000e+00	0.000000e+00	0.000000e+00	
349	2.000013e-03	0.000000e+00	0.000000e+00	0.000000e+00	
350	2.000013e-03	0.000000e+00	0.000000e+00	0.000000e+00	
351	2.000013e-03	0.000000e+00	0.000000e+00	0.000000e+00	
352	2.000013e-03	0.000000e+00	0.000000e+00	0.000000e+00	
353	2.000013e-03	0.000000e+00	0.000000e+00	0.000000e+00	
354	2.000013e-03	0.000000e+00	0.000000e+00	0.000000e+00	
355	2.000013e-03	0.000000e+00	0.000000e+00	0.000000e+00	
356	2.000013e-03	0.000000e+00	0.000000e+00	0.000000e+00	
357	2.000013e-03	0.000000e+00	0.000000e+00	0.000000e+00	
358	2.000013e-03	0.000000e+00	0.000000e+00	0.000000e+00	
359	2.000013e-03	0.000000e+00	0.000000e+00	0.000000e+00	
360	2.000013e-03	0.000000e+00	0.000000e+00	0.000000e+00	
361	2.000013e-03	0.000000e+00	0.000000e+00	0.000000e+00	
362	2.000013e-03	0.000000e+00	0.000000e+00	0.000000e+00	
363	2.000013e-03	0.000000e+00	0.000000e+00	0.000000e+00	
364	2.000013e-03	0.000000e+00	0.000000e+00	0.000000e+00	
365	2.000013e-03	0.000000e+00	0.000000e+00	0.000000e+00	
366	2.000013e-03	0.000000e+00	0.000000e+00	0.000000e+00	
367	2.000013e-03	0.000000e+00	0.000000e+00	0.000000e+00	
368	2.000013e-03	0.000000e+00	0.000000e+00	0.000000e+00	
369	2.000013e-03	0.000000e+00	0.000000e+00	0.000000e+00	
370	2.000014e-03	0.000000e+00	0.000000e+00	0.000000e+00	
371	2.000014e-03	0.000000e+00	0.000000e+00	0.000000e+00	
372	2.000015e-03	0.000000e+00	0.000000e+00	0.000000e+00	
373	2.000016e-03	0.000000e+00	0.000000e+00	0.000000e+00	
374	2.000017e-03	0.000000e+00	0.000000e+00	0.000000e+00	
375	2.000017e-03	0.000000e+00	0.000000e+00	0.000000e+00	
376	2.000017e-03	0.000000e+00	0.000000e+00	0.000000e+00	
377	2.000017e-03	0.000000e+00	0.000000e+00	0.000000e+00	
378	2.000017e-03	0.000000e+00	0.000000e+00	0.000000e+00	
379	2.000017e-03	0.000000e+00	0.000000e+00	0.000000e+00	
380	2.000017e-03	0.000000e+00	0.000000e+00	0.000000e+00	
381	2.000017e-03	0.000000e+00	0.000000e+00	0.000000e+00	
382	2.000017e-03	0.000000e+00	0.000000e+00	0.000000e+00	
383	2.000017e-03	0.000000e+00	0.000000e+00	0.000000e+00	
384	2.000018e-03	0.000000e+00	0.000000e+00	0.000000e+00	
385	2.000018e-03	0.000000e+00	0.000000e+00	0.000000e+00	
386	2.000019e-03	0.000000e+00	0.000000e+00	0.000000e+00	
387	2.000020e-03	0.000000e+00	0.000000e+00	0.000000e+00	
388	2.000020e-03	0.000000e+00	0.000000e+00	0.000000e+00	
389	2.000020e-03	0.000000e+00	0.000000e+00	0.000000e+00	
390	2.000020e-03	0.000000e+00	0.000000e+00	0.000000e+00	
391	2.000020e-03	0.000000e+00	0.000000e+00	0.000000e+00	
392	2.000020e-03	0.000000e+00	0.000000e+00	0.000000e+00	
393	2.000020e-03	0.000000e+00	0.000000e+00	0.000000e+00	
394	2.000020e-03	0.000000e+00	0.000000e+00	0.000000e+00	
395	2.000020e-03	0.000000e+00	0.000000e+00	0.000000e+00	
396	2.000021e-03	0.000000e+00	0.000000e+00	0.000000e+00	
397	2.000021e-03	0.000000e+00	0.000000e+00	0.000000e+00	
398	2.000021e-03	0.000000e+00	0.000000e+00	0.000000e+00	
399	2.000021e-03	0.000000e+00	0.000000e+00	0.000000e+00	
400	2.000021e-03	0.000000e+00	0.000000e+00	0.000000e+00	
401	2.000021e-03	0.000000e+00	0.000000e+00	0.000000e+00	
402	2.000021e-03	0.000000e+00	0.000000e+00	0.000000e+00	

Index   time            v3#branch       v4#branch       v5#branch       
--------------------------------------------------------------------------------
403	2.000021e-03	0.000000e+00	0.000000e+00	0.000000e+00	
404	2.000021e-03	0.000000e+00	0.000000e+00	0.000000e+00	
405	2.000021e-03	0.000000e+00	0.000000e+00	0.000000e+00	
406	2.000021e-03	0.000000e+00	0.000000e+00	0.000000e+00	
407	2.000021e-03	0.000000e+00	0.000000e+00	0.000000e+00	
408	2.000021e-03	0.000000e+00	0.000000e+00	0.000000e+00	
409	2.000021e-03	0.000000e+00	0.000000e+00	0.000000e+00	
410	2.000022e-03	0.000000e+00	0.000000e+00	0.000000e+00	
411	2.000023e-03	0.000000e+00	0.000000e+00	0.000000e+00	
412	2.000024e-03	0.000000e+00	0.000000e+00	0.000000e+00	
413	2.000028e-03	0.000000e+00	0.000000e+00	0.000000e+00	
414	2.000035e-03	0.000000e+00	0.000000e+00	0.000000e+00	
415	2.000049e-03	0.000000e+00	0.000000e+00	0.000000e+00	
416	2.000078e-03	0.000000e+00	0.000000e+00	0.000000e+00	
417	2.000134e-03	0.000000e+00	0.000000e+00	0.000000e+00	
418	2.000248e-03	0.000000e+00	0.000000e+00	0.000000e+00	
419	2.000475e-03	0.000000e+00	0.000000e+00	0.000000e+00	
420	2.000929e-03	0.000000e+00	0.000000e+00	0.000000e+00	
421	2.001837e-03	0.000000e+00	0.000000e+00	0.000000e+00	
422	2.003653e-03	0.000000e+00	0.000000e+00	0.000000e+00	
423	2.007285e-03	0.000000e+00	0.000000e+00	0.000000e+00	
424	2.014548e-03	0.000000e+00	0.000000e+00	0.000000e+00	
425	2.024548e-03	0.000000e+00	0.000000e+00	0.000000e+00	
426	2.034548e-03	0.000000e+00	0.000000e+00	0.000000e+00	
427	2.044548e-03	0.000000e+00	0.000000e+00	0.000000e+00	
428	2.054548e-03	0.000000e+00	0.000000e+00	0.000000e+00	
429	2.064548e-03	0.000000e+00	0.000000e+00	0.000000e+00	
430	2.074548e-03	0.000000e+00	0.000000e+00	0.000000e+00	
431	2.084548e-03	0.000000e+00	0.000000e+00	0.000000e+00	
432	2.094548e-03	0.000000e+00	0.000000e+00	0.000000e+00	
433	2.104548e-03	0.000000e+00	0.000000e+00	0.000000e+00	
434	2.114548e-03	0.000000e+00	0.000000e+00	0.000000e+00	
435	2.124548e-03	0.000000e+00	0.000000e+00	0.000000e+00	
436	2.134548e-03	0.000000e+00	0.000000e+00	0.000000e+00	
437	2.144548e-03	0.000000e+00	0.000000e+00	0.000000e+00	
438	2.154548e-03	0.000000e+00	0.000000e+00	0.000000e+00	
439	2.164548e-03	0.000000e+00	0.000000e+00	0.000000e+00	
440	2.174548e-03	0.000000e+00	0.000000e+00	0.000000e+00	
441	2.184548e-03	0.000000e+00	0.000000e+00	0.000000e+00	
442	2.194548e-03	0.000000e+00	0.000000e+00	0.000000e+00	
443	2.204548e-03	0.000000e+00	0.000000e+00	0.000000e+00	
444	2.214548e-03	0.000000e+00	0.000000e+00	0.000000e+00	
445	2.224548e-03	0.000000e+00	0.000000e+00	0.000000e+00	
446	2.234548e-03	0.000000e+00	0.000000e+00	0.000000e+00	
447	2.244548e-03	0.000000e+00	0.000000e+00	0.000000e+00	
448	2.254548e-03	0.000000e+00	0.000000e+00	0.000000e+00	
449	2.264548e-03	0.000000e+00	0.000000e+00	0.000000e+00	
450	2.274548e-03	0.000000e+00	0.000000e+00	0.000000e+00	
451	2.284548e-03	0.000000e+00	0.000000e+00	0.000000e+00	
452	2.294548e-03	0.000000e+00	0.000000e+00	0.000000e+00	
453	2.304548e-03	0.000000e+00	0.000000e+00	0.000000e+00	
454	2.314548e-03	0.000000e+00	0.000000e+00	0.000000e+00	
455	2.324548e-03	0.000000e+00	0.000000e+00	0.000000e+00	
456	2.334548e-03	0.000000e+00	0.000000e+00	0.000000e+00	
457	2.344548e-03	0.000000e+00	0.000000e+00	0.000000e+00	
458	2.354548e-03	0.000000e+00	0.000000e+00	0.000000e+00	
459	2.364548e-03	0.000000e+00	0.000000e+00	0.000000e+00	
460	2.374548e-03	0.000000e+00	0.000000e+00	0.000000e+00	

Index   time            v3#branch       v4#branch       v5#branch       
--------------------------------------------------------------------------------
461	2.384548e-03	0.000000e+00	0.000000e+00	0.000000e+00	
462	2.394548e-03	0.000000e+00	0.000000e+00	0.000000e+00	
463	2.404548e-03	0.000000e+00	0.000000e+00	0.000000e+00	
464	2.414548e-03	0.000000e+00	0.000000e+00	0.000000e+00	
465	2.424548e-03	0.000000e+00	0.000000e+00	0.000000e+00	
466	2.434548e-03	0.000000e+00	0.000000e+00	0.000000e+00	
467	2.444548e-03	0.000000e+00	0.000000e+00	0.000000e+00	
468	2.454548e-03	0.000000e+00	0.000000e+00	0.000000e+00	
469	2.464548e-03	0.000000e+00	0.000000e+00	0.000000e+00	
470	2.474548e-03	0.000000e+00	0.000000e+00	0.000000e+00	
471	2.484548e-03	0.000000e+00	0.000000e+00	0.000000e+00	
472	2.494548e-03	0.000000e+00	0.000000e+00	0.000000e+00	
473	2.504548e-03	0.000000e+00	0.000000e+00	0.000000e+00	
474	2.514548e-03	0.000000e+00	0.000000e+00	0.000000e+00	
475	2.524548e-03	0.000000e+00	0.000000e+00	0.000000e+00	
476	2.534548e-03	0.000000e+00	0.000000e+00	0.000000e+00	
477	2.544548e-03	0.000000e+00	0.000000e+00	0.000000e+00	
478	2.554548e-03	0.000000e+00	0.000000e+00	0.000000e+00	
479	2.564548e-03	0.000000e+00	0.000000e+00	0.000000e+00	
480	2.574548e-03	0.000000e+00	0.000000e+00	0.000000e+00	
481	2.584548e-03	0.000000e+00	0.000000e+00	0.000000e+00	
482	2.594548e-03	0.000000e+00	0.000000e+00	0.000000e+00	
483	2.604548e-03	0.000000e+00	0.000000e+00	0.000000e+00	
484	2.614548e-03	0.000000e+00	0.000000e+00	0.000000e+00	
485	2.624548e-03	0.000000e+00	0.000000e+00	0.000000e+00	
486	2.634548e-03	0.000000e+00	0.000000e+00	0.000000e+00	
487	2.644548e-03	0.000000e+00	0.000000e+00	0.000000e+00	
488	2.654548e-03	0.000000e+00	0.000000e+00	0.000000e+00	
489	2.664548e-03	0.000000e+00	0.000000e+00	0.000000e+00	
490	2.674548e-03	0.000000e+00	0.000000e+00	0.000000e+00	
491	2.684548e-03	0.000000e+00	0.000000e+00	0.000000e+00	
492	2.694548e-03	0.000000e+00	0.000000e+00	0.000000e+00	
493	2.704548e-03	0.000000e+00	0.000000e+00	0.000000e+00	
494	2.714548e-03	0.000000e+00	0.000000e+00	0.000000e+00	
495	2.724548e-03	0.000000e+00	0.000000e+00	0.000000e+00	
496	2.734548e-03	0.000000e+00	0.000000e+00	0.000000e+00	
497	2.744548e-03	0.000000e+00	0.000000e+00	0.000000e+00	
498	2.754548e-03	0.000000e+00	0.000000e+00	0.000000e+00	
499	2.764548e-03	0.000000e+00	0.000000e+00	0.000000e+00	
500	2.774548e-03	0.000000e+00	0.000000e+00	0.000000e+00	
501	2.784548e-03	0.000000e+00	0.000000e+00	0.000000e+00	
502	2.794548e-03	0.000000e+00	0.000000e+00	0.000000e+00	
503	2.804548e-03	0.000000e+00	0.000000e+00	0.000000e+00	
504	2.814548e-03	0.000000e+00	0.000000e+00	0.000000e+00	
505	2.824548e-03	0.000000e+00	0.000000e+00	0.000000e+00	
506	2.834548e-03	0.000000e+00	0.000000e+00	0.000000e+00	
507	2.844548e-03	0.000000e+00	0.000000e+00	0.000000e+00	
508	2.854548e-03	0.000000e+00	0.000000e+00	0.000000e+00	
509	2.864548e-03	0.000000e+00	0.000000e+00	0.000000e+00	
510	2.874548e-03	0.000000e+00	0.000000e+00	0.000000e+00	
511	2.884548e-03	0.000000e+00	0.000000e+00	0.000000e+00	
512	2.894548e-03	0.000000e+00	0.000000e+00	0.000000e+00	
513	2.904548e-03	0.000000e+00	0.000000e+00	0.000000e+00	
514	2.914548e-03	0.000000e+00	0.000000e+00	0.000000e+00	
515	2.924548e-03	0.000000e+00	0.000000e+00	0.000000e+00	
516	2.934548e-03	0.000000e+00	0.000000e+00	0.000000e+00	
517	2.944548e-03	0.000000e+00	0.000000e+00	0.000000e+00	
518	2.954548e-03	0.000000e+00	0.000000e+00	0.000000e+00	

Index   time            v3#branch       v4#branch       v5#branch       
--------------------------------------------------------------------------------
519	2.964548e-03	0.000000e+00	0.000000e+00	0.000000e+00	
520	2.974548e-03	0.000000e+00	0.000000e+00	0.000000e+00	
521	2.984548e-03	0.000000e+00	0.000000e+00	0.000000e+00	
522	2.994548e-03	0.000000e+00	0.000000e+00	0.000000e+00	
523	3.000010e-03	0.000000e+00	0.000000e+00	0.000000e+00	
524	3.000011e-03	0.000000e+00	0.000000e+00	0.000000e+00	
525	3.000013e-03	0.000000e+00	0.000000e+00	0.000000e+00	
526	3.000017e-03	0.000000e+00	0.000000e+00	0.000000e+00	
527	3.000018e-03	0.000000e+00	0.000000e+00	0.000000e+00	
528	3.000018e-03	0.000000e+00	0.000000e+00	0.000000e+00	
529	3.000018e-03	0.000000e+00	0.000000e+00	0.000000e+00	
530	3.000018e-03	0.000000e+00	0.000000e+00	0.000000e+00	
531	3.000018e-03	0.000000e+00	0.000000e+00	0.000000e+00	
532	3.000018e-03	0.000000e+00	0.000000e+00	0.000000e+00	
533	3.000018e-03	0.000000e+00	0.000000e+00	0.000000e+00	
534	3.000018e-03	0.000000e+00	0.000000e+00	0.000000e+00	
535	3.000018e-03	0.000000e+00	0.000000e+00	0.000000e+00	
536	3.000018e-03	0.000000e+00	0.000000e+00	0.000000e+00	
537	3.000019e-03	0.000000e+00	0.000000e+00	0.000000e+00	
538	3.000019e-03	0.000000e+00	0.000000e+00	0.000000e+00	
539	3.000020e-03	0.000000e+00	0.000000e+00	0.000000e+00	
540	3.000020e-03	0.000000e+00	0.000000e+00	0.000000e+00	
541	3.000020e-03	0.000000e+00	0.000000e+00	0.000000e+00	
542	3.000021e-03	0.000000e+00	0.000000e+00	0.000000e+00	
543	3.000022e-03	0.000000e+00	0.000000e+00	0.000000e+00	
544	3.000022e-03	0.000000e+00	0.000000e+00	0.000000e+00	
545	3.000022e-03	0.000000e+00	0.000000e+00	0.000000e+00	
546	3.000022e-03	0.000000e+00	0.000000e+00	0.000000e+00	
547	3.000023e-03	0.000000e+00	0.000000e+00	0.000000e+00	
548	3.000023e-03	0.000000e+00	0.000000e+00	0.000000e+00	
549	3.000023e-03	0.000000e+00	0.000000e+00	0.000000e+00	
550	3.000023e-03	0.000000e+00	0.000000e+00	0.000000e+00	
551	3.000023e-03	0.000000e+00	0.000000e+00	0.000000e+00	
552	3.000023e-03	0.000000e+00	0.000000e+00	0.000000e+00	
553	3.000023e-03	0.000000e+00	0.000000e+00	0.000000e+00	
554	3.000023e-03	0.000000e+00	0.000000e+00	0.000000e+00	
555	3.000023e-03	0.000000e+00	0.000000e+00	0.000000e+00	
556	3.000023e-03	0.000000e+00	0.000000e+00	0.000000e+00	
557	3.000023e-03	0.000000e+00	0.000000e+00	0.000000e+00	
558	3.000023e-03	0.000000e+00	0.000000e+00	0.000000e+00	
559	3.000023e-03	0.000000e+00	0.000000e+00	0.000000e+00	
560	3.000023e-03	0.000000e+00	0.000000e+00	0.000000e+00	
561	3.000023e-03	0.000000e+00	0.000000e+00	0.000000e+00	
562	3.000023e-03	0.000000e+00	0.000000e+00	0.000000e+00	
563	3.000023e-03	0.000000e+00	0.000000e+00	0.000000e+00	
564	3.000023e-03	0.000000e+00	0.000000e+00	0.000000e+00	
565	3.000023e-03	0.000000e+00	0.000000e+00	0.000000e+00	
566	3.000023e-03	0.000000e+00	0.000000e+00	0.000000e+00	
567	3.000023e-03	0.000000e+00	0.000000e+00	0.000000e+00	
568	3.000023e-03	0.000000e+00	0.000000e+00	0.000000e+00	
569	3.000023e-03	0.000000e+00	0.000000e+00	0.000000e+00	
570	3.000023e-03	0.000000e+00	0.000000e+00	0.000000e+00	
571	3.000024e-03	0.000000e+00	0.000000e+00	0.000000e+00	
572	3.000024e-03	0.000000e+00	0.000000e+00	0.000000e+00	
573	3.000025e-03	0.000000e+00	0.000000e+00	0.000000e+00	
574	3.000026e-03	0.000000e+00	0.000000e+00	0.000000e+00	
575	3.000030e-03	0.000000e+00	0.000000e+00	0.000000e+00	
576	3.000036e-03	0.000000e+00	0.000000e+00	0.000000e+00	

Index   time            v3#branch       v4#branch       v5#branch       
--------------------------------------------------------------------------------
577	3.000049e-03	0.000000e+00	0.000000e+00	0.000000e+00	
578	3.000076e-03	0.000000e+00	0.000000e+00	0.000000e+00	
579	3.000128e-03	0.000000e+00	0.000000e+00	0.000000e+00	
580	3.000233e-03	0.000000e+00	0.000000e+00	0.000000e+00	
581	3.000443e-03	0.000000e+00	0.000000e+00	0.000000e+00	
582	3.000862e-03	0.000000e+00	0.000000e+00	0.000000e+00	
583	3.001701e-03	0.000000e+00	0.000000e+00	0.000000e+00	
584	3.003379e-03	0.000000e+00	0.000000e+00	0.000000e+00	
585	3.006734e-03	0.000000e+00	0.000000e+00	0.000000e+00	
586	3.013445e-03	0.000000e+00	0.000000e+00	0.000000e+00	
587	3.023445e-03	0.000000e+00	0.000000e+00	0.000000e+00	
588	3.033445e-03	0.000000e+00	0.000000e+00	0.000000e+00	
589	3.043445e-03	0.000000e+00	0.000000e+00	0.000000e+00	
590	3.053445e-03	0.000000e+00	0.000000e+00	0.000000e+00	
591	3.063445e-03	0.000000e+00	0.000000e+00	0.000000e+00	
592	3.073445e-03	0.000000e+00	0.000000e+00	0.000000e+00	
593	3.083445e-03	0.000000e+00	0.000000e+00	0.000000e+00	
594	3.093445e-03	0.000000e+00	0.000000e+00	0.000000e+00	
595	3.103445e-03	0.000000e+00	0.000000e+00	0.000000e+00	
596	3.113445e-03	0.000000e+00	0.000000e+00	0.000000e+00	
597	3.123445e-03	0.000000e+00	0.000000e+00	0.000000e+00	
598	3.133445e-03	0.000000e+00	0.000000e+00	0.000000e+00	
599	3.143445e-03	0.000000e+00	0.000000e+00	0.000000e+00	
600	3.153445e-03	0.000000e+00	0.000000e+00	0.000000e+00	
601	3.163445e-03	0.000000e+00	0.000000e+00	0.000000e+00	
602	3.173445e-03	0.000000e+00	0.000000e+00	0.000000e+00	
603	3.183445e-03	0.000000e+00	0.000000e+00	0.000000e+00	
604	3.193445e-03	0.000000e+00	0.000000e+00	0.000000e+00	
605	3.203445e-03	0.000000e+00	0.000000e+00	0.000000e+00	
606	3.213445e-03	0.000000e+00	0.000000e+00	0.000000e+00	
607	3.223445e-03	0.000000e+00	0.000000e+00	0.000000e+00	
608	3.233445e-03	0.000000e+00	0.000000e+00	0.000000e+00	
609	3.243445e-03	0.000000e+00	0.000000e+00	0.000000e+00	
610	3.253445e-03	0.000000e+00	0.000000e+00	0.000000e+00	
611	3.263445e-03	0.000000e+00	0.000000e+00	0.000000e+00	
612	3.273445e-03	0.000000e+00	0.000000e+00	0.000000e+00	
613	3.283445e-03	0.000000e+00	0.000000e+00	0.000000e+00	
614	3.293445e-03	0.000000e+00	0.000000e+00	0.000000e+00	
615	3.303445e-03	0.000000e+00	0.000000e+00	0.000000e+00	
616	3.313445e-03	0.000000e+00	0.000000e+00	0.000000e+00	
617	3.323445e-03	0.000000e+00	0.000000e+00	0.000000e+00	
618	3.333445e-03	0.000000e+00	0.000000e+00	0.000000e+00	
619	3.343445e-03	0.000000e+00	0.000000e+00	0.000000e+00	
620	3.353445e-03	0.000000e+00	0.000000e+00	0.000000e+00	
621	3.363445e-03	0.000000e+00	0.000000e+00	0.000000e+00	
622	3.373445e-03	0.000000e+00	0.000000e+00	0.000000e+00	
623	3.383445e-03	0.000000e+00	0.000000e+00	0.000000e+00	
624	3.393445e-03	0.000000e+00	0.000000e+00	0.000000e+00	
625	3.403445e-03	0.000000e+00	0.000000e+00	0.000000e+00	
626	3.413445e-03	0.000000e+00	0.000000e+00	0.000000e+00	
627	3.423445e-03	0.000000e+00	0.000000e+00	0.000000e+00	
628	3.433445e-03	0.000000e+00	0.000000e+00	0.000000e+00	
629	3.443445e-03	0.000000e+00	0.000000e+00	0.000000e+00	
630	3.453445e-03	0.000000e+00	0.000000e+00	0.000000e+00	
631	3.463445e-03	0.000000e+00	0.000000e+00	0.000000e+00	
632	3.473445e-03	0.000000e+00	0.000000e+00	0.000000e+00	
633	3.483445e-03	0.000000e+00	0.000000e+00	0.000000e+00	
634	3.493445e-03	0.000000e+00	0.000000e+00	0.000000e+00	

Index   time            v3#branch       v4#branch       v5#branch       
--------------------------------------------------------------------------------
635	3.503445e-03	0.000000e+00	0.000000e+00	0.000000e+00	
636	3.513445e-03	0.000000e+00	0.000000e+00	0.000000e+00	
637	3.523445e-03	0.000000e+00	0.000000e+00	0.000000e+00	
638	3.533445e-03	0.000000e+00	0.000000e+00	0.000000e+00	
639	3.543445e-03	0.000000e+00	0.000000e+00	0.000000e+00	
640	3.553445e-03	0.000000e+00	0.000000e+00	0.000000e+00	
641	3.563445e-03	0.000000e+00	0.000000e+00	0.000000e+00	
642	3.573445e-03	0.000000e+00	0.000000e+00	0.000000e+00	
643	3.583445e-03	0.000000e+00	0.000000e+00	0.000000e+00	
644	3.593445e-03	0.000000e+00	0.000000e+00	0.000000e+00	
645	3.603445e-03	0.000000e+00	0.000000e+00	0.000000e+00	
646	3.613445e-03	0.000000e+00	0.000000e+00	0.000000e+00	
647	3.623445e-03	0.000000e+00	0.000000e+00	0.000000e+00	
648	3.633445e-03	0.000000e+00	0.000000e+00	0.000000e+00	
649	3.643445e-03	0.000000e+00	0.000000e+00	0.000000e+00	
650	3.653445e-03	0.000000e+00	0.000000e+00	0.000000e+00	
651	3.663445e-03	0.000000e+00	0.000000e+00	0.000000e+00	
652	3.673445e-03	0.000000e+00	0.000000e+00	0.000000e+00	
653	3.683445e-03	0.000000e+00	0.000000e+00	0.000000e+00	
654	3.693445e-03	0.000000e+00	0.000000e+00	0.000000e+00	
655	3.703445e-03	0.000000e+00	0.000000e+00	0.000000e+00	
656	3.713445e-03	0.000000e+00	0.000000e+00	0.000000e+00	
657	3.723445e-03	0.000000e+00	0.000000e+00	0.000000e+00	
658	3.733445e-03	0.000000e+00	0.000000e+00	0.000000e+00	
659	3.743445e-03	0.000000e+00	0.000000e+00	0.000000e+00	
660	3.753445e-03	0.000000e+00	0.000000e+00	0.000000e+00	
661	3.763445e-03	0.000000e+00	0.000000e+00	0.000000e+00	
662	3.773445e-03	0.000000e+00	0.000000e+00	0.000000e+00	
663	3.783445e-03	0.000000e+00	0.000000e+00	0.000000e+00	
664	3.793445e-03	0.000000e+00	0.000000e+00	0.000000e+00	
665	3.803445e-03	0.000000e+00	0.000000e+00	0.000000e+00	
666	3.813445e-03	0.000000e+00	0.000000e+00	0.000000e+00	
667	3.823445e-03	0.000000e+00	0.000000e+00	0.000000e+00	
668	3.833445e-03	0.000000e+00	0.000000e+00	0.000000e+00	
669	3.843445e-03	0.000000e+00	0.000000e+00	0.000000e+00	
670	3.853445e-03	0.000000e+00	0.000000e+00	0.000000e+00	
671	3.863445e-03	0.000000e+00	0.000000e+00	0.000000e+00	
672	3.873445e-03	0.000000e+00	0.000000e+00	0.000000e+00	
673	3.883445e-03	0.000000e+00	0.000000e+00	0.000000e+00	
674	3.893445e-03	0.000000e+00	0.000000e+00	0.000000e+00	
675	3.903445e-03	0.000000e+00	0.000000e+00	0.000000e+00	
676	3.913445e-03	0.000000e+00	0.000000e+00	0.000000e+00	
677	3.923445e-03	0.000000e+00	0.000000e+00	0.000000e+00	
678	3.933445e-03	0.000000e+00	0.000000e+00	0.000000e+00	
679	3.943445e-03	0.000000e+00	0.000000e+00	0.000000e+00	
680	3.953445e-03	0.000000e+00	0.000000e+00	0.000000e+00	
681	3.963445e-03	0.000000e+00	0.000000e+00	0.000000e+00	
682	3.973445e-03	0.000000e+00	0.000000e+00	0.000000e+00	
683	3.983445e-03	0.000000e+00	0.000000e+00	0.000000e+00	
684	3.993445e-03	0.000000e+00	0.000000e+00	0.000000e+00	
685	4.000000e-03	0.000000e+00	0.000000e+00	0.000000e+00	

                                kicad schematic
                                Transient Analysis  Sat Nov 01 15:23:57  2025
--------------------------------------------------------------------------------
Index   time            v6#branch       v7#branch       v8#branch       
--------------------------------------------------------------------------------
0	0.000000e+00	0.000000e+00	0.000000e+00	0.000000e+00	
1	1.000000e-10	0.000000e+00	0.000000e+00	0.000000e+00	
2	2.000000e-10	0.000000e+00	0.000000e+00	0.000000e+00	
3	4.000000e-10	0.000000e+00	0.000000e+00	0.000000e+00	
4	8.000000e-10	0.000000e+00	0.000000e+00	0.000000e+00	
5	1.600000e-09	0.000000e+00	0.000000e+00	0.000000e+00	
6	3.200000e-09	0.000000e+00	0.000000e+00	0.000000e+00	
7	6.400000e-09	0.000000e+00	0.000000e+00	0.000000e+00	
8	8.200000e-09	0.000000e+00	0.000000e+00	0.000000e+00	
9	8.210000e-09	0.000000e+00	0.000000e+00	0.000000e+00	
10	8.230000e-09	0.000000e+00	0.000000e+00	0.000000e+00	
11	8.270000e-09	0.000000e+00	0.000000e+00	0.000000e+00	
12	8.300000e-09	0.000000e+00	0.000000e+00	0.000000e+00	
13	8.308000e-09	0.000000e+00	0.000000e+00	0.000000e+00	
14	8.324000e-09	0.000000e+00	0.000000e+00	0.000000e+00	
15	8.356000e-09	0.000000e+00	0.000000e+00	0.000000e+00	
16	8.420000e-09	0.000000e+00	0.000000e+00	0.000000e+00	
17	8.548000e-09	0.000000e+00	0.000000e+00	0.000000e+00	
18	8.804000e-09	0.000000e+00	0.000000e+00	0.000000e+00	
19	9.316000e-09	0.000000e+00	0.000000e+00	0.000000e+00	
20	1.000000e-08	0.000000e+00	0.000000e+00	0.000000e+00	
21	1.010240e-08	0.000000e+00	0.000000e+00	0.000000e+00	
22	1.030720e-08	0.000000e+00	0.000000e+00	0.000000e+00	
23	1.071680e-08	0.000000e+00	0.000000e+00	0.000000e+00	
24	1.140000e-08	0.000000e+00	0.000000e+00	0.000000e+00	
25	1.148192e-08	0.000000e+00	0.000000e+00	0.000000e+00	
26	1.164576e-08	0.000000e+00	0.000000e+00	0.000000e+00	
27	1.197344e-08	0.000000e+00	0.000000e+00	0.000000e+00	
28	1.230000e-08	0.000000e+00	0.000000e+00	0.000000e+00	
29	1.236554e-08	0.000000e+00	0.000000e+00	0.000000e+00	
30	1.249661e-08	0.000000e+00	0.000000e+00	0.000000e+00	
31	1.275875e-08	0.000000e+00	0.000000e+00	0.000000e+00	
32	1.320000e-08	0.000000e+00	0.000000e+00	0.000000e+00	
33	1.321000e-08	0.000000e+00	0.000000e+00	0.000000e+00	
34	1.323000e-08	0.000000e+00	0.000000e+00	0.000000e+00	
35	1.327000e-08	0.000000e+00	0.000000e+00	0.000000e+00	
36	1.330000e-08	0.000000e+00	0.000000e+00	0.000000e+00	
37	1.330800e-08	0.000000e+00	0.000000e+00	0.000000e+00	
38	1.332400e-08	0.000000e+00	0.000000e+00	0.000000e+00	
39	1.335600e-08	0.000000e+00	0.000000e+00	0.000000e+00	
40	1.342000e-08	0.000000e+00	0.000000e+00	0.000000e+00	
41	1.354800e-08	0.000000e+00	0.000000e+00	0.000000e+00	
42	1.380400e-08	0.000000e+00	0.000000e+00	0.000000e+00	
43	1.431600e-08	0.000000e+00	0.000000e+00	0.000000e+00	
44	1.534000e-08	0.000000e+00	0.000000e+00	0.000000e+00	
45	1.738800e-08	0.000000e+00	0.000000e+00	0.000000e+00	
46	2.148400e-08	0.000000e+00	0.000000e+00	0.000000e+00	
47	2.967600e-08	0.000000e+00	0.000000e+00	0.000000e+00	
48	4.606000e-08	0.000000e+00	0.000000e+00	0.000000e+00	
49	7.882800e-08	0.000000e+00	0.000000e+00	0.000000e+00	
50	1.443640e-07	0.000000e+00	0.000000e+00	0.000000e+00	
51	2.754360e-07	0.000000e+00	0.000000e+00	0.000000e+00	
52	5.375800e-07	0.000000e+00	0.000000e+00	0.000000e+00	
53	1.061868e-06	0.000000e+00	0.000000e+00	0.000000e+00	
54	2.110444e-06	0.000000e+00	0.000000e+00	0.000000e+00	

Index   time            v6#branch       v7#branch       v8#branch       
--------------------------------------------------------------------------------
55	4.207596e-06	0.000000e+00	0.000000e+00	0.000000e+00	
56	8.401900e-06	0.000000e+00	0.000000e+00	0.000000e+00	
57	1.679051e-05	0.000000e+00	0.000000e+00	0.000000e+00	
58	2.679051e-05	0.000000e+00	0.000000e+00	0.000000e+00	
59	3.679051e-05	0.000000e+00	0.000000e+00	0.000000e+00	
60	4.679051e-05	0.000000e+00	0.000000e+00	0.000000e+00	
61	5.679051e-05	0.000000e+00	0.000000e+00	0.000000e+00	
62	6.679051e-05	0.000000e+00	0.000000e+00	0.000000e+00	
63	7.679051e-05	0.000000e+00	0.000000e+00	0.000000e+00	
64	8.679051e-05	0.000000e+00	0.000000e+00	0.000000e+00	
65	9.679051e-05	0.000000e+00	0.000000e+00	0.000000e+00	
66	1.067905e-04	0.000000e+00	0.000000e+00	0.000000e+00	
67	1.167905e-04	0.000000e+00	0.000000e+00	0.000000e+00	
68	1.267905e-04	0.000000e+00	0.000000e+00	0.000000e+00	
69	1.367905e-04	0.000000e+00	0.000000e+00	0.000000e+00	
70	1.467905e-04	0.000000e+00	0.000000e+00	0.000000e+00	
71	1.567905e-04	0.000000e+00	0.000000e+00	0.000000e+00	
72	1.667905e-04	0.000000e+00	0.000000e+00	0.000000e+00	
73	1.767905e-04	0.000000e+00	0.000000e+00	0.000000e+00	
74	1.867905e-04	0.000000e+00	0.000000e+00	0.000000e+00	
75	1.967905e-04	0.000000e+00	0.000000e+00	0.000000e+00	
76	2.067905e-04	0.000000e+00	0.000000e+00	0.000000e+00	
77	2.167905e-04	0.000000e+00	0.000000e+00	0.000000e+00	
78	2.267905e-04	0.000000e+00	0.000000e+00	0.000000e+00	
79	2.367905e-04	0.000000e+00	0.000000e+00	0.000000e+00	
80	2.467905e-04	0.000000e+00	0.000000e+00	0.000000e+00	
81	2.567905e-04	0.000000e+00	0.000000e+00	0.000000e+00	
82	2.667905e-04	0.000000e+00	0.000000e+00	0.000000e+00	
83	2.767905e-04	0.000000e+00	0.000000e+00	0.000000e+00	
84	2.867905e-04	0.000000e+00	0.000000e+00	0.000000e+00	
85	2.967905e-04	0.000000e+00	0.000000e+00	0.000000e+00	
86	3.067905e-04	0.000000e+00	0.000000e+00	0.000000e+00	
87	3.167905e-04	0.000000e+00	0.000000e+00	0.000000e+00	
88	3.267905e-04	0.000000e+00	0.000000e+00	0.000000e+00	
89	3.367905e-04	0.000000e+00	0.000000e+00	0.000000e+00	
90	3.467905e-04	0.000000e+00	0.000000e+00	0.000000e+00	
91	3.567905e-04	0.000000e+00	0.000000e+00	0.000000e+00	
92	3.667905e-04	0.000000e+00	0.000000e+00	0.000000e+00	
93	3.767905e-04	0.000000e+00	0.000000e+00	0.000000e+00	
94	3.867905e-04	0.000000e+00	0.000000e+00	0.000000e+00	
95	3.967905e-04	0.000000e+00	0.000000e+00	0.000000e+00	
96	4.067905e-04	0.000000e+00	0.000000e+00	0.000000e+00	
97	4.167905e-04	0.000000e+00	0.000000e+00	0.000000e+00	
98	4.267905e-04	0.000000e+00	0.000000e+00	0.000000e+00	
99	4.367905e-04	0.000000e+00	0.000000e+00	0.000000e+00	
100	4.467905e-04	0.000000e+00	0.000000e+00	0.000000e+00	
101	4.567905e-04	0.000000e+00	0.000000e+00	0.000000e+00	
102	4.667905e-04	0.000000e+00	0.000000e+00	0.000000e+00	
103	4.767905e-04	0.000000e+00	0.000000e+00	0.000000e+00	
104	4.867905e-04	0.000000e+00	0.000000e+00	0.000000e+00	
105	4.967905e-04	0.000000e+00	0.000000e+00	0.000000e+00	
106	5.067905e-04	0.000000e+00	0.000000e+00	0.000000e+00	
107	5.167905e-04	0.000000e+00	0.000000e+00	0.000000e+00	
108	5.267905e-04	0.000000e+00	0.000000e+00	0.000000e+00	
109	5.367905e-04	0.000000e+00	0.000000e+00	0.000000e+00	
110	5.467905e-04	0.000000e+00	0.000000e+00	0.000000e+00	
111	5.567905e-04	0.000000e+00	0.000000e+00	0.000000e+00	
112	5.667905e-04	0.000000e+00	0.000000e+00	0.000000e+00	

Index   time            v6#branch       v7#branch       v8#branch       
--------------------------------------------------------------------------------
113	5.767905e-04	0.000000e+00	0.000000e+00	0.000000e+00	
114	5.867905e-04	0.000000e+00	0.000000e+00	0.000000e+00	
115	5.967905e-04	0.000000e+00	0.000000e+00	0.000000e+00	
116	6.067905e-04	0.000000e+00	0.000000e+00	0.000000e+00	
117	6.167905e-04	0.000000e+00	0.000000e+00	0.000000e+00	
118	6.267905e-04	0.000000e+00	0.000000e+00	0.000000e+00	
119	6.367905e-04	0.000000e+00	0.000000e+00	0.000000e+00	
120	6.467905e-04	0.000000e+00	0.000000e+00	0.000000e+00	
121	6.567905e-04	0.000000e+00	0.000000e+00	0.000000e+00	
122	6.667905e-04	0.000000e+00	0.000000e+00	0.000000e+00	
123	6.767905e-04	0.000000e+00	0.000000e+00	0.000000e+00	
124	6.867905e-04	0.000000e+00	0.000000e+00	0.000000e+00	
125	6.967905e-04	0.000000e+00	0.000000e+00	0.000000e+00	
126	7.067905e-04	0.000000e+00	0.000000e+00	0.000000e+00	
127	7.167905e-04	0.000000e+00	0.000000e+00	0.000000e+00	
128	7.267905e-04	0.000000e+00	0.000000e+00	0.000000e+00	
129	7.367905e-04	0.000000e+00	0.000000e+00	0.000000e+00	
130	7.467905e-04	0.000000e+00	0.000000e+00	0.000000e+00	
131	7.567905e-04	0.000000e+00	0.000000e+00	0.000000e+00	
132	7.667905e-04	0.000000e+00	0.000000e+00	0.000000e+00	
133	7.767905e-04	0.000000e+00	0.000000e+00	0.000000e+00	
134	7.867905e-04	0.000000e+00	0.000000e+00	0.000000e+00	
135	7.967905e-04	0.000000e+00	0.000000e+00	0.000000e+00	
136	8.067905e-04	0.000000e+00	0.000000e+00	0.000000e+00	
137	8.167905e-04	0.000000e+00	0.000000e+00	0.000000e+00	
138	8.267905e-04	0.000000e+00	0.000000e+00	0.000000e+00	
139	8.367905e-04	0.000000e+00	0.000000e+00	0.000000e+00	
140	8.467905e-04	0.000000e+00	0.000000e+00	0.000000e+00	
141	8.567905e-04	0.000000e+00	0.000000e+00	0.000000e+00	
142	8.667905e-04	0.000000e+00	0.000000e+00	0.000000e+00	
143	8.767905e-04	0.000000e+00	0.000000e+00	0.000000e+00	
144	8.867905e-04	0.000000e+00	0.000000e+00	0.000000e+00	
145	8.967905e-04	0.000000e+00	0.000000e+00	0.000000e+00	
146	9.067905e-04	0.000000e+00	0.000000e+00	0.000000e+00	
147	9.167905e-04	0.000000e+00	0.000000e+00	0.000000e+00	
148	9.267905e-04	0.000000e+00	0.000000e+00	0.000000e+00	
149	9.367905e-04	0.000000e+00	0.000000e+00	0.000000e+00	
150	9.467905e-04	0.000000e+00	0.000000e+00	0.000000e+00	
151	9.567905e-04	0.000000e+00	0.000000e+00	0.000000e+00	
152	9.667905e-04	0.000000e+00	0.000000e+00	0.000000e+00	
153	9.767905e-04	0.000000e+00	0.000000e+00	0.000000e+00	
154	9.867905e-04	0.000000e+00	0.000000e+00	0.000000e+00	
155	9.967905e-04	0.000000e+00	0.000000e+00	0.000000e+00	
156	1.000010e-03	0.000000e+00	0.000000e+00	0.000000e+00	
157	1.000011e-03	0.000000e+00	0.000000e+00	0.000000e+00	
158	1.000013e-03	0.000000e+00	0.000000e+00	0.000000e+00	
159	1.000017e-03	0.000000e+00	0.000000e+00	0.000000e+00	
160	1.000018e-03	0.000000e+00	0.000000e+00	0.000000e+00	
161	1.000018e-03	0.000000e+00	0.000000e+00	0.000000e+00	
162	1.000018e-03	0.000000e+00	0.000000e+00	0.000000e+00	
163	1.000018e-03	0.000000e+00	0.000000e+00	0.000000e+00	
164	1.000018e-03	0.000000e+00	0.000000e+00	0.000000e+00	
165	1.000018e-03	0.000000e+00	0.000000e+00	0.000000e+00	
166	1.000018e-03	0.000000e+00	0.000000e+00	0.000000e+00	
167	1.000018e-03	0.000000e+00	0.000000e+00	0.000000e+00	
168	1.000018e-03	0.000000e+00	0.000000e+00	0.000000e+00	
169	1.000018e-03	0.000000e+00	0.000000e+00	0.000000e+00	
170	1.000019e-03	0.000000e+00	0.000000e+00	0.000000e+00	

Index   time            v6#branch       v7#branch       v8#branch       
--------------------------------------------------------------------------------
171	1.000019e-03	0.000000e+00	0.000000e+00	0.000000e+00	
172	1.000020e-03	0.000000e+00	0.000000e+00	0.000000e+00	
173	1.000020e-03	0.000000e+00	0.000000e+00	0.000000e+00	
174	1.000020e-03	0.000000e+00	0.000000e+00	0.000000e+00	
175	1.000021e-03	0.000000e+00	0.000000e+00	0.000000e+00	
176	1.000022e-03	0.000000e+00	0.000000e+00	0.000000e+00	
177	1.000022e-03	0.000000e+00	0.000000e+00	0.000000e+00	
178	1.000022e-03	0.000000e+00	0.000000e+00	0.000000e+00	
179	1.000022e-03	0.000000e+00	0.000000e+00	0.000000e+00	
180	1.000023e-03	0.000000e+00	0.000000e+00	0.000000e+00	
181	1.000023e-03	0.000000e+00	0.000000e+00	0.000000e+00	
182	1.000023e-03	0.000000e+00	0.000000e+00	0.000000e+00	
183	1.000023e-03	0.000000e+00	0.000000e+00	0.000000e+00	
184	1.000023e-03	0.000000e+00	0.000000e+00	0.000000e+00	
185	1.000023e-03	0.000000e+00	0.000000e+00	0.000000e+00	
186	1.000023e-03	0.000000e+00	0.000000e+00	0.000000e+00	
187	1.000023e-03	0.000000e+00	0.000000e+00	0.000000e+00	
188	1.000023e-03	0.000000e+00	0.000000e+00	0.000000e+00	
189	1.000023e-03	0.000000e+00	0.000000e+00	0.000000e+00	
190	1.000023e-03	0.000000e+00	0.000000e+00	0.000000e+00	
191	1.000023e-03	0.000000e+00	0.000000e+00	0.000000e+00	
192	1.000023e-03	0.000000e+00	0.000000e+00	0.000000e+00	
193	1.000023e-03	0.000000e+00	0.000000e+00	0.000000e+00	
194	1.000023e-03	0.000000e+00	0.000000e+00	0.000000e+00	
195	1.000023e-03	0.000000e+00	0.000000e+00	0.000000e+00	
196	1.000023e-03	0.000000e+00	0.000000e+00	0.000000e+00	
197	1.000023e-03	0.000000e+00	0.000000e+00	0.000000e+00	
198	1.000023e-03	0.000000e+00	0.000000e+00	0.000000e+00	
199	1.000023e-03	0.000000e+00	0.000000e+00	0.000000e+00	
200	1.000023e-03	0.000000e+00	0.000000e+00	0.000000e+00	
201	1.000023e-03	0.000000e+00	0.000000e+00	0.000000e+00	
202	1.000023e-03	0.000000e+00	0.000000e+00	0.000000e+00	
203	1.000023e-03	0.000000e+00	0.000000e+00	0.000000e+00	
204	1.000024e-03	0.000000e+00	0.000000e+00	0.000000e+00	
205	1.000024e-03	0.000000e+00	0.000000e+00	0.000000e+00	
206	1.000025e-03	0.000000e+00	0.000000e+00	0.000000e+00	
207	1.000026e-03	0.000000e+00	0.000000e+00	0.000000e+00	
208	1.000030e-03	0.000000e+00	0.000000e+00	0.000000e+00	
209	1.000036e-03	0.000000e+00	0.000000e+00	0.000000e+00	
210	1.000049e-03	0.000000e+00	0.000000e+00	0.000000e+00	
211	1.000076e-03	0.000000e+00	0.000000e+00	0.000000e+00	
212	1.000128e-03	0.000000e+00	0.000000e+00	0.000000e+00	
213	1.000233e-03	0.000000e+00	0.000000e+00	0.000000e+00	
214	1.000443e-03	0.000000e+00	0.000000e+00	0.000000e+00	
215	1.000862e-03	0.000000e+00	0.000000e+00	0.000000e+00	
216	1.001701e-03	0.000000e+00	0.000000e+00	0.000000e+00	
217	1.003379e-03	0.000000e+00	0.000000e+00	0.000000e+00	
218	1.006734e-03	0.000000e+00	0.000000e+00	0.000000e+00	
219	1.013445e-03	0.000000e+00	0.000000e+00	0.000000e+00	
220	1.023445e-03	0.000000e+00	0.000000e+00	0.000000e+00	
221	1.033445e-03	0.000000e+00	0.000000e+00	0.000000e+00	
222	1.043445e-03	0.000000e+00	0.000000e+00	0.000000e+00	
223	1.053445e-03	0.000000e+00	0.000000e+00	0.000000e+00	
224	1.063445e-03	0.000000e+00	0.000000e+00	0.000000e+00	
225	1.073445e-03	0.000000e+00	0.000000e+00	0.000000e+00	
226	1.083445e-03	0.000000e+00	0.000000e+00	0.000000e+00	
227	1.093445e-03	0.000000e+00	0.000000e+00	0.000000e+00	
228	1.103445e-03	0.000000e+00	0.000000e+00	0.000000e+00	

Index   time            v6#branch       v7#branch       v8#branch       
--------------------------------------------------------------------------------
229	1.113445e-03	0.000000e+00	0.000000e+00	0.000000e+00	
230	1.123445e-03	0.000000e+00	0.000000e+00	0.000000e+00	
231	1.133445e-03	0.000000e+00	0.000000e+00	0.000000e+00	
232	1.143445e-03	0.000000e+00	0.000000e+00	0.000000e+00	
233	1.153445e-03	0.000000e+00	0.000000e+00	0.000000e+00	
234	1.163445e-03	0.000000e+00	0.000000e+00	0.000000e+00	
235	1.173445e-03	0.000000e+00	0.000000e+00	0.000000e+00	
236	1.183445e-03	0.000000e+00	0.000000e+00	0.000000e+00	
237	1.193445e-03	0.000000e+00	0.000000e+00	0.000000e+00	
238	1.203445e-03	0.000000e+00	0.000000e+00	0.000000e+00	
239	1.213445e-03	0.000000e+00	0.000000e+00	0.000000e+00	
240	1.223445e-03	0.000000e+00	0.000000e+00	0.000000e+00	
241	1.233445e-03	0.000000e+00	0.000000e+00	0.000000e+00	
242	1.243445e-03	0.000000e+00	0.000000e+00	0.000000e+00	
243	1.253445e-03	0.000000e+00	0.000000e+00	0.000000e+00	
244	1.263445e-03	0.000000e+00	0.000000e+00	0.000000e+00	
245	1.273445e-03	0.000000e+00	0.000000e+00	0.000000e+00	
246	1.283445e-03	0.000000e+00	0.000000e+00	0.000000e+00	
247	1.293445e-03	0.000000e+00	0.000000e+00	0.000000e+00	
248	1.303445e-03	0.000000e+00	0.000000e+00	0.000000e+00	
249	1.313445e-03	0.000000e+00	0.000000e+00	0.000000e+00	
250	1.323445e-03	0.000000e+00	0.000000e+00	0.000000e+00	
251	1.333445e-03	0.000000e+00	0.000000e+00	0.000000e+00	
252	1.343445e-03	0.000000e+00	0.000000e+00	0.000000e+00	
253	1.353445e-03	0.000000e+00	0.000000e+00	0.000000e+00	
254	1.363445e-03	0.000000e+00	0.000000e+00	0.000000e+00	
255	1.373445e-03	0.000000e+00	0.000000e+00	0.000000e+00	
256	1.383445e-03	0.000000e+00	0.000000e+00	0.000000e+00	
257	1.393445e-03	0.000000e+00	0.000000e+00	0.000000e+00	
258	1.403445e-03	0.000000e+00	0.000000e+00	0.000000e+00	
259	1.413445e-03	0.000000e+00	0.000000e+00	0.000000e+00	
260	1.423445e-03	0.000000e+00	0.000000e+00	0.000000e+00	
261	1.433445e-03	0.000000e+00	0.000000e+00	0.000000e+00	
262	1.443445e-03	0.000000e+00	0.000000e+00	0.000000e+00	
263	1.453445e-03	0.000000e+00	0.000000e+00	0.000000e+00	
264	1.463445e-03	0.000000e+00	0.000000e+00	0.000000e+00	
265	1.473445e-03	0.000000e+00	0.000000e+00	0.000000e+00	
266	1.483445e-03	0.000000e+00	0.000000e+00	0.000000e+00	
267	1.493445e-03	0.000000e+00	0.000000e+00	0.000000e+00	
268	1.503445e-03	0.000000e+00	0.000000e+00	0.000000e+00	
269	1.513445e-03	0.000000e+00	0.000000e+00	0.000000e+00	
270	1.523445e-03	0.000000e+00	0.000000e+00	0.000000e+00	
271	1.533445e-03	0.000000e+00	0.000000e+00	0.000000e+00	
272	1.543445e-03	0.000000e+00	0.000000e+00	0.000000e+00	
273	1.553445e-03	0.000000e+00	0.000000e+00	0.000000e+00	
274	1.563445e-03	0.000000e+00	0.000000e+00	0.000000e+00	
275	1.573445e-03	0.000000e+00	0.000000e+00	0.000000e+00	
276	1.583445e-03	0.000000e+00	0.000000e+00	0.000000e+00	
277	1.593445e-03	0.000000e+00	0.000000e+00	0.000000e+00	
278	1.603445e-03	0.000000e+00	0.000000e+00	0.000000e+00	
279	1.613445e-03	0.000000e+00	0.000000e+00	0.000000e+00	
280	1.623445e-03	0.000000e+00	0.000000e+00	0.000000e+00	
281	1.633445e-03	0.000000e+00	0.000000e+00	0.000000e+00	
282	1.643445e-03	0.000000e+00	0.000000e+00	0.000000e+00	
283	1.653445e-03	0.000000e+00	0.000000e+00	0.000000e+00	
284	1.663445e-03	0.000000e+00	0.000000e+00	0.000000e+00	
285	1.673445e-03	0.000000e+00	0.000000e+00	0.000000e+00	
286	1.683445e-03	0.000000e+00	0.000000e+00	0.000000e+00	

Index   time            v6#branch       v7#branch       v8#branch       
--------------------------------------------------------------------------------
287	1.693445e-03	0.000000e+00	0.000000e+00	0.000000e+00	
288	1.703445e-03	0.000000e+00	0.000000e+00	0.000000e+00	
289	1.713445e-03	0.000000e+00	0.000000e+00	0.000000e+00	
290	1.723445e-03	0.000000e+00	0.000000e+00	0.000000e+00	
291	1.733445e-03	0.000000e+00	0.000000e+00	0.000000e+00	
292	1.743445e-03	0.000000e+00	0.000000e+00	0.000000e+00	
293	1.753445e-03	0.000000e+00	0.000000e+00	0.000000e+00	
294	1.763445e-03	0.000000e+00	0.000000e+00	0.000000e+00	
295	1.773445e-03	0.000000e+00	0.000000e+00	0.000000e+00	
296	1.783445e-03	0.000000e+00	0.000000e+00	0.000000e+00	
297	1.793445e-03	0.000000e+00	0.000000e+00	0.000000e+00	
298	1.803445e-03	0.000000e+00	0.000000e+00	0.000000e+00	
299	1.813445e-03	0.000000e+00	0.000000e+00	0.000000e+00	
300	1.823445e-03	0.000000e+00	0.000000e+00	0.000000e+00	
301	1.833445e-03	0.000000e+00	0.000000e+00	0.000000e+00	
302	1.843445e-03	0.000000e+00	0.000000e+00	0.000000e+00	
303	1.853445e-03	0.000000e+00	0.000000e+00	0.000000e+00	
304	1.863445e-03	0.000000e+00	0.000000e+00	0.000000e+00	
305	1.873445e-03	0.000000e+00	0.000000e+00	0.000000e+00	
306	1.883445e-03	0.000000e+00	0.000000e+00	0.000000e+00	
307	1.893445e-03	0.000000e+00	0.000000e+00	0.000000e+00	
308	1.903445e-03	0.000000e+00	0.000000e+00	0.000000e+00	
309	1.913445e-03	0.000000e+00	0.000000e+00	0.000000e+00	
310	1.923445e-03	0.000000e+00	0.000000e+00	0.000000e+00	
311	1.933445e-03	0.000000e+00	0.000000e+00	0.000000e+00	
312	1.943445e-03	0.000000e+00	0.000000e+00	0.000000e+00	
313	1.953445e-03	0.000000e+00	0.000000e+00	0.000000e+00	
314	1.963445e-03	0.000000e+00	0.000000e+00	0.000000e+00	
315	1.973445e-03	0.000000e+00	0.000000e+00	0.000000e+00	
316	1.983445e-03	0.000000e+00	0.000000e+00	0.000000e+00	
317	1.993445e-03	0.000000e+00	0.000000e+00	0.000000e+00	
318	2.000000e-03	0.000000e+00	0.000000e+00	0.000000e+00	
319	2.000001e-03	0.000000e+00	0.000000e+00	0.000000e+00	
320	2.000003e-03	0.000000e+00	0.000000e+00	0.000000e+00	
321	2.000007e-03	0.000000e+00	0.000000e+00	0.000000e+00	
322	2.000008e-03	0.000000e+00	0.000000e+00	0.000000e+00	
323	2.000008e-03	0.000000e+00	0.000000e+00	0.000000e+00	
324	2.000008e-03	0.000000e+00	0.000000e+00	0.000000e+00	
325	2.000008e-03	0.000000e+00	0.000000e+00	0.000000e+00	
326	2.000008e-03	0.000000e+00	0.000000e+00	0.000000e+00	
327	2.000008e-03	0.000000e+00	0.000000e+00	0.000000e+00	
328	2.000008e-03	0.000000e+00	0.000000e+00	0.000000e+00	
329	2.000008e-03	0.000000e+00	0.000000e+00	0.000000e+00	
330	2.000008e-03	0.000000e+00	0.000000e+00	0.000000e+00	
331	2.000008e-03	0.000000e+00	0.000000e+00	0.000000e+00	
332	2.000009e-03	0.000000e+00	0.000000e+00	0.000000e+00	
333	2.000009e-03	0.000000e+00	0.000000e+00	0.000000e+00	
334	2.000010e-03	0.000000e+00	0.000000e+00	0.000000e+00	
335	2.000010e-03	0.000000e+00	0.000000e+00	0.000000e+00	
336	2.000010e-03	0.000000e+00	0.000000e+00	0.000000e+00	
337	2.000011e-03	0.000000e+00	0.000000e+00	0.000000e+00	
338	2.000012e-03	0.000000e+00	0.000000e+00	0.000000e+00	
339	2.000012e-03	0.000000e+00	0.000000e+00	0.000000e+00	
340	2.000012e-03	0.000000e+00	0.000000e+00	0.000000e+00	
341	2.000012e-03	0.000000e+00	0.000000e+00	0.000000e+00	
342	2.000013e-03	0.000000e+00	0.000000e+00	0.000000e+00	
343	2.000013e-03	0.000000e+00	0.000000e+00	0.000000e+00	
344	2.000013e-03	0.000000e+00	0.000000e+00	0.000000e+00	

Index   time            v6#branch       v7#branch       v8#branch       
--------------------------------------------------------------------------------
345	2.000013e-03	0.000000e+00	0.000000e+00	0.000000e+00	
346	2.000013e-03	0.000000e+00	0.000000e+00	0.000000e+00	
347	2.000013e-03	0.000000e+00	0.000000e+00	0.000000e+00	
348	2.000013e-03	0.000000e+00	0.000000e+00	0.000000e+00	
349	2.000013e-03	0.000000e+00	0.000000e+00	0.000000e+00	
350	2.000013e-03	0.000000e+00	0.000000e+00	0.000000e+00	
351	2.000013e-03	0.000000e+00	0.000000e+00	0.000000e+00	
352	2.000013e-03	0.000000e+00	0.000000e+00	0.000000e+00	
353	2.000013e-03	0.000000e+00	0.000000e+00	0.000000e+00	
354	2.000013e-03	0.000000e+00	0.000000e+00	0.000000e+00	
355	2.000013e-03	0.000000e+00	0.000000e+00	0.000000e+00	
356	2.000013e-03	0.000000e+00	0.000000e+00	0.000000e+00	
357	2.000013e-03	0.000000e+00	0.000000e+00	0.000000e+00	
358	2.000013e-03	0.000000e+00	0.000000e+00	0.000000e+00	
359	2.000013e-03	0.000000e+00	0.000000e+00	0.000000e+00	
360	2.000013e-03	0.000000e+00	0.000000e+00	0.000000e+00	
361	2.000013e-03	0.000000e+00	0.000000e+00	0.000000e+00	
362	2.000013e-03	0.000000e+00	0.000000e+00	0.000000e+00	
363	2.000013e-03	0.000000e+00	0.000000e+00	0.000000e+00	
364	2.000013e-03	0.000000e+00	0.000000e+00	0.000000e+00	
365	2.000013e-03	0.000000e+00	0.000000e+00	0.000000e+00	
366	2.000013e-03	0.000000e+00	0.000000e+00	0.000000e+00	
367	2.000013e-03	0.000000e+00	0.000000e+00	0.000000e+00	
368	2.000013e-03	0.000000e+00	0.000000e+00	0.000000e+00	
369	2.000013e-03	0.000000e+00	0.000000e+00	0.000000e+00	
370	2.000014e-03	0.000000e+00	0.000000e+00	0.000000e+00	
371	2.000014e-03	0.000000e+00	0.000000e+00	0.000000e+00	
372	2.000015e-03	0.000000e+00	0.000000e+00	0.000000e+00	
373	2.000016e-03	0.000000e+00	0.000000e+00	0.000000e+00	
374	2.000017e-03	0.000000e+00	0.000000e+00	0.000000e+00	
375	2.000017e-03	0.000000e+00	0.000000e+00	0.000000e+00	
376	2.000017e-03	0.000000e+00	0.000000e+00	0.000000e+00	
377	2.000017e-03	0.000000e+00	0.000000e+00	0.000000e+00	
378	2.000017e-03	0.000000e+00	0.000000e+00	0.000000e+00	
379	2.000017e-03	0.000000e+00	0.000000e+00	0.000000e+00	
380	2.000017e-03	0.000000e+00	0.000000e+00	0.000000e+00	
381	2.000017e-03	0.000000e+00	0.000000e+00	0.000000e+00	
382	2.000017e-03	0.000000e+00	0.000000e+00	0.000000e+00	
383	2.000017e-03	0.000000e+00	0.000000e+00	0.000000e+00	
384	2.000018e-03	0.000000e+00	0.000000e+00	0.000000e+00	
385	2.000018e-03	0.000000e+00	0.000000e+00	0.000000e+00	
386	2.000019e-03	0.000000e+00	0.000000e+00	0.000000e+00	
387	2.000020e-03	0.000000e+00	0.000000e+00	0.000000e+00	
388	2.000020e-03	0.000000e+00	0.000000e+00	0.000000e+00	
389	2.000020e-03	0.000000e+00	0.000000e+00	0.000000e+00	
390	2.000020e-03	0.000000e+00	0.000000e+00	0.000000e+00	
391	2.000020e-03	0.000000e+00	0.000000e+00	0.000000e+00	
392	2.000020e-03	0.000000e+00	0.000000e+00	0.000000e+00	
393	2.000020e-03	0.000000e+00	0.000000e+00	0.000000e+00	
394	2.000020e-03	0.000000e+00	0.000000e+00	0.000000e+00	
395	2.000020e-03	0.000000e+00	0.000000e+00	0.000000e+00	
396	2.000021e-03	0.000000e+00	0.000000e+00	0.000000e+00	
397	2.000021e-03	0.000000e+00	0.000000e+00	0.000000e+00	
398	2.000021e-03	0.000000e+00	0.000000e+00	0.000000e+00	
399	2.000021e-03	0.000000e+00	0.000000e+00	0.000000e+00	
400	2.000021e-03	0.000000e+00	0.000000e+00	0.000000e+00	
401	2.000021e-03	0.000000e+00	0.000000e+00	0.000000e+00	
402	2.000021e-03	0.000000e+00	0.000000e+00	0.000000e+00	

Index   time            v6#branch       v7#branch       v8#branch       
--------------------------------------------------------------------------------
403	2.000021e-03	0.000000e+00	0.000000e+00	0.000000e+00	
404	2.000021e-03	0.000000e+00	0.000000e+00	0.000000e+00	
405	2.000021e-03	0.000000e+00	0.000000e+00	0.000000e+00	
406	2.000021e-03	0.000000e+00	0.000000e+00	0.000000e+00	
407	2.000021e-03	0.000000e+00	0.000000e+00	0.000000e+00	
408	2.000021e-03	0.000000e+00	0.000000e+00	0.000000e+00	
409	2.000021e-03	0.000000e+00	0.000000e+00	0.000000e+00	
410	2.000022e-03	0.000000e+00	0.000000e+00	0.000000e+00	
411	2.000023e-03	0.000000e+00	0.000000e+00	0.000000e+00	
412	2.000024e-03	0.000000e+00	0.000000e+00	0.000000e+00	
413	2.000028e-03	0.000000e+00	0.000000e+00	0.000000e+00	
414	2.000035e-03	0.000000e+00	0.000000e+00	0.000000e+00	
415	2.000049e-03	0.000000e+00	0.000000e+00	0.000000e+00	
416	2.000078e-03	0.000000e+00	0.000000e+00	0.000000e+00	
417	2.000134e-03	0.000000e+00	0.000000e+00	0.000000e+00	
418	2.000248e-03	0.000000e+00	0.000000e+00	0.000000e+00	
419	2.000475e-03	0.000000e+00	0.000000e+00	0.000000e+00	
420	2.000929e-03	0.000000e+00	0.000000e+00	0.000000e+00	
421	2.001837e-03	0.000000e+00	0.000000e+00	0.000000e+00	
422	2.003653e-03	0.000000e+00	0.000000e+00	0.000000e+00	
423	2.007285e-03	0.000000e+00	0.000000e+00	0.000000e+00	
424	2.014548e-03	0.000000e+00	0.000000e+00	0.000000e+00	
425	2.024548e-03	0.000000e+00	0.000000e+00	0.000000e+00	
426	2.034548e-03	0.000000e+00	0.000000e+00	0.000000e+00	
427	2.044548e-03	0.000000e+00	0.000000e+00	0.000000e+00	
428	2.054548e-03	0.000000e+00	0.000000e+00	0.000000e+00	
429	2.064548e-03	0.000000e+00	0.000000e+00	0.000000e+00	
430	2.074548e-03	0.000000e+00	0.000000e+00	0.000000e+00	
431	2.084548e-03	0.000000e+00	0.000000e+00	0.000000e+00	
432	2.094548e-03	0.000000e+00	0.000000e+00	0.000000e+00	
433	2.104548e-03	0.000000e+00	0.000000e+00	0.000000e+00	
434	2.114548e-03	0.000000e+00	0.000000e+00	0.000000e+00	
435	2.124548e-03	0.000000e+00	0.000000e+00	0.000000e+00	
436	2.134548e-03	0.000000e+00	0.000000e+00	0.000000e+00	
437	2.144548e-03	0.000000e+00	0.000000e+00	0.000000e+00	
438	2.154548e-03	0.000000e+00	0.000000e+00	0.000000e+00	
439	2.164548e-03	0.000000e+00	0.000000e+00	0.000000e+00	
440	2.174548e-03	0.000000e+00	0.000000e+00	0.000000e+00	
441	2.184548e-03	0.000000e+00	0.000000e+00	0.000000e+00	
442	2.194548e-03	0.000000e+00	0.000000e+00	0.000000e+00	
443	2.204548e-03	0.000000e+00	0.000000e+00	0.000000e+00	
444	2.214548e-03	0.000000e+00	0.000000e+00	0.000000e+00	
445	2.224548e-03	0.000000e+00	0.000000e+00	0.000000e+00	
446	2.234548e-03	0.000000e+00	0.000000e+00	0.000000e+00	
447	2.244548e-03	0.000000e+00	0.000000e+00	0.000000e+00	
448	2.254548e-03	0.000000e+00	0.000000e+00	0.000000e+00	
449	2.264548e-03	0.000000e+00	0.000000e+00	0.000000e+00	
450	2.274548e-03	0.000000e+00	0.000000e+00	0.000000e+00	
451	2.284548e-03	0.000000e+00	0.000000e+00	0.000000e+00	
452	2.294548e-03	0.000000e+00	0.000000e+00	0.000000e+00	
453	2.304548e-03	0.000000e+00	0.000000e+00	0.000000e+00	
454	2.314548e-03	0.000000e+00	0.000000e+00	0.000000e+00	
455	2.324548e-03	0.000000e+00	0.000000e+00	0.000000e+00	
456	2.334548e-03	0.000000e+00	0.000000e+00	0.000000e+00	
457	2.344548e-03	0.000000e+00	0.000000e+00	0.000000e+00	
458	2.354548e-03	0.000000e+00	0.000000e+00	0.000000e+00	
459	2.364548e-03	0.000000e+00	0.000000e+00	0.000000e+00	
460	2.374548e-03	0.000000e+00	0.000000e+00	0.000000e+00	

Index   time            v6#branch       v7#branch       v8#branch       
--------------------------------------------------------------------------------
461	2.384548e-03	0.000000e+00	0.000000e+00	0.000000e+00	
462	2.394548e-03	0.000000e+00	0.000000e+00	0.000000e+00	
463	2.404548e-03	0.000000e+00	0.000000e+00	0.000000e+00	
464	2.414548e-03	0.000000e+00	0.000000e+00	0.000000e+00	
465	2.424548e-03	0.000000e+00	0.000000e+00	0.000000e+00	
466	2.434548e-03	0.000000e+00	0.000000e+00	0.000000e+00	
467	2.444548e-03	0.000000e+00	0.000000e+00	0.000000e+00	
468	2.454548e-03	0.000000e+00	0.000000e+00	0.000000e+00	
469	2.464548e-03	0.000000e+00	0.000000e+00	0.000000e+00	
470	2.474548e-03	0.000000e+00	0.000000e+00	0.000000e+00	
471	2.484548e-03	0.000000e+00	0.000000e+00	0.000000e+00	
472	2.494548e-03	0.000000e+00	0.000000e+00	0.000000e+00	
473	2.504548e-03	0.000000e+00	0.000000e+00	0.000000e+00	
474	2.514548e-03	0.000000e+00	0.000000e+00	0.000000e+00	
475	2.524548e-03	0.000000e+00	0.000000e+00	0.000000e+00	
476	2.534548e-03	0.000000e+00	0.000000e+00	0.000000e+00	
477	2.544548e-03	0.000000e+00	0.000000e+00	0.000000e+00	
478	2.554548e-03	0.000000e+00	0.000000e+00	0.000000e+00	
479	2.564548e-03	0.000000e+00	0.000000e+00	0.000000e+00	
480	2.574548e-03	0.000000e+00	0.000000e+00	0.000000e+00	
481	2.584548e-03	0.000000e+00	0.000000e+00	0.000000e+00	
482	2.594548e-03	0.000000e+00	0.000000e+00	0.000000e+00	
483	2.604548e-03	0.000000e+00	0.000000e+00	0.000000e+00	
484	2.614548e-03	0.000000e+00	0.000000e+00	0.000000e+00	
485	2.624548e-03	0.000000e+00	0.000000e+00	0.000000e+00	
486	2.634548e-03	0.000000e+00	0.000000e+00	0.000000e+00	
487	2.644548e-03	0.000000e+00	0.000000e+00	0.000000e+00	
488	2.654548e-03	0.000000e+00	0.000000e+00	0.000000e+00	
489	2.664548e-03	0.000000e+00	0.000000e+00	0.000000e+00	
490	2.674548e-03	0.000000e+00	0.000000e+00	0.000000e+00	
491	2.684548e-03	0.000000e+00	0.000000e+00	0.000000e+00	
492	2.694548e-03	0.000000e+00	0.000000e+00	0.000000e+00	
493	2.704548e-03	0.000000e+00	0.000000e+00	0.000000e+00	
494	2.714548e-03	0.000000e+00	0.000000e+00	0.000000e+00	
495	2.724548e-03	0.000000e+00	0.000000e+00	0.000000e+00	
496	2.734548e-03	0.000000e+00	0.000000e+00	0.000000e+00	
497	2.744548e-03	0.000000e+00	0.000000e+00	0.000000e+00	
498	2.754548e-03	0.000000e+00	0.000000e+00	0.000000e+00	
499	2.764548e-03	0.000000e+00	0.000000e+00	0.000000e+00	
500	2.774548e-03	0.000000e+00	0.000000e+00	0.000000e+00	
501	2.784548e-03	0.000000e+00	0.000000e+00	0.000000e+00	
502	2.794548e-03	0.000000e+00	0.000000e+00	0.000000e+00	
503	2.804548e-03	0.000000e+00	0.000000e+00	0.000000e+00	
504	2.814548e-03	0.000000e+00	0.000000e+00	0.000000e+00	
505	2.824548e-03	0.000000e+00	0.000000e+00	0.000000e+00	
506	2.834548e-03	0.000000e+00	0.000000e+00	0.000000e+00	
507	2.844548e-03	0.000000e+00	0.000000e+00	0.000000e+00	
508	2.854548e-03	0.000000e+00	0.000000e+00	0.000000e+00	
509	2.864548e-03	0.000000e+00	0.000000e+00	0.000000e+00	
510	2.874548e-03	0.000000e+00	0.000000e+00	0.000000e+00	
511	2.884548e-03	0.000000e+00	0.000000e+00	0.000000e+00	
512	2.894548e-03	0.000000e+00	0.000000e+00	0.000000e+00	
513	2.904548e-03	0.000000e+00	0.000000e+00	0.000000e+00	
514	2.914548e-03	0.000000e+00	0.000000e+00	0.000000e+00	
515	2.924548e-03	0.000000e+00	0.000000e+00	0.000000e+00	
516	2.934548e-03	0.000000e+00	0.000000e+00	0.000000e+00	
517	2.944548e-03	0.000000e+00	0.000000e+00	0.000000e+00	
518	2.954548e-03	0.000000e+00	0.000000e+00	0.000000e+00	

Index   time            v6#branch       v7#branch       v8#branch       
--------------------------------------------------------------------------------
519	2.964548e-03	0.000000e+00	0.000000e+00	0.000000e+00	
520	2.974548e-03	0.000000e+00	0.000000e+00	0.000000e+00	
521	2.984548e-03	0.000000e+00	0.000000e+00	0.000000e+00	
522	2.994548e-03	0.000000e+00	0.000000e+00	0.000000e+00	
523	3.000010e-03	0.000000e+00	0.000000e+00	0.000000e+00	
524	3.000011e-03	0.000000e+00	0.000000e+00	0.000000e+00	
525	3.000013e-03	0.000000e+00	0.000000e+00	0.000000e+00	
526	3.000017e-03	0.000000e+00	0.000000e+00	0.000000e+00	
527	3.000018e-03	0.000000e+00	0.000000e+00	0.000000e+00	
528	3.000018e-03	0.000000e+00	0.000000e+00	0.000000e+00	
529	3.000018e-03	0.000000e+00	0.000000e+00	0.000000e+00	
530	3.000018e-03	0.000000e+00	0.000000e+00	0.000000e+00	
531	3.000018e-03	0.000000e+00	0.000000e+00	0.000000e+00	
532	3.000018e-03	0.000000e+00	0.000000e+00	0.000000e+00	
533	3.000018e-03	0.000000e+00	0.000000e+00	0.000000e+00	
534	3.000018e-03	0.000000e+00	0.000000e+00	0.000000e+00	
535	3.000018e-03	0.000000e+00	0.000000e+00	0.000000e+00	
536	3.000018e-03	0.000000e+00	0.000000e+00	0.000000e+00	
537	3.000019e-03	0.000000e+00	0.000000e+00	0.000000e+00	
538	3.000019e-03	0.000000e+00	0.000000e+00	0.000000e+00	
539	3.000020e-03	0.000000e+00	0.000000e+00	0.000000e+00	
540	3.000020e-03	0.000000e+00	0.000000e+00	0.000000e+00	
541	3.000020e-03	0.000000e+00	0.000000e+00	0.000000e+00	
542	3.000021e-03	0.000000e+00	0.000000e+00	0.000000e+00	
543	3.000022e-03	0.000000e+00	0.000000e+00	0.000000e+00	
544	3.000022e-03	0.000000e+00	0.000000e+00	0.000000e+00	
545	3.000022e-03	0.000000e+00	0.000000e+00	0.000000e+00	
546	3.000022e-03	0.000000e+00	0.000000e+00	0.000000e+00	
547	3.000023e-03	0.000000e+00	0.000000e+00	0.000000e+00	
548	3.000023e-03	0.000000e+00	0.000000e+00	0.000000e+00	
549	3.000023e-03	0.000000e+00	0.000000e+00	0.000000e+00	
550	3.000023e-03	0.000000e+00	0.000000e+00	0.000000e+00	
551	3.000023e-03	0.000000e+00	0.000000e+00	0.000000e+00	
552	3.000023e-03	0.000000e+00	0.000000e+00	0.000000e+00	
553	3.000023e-03	0.000000e+00	0.000000e+00	0.000000e+00	
554	3.000023e-03	0.000000e+00	0.000000e+00	0.000000e+00	
555	3.000023e-03	0.000000e+00	0.000000e+00	0.000000e+00	
556	3.000023e-03	0.000000e+00	0.000000e+00	0.000000e+00	
557	3.000023e-03	0.000000e+00	0.000000e+00	0.000000e+00	
558	3.000023e-03	0.000000e+00	0.000000e+00	0.000000e+00	
559	3.000023e-03	0.000000e+00	0.000000e+00	0.000000e+00	
560	3.000023e-03	0.000000e+00	0.000000e+00	0.000000e+00	
561	3.000023e-03	0.000000e+00	0.000000e+00	0.000000e+00	
562	3.000023e-03	0.000000e+00	0.000000e+00	0.000000e+00	
563	3.000023e-03	0.000000e+00	0.000000e+00	0.000000e+00	
564	3.000023e-03	0.000000e+00	0.000000e+00	0.000000e+00	
565	3.000023e-03	0.000000e+00	0.000000e+00	0.000000e+00	
566	3.000023e-03	0.000000e+00	0.000000e+00	0.000000e+00	
567	3.000023e-03	0.000000e+00	0.000000e+00	0.000000e+00	
568	3.000023e-03	0.000000e+00	0.000000e+00	0.000000e+00	
569	3.000023e-03	0.000000e+00	0.000000e+00	0.000000e+00	
570	3.000023e-03	0.000000e+00	0.000000e+00	0.000000e+00	
571	3.000024e-03	0.000000e+00	0.000000e+00	0.000000e+00	
572	3.000024e-03	0.000000e+00	0.000000e+00	0.000000e+00	
573	3.000025e-03	0.000000e+00	0.000000e+00	0.000000e+00	
574	3.000026e-03	0.000000e+00	0.000000e+00	0.000000e+00	
575	3.000030e-03	0.000000e+00	0.000000e+00	0.000000e+00	
576	3.000036e-03	0.000000e+00	0.000000e+00	0.000000e+00	

Index   time            v6#branch       v7#branch       v8#branch       
--------------------------------------------------------------------------------
577	3.000049e-03	0.000000e+00	0.000000e+00	0.000000e+00	
578	3.000076e-03	0.000000e+00	0.000000e+00	0.000000e+00	
579	3.000128e-03	0.000000e+00	0.000000e+00	0.000000e+00	
580	3.000233e-03	0.000000e+00	0.000000e+00	0.000000e+00	
581	3.000443e-03	0.000000e+00	0.000000e+00	0.000000e+00	
582	3.000862e-03	0.000000e+00	0.000000e+00	0.000000e+00	
583	3.001701e-03	0.000000e+00	0.000000e+00	0.000000e+00	
584	3.003379e-03	0.000000e+00	0.000000e+00	0.000000e+00	
585	3.006734e-03	0.000000e+00	0.000000e+00	0.000000e+00	
586	3.013445e-03	0.000000e+00	0.000000e+00	0.000000e+00	
587	3.023445e-03	0.000000e+00	0.000000e+00	0.000000e+00	
588	3.033445e-03	0.000000e+00	0.000000e+00	0.000000e+00	
589	3.043445e-03	0.000000e+00	0.000000e+00	0.000000e+00	
590	3.053445e-03	0.000000e+00	0.000000e+00	0.000000e+00	
591	3.063445e-03	0.000000e+00	0.000000e+00	0.000000e+00	
592	3.073445e-03	0.000000e+00	0.000000e+00	0.000000e+00	
593	3.083445e-03	0.000000e+00	0.000000e+00	0.000000e+00	
594	3.093445e-03	0.000000e+00	0.000000e+00	0.000000e+00	
595	3.103445e-03	0.000000e+00	0.000000e+00	0.000000e+00	
596	3.113445e-03	0.000000e+00	0.000000e+00	0.000000e+00	
597	3.123445e-03	0.000000e+00	0.000000e+00	0.000000e+00	
598	3.133445e-03	0.000000e+00	0.000000e+00	0.000000e+00	
599	3.143445e-03	0.000000e+00	0.000000e+00	0.000000e+00	
600	3.153445e-03	0.000000e+00	0.000000e+00	0.000000e+00	
601	3.163445e-03	0.000000e+00	0.000000e+00	0.000000e+00	
602	3.173445e-03	0.000000e+00	0.000000e+00	0.000000e+00	
603	3.183445e-03	0.000000e+00	0.000000e+00	0.000000e+00	
604	3.193445e-03	0.000000e+00	0.000000e+00	0.000000e+00	
605	3.203445e-03	0.000000e+00	0.000000e+00	0.000000e+00	
606	3.213445e-03	0.000000e+00	0.000000e+00	0.000000e+00	
607	3.223445e-03	0.000000e+00	0.000000e+00	0.000000e+00	
608	3.233445e-03	0.000000e+00	0.000000e+00	0.000000e+00	
609	3.243445e-03	0.000000e+00	0.000000e+00	0.000000e+00	
610	3.253445e-03	0.000000e+00	0.000000e+00	0.000000e+00	
611	3.263445e-03	0.000000e+00	0.000000e+00	0.000000e+00	
612	3.273445e-03	0.000000e+00	0.000000e+00	0.000000e+00	
613	3.283445e-03	0.000000e+00	0.000000e+00	0.000000e+00	
614	3.293445e-03	0.000000e+00	0.000000e+00	0.000000e+00	
615	3.303445e-03	0.000000e+00	0.000000e+00	0.000000e+00	
616	3.313445e-03	0.000000e+00	0.000000e+00	0.000000e+00	
617	3.323445e-03	0.000000e+00	0.000000e+00	0.000000e+00	
618	3.333445e-03	0.000000e+00	0.000000e+00	0.000000e+00	
619	3.343445e-03	0.000000e+00	0.000000e+00	0.000000e+00	
620	3.353445e-03	0.000000e+00	0.000000e+00	0.000000e+00	
621	3.363445e-03	0.000000e+00	0.000000e+00	0.000000e+00	
622	3.373445e-03	0.000000e+00	0.000000e+00	0.000000e+00	
623	3.383445e-03	0.000000e+00	0.000000e+00	0.000000e+00	
624	3.393445e-03	0.000000e+00	0.000000e+00	0.000000e+00	
625	3.403445e-03	0.000000e+00	0.000000e+00	0.000000e+00	
626	3.413445e-03	0.000000e+00	0.000000e+00	0.000000e+00	
627	3.423445e-03	0.000000e+00	0.000000e+00	0.000000e+00	
628	3.433445e-03	0.000000e+00	0.000000e+00	0.000000e+00	
629	3.443445e-03	0.000000e+00	0.000000e+00	0.000000e+00	
630	3.453445e-03	0.000000e+00	0.000000e+00	0.000000e+00	
631	3.463445e-03	0.000000e+00	0.000000e+00	0.000000e+00	
632	3.473445e-03	0.000000e+00	0.000000e+00	0.000000e+00	
633	3.483445e-03	0.000000e+00	0.000000e+00	0.000000e+00	
634	3.493445e-03	0.000000e+00	0.000000e+00	0.000000e+00	

Index   time            v6#branch       v7#branch       v8#branch       
--------------------------------------------------------------------------------
635	3.503445e-03	0.000000e+00	0.000000e+00	0.000000e+00	
636	3.513445e-03	0.000000e+00	0.000000e+00	0.000000e+00	
637	3.523445e-03	0.000000e+00	0.000000e+00	0.000000e+00	
638	3.533445e-03	0.000000e+00	0.000000e+00	0.000000e+00	
639	3.543445e-03	0.000000e+00	0.000000e+00	0.000000e+00	
640	3.553445e-03	0.000000e+00	0.000000e+00	0.000000e+00	
641	3.563445e-03	0.000000e+00	0.000000e+00	0.000000e+00	
642	3.573445e-03	0.000000e+00	0.000000e+00	0.000000e+00	
643	3.583445e-03	0.000000e+00	0.000000e+00	0.000000e+00	
644	3.593445e-03	0.000000e+00	0.000000e+00	0.000000e+00	
645	3.603445e-03	0.000000e+00	0.000000e+00	0.000000e+00	
646	3.613445e-03	0.000000e+00	0.000000e+00	0.000000e+00	
647	3.623445e-03	0.000000e+00	0.000000e+00	0.000000e+00	
648	3.633445e-03	0.000000e+00	0.000000e+00	0.000000e+00	
649	3.643445e-03	0.000000e+00	0.000000e+00	0.000000e+00	
650	3.653445e-03	0.000000e+00	0.000000e+00	0.000000e+00	
651	3.663445e-03	0.000000e+00	0.000000e+00	0.000000e+00	
652	3.673445e-03	0.000000e+00	0.000000e+00	0.000000e+00	
653	3.683445e-03	0.000000e+00	0.000000e+00	0.000000e+00	
654	3.693445e-03	0.000000e+00	0.000000e+00	0.000000e+00	
655	3.703445e-03	0.000000e+00	0.000000e+00	0.000000e+00	
656	3.713445e-03	0.000000e+00	0.000000e+00	0.000000e+00	
657	3.723445e-03	0.000000e+00	0.000000e+00	0.000000e+00	
658	3.733445e-03	0.000000e+00	0.000000e+00	0.000000e+00	
659	3.743445e-03	0.000000e+00	0.000000e+00	0.000000e+00	
660	3.753445e-03	0.000000e+00	0.000000e+00	0.000000e+00	
661	3.763445e-03	0.000000e+00	0.000000e+00	0.000000e+00	
662	3.773445e-03	0.000000e+00	0.000000e+00	0.000000e+00	
663	3.783445e-03	0.000000e+00	0.000000e+00	0.000000e+00	
664	3.793445e-03	0.000000e+00	0.000000e+00	0.000000e+00	
665	3.803445e-03	0.000000e+00	0.000000e+00	0.000000e+00	
666	3.813445e-03	0.000000e+00	0.000000e+00	0.000000e+00	
667	3.823445e-03	0.000000e+00	0.000000e+00	0.000000e+00	
668	3.833445e-03	0.000000e+00	0.000000e+00	0.000000e+00	
669	3.843445e-03	0.000000e+00	0.000000e+00	0.000000e+00	
670	3.853445e-03	0.000000e+00	0.000000e+00	0.000000e+00	
671	3.863445e-03	0.000000e+00	0.000000e+00	0.000000e+00	
672	3.873445e-03	0.000000e+00	0.000000e+00	0.000000e+00	
673	3.883445e-03	0.000000e+00	0.000000e+00	0.000000e+00	
674	3.893445e-03	0.000000e+00	0.000000e+00	0.000000e+00	
675	3.903445e-03	0.000000e+00	0.000000e+00	0.000000e+00	
676	3.913445e-03	0.000000e+00	0.000000e+00	0.000000e+00	
677	3.923445e-03	0.000000e+00	0.000000e+00	0.000000e+00	
678	3.933445e-03	0.000000e+00	0.000000e+00	0.000000e+00	
679	3.943445e-03	0.000000e+00	0.000000e+00	0.000000e+00	
680	3.953445e-03	0.000000e+00	0.000000e+00	0.000000e+00	
681	3.963445e-03	0.000000e+00	0.000000e+00	0.000000e+00	
682	3.973445e-03	0.000000e+00	0.000000e+00	0.000000e+00	
683	3.983445e-03	0.000000e+00	0.000000e+00	0.000000e+00	
684	3.993445e-03	0.000000e+00	0.000000e+00	0.000000e+00	
685	4.000000e-03	0.000000e+00	0.000000e+00	0.000000e+00	

                                kicad schematic
                                Transient Analysis  Sat Nov 01 15:23:57  2025
--------------------------------------------------------------------------------
Index   time            v9#branch       v10#branch      
--------------------------------------------------------------------------------
0	0.000000e+00	0.000000e+00	0.000000e+00	
1	1.000000e-10	0.000000e+00	0.000000e+00	
2	2.000000e-10	0.000000e+00	0.000000e+00	
3	4.000000e-10	0.000000e+00	0.000000e+00	
4	8.000000e-10	0.000000e+00	0.000000e+00	
5	1.600000e-09	0.000000e+00	0.000000e+00	
6	3.200000e-09	0.000000e+00	0.000000e+00	
7	6.400000e-09	0.000000e+00	0.000000e+00	
8	8.200000e-09	0.000000e+00	0.000000e+00	
9	8.210000e-09	0.000000e+00	0.000000e+00	
10	8.230000e-09	0.000000e+00	0.000000e+00	
11	8.270000e-09	0.000000e+00	0.000000e+00	
12	8.300000e-09	0.000000e+00	0.000000e+00	
13	8.308000e-09	0.000000e+00	0.000000e+00	
14	8.324000e-09	0.000000e+00	0.000000e+00	
15	8.356000e-09	0.000000e+00	0.000000e+00	
16	8.420000e-09	0.000000e+00	0.000000e+00	
17	8.548000e-09	0.000000e+00	0.000000e+00	
18	8.804000e-09	0.000000e+00	0.000000e+00	
19	9.316000e-09	0.000000e+00	0.000000e+00	
20	1.000000e-08	0.000000e+00	0.000000e+00	
21	1.010240e-08	0.000000e+00	0.000000e+00	
22	1.030720e-08	0.000000e+00	0.000000e+00	
23	1.071680e-08	0.000000e+00	0.000000e+00	
24	1.140000e-08	0.000000e+00	0.000000e+00	
25	1.148192e-08	0.000000e+00	0.000000e+00	
26	1.164576e-08	0.000000e+00	0.000000e+00	
27	1.197344e-08	0.000000e+00	0.000000e+00	
28	1.230000e-08	0.000000e+00	0.000000e+00	
29	1.236554e-08	0.000000e+00	0.000000e+00	
30	1.249661e-08	0.000000e+00	0.000000e+00	
31	1.275875e-08	0.000000e+00	0.000000e+00	
32	1.320000e-08	0.000000e+00	0.000000e+00	
33	1.321000e-08	0.000000e+00	0.000000e+00	
34	1.323000e-08	0.000000e+00	0.000000e+00	
35	1.327000e-08	0.000000e+00	0.000000e+00	
36	1.330000e-08	0.000000e+00	0.000000e+00	
37	1.330800e-08	0.000000e+00	0.000000e+00	
38	1.332400e-08	0.000000e+00	0.000000e+00	
39	1.335600e-08	0.000000e+00	0.000000e+00	
40	1.342000e-08	0.000000e+00	0.000000e+00	
41	1.354800e-08	0.000000e+00	0.000000e+00	
42	1.380400e-08	0.000000e+00	0.000000e+00	
43	1.431600e-08	0.000000e+00	0.000000e+00	
44	1.534000e-08	0.000000e+00	0.000000e+00	
45	1.738800e-08	0.000000e+00	0.000000e+00	
46	2.148400e-08	0.000000e+00	0.000000e+00	
47	2.967600e-08	0.000000e+00	0.000000e+00	
48	4.606000e-08	0.000000e+00	0.000000e+00	
49	7.882800e-08	0.000000e+00	0.000000e+00	
50	1.443640e-07	0.000000e+00	0.000000e+00	
51	2.754360e-07	0.000000e+00	0.000000e+00	
52	5.375800e-07	0.000000e+00	0.000000e+00	
53	1.061868e-06	0.000000e+00	0.000000e+00	
54	2.110444e-06	0.000000e+00	0.000000e+00	

Index   time            v9#branch       v10#branch      
--------------------------------------------------------------------------------
55	4.207596e-06	0.000000e+00	0.000000e+00	
56	8.401900e-06	0.000000e+00	0.000000e+00	
57	1.679051e-05	0.000000e+00	0.000000e+00	
58	2.679051e-05	0.000000e+00	0.000000e+00	
59	3.679051e-05	0.000000e+00	0.000000e+00	
60	4.679051e-05	0.000000e+00	0.000000e+00	
61	5.679051e-05	0.000000e+00	0.000000e+00	
62	6.679051e-05	0.000000e+00	0.000000e+00	
63	7.679051e-05	0.000000e+00	0.000000e+00	
64	8.679051e-05	0.000000e+00	0.000000e+00	
65	9.679051e-05	0.000000e+00	0.000000e+00	
66	1.067905e-04	0.000000e+00	0.000000e+00	
67	1.167905e-04	0.000000e+00	0.000000e+00	
68	1.267905e-04	0.000000e+00	0.000000e+00	
69	1.367905e-04	0.000000e+00	0.000000e+00	
70	1.467905e-04	0.000000e+00	0.000000e+00	
71	1.567905e-04	0.000000e+00	0.000000e+00	
72	1.667905e-04	0.000000e+00	0.000000e+00	
73	1.767905e-04	0.000000e+00	0.000000e+00	
74	1.867905e-04	0.000000e+00	0.000000e+00	
75	1.967905e-04	0.000000e+00	0.000000e+00	
76	2.067905e-04	0.000000e+00	0.000000e+00	
77	2.167905e-04	0.000000e+00	0.000000e+00	
78	2.267905e-04	0.000000e+00	0.000000e+00	
79	2.367905e-04	0.000000e+00	0.000000e+00	
80	2.467905e-04	0.000000e+00	0.000000e+00	
81	2.567905e-04	0.000000e+00	0.000000e+00	
82	2.667905e-04	0.000000e+00	0.000000e+00	
83	2.767905e-04	0.000000e+00	0.000000e+00	
84	2.867905e-04	0.000000e+00	0.000000e+00	
85	2.967905e-04	0.000000e+00	0.000000e+00	
86	3.067905e-04	0.000000e+00	0.000000e+00	
87	3.167905e-04	0.000000e+00	0.000000e+00	
88	3.267905e-04	0.000000e+00	0.000000e+00	
89	3.367905e-04	0.000000e+00	0.000000e+00	
90	3.467905e-04	0.000000e+00	0.000000e+00	
91	3.567905e-04	0.000000e+00	0.000000e+00	
92	3.667905e-04	0.000000e+00	0.000000e+00	
93	3.767905e-04	0.000000e+00	0.000000e+00	
94	3.867905e-04	0.000000e+00	0.000000e+00	
95	3.967905e-04	0.000000e+00	0.000000e+00	
96	4.067905e-04	0.000000e+00	0.000000e+00	
97	4.167905e-04	0.000000e+00	0.000000e+00	
98	4.267905e-04	0.000000e+00	0.000000e+00	
99	4.367905e-04	0.000000e+00	0.000000e+00	
100	4.467905e-04	0.000000e+00	0.000000e+00	
101	4.567905e-04	0.000000e+00	0.000000e+00	
102	4.667905e-04	0.000000e+00	0.000000e+00	
103	4.767905e-04	0.000000e+00	0.000000e+00	
104	4.867905e-04	0.000000e+00	0.000000e+00	
105	4.967905e-04	0.000000e+00	0.000000e+00	
106	5.067905e-04	0.000000e+00	0.000000e+00	
107	5.167905e-04	0.000000e+00	0.000000e+00	
108	5.267905e-04	0.000000e+00	0.000000e+00	
109	5.367905e-04	0.000000e+00	0.000000e+00	
110	5.467905e-04	0.000000e+00	0.000000e+00	
111	5.567905e-04	0.000000e+00	0.000000e+00	
112	5.667905e-04	0.000000e+00	0.000000e+00	

Index   time            v9#branch       v10#branch      
--------------------------------------------------------------------------------
113	5.767905e-04	0.000000e+00	0.000000e+00	
114	5.867905e-04	0.000000e+00	0.000000e+00	
115	5.967905e-04	0.000000e+00	0.000000e+00	
116	6.067905e-04	0.000000e+00	0.000000e+00	
117	6.167905e-04	0.000000e+00	0.000000e+00	
118	6.267905e-04	0.000000e+00	0.000000e+00	
119	6.367905e-04	0.000000e+00	0.000000e+00	
120	6.467905e-04	0.000000e+00	0.000000e+00	
121	6.567905e-04	0.000000e+00	0.000000e+00	
122	6.667905e-04	0.000000e+00	0.000000e+00	
123	6.767905e-04	0.000000e+00	0.000000e+00	
124	6.867905e-04	0.000000e+00	0.000000e+00	
125	6.967905e-04	0.000000e+00	0.000000e+00	
126	7.067905e-04	0.000000e+00	0.000000e+00	
127	7.167905e-04	0.000000e+00	0.000000e+00	
128	7.267905e-04	0.000000e+00	0.000000e+00	
129	7.367905e-04	0.000000e+00	0.000000e+00	
130	7.467905e-04	0.000000e+00	0.000000e+00	
131	7.567905e-04	0.000000e+00	0.000000e+00	
132	7.667905e-04	0.000000e+00	0.000000e+00	
133	7.767905e-04	0.000000e+00	0.000000e+00	
134	7.867905e-04	0.000000e+00	0.000000e+00	
135	7.967905e-04	0.000000e+00	0.000000e+00	
136	8.067905e-04	0.000000e+00	0.000000e+00	
137	8.167905e-04	0.000000e+00	0.000000e+00	
138	8.267905e-04	0.000000e+00	0.000000e+00	
139	8.367905e-04	0.000000e+00	0.000000e+00	
140	8.467905e-04	0.000000e+00	0.000000e+00	
141	8.567905e-04	0.000000e+00	0.000000e+00	
142	8.667905e-04	0.000000e+00	0.000000e+00	
143	8.767905e-04	0.000000e+00	0.000000e+00	
144	8.867905e-04	0.000000e+00	0.000000e+00	
145	8.967905e-04	0.000000e+00	0.000000e+00	
146	9.067905e-04	0.000000e+00	0.000000e+00	
147	9.167905e-04	0.000000e+00	0.000000e+00	
148	9.267905e-04	0.000000e+00	0.000000e+00	
149	9.367905e-04	0.000000e+00	0.000000e+00	
150	9.467905e-04	0.000000e+00	0.000000e+00	
151	9.567905e-04	0.000000e+00	0.000000e+00	
152	9.667905e-04	0.000000e+00	0.000000e+00	
153	9.767905e-04	0.000000e+00	0.000000e+00	
154	9.867905e-04	0.000000e+00	0.000000e+00	
155	9.967905e-04	0.000000e+00	0.000000e+00	
156	1.000010e-03	0.000000e+00	0.000000e+00	
157	1.000011e-03	0.000000e+00	0.000000e+00	
158	1.000013e-03	0.000000e+00	0.000000e+00	
159	1.000017e-03	0.000000e+00	0.000000e+00	
160	1.000018e-03	0.000000e+00	0.000000e+00	
161	1.000018e-03	0.000000e+00	0.000000e+00	
162	1.000018e-03	0.000000e+00	0.000000e+00	
163	1.000018e-03	0.000000e+00	0.000000e+00	
164	1.000018e-03	0.000000e+00	0.000000e+00	
165	1.000018e-03	0.000000e+00	0.000000e+00	
166	1.000018e-03	0.000000e+00	0.000000e+00	
167	1.000018e-03	0.000000e+00	0.000000e+00	
168	1.000018e-03	0.000000e+00	0.000000e+00	
169	1.000018e-03	0.000000e+00	0.000000e+00	
170	1.000019e-03	0.000000e+00	0.000000e+00	

Index   time            v9#branch       v10#branch      
--------------------------------------------------------------------------------
171	1.000019e-03	0.000000e+00	0.000000e+00	
172	1.000020e-03	0.000000e+00	0.000000e+00	
173	1.000020e-03	0.000000e+00	0.000000e+00	
174	1.000020e-03	0.000000e+00	0.000000e+00	
175	1.000021e-03	0.000000e+00	0.000000e+00	
176	1.000022e-03	0.000000e+00	0.000000e+00	
177	1.000022e-03	0.000000e+00	0.000000e+00	
178	1.000022e-03	0.000000e+00	0.000000e+00	
179	1.000022e-03	0.000000e+00	0.000000e+00	
180	1.000023e-03	0.000000e+00	0.000000e+00	
181	1.000023e-03	0.000000e+00	0.000000e+00	
182	1.000023e-03	0.000000e+00	0.000000e+00	
183	1.000023e-03	0.000000e+00	0.000000e+00	
184	1.000023e-03	0.000000e+00	0.000000e+00	
185	1.000023e-03	0.000000e+00	0.000000e+00	
186	1.000023e-03	0.000000e+00	0.000000e+00	
187	1.000023e-03	0.000000e+00	0.000000e+00	
188	1.000023e-03	0.000000e+00	0.000000e+00	
189	1.000023e-03	0.000000e+00	0.000000e+00	
190	1.000023e-03	0.000000e+00	0.000000e+00	
191	1.000023e-03	0.000000e+00	0.000000e+00	
192	1.000023e-03	0.000000e+00	0.000000e+00	
193	1.000023e-03	0.000000e+00	0.000000e+00	
194	1.000023e-03	0.000000e+00	0.000000e+00	
195	1.000023e-03	0.000000e+00	0.000000e+00	
196	1.000023e-03	0.000000e+00	0.000000e+00	
197	1.000023e-03	0.000000e+00	0.000000e+00	
198	1.000023e-03	0.000000e+00	0.000000e+00	
199	1.000023e-03	0.000000e+00	0.000000e+00	
200	1.000023e-03	0.000000e+00	0.000000e+00	
201	1.000023e-03	0.000000e+00	0.000000e+00	
202	1.000023e-03	0.000000e+00	0.000000e+00	
203	1.000023e-03	0.000000e+00	0.000000e+00	
204	1.000024e-03	0.000000e+00	0.000000e+00	
205	1.000024e-03	0.000000e+00	0.000000e+00	
206	1.000025e-03	0.000000e+00	0.000000e+00	
207	1.000026e-03	0.000000e+00	0.000000e+00	
208	1.000030e-03	0.000000e+00	0.000000e+00	
209	1.000036e-03	0.000000e+00	0.000000e+00	
210	1.000049e-03	0.000000e+00	0.000000e+00	
211	1.000076e-03	0.000000e+00	0.000000e+00	
212	1.000128e-03	0.000000e+00	0.000000e+00	
213	1.000233e-03	0.000000e+00	0.000000e+00	
214	1.000443e-03	0.000000e+00	0.000000e+00	
215	1.000862e-03	0.000000e+00	0.000000e+00	
216	1.001701e-03	0.000000e+00	0.000000e+00	
217	1.003379e-03	0.000000e+00	0.000000e+00	
218	1.006734e-03	0.000000e+00	0.000000e+00	
219	1.013445e-03	0.000000e+00	0.000000e+00	
220	1.023445e-03	0.000000e+00	0.000000e+00	
221	1.033445e-03	0.000000e+00	0.000000e+00	
222	1.043445e-03	0.000000e+00	0.000000e+00	
223	1.053445e-03	0.000000e+00	0.000000e+00	
224	1.063445e-03	0.000000e+00	0.000000e+00	
225	1.073445e-03	0.000000e+00	0.000000e+00	
226	1.083445e-03	0.000000e+00	0.000000e+00	
227	1.093445e-03	0.000000e+00	0.000000e+00	
228	1.103445e-03	0.000000e+00	0.000000e+00	

Index   time            v9#branch       v10#branch      
--------------------------------------------------------------------------------
229	1.113445e-03	0.000000e+00	0.000000e+00	
230	1.123445e-03	0.000000e+00	0.000000e+00	
231	1.133445e-03	0.000000e+00	0.000000e+00	
232	1.143445e-03	0.000000e+00	0.000000e+00	
233	1.153445e-03	0.000000e+00	0.000000e+00	
234	1.163445e-03	0.000000e+00	0.000000e+00	
235	1.173445e-03	0.000000e+00	0.000000e+00	
236	1.183445e-03	0.000000e+00	0.000000e+00	
237	1.193445e-03	0.000000e+00	0.000000e+00	
238	1.203445e-03	0.000000e+00	0.000000e+00	
239	1.213445e-03	0.000000e+00	0.000000e+00	
240	1.223445e-03	0.000000e+00	0.000000e+00	
241	1.233445e-03	0.000000e+00	0.000000e+00	
242	1.243445e-03	0.000000e+00	0.000000e+00	
243	1.253445e-03	0.000000e+00	0.000000e+00	
244	1.263445e-03	0.000000e+00	0.000000e+00	
245	1.273445e-03	0.000000e+00	0.000000e+00	
246	1.283445e-03	0.000000e+00	0.000000e+00	
247	1.293445e-03	0.000000e+00	0.000000e+00	
248	1.303445e-03	0.000000e+00	0.000000e+00	
249	1.313445e-03	0.000000e+00	0.000000e+00	
250	1.323445e-03	0.000000e+00	0.000000e+00	
251	1.333445e-03	0.000000e+00	0.000000e+00	
252	1.343445e-03	0.000000e+00	0.000000e+00	
253	1.353445e-03	0.000000e+00	0.000000e+00	
254	1.363445e-03	0.000000e+00	0.000000e+00	
255	1.373445e-03	0.000000e+00	0.000000e+00	
256	1.383445e-03	0.000000e+00	0.000000e+00	
257	1.393445e-03	0.000000e+00	0.000000e+00	
258	1.403445e-03	0.000000e+00	0.000000e+00	
259	1.413445e-03	0.000000e+00	0.000000e+00	
260	1.423445e-03	0.000000e+00	0.000000e+00	
261	1.433445e-03	0.000000e+00	0.000000e+00	
262	1.443445e-03	0.000000e+00	0.000000e+00	
263	1.453445e-03	0.000000e+00	0.000000e+00	
264	1.463445e-03	0.000000e+00	0.000000e+00	
265	1.473445e-03	0.000000e+00	0.000000e+00	
266	1.483445e-03	0.000000e+00	0.000000e+00	
267	1.493445e-03	0.000000e+00	0.000000e+00	
268	1.503445e-03	0.000000e+00	0.000000e+00	
269	1.513445e-03	0.000000e+00	0.000000e+00	
270	1.523445e-03	0.000000e+00	0.000000e+00	
271	1.533445e-03	0.000000e+00	0.000000e+00	
272	1.543445e-03	0.000000e+00	0.000000e+00	
273	1.553445e-03	0.000000e+00	0.000000e+00	
274	1.563445e-03	0.000000e+00	0.000000e+00	
275	1.573445e-03	0.000000e+00	0.000000e+00	
276	1.583445e-03	0.000000e+00	0.000000e+00	
277	1.593445e-03	0.000000e+00	0.000000e+00	
278	1.603445e-03	0.000000e+00	0.000000e+00	
279	1.613445e-03	0.000000e+00	0.000000e+00	
280	1.623445e-03	0.000000e+00	0.000000e+00	
281	1.633445e-03	0.000000e+00	0.000000e+00	
282	1.643445e-03	0.000000e+00	0.000000e+00	
283	1.653445e-03	0.000000e+00	0.000000e+00	
284	1.663445e-03	0.000000e+00	0.000000e+00	
285	1.673445e-03	0.000000e+00	0.000000e+00	
286	1.683445e-03	0.000000e+00	0.000000e+00	

Index   time            v9#branch       v10#branch      
--------------------------------------------------------------------------------
287	1.693445e-03	0.000000e+00	0.000000e+00	
288	1.703445e-03	0.000000e+00	0.000000e+00	
289	1.713445e-03	0.000000e+00	0.000000e+00	
290	1.723445e-03	0.000000e+00	0.000000e+00	
291	1.733445e-03	0.000000e+00	0.000000e+00	
292	1.743445e-03	0.000000e+00	0.000000e+00	
293	1.753445e-03	0.000000e+00	0.000000e+00	
294	1.763445e-03	0.000000e+00	0.000000e+00	
295	1.773445e-03	0.000000e+00	0.000000e+00	
296	1.783445e-03	0.000000e+00	0.000000e+00	
297	1.793445e-03	0.000000e+00	0.000000e+00	
298	1.803445e-03	0.000000e+00	0.000000e+00	
299	1.813445e-03	0.000000e+00	0.000000e+00	
300	1.823445e-03	0.000000e+00	0.000000e+00	
301	1.833445e-03	0.000000e+00	0.000000e+00	
302	1.843445e-03	0.000000e+00	0.000000e+00	
303	1.853445e-03	0.000000e+00	0.000000e+00	
304	1.863445e-03	0.000000e+00	0.000000e+00	
305	1.873445e-03	0.000000e+00	0.000000e+00	
306	1.883445e-03	0.000000e+00	0.000000e+00	
307	1.893445e-03	0.000000e+00	0.000000e+00	
308	1.903445e-03	0.000000e+00	0.000000e+00	
309	1.913445e-03	0.000000e+00	0.000000e+00	
310	1.923445e-03	0.000000e+00	0.000000e+00	
311	1.933445e-03	0.000000e+00	0.000000e+00	
312	1.943445e-03	0.000000e+00	0.000000e+00	
313	1.953445e-03	0.000000e+00	0.000000e+00	
314	1.963445e-03	0.000000e+00	0.000000e+00	
315	1.973445e-03	0.000000e+00	0.000000e+00	
316	1.983445e-03	0.000000e+00	0.000000e+00	
317	1.993445e-03	0.000000e+00	0.000000e+00	
318	2.000000e-03	0.000000e+00	0.000000e+00	
319	2.000001e-03	0.000000e+00	0.000000e+00	
320	2.000003e-03	0.000000e+00	0.000000e+00	
321	2.000007e-03	0.000000e+00	0.000000e+00	
322	2.000008e-03	0.000000e+00	0.000000e+00	
323	2.000008e-03	0.000000e+00	0.000000e+00	
324	2.000008e-03	0.000000e+00	0.000000e+00	
325	2.000008e-03	0.000000e+00	0.000000e+00	
326	2.000008e-03	0.000000e+00	0.000000e+00	
327	2.000008e-03	0.000000e+00	0.000000e+00	
328	2.000008e-03	0.000000e+00	0.000000e+00	
329	2.000008e-03	0.000000e+00	0.000000e+00	
330	2.000008e-03	0.000000e+00	0.000000e+00	
331	2.000008e-03	0.000000e+00	0.000000e+00	
332	2.000009e-03	0.000000e+00	0.000000e+00	
333	2.000009e-03	0.000000e+00	0.000000e+00	
334	2.000010e-03	0.000000e+00	0.000000e+00	
335	2.000010e-03	0.000000e+00	0.000000e+00	
336	2.000010e-03	0.000000e+00	0.000000e+00	
337	2.000011e-03	0.000000e+00	0.000000e+00	
338	2.000012e-03	0.000000e+00	0.000000e+00	
339	2.000012e-03	0.000000e+00	0.000000e+00	
340	2.000012e-03	0.000000e+00	0.000000e+00	
341	2.000012e-03	0.000000e+00	0.000000e+00	
342	2.000013e-03	0.000000e+00	0.000000e+00	
343	2.000013e-03	0.000000e+00	0.000000e+00	
344	2.000013e-03	0.000000e+00	0.000000e+00	

Index   time            v9#branch       v10#branch      
--------------------------------------------------------------------------------
345	2.000013e-03	0.000000e+00	0.000000e+00	
346	2.000013e-03	0.000000e+00	0.000000e+00	
347	2.000013e-03	0.000000e+00	0.000000e+00	
348	2.000013e-03	0.000000e+00	0.000000e+00	
349	2.000013e-03	0.000000e+00	0.000000e+00	
350	2.000013e-03	0.000000e+00	0.000000e+00	
351	2.000013e-03	0.000000e+00	0.000000e+00	
352	2.000013e-03	0.000000e+00	0.000000e+00	
353	2.000013e-03	0.000000e+00	0.000000e+00	
354	2.000013e-03	0.000000e+00	0.000000e+00	
355	2.000013e-03	0.000000e+00	0.000000e+00	
356	2.000013e-03	0.000000e+00	0.000000e+00	
357	2.000013e-03	0.000000e+00	0.000000e+00	
358	2.000013e-03	0.000000e+00	0.000000e+00	
359	2.000013e-03	0.000000e+00	0.000000e+00	
360	2.000013e-03	0.000000e+00	0.000000e+00	
361	2.000013e-03	0.000000e+00	0.000000e+00	
362	2.000013e-03	0.000000e+00	0.000000e+00	
363	2.000013e-03	0.000000e+00	0.000000e+00	
364	2.000013e-03	0.000000e+00	0.000000e+00	
365	2.000013e-03	0.000000e+00	0.000000e+00	
366	2.000013e-03	0.000000e+00	0.000000e+00	
367	2.000013e-03	0.000000e+00	0.000000e+00	
368	2.000013e-03	0.000000e+00	0.000000e+00	
369	2.000013e-03	0.000000e+00	0.000000e+00	
370	2.000014e-03	0.000000e+00	0.000000e+00	
371	2.000014e-03	0.000000e+00	0.000000e+00	
372	2.000015e-03	0.000000e+00	0.000000e+00	
373	2.000016e-03	0.000000e+00	0.000000e+00	
374	2.000017e-03	0.000000e+00	0.000000e+00	
375	2.000017e-03	0.000000e+00	0.000000e+00	
376	2.000017e-03	0.000000e+00	0.000000e+00	
377	2.000017e-03	0.000000e+00	0.000000e+00	
378	2.000017e-03	0.000000e+00	0.000000e+00	
379	2.000017e-03	0.000000e+00	0.000000e+00	
380	2.000017e-03	0.000000e+00	0.000000e+00	
381	2.000017e-03	0.000000e+00	0.000000e+00	
382	2.000017e-03	0.000000e+00	0.000000e+00	
383	2.000017e-03	0.000000e+00	0.000000e+00	
384	2.000018e-03	0.000000e+00	0.000000e+00	
385	2.000018e-03	0.000000e+00	0.000000e+00	
386	2.000019e-03	0.000000e+00	0.000000e+00	
387	2.000020e-03	0.000000e+00	0.000000e+00	
388	2.000020e-03	0.000000e+00	0.000000e+00	
389	2.000020e-03	0.000000e+00	0.000000e+00	
390	2.000020e-03	0.000000e+00	0.000000e+00	
391	2.000020e-03	0.000000e+00	0.000000e+00	
392	2.000020e-03	0.000000e+00	0.000000e+00	
393	2.000020e-03	0.000000e+00	0.000000e+00	
394	2.000020e-03	0.000000e+00	0.000000e+00	
395	2.000020e-03	0.000000e+00	0.000000e+00	
396	2.000021e-03	0.000000e+00	0.000000e+00	
397	2.000021e-03	0.000000e+00	0.000000e+00	
398	2.000021e-03	0.000000e+00	0.000000e+00	
399	2.000021e-03	0.000000e+00	0.000000e+00	
400	2.000021e-03	0.000000e+00	0.000000e+00	
401	2.000021e-03	0.000000e+00	0.000000e+00	
402	2.000021e-03	0.000000e+00	0.000000e+00	

Index   time            v9#branch       v10#branch      
--------------------------------------------------------------------------------
403	2.000021e-03	0.000000e+00	0.000000e+00	
404	2.000021e-03	0.000000e+00	0.000000e+00	
405	2.000021e-03	0.000000e+00	0.000000e+00	
406	2.000021e-03	0.000000e+00	0.000000e+00	
407	2.000021e-03	0.000000e+00	0.000000e+00	
408	2.000021e-03	0.000000e+00	0.000000e+00	
409	2.000021e-03	0.000000e+00	0.000000e+00	
410	2.000022e-03	0.000000e+00	0.000000e+00	
411	2.000023e-03	0.000000e+00	0.000000e+00	
412	2.000024e-03	0.000000e+00	0.000000e+00	
413	2.000028e-03	0.000000e+00	0.000000e+00	
414	2.000035e-03	0.000000e+00	0.000000e+00	
415	2.000049e-03	0.000000e+00	0.000000e+00	
416	2.000078e-03	0.000000e+00	0.000000e+00	
417	2.000134e-03	0.000000e+00	0.000000e+00	
418	2.000248e-03	0.000000e+00	0.000000e+00	
419	2.000475e-03	0.000000e+00	0.000000e+00	
420	2.000929e-03	0.000000e+00	0.000000e+00	
421	2.001837e-03	0.000000e+00	0.000000e+00	
422	2.003653e-03	0.000000e+00	0.000000e+00	
423	2.007285e-03	0.000000e+00	0.000000e+00	
424	2.014548e-03	0.000000e+00	0.000000e+00	
425	2.024548e-03	0.000000e+00	0.000000e+00	
426	2.034548e-03	0.000000e+00	0.000000e+00	
427	2.044548e-03	0.000000e+00	0.000000e+00	
428	2.054548e-03	0.000000e+00	0.000000e+00	
429	2.064548e-03	0.000000e+00	0.000000e+00	
430	2.074548e-03	0.000000e+00	0.000000e+00	
431	2.084548e-03	0.000000e+00	0.000000e+00	
432	2.094548e-03	0.000000e+00	0.000000e+00	
433	2.104548e-03	0.000000e+00	0.000000e+00	
434	2.114548e-03	0.000000e+00	0.000000e+00	
435	2.124548e-03	0.000000e+00	0.000000e+00	
436	2.134548e-03	0.000000e+00	0.000000e+00	
437	2.144548e-03	0.000000e+00	0.000000e+00	
438	2.154548e-03	0.000000e+00	0.000000e+00	
439	2.164548e-03	0.000000e+00	0.000000e+00	
440	2.174548e-03	0.000000e+00	0.000000e+00	
441	2.184548e-03	0.000000e+00	0.000000e+00	
442	2.194548e-03	0.000000e+00	0.000000e+00	
443	2.204548e-03	0.000000e+00	0.000000e+00	
444	2.214548e-03	0.000000e+00	0.000000e+00	
445	2.224548e-03	0.000000e+00	0.000000e+00	
446	2.234548e-03	0.000000e+00	0.000000e+00	
447	2.244548e-03	0.000000e+00	0.000000e+00	
448	2.254548e-03	0.000000e+00	0.000000e+00	
449	2.264548e-03	0.000000e+00	0.000000e+00	
450	2.274548e-03	0.000000e+00	0.000000e+00	
451	2.284548e-03	0.000000e+00	0.000000e+00	
452	2.294548e-03	0.000000e+00	0.000000e+00	
453	2.304548e-03	0.000000e+00	0.000000e+00	
454	2.314548e-03	0.000000e+00	0.000000e+00	
455	2.324548e-03	0.000000e+00	0.000000e+00	
456	2.334548e-03	0.000000e+00	0.000000e+00	
457	2.344548e-03	0.000000e+00	0.000000e+00	
458	2.354548e-03	0.000000e+00	0.000000e+00	
459	2.364548e-03	0.000000e+00	0.000000e+00	
460	2.374548e-03	0.000000e+00	0.000000e+00	

Index   time            v9#branch       v10#branch      
--------------------------------------------------------------------------------
461	2.384548e-03	0.000000e+00	0.000000e+00	
462	2.394548e-03	0.000000e+00	0.000000e+00	
463	2.404548e-03	0.000000e+00	0.000000e+00	
464	2.414548e-03	0.000000e+00	0.000000e+00	
465	2.424548e-03	0.000000e+00	0.000000e+00	
466	2.434548e-03	0.000000e+00	0.000000e+00	
467	2.444548e-03	0.000000e+00	0.000000e+00	
468	2.454548e-03	0.000000e+00	0.000000e+00	
469	2.464548e-03	0.000000e+00	0.000000e+00	
470	2.474548e-03	0.000000e+00	0.000000e+00	
471	2.484548e-03	0.000000e+00	0.000000e+00	
472	2.494548e-03	0.000000e+00	0.000000e+00	
473	2.504548e-03	0.000000e+00	0.000000e+00	
474	2.514548e-03	0.000000e+00	0.000000e+00	
475	2.524548e-03	0.000000e+00	0.000000e+00	
476	2.534548e-03	0.000000e+00	0.000000e+00	
477	2.544548e-03	0.000000e+00	0.000000e+00	
478	2.554548e-03	0.000000e+00	0.000000e+00	
479	2.564548e-03	0.000000e+00	0.000000e+00	
480	2.574548e-03	0.000000e+00	0.000000e+00	
481	2.584548e-03	0.000000e+00	0.000000e+00	
482	2.594548e-03	0.000000e+00	0.000000e+00	
483	2.604548e-03	0.000000e+00	0.000000e+00	
484	2.614548e-03	0.000000e+00	0.000000e+00	
485	2.624548e-03	0.000000e+00	0.000000e+00	
486	2.634548e-03	0.000000e+00	0.000000e+00	
487	2.644548e-03	0.000000e+00	0.000000e+00	
488	2.654548e-03	0.000000e+00	0.000000e+00	
489	2.664548e-03	0.000000e+00	0.000000e+00	
490	2.674548e-03	0.000000e+00	0.000000e+00	
491	2.684548e-03	0.000000e+00	0.000000e+00	
492	2.694548e-03	0.000000e+00	0.000000e+00	
493	2.704548e-03	0.000000e+00	0.000000e+00	
494	2.714548e-03	0.000000e+00	0.000000e+00	
495	2.724548e-03	0.000000e+00	0.000000e+00	
496	2.734548e-03	0.000000e+00	0.000000e+00	
497	2.744548e-03	0.000000e+00	0.000000e+00	
498	2.754548e-03	0.000000e+00	0.000000e+00	
499	2.764548e-03	0.000000e+00	0.000000e+00	
500	2.774548e-03	0.000000e+00	0.000000e+00	
501	2.784548e-03	0.000000e+00	0.000000e+00	
502	2.794548e-03	0.000000e+00	0.000000e+00	
503	2.804548e-03	0.000000e+00	0.000000e+00	
504	2.814548e-03	0.000000e+00	0.000000e+00	
505	2.824548e-03	0.000000e+00	0.000000e+00	
506	2.834548e-03	0.000000e+00	0.000000e+00	
507	2.844548e-03	0.000000e+00	0.000000e+00	
508	2.854548e-03	0.000000e+00	0.000000e+00	
509	2.864548e-03	0.000000e+00	0.000000e+00	
510	2.874548e-03	0.000000e+00	0.000000e+00	
511	2.884548e-03	0.000000e+00	0.000000e+00	
512	2.894548e-03	0.000000e+00	0.000000e+00	
513	2.904548e-03	0.000000e+00	0.000000e+00	
514	2.914548e-03	0.000000e+00	0.000000e+00	
515	2.924548e-03	0.000000e+00	0.000000e+00	
516	2.934548e-03	0.000000e+00	0.000000e+00	
517	2.944548e-03	0.000000e+00	0.000000e+00	
518	2.954548e-03	0.000000e+00	0.000000e+00	

Index   time            v9#branch       v10#branch      
--------------------------------------------------------------------------------
519	2.964548e-03	0.000000e+00	0.000000e+00	
520	2.974548e-03	0.000000e+00	0.000000e+00	
521	2.984548e-03	0.000000e+00	0.000000e+00	
522	2.994548e-03	0.000000e+00	0.000000e+00	
523	3.000010e-03	0.000000e+00	0.000000e+00	
524	3.000011e-03	0.000000e+00	0.000000e+00	
525	3.000013e-03	0.000000e+00	0.000000e+00	
526	3.000017e-03	0.000000e+00	0.000000e+00	
527	3.000018e-03	0.000000e+00	0.000000e+00	
528	3.000018e-03	0.000000e+00	0.000000e+00	
529	3.000018e-03	0.000000e+00	0.000000e+00	
530	3.000018e-03	0.000000e+00	0.000000e+00	
531	3.000018e-03	0.000000e+00	0.000000e+00	
532	3.000018e-03	0.000000e+00	0.000000e+00	
533	3.000018e-03	0.000000e+00	0.000000e+00	
534	3.000018e-03	0.000000e+00	0.000000e+00	
535	3.000018e-03	0.000000e+00	0.000000e+00	
536	3.000018e-03	0.000000e+00	0.000000e+00	
537	3.000019e-03	0.000000e+00	0.000000e+00	
538	3.000019e-03	0.000000e+00	0.000000e+00	
539	3.000020e-03	0.000000e+00	0.000000e+00	
540	3.000020e-03	0.000000e+00	0.000000e+00	
541	3.000020e-03	0.000000e+00	0.000000e+00	
542	3.000021e-03	0.000000e+00	0.000000e+00	
543	3.000022e-03	0.000000e+00	0.000000e+00	
544	3.000022e-03	0.000000e+00	0.000000e+00	
545	3.000022e-03	0.000000e+00	0.000000e+00	
546	3.000022e-03	0.000000e+00	0.000000e+00	
547	3.000023e-03	0.000000e+00	0.000000e+00	
548	3.000023e-03	0.000000e+00	0.000000e+00	
549	3.000023e-03	0.000000e+00	0.000000e+00	
550	3.000023e-03	0.000000e+00	0.000000e+00	
551	3.000023e-03	0.000000e+00	0.000000e+00	
552	3.000023e-03	0.000000e+00	0.000000e+00	
553	3.000023e-03	0.000000e+00	0.000000e+00	
554	3.000023e-03	0.000000e+00	0.000000e+00	
555	3.000023e-03	0.000000e+00	0.000000e+00	
556	3.000023e-03	0.000000e+00	0.000000e+00	
557	3.000023e-03	0.000000e+00	0.000000e+00	
558	3.000023e-03	0.000000e+00	0.000000e+00	
559	3.000023e-03	0.000000e+00	0.000000e+00	
560	3.000023e-03	0.000000e+00	0.000000e+00	
561	3.000023e-03	0.000000e+00	0.000000e+00	
562	3.000023e-03	0.000000e+00	0.000000e+00	
563	3.000023e-03	0.000000e+00	0.000000e+00	
564	3.000023e-03	0.000000e+00	0.000000e+00	
565	3.000023e-03	0.000000e+00	0.000000e+00	
566	3.000023e-03	0.000000e+00	0.000000e+00	
567	3.000023e-03	0.000000e+00	0.000000e+00	
568	3.000023e-03	0.000000e+00	0.000000e+00	
569	3.000023e-03	0.000000e+00	0.000000e+00	
570	3.000023e-03	0.000000e+00	0.000000e+00	
571	3.000024e-03	0.000000e+00	0.000000e+00	
572	3.000024e-03	0.000000e+00	0.000000e+00	
573	3.000025e-03	0.000000e+00	0.000000e+00	
574	3.000026e-03	0.000000e+00	0.000000e+00	
575	3.000030e-03	0.000000e+00	0.000000e+00	
576	3.000036e-03	0.000000e+00	0.000000e+00	

Index   time            v9#branch       v10#branch      
--------------------------------------------------------------------------------
577	3.000049e-03	0.000000e+00	0.000000e+00	
578	3.000076e-03	0.000000e+00	0.000000e+00	
579	3.000128e-03	0.000000e+00	0.000000e+00	
580	3.000233e-03	0.000000e+00	0.000000e+00	
581	3.000443e-03	0.000000e+00	0.000000e+00	
582	3.000862e-03	0.000000e+00	0.000000e+00	
583	3.001701e-03	0.000000e+00	0.000000e+00	
584	3.003379e-03	0.000000e+00	0.000000e+00	
585	3.006734e-03	0.000000e+00	0.000000e+00	
586	3.013445e-03	0.000000e+00	0.000000e+00	
587	3.023445e-03	0.000000e+00	0.000000e+00	
588	3.033445e-03	0.000000e+00	0.000000e+00	
589	3.043445e-03	0.000000e+00	0.000000e+00	
590	3.053445e-03	0.000000e+00	0.000000e+00	
591	3.063445e-03	0.000000e+00	0.000000e+00	
592	3.073445e-03	0.000000e+00	0.000000e+00	
593	3.083445e-03	0.000000e+00	0.000000e+00	
594	3.093445e-03	0.000000e+00	0.000000e+00	
595	3.103445e-03	0.000000e+00	0.000000e+00	
596	3.113445e-03	0.000000e+00	0.000000e+00	
597	3.123445e-03	0.000000e+00	0.000000e+00	
598	3.133445e-03	0.000000e+00	0.000000e+00	
599	3.143445e-03	0.000000e+00	0.000000e+00	
600	3.153445e-03	0.000000e+00	0.000000e+00	
601	3.163445e-03	0.000000e+00	0.000000e+00	
602	3.173445e-03	0.000000e+00	0.000000e+00	
603	3.183445e-03	0.000000e+00	0.000000e+00	
604	3.193445e-03	0.000000e+00	0.000000e+00	
605	3.203445e-03	0.000000e+00	0.000000e+00	
606	3.213445e-03	0.000000e+00	0.000000e+00	
607	3.223445e-03	0.000000e+00	0.000000e+00	
608	3.233445e-03	0.000000e+00	0.000000e+00	
609	3.243445e-03	0.000000e+00	0.000000e+00	
610	3.253445e-03	0.000000e+00	0.000000e+00	
611	3.263445e-03	0.000000e+00	0.000000e+00	
612	3.273445e-03	0.000000e+00	0.000000e+00	
613	3.283445e-03	0.000000e+00	0.000000e+00	
614	3.293445e-03	0.000000e+00	0.000000e+00	
615	3.303445e-03	0.000000e+00	0.000000e+00	
616	3.313445e-03	0.000000e+00	0.000000e+00	
617	3.323445e-03	0.000000e+00	0.000000e+00	
618	3.333445e-03	0.000000e+00	0.000000e+00	
619	3.343445e-03	0.000000e+00	0.000000e+00	
620	3.353445e-03	0.000000e+00	0.000000e+00	
621	3.363445e-03	0.000000e+00	0.000000e+00	
622	3.373445e-03	0.000000e+00	0.000000e+00	
623	3.383445e-03	0.000000e+00	0.000000e+00	
624	3.393445e-03	0.000000e+00	0.000000e+00	
625	3.403445e-03	0.000000e+00	0.000000e+00	
626	3.413445e-03	0.000000e+00	0.000000e+00	
627	3.423445e-03	0.000000e+00	0.000000e+00	
628	3.433445e-03	0.000000e+00	0.000000e+00	
629	3.443445e-03	0.000000e+00	0.000000e+00	
630	3.453445e-03	0.000000e+00	0.000000e+00	
631	3.463445e-03	0.000000e+00	0.000000e+00	
632	3.473445e-03	0.000000e+00	0.000000e+00	
633	3.483445e-03	0.000000e+00	0.000000e+00	
634	3.493445e-03	0.000000e+00	0.000000e+00	

Index   time            v9#branch       v10#branch      
--------------------------------------------------------------------------------
635	3.503445e-03	0.000000e+00	0.000000e+00	
636	3.513445e-03	0.000000e+00	0.000000e+00	
637	3.523445e-03	0.000000e+00	0.000000e+00	
638	3.533445e-03	0.000000e+00	0.000000e+00	
639	3.543445e-03	0.000000e+00	0.000000e+00	
640	3.553445e-03	0.000000e+00	0.000000e+00	
641	3.563445e-03	0.000000e+00	0.000000e+00	
642	3.573445e-03	0.000000e+00	0.000000e+00	
643	3.583445e-03	0.000000e+00	0.000000e+00	
644	3.593445e-03	0.000000e+00	0.000000e+00	
645	3.603445e-03	0.000000e+00	0.000000e+00	
646	3.613445e-03	0.000000e+00	0.000000e+00	
647	3.623445e-03	0.000000e+00	0.000000e+00	
648	3.633445e-03	0.000000e+00	0.000000e+00	
649	3.643445e-03	0.000000e+00	0.000000e+00	
650	3.653445e-03	0.000000e+00	0.000000e+00	
651	3.663445e-03	0.000000e+00	0.000000e+00	
652	3.673445e-03	0.000000e+00	0.000000e+00	
653	3.683445e-03	0.000000e+00	0.000000e+00	
654	3.693445e-03	0.000000e+00	0.000000e+00	
655	3.703445e-03	0.000000e+00	0.000000e+00	
656	3.713445e-03	0.000000e+00	0.000000e+00	
657	3.723445e-03	0.000000e+00	0.000000e+00	
658	3.733445e-03	0.000000e+00	0.000000e+00	
659	3.743445e-03	0.000000e+00	0.000000e+00	
660	3.753445e-03	0.000000e+00	0.000000e+00	
661	3.763445e-03	0.000000e+00	0.000000e+00	
662	3.773445e-03	0.000000e+00	0.000000e+00	
663	3.783445e-03	0.000000e+00	0.000000e+00	
664	3.793445e-03	0.000000e+00	0.000000e+00	
665	3.803445e-03	0.000000e+00	0.000000e+00	
666	3.813445e-03	0.000000e+00	0.000000e+00	
667	3.823445e-03	0.000000e+00	0.000000e+00	
668	3.833445e-03	0.000000e+00	0.000000e+00	
669	3.843445e-03	0.000000e+00	0.000000e+00	
670	3.853445e-03	0.000000e+00	0.000000e+00	
671	3.863445e-03	0.000000e+00	0.000000e+00	
672	3.873445e-03	0.000000e+00	0.000000e+00	
673	3.883445e-03	0.000000e+00	0.000000e+00	
674	3.893445e-03	0.000000e+00	0.000000e+00	
675	3.903445e-03	0.000000e+00	0.000000e+00	
676	3.913445e-03	0.000000e+00	0.000000e+00	
677	3.923445e-03	0.000000e+00	0.000000e+00	
678	3.933445e-03	0.000000e+00	0.000000e+00	
679	3.943445e-03	0.000000e+00	0.000000e+00	
680	3.953445e-03	0.000000e+00	0.000000e+00	
681	3.963445e-03	0.000000e+00	0.000000e+00	
682	3.973445e-03	0.000000e+00	0.000000e+00	
683	3.983445e-03	0.000000e+00	0.000000e+00	
684	3.993445e-03	0.000000e+00	0.000000e+00	
685	4.000000e-03	0.000000e+00	0.000000e+00	
