                                kicad schematic
                                Transient Analysis  Fri Nov 21 20:49:57  2025
--------------------------------------------------------------------------------
Index   time            a15#branch_1_0  v1#branch       v2#branch       
--------------------------------------------------------------------------------
0	0.000000e+00	0.000000e+00	0.000000e+00	0.000000e+00	
1	1.000000e-10	0.000000e+00	0.000000e+00	0.000000e+00	
2	2.000000e-10	0.000000e+00	0.000000e+00	0.000000e+00	
3	4.000000e-10	0.000000e+00	0.000000e+00	0.000000e+00	
4	8.000000e-10	0.000000e+00	0.000000e+00	0.000000e+00	
5	1.600000e-09	0.000000e+00	0.000000e+00	0.000000e+00	
6	3.200000e-09	0.000000e+00	0.000000e+00	0.000000e+00	
7	6.400000e-09	0.000000e+00	0.000000e+00	0.000000e+00	
8	1.000000e-08	0.000000e+00	0.000000e+00	0.000000e+00	
9	1.064000e-08	0.000000e+00	0.000000e+00	0.000000e+00	
10	1.192000e-08	0.000000e+00	0.000000e+00	0.000000e+00	
11	1.240000e-08	0.000000e+00	0.000000e+00	0.000000e+00	
12	1.241000e-08	0.000000e+00	0.000000e+00	0.000000e+00	
13	1.243000e-08	0.000000e+00	0.000000e+00	0.000000e+00	
14	1.247000e-08	0.000000e+00	0.000000e+00	0.000000e+00	
15	1.250000e-08	0.000000e+00	0.000000e+00	0.000000e+00	
16	1.250800e-08	0.000000e+00	0.000000e+00	0.000000e+00	
17	1.252400e-08	0.000000e+00	0.000000e+00	0.000000e+00	
18	1.255600e-08	0.000000e+00	0.000000e+00	0.000000e+00	
19	1.262000e-08	0.000000e+00	0.000000e+00	0.000000e+00	
20	1.274800e-08	0.000000e+00	0.000000e+00	0.000000e+00	
21	1.300400e-08	0.000000e+00	0.000000e+00	0.000000e+00	
22	1.351600e-08	0.000000e+00	0.000000e+00	0.000000e+00	
23	1.454000e-08	0.000000e+00	0.000000e+00	0.000000e+00	
24	1.600000e-08	0.000000e+00	0.000000e+00	0.000000e+00	
25	1.609000e-08	0.000000e+00	0.000000e+00	0.000000e+00	
26	1.627000e-08	0.000000e+00	0.000000e+00	0.000000e+00	
27	1.663000e-08	0.000000e+00	0.000000e+00	0.000000e+00	
28	1.690000e-08	0.000000e+00	0.000000e+00	0.000000e+00	
29	1.697200e-08	0.000000e+00	0.000000e+00	0.000000e+00	
30	1.711600e-08	0.000000e+00	0.000000e+00	0.000000e+00	
31	1.740400e-08	0.000000e+00	0.000000e+00	0.000000e+00	
32	1.798000e-08	0.000000e+00	0.000000e+00	0.000000e+00	
33	1.913200e-08	0.000000e+00	0.000000e+00	0.000000e+00	
34	2.143600e-08	0.000000e+00	0.000000e+00	0.000000e+00	
35	2.604400e-08	0.000000e+00	0.000000e+00	0.000000e+00	
36	3.526000e-08	0.000000e+00	0.000000e+00	0.000000e+00	
37	5.369200e-08	0.000000e+00	0.000000e+00	0.000000e+00	
38	9.055600e-08	0.000000e+00	0.000000e+00	0.000000e+00	
39	1.642840e-07	0.000000e+00	0.000000e+00	0.000000e+00	
40	3.117400e-07	0.000000e+00	0.000000e+00	0.000000e+00	
41	6.066520e-07	0.000000e+00	0.000000e+00	0.000000e+00	
42	1.196476e-06	0.000000e+00	0.000000e+00	0.000000e+00	
43	2.376124e-06	0.000000e+00	0.000000e+00	0.000000e+00	
44	4.735420e-06	0.000000e+00	0.000000e+00	0.000000e+00	
45	9.454012e-06	0.000000e+00	0.000000e+00	0.000000e+00	
46	1.889120e-05	0.000000e+00	0.000000e+00	0.000000e+00	
47	2.889120e-05	0.000000e+00	0.000000e+00	0.000000e+00	
48	3.889120e-05	0.000000e+00	0.000000e+00	0.000000e+00	
49	4.889120e-05	0.000000e+00	0.000000e+00	0.000000e+00	
50	5.889120e-05	0.000000e+00	0.000000e+00	0.000000e+00	
51	6.889120e-05	0.000000e+00	0.000000e+00	0.000000e+00	
52	7.889120e-05	0.000000e+00	0.000000e+00	0.000000e+00	
53	8.889120e-05	0.000000e+00	0.000000e+00	0.000000e+00	
54	9.889120e-05	0.000000e+00	0.000000e+00	0.000000e+00	

Index   time            a15#branch_1_0  v1#branch       v2#branch       
--------------------------------------------------------------------------------
55	1.088912e-04	0.000000e+00	0.000000e+00	0.000000e+00	
56	1.188912e-04	0.000000e+00	0.000000e+00	0.000000e+00	
57	1.288912e-04	0.000000e+00	0.000000e+00	0.000000e+00	
58	1.388912e-04	0.000000e+00	0.000000e+00	0.000000e+00	
59	1.488912e-04	0.000000e+00	0.000000e+00	0.000000e+00	
60	1.588912e-04	0.000000e+00	0.000000e+00	0.000000e+00	
61	1.688912e-04	0.000000e+00	0.000000e+00	0.000000e+00	
62	1.788912e-04	0.000000e+00	0.000000e+00	0.000000e+00	
63	1.888912e-04	0.000000e+00	0.000000e+00	0.000000e+00	
64	1.988912e-04	0.000000e+00	0.000000e+00	0.000000e+00	
65	2.088912e-04	0.000000e+00	0.000000e+00	0.000000e+00	
66	2.188912e-04	0.000000e+00	0.000000e+00	0.000000e+00	
67	2.288912e-04	0.000000e+00	0.000000e+00	0.000000e+00	
68	2.388912e-04	0.000000e+00	0.000000e+00	0.000000e+00	
69	2.488912e-04	0.000000e+00	0.000000e+00	0.000000e+00	
70	2.588912e-04	0.000000e+00	0.000000e+00	0.000000e+00	
71	2.688912e-04	0.000000e+00	0.000000e+00	0.000000e+00	
72	2.788912e-04	0.000000e+00	0.000000e+00	0.000000e+00	
73	2.888912e-04	0.000000e+00	0.000000e+00	0.000000e+00	
74	2.988912e-04	0.000000e+00	0.000000e+00	0.000000e+00	
75	3.088912e-04	0.000000e+00	0.000000e+00	0.000000e+00	
76	3.188912e-04	0.000000e+00	0.000000e+00	0.000000e+00	
77	3.288912e-04	0.000000e+00	0.000000e+00	0.000000e+00	
78	3.388912e-04	0.000000e+00	0.000000e+00	0.000000e+00	
79	3.488912e-04	0.000000e+00	0.000000e+00	0.000000e+00	
80	3.588912e-04	0.000000e+00	0.000000e+00	0.000000e+00	
81	3.688912e-04	0.000000e+00	0.000000e+00	0.000000e+00	
82	3.788912e-04	0.000000e+00	0.000000e+00	0.000000e+00	
83	3.888912e-04	0.000000e+00	0.000000e+00	0.000000e+00	
84	3.988912e-04	0.000000e+00	0.000000e+00	0.000000e+00	
85	4.088912e-04	0.000000e+00	0.000000e+00	0.000000e+00	
86	4.188912e-04	0.000000e+00	0.000000e+00	0.000000e+00	
87	4.288912e-04	0.000000e+00	0.000000e+00	0.000000e+00	
88	4.388912e-04	0.000000e+00	0.000000e+00	0.000000e+00	
89	4.488912e-04	0.000000e+00	0.000000e+00	0.000000e+00	
90	4.588912e-04	0.000000e+00	0.000000e+00	0.000000e+00	
91	4.688912e-04	0.000000e+00	0.000000e+00	0.000000e+00	
92	4.788912e-04	0.000000e+00	0.000000e+00	0.000000e+00	
93	4.888912e-04	0.000000e+00	0.000000e+00	0.000000e+00	
94	4.988912e-04	0.000000e+00	0.000000e+00	0.000000e+00	
95	5.088912e-04	0.000000e+00	0.000000e+00	0.000000e+00	
96	5.188912e-04	0.000000e+00	0.000000e+00	0.000000e+00	
97	5.288912e-04	0.000000e+00	0.000000e+00	0.000000e+00	
98	5.388912e-04	0.000000e+00	0.000000e+00	0.000000e+00	
99	5.488912e-04	0.000000e+00	0.000000e+00	0.000000e+00	
100	5.588912e-04	0.000000e+00	0.000000e+00	0.000000e+00	
101	5.688912e-04	0.000000e+00	0.000000e+00	0.000000e+00	
102	5.788912e-04	0.000000e+00	0.000000e+00	0.000000e+00	
103	5.888912e-04	0.000000e+00	0.000000e+00	0.000000e+00	
104	5.988912e-04	0.000000e+00	0.000000e+00	0.000000e+00	
105	6.088912e-04	0.000000e+00	0.000000e+00	0.000000e+00	
106	6.188912e-04	0.000000e+00	0.000000e+00	0.000000e+00	
107	6.288912e-04	0.000000e+00	0.000000e+00	0.000000e+00	
108	6.388912e-04	0.000000e+00	0.000000e+00	0.000000e+00	
109	6.488912e-04	0.000000e+00	0.000000e+00	0.000000e+00	
110	6.588912e-04	0.000000e+00	0.000000e+00	0.000000e+00	
111	6.688912e-04	0.000000e+00	0.000000e+00	0.000000e+00	
112	6.788912e-04	0.000000e+00	0.000000e+00	0.000000e+00	

Index   time            a15#branch_1_0  v1#branch       v2#branch       
--------------------------------------------------------------------------------
113	6.888912e-04	0.000000e+00	0.000000e+00	0.000000e+00	
114	6.988912e-04	0.000000e+00	0.000000e+00	0.000000e+00	
115	7.088912e-04	0.000000e+00	0.000000e+00	0.000000e+00	
116	7.188912e-04	0.000000e+00	0.000000e+00	0.000000e+00	
117	7.288912e-04	0.000000e+00	0.000000e+00	0.000000e+00	
118	7.388912e-04	0.000000e+00	0.000000e+00	0.000000e+00	
119	7.488912e-04	0.000000e+00	0.000000e+00	0.000000e+00	
120	7.588912e-04	0.000000e+00	0.000000e+00	0.000000e+00	
121	7.688912e-04	0.000000e+00	0.000000e+00	0.000000e+00	
122	7.788912e-04	0.000000e+00	0.000000e+00	0.000000e+00	
123	7.888912e-04	0.000000e+00	0.000000e+00	0.000000e+00	
124	7.988912e-04	0.000000e+00	0.000000e+00	0.000000e+00	
125	8.088912e-04	0.000000e+00	0.000000e+00	0.000000e+00	
126	8.188912e-04	0.000000e+00	0.000000e+00	0.000000e+00	
127	8.288912e-04	0.000000e+00	0.000000e+00	0.000000e+00	
128	8.388912e-04	0.000000e+00	0.000000e+00	0.000000e+00	
129	8.488912e-04	0.000000e+00	0.000000e+00	0.000000e+00	
130	8.588912e-04	0.000000e+00	0.000000e+00	0.000000e+00	
131	8.688912e-04	0.000000e+00	0.000000e+00	0.000000e+00	
132	8.788912e-04	0.000000e+00	0.000000e+00	0.000000e+00	
133	8.888912e-04	0.000000e+00	0.000000e+00	0.000000e+00	
134	8.988912e-04	0.000000e+00	0.000000e+00	0.000000e+00	
135	9.088912e-04	0.000000e+00	0.000000e+00	0.000000e+00	
136	9.188912e-04	0.000000e+00	0.000000e+00	0.000000e+00	
137	9.288912e-04	0.000000e+00	0.000000e+00	0.000000e+00	
138	9.388912e-04	0.000000e+00	0.000000e+00	0.000000e+00	
139	9.488912e-04	0.000000e+00	0.000000e+00	0.000000e+00	
140	9.588912e-04	0.000000e+00	0.000000e+00	0.000000e+00	
141	9.688912e-04	0.000000e+00	0.000000e+00	0.000000e+00	
142	9.788912e-04	0.000000e+00	0.000000e+00	0.000000e+00	
143	9.888912e-04	0.000000e+00	0.000000e+00	0.000000e+00	
144	9.988912e-04	0.000000e+00	0.000000e+00	0.000000e+00	
145	1.000010e-03	0.000000e+00	0.000000e+00	0.000000e+00	
146	1.000011e-03	0.000000e+00	0.000000e+00	0.000000e+00	
147	1.000013e-03	0.000000e+00	0.000000e+00	0.000000e+00	
148	1.000017e-03	0.000000e+00	0.000000e+00	0.000000e+00	
149	1.000018e-03	0.000000e+00	0.000000e+00	0.000000e+00	
150	1.000018e-03	0.000000e+00	0.000000e+00	0.000000e+00	
151	1.000018e-03	0.000000e+00	0.000000e+00	0.000000e+00	
152	1.000019e-03	0.000000e+00	0.000000e+00	0.000000e+00	
153	1.000019e-03	0.000000e+00	0.000000e+00	0.000000e+00	
154	1.000019e-03	0.000000e+00	0.000000e+00	0.000000e+00	
155	1.000019e-03	0.000000e+00	0.000000e+00	0.000000e+00	
156	1.000019e-03	0.000000e+00	0.000000e+00	0.000000e+00	
157	1.000020e-03	0.000000e+00	0.000000e+00	0.000000e+00	
158	1.000020e-03	0.000000e+00	0.000000e+00	0.000000e+00	
159	1.000020e-03	0.000000e+00	0.000000e+00	0.000000e+00	
160	1.000020e-03	0.000000e+00	0.000000e+00	0.000000e+00	
161	1.000020e-03	0.000000e+00	0.000000e+00	0.000000e+00	
162	1.000021e-03	0.000000e+00	0.000000e+00	0.000000e+00	
163	1.000021e-03	0.000000e+00	0.000000e+00	0.000000e+00	
164	1.000022e-03	0.000000e+00	0.000000e+00	0.000000e+00	
165	1.000022e-03	0.000000e+00	0.000000e+00	0.000000e+00	
166	1.000022e-03	0.000000e+00	0.000000e+00	0.000000e+00	
167	1.000022e-03	0.000000e+00	0.000000e+00	0.000000e+00	
168	1.000022e-03	0.000000e+00	0.000000e+00	0.000000e+00	
169	1.000022e-03	0.000000e+00	0.000000e+00	0.000000e+00	
170	1.000022e-03	0.000000e+00	0.000000e+00	0.000000e+00	

Index   time            a15#branch_1_0  v1#branch       v2#branch       
--------------------------------------------------------------------------------
171	1.000022e-03	0.000000e+00	0.000000e+00	0.000000e+00	
172	1.000022e-03	0.000000e+00	0.000000e+00	0.000000e+00	
173	1.000022e-03	0.000000e+00	0.000000e+00	0.000000e+00	
174	1.000023e-03	0.000000e+00	0.000000e+00	0.000000e+00	
175	1.000023e-03	0.000000e+00	0.000000e+00	0.000000e+00	
176	1.000024e-03	0.000000e+00	0.000000e+00	0.000000e+00	
177	1.000026e-03	0.000000e+00	0.000000e+00	0.000000e+00	
178	1.000030e-03	0.000000e+00	0.000000e+00	0.000000e+00	
179	1.000038e-03	0.000000e+00	0.000000e+00	0.000000e+00	
180	1.000055e-03	0.000000e+00	0.000000e+00	0.000000e+00	
181	1.000088e-03	0.000000e+00	0.000000e+00	0.000000e+00	
182	1.000153e-03	0.000000e+00	0.000000e+00	0.000000e+00	
183	1.000284e-03	0.000000e+00	0.000000e+00	0.000000e+00	
184	1.000546e-03	0.000000e+00	0.000000e+00	0.000000e+00	
185	1.001071e-03	0.000000e+00	0.000000e+00	0.000000e+00	
186	1.002119e-03	0.000000e+00	0.000000e+00	0.000000e+00	
187	1.004216e-03	0.000000e+00	0.000000e+00	0.000000e+00	
188	1.008411e-03	0.000000e+00	0.000000e+00	0.000000e+00	
189	1.016799e-03	0.000000e+00	0.000000e+00	0.000000e+00	
190	1.026799e-03	0.000000e+00	0.000000e+00	0.000000e+00	
191	1.036799e-03	0.000000e+00	0.000000e+00	0.000000e+00	
192	1.046799e-03	0.000000e+00	0.000000e+00	0.000000e+00	
193	1.056799e-03	0.000000e+00	0.000000e+00	0.000000e+00	
194	1.066799e-03	0.000000e+00	0.000000e+00	0.000000e+00	
195	1.076799e-03	0.000000e+00	0.000000e+00	0.000000e+00	
196	1.086799e-03	0.000000e+00	0.000000e+00	0.000000e+00	
197	1.096799e-03	0.000000e+00	0.000000e+00	0.000000e+00	
198	1.106799e-03	0.000000e+00	0.000000e+00	0.000000e+00	
199	1.116799e-03	0.000000e+00	0.000000e+00	0.000000e+00	
200	1.126799e-03	0.000000e+00	0.000000e+00	0.000000e+00	
201	1.136799e-03	0.000000e+00	0.000000e+00	0.000000e+00	
202	1.146799e-03	0.000000e+00	0.000000e+00	0.000000e+00	
203	1.156799e-03	0.000000e+00	0.000000e+00	0.000000e+00	
204	1.166799e-03	0.000000e+00	0.000000e+00	0.000000e+00	
205	1.176799e-03	0.000000e+00	0.000000e+00	0.000000e+00	
206	1.186799e-03	0.000000e+00	0.000000e+00	0.000000e+00	
207	1.196799e-03	0.000000e+00	0.000000e+00	0.000000e+00	
208	1.206799e-03	0.000000e+00	0.000000e+00	0.000000e+00	
209	1.216799e-03	0.000000e+00	0.000000e+00	0.000000e+00	
210	1.226799e-03	0.000000e+00	0.000000e+00	0.000000e+00	
211	1.236799e-03	0.000000e+00	0.000000e+00	0.000000e+00	
212	1.246799e-03	0.000000e+00	0.000000e+00	0.000000e+00	
213	1.256799e-03	0.000000e+00	0.000000e+00	0.000000e+00	
214	1.266799e-03	0.000000e+00	0.000000e+00	0.000000e+00	
215	1.276799e-03	0.000000e+00	0.000000e+00	0.000000e+00	
216	1.286799e-03	0.000000e+00	0.000000e+00	0.000000e+00	
217	1.296799e-03	0.000000e+00	0.000000e+00	0.000000e+00	
218	1.306799e-03	0.000000e+00	0.000000e+00	0.000000e+00	
219	1.316799e-03	0.000000e+00	0.000000e+00	0.000000e+00	
220	1.326799e-03	0.000000e+00	0.000000e+00	0.000000e+00	
221	1.336799e-03	0.000000e+00	0.000000e+00	0.000000e+00	
222	1.346799e-03	0.000000e+00	0.000000e+00	0.000000e+00	
223	1.356799e-03	0.000000e+00	0.000000e+00	0.000000e+00	
224	1.366799e-03	0.000000e+00	0.000000e+00	0.000000e+00	
225	1.376799e-03	0.000000e+00	0.000000e+00	0.000000e+00	
226	1.386799e-03	0.000000e+00	0.000000e+00	0.000000e+00	
227	1.396799e-03	0.000000e+00	0.000000e+00	0.000000e+00	
228	1.406799e-03	0.000000e+00	0.000000e+00	0.000000e+00	

Index   time            a15#branch_1_0  v1#branch       v2#branch       
--------------------------------------------------------------------------------
229	1.416799e-03	0.000000e+00	0.000000e+00	0.000000e+00	
230	1.426799e-03	0.000000e+00	0.000000e+00	0.000000e+00	
231	1.436799e-03	0.000000e+00	0.000000e+00	0.000000e+00	
232	1.446799e-03	0.000000e+00	0.000000e+00	0.000000e+00	
233	1.456799e-03	0.000000e+00	0.000000e+00	0.000000e+00	
234	1.466799e-03	0.000000e+00	0.000000e+00	0.000000e+00	
235	1.476799e-03	0.000000e+00	0.000000e+00	0.000000e+00	
236	1.486799e-03	0.000000e+00	0.000000e+00	0.000000e+00	
237	1.496799e-03	0.000000e+00	0.000000e+00	0.000000e+00	
238	1.506799e-03	0.000000e+00	0.000000e+00	0.000000e+00	
239	1.516799e-03	0.000000e+00	0.000000e+00	0.000000e+00	
240	1.526799e-03	0.000000e+00	0.000000e+00	0.000000e+00	
241	1.536799e-03	0.000000e+00	0.000000e+00	0.000000e+00	
242	1.546799e-03	0.000000e+00	0.000000e+00	0.000000e+00	
243	1.556799e-03	0.000000e+00	0.000000e+00	0.000000e+00	
244	1.566799e-03	0.000000e+00	0.000000e+00	0.000000e+00	
245	1.576799e-03	0.000000e+00	0.000000e+00	0.000000e+00	
246	1.586799e-03	0.000000e+00	0.000000e+00	0.000000e+00	
247	1.596799e-03	0.000000e+00	0.000000e+00	0.000000e+00	
248	1.606799e-03	0.000000e+00	0.000000e+00	0.000000e+00	
249	1.616799e-03	0.000000e+00	0.000000e+00	0.000000e+00	
250	1.626799e-03	0.000000e+00	0.000000e+00	0.000000e+00	
251	1.636799e-03	0.000000e+00	0.000000e+00	0.000000e+00	
252	1.646799e-03	0.000000e+00	0.000000e+00	0.000000e+00	
253	1.656799e-03	0.000000e+00	0.000000e+00	0.000000e+00	
254	1.666799e-03	0.000000e+00	0.000000e+00	0.000000e+00	
255	1.676799e-03	0.000000e+00	0.000000e+00	0.000000e+00	
256	1.686799e-03	0.000000e+00	0.000000e+00	0.000000e+00	
257	1.696799e-03	0.000000e+00	0.000000e+00	0.000000e+00	
258	1.706799e-03	0.000000e+00	0.000000e+00	0.000000e+00	
259	1.716799e-03	0.000000e+00	0.000000e+00	0.000000e+00	
260	1.726799e-03	0.000000e+00	0.000000e+00	0.000000e+00	
261	1.736799e-03	0.000000e+00	0.000000e+00	0.000000e+00	
262	1.746799e-03	0.000000e+00	0.000000e+00	0.000000e+00	
263	1.756799e-03	0.000000e+00	0.000000e+00	0.000000e+00	
264	1.766799e-03	0.000000e+00	0.000000e+00	0.000000e+00	
265	1.776799e-03	0.000000e+00	0.000000e+00	0.000000e+00	
266	1.786799e-03	0.000000e+00	0.000000e+00	0.000000e+00	
267	1.796799e-03	0.000000e+00	0.000000e+00	0.000000e+00	
268	1.806799e-03	0.000000e+00	0.000000e+00	0.000000e+00	
269	1.816799e-03	0.000000e+00	0.000000e+00	0.000000e+00	
270	1.826799e-03	0.000000e+00	0.000000e+00	0.000000e+00	
271	1.836799e-03	0.000000e+00	0.000000e+00	0.000000e+00	
272	1.846799e-03	0.000000e+00	0.000000e+00	0.000000e+00	
273	1.856799e-03	0.000000e+00	0.000000e+00	0.000000e+00	
274	1.866799e-03	0.000000e+00	0.000000e+00	0.000000e+00	
275	1.876799e-03	0.000000e+00	0.000000e+00	0.000000e+00	
276	1.886799e-03	0.000000e+00	0.000000e+00	0.000000e+00	
277	1.896799e-03	0.000000e+00	0.000000e+00	0.000000e+00	
278	1.906799e-03	0.000000e+00	0.000000e+00	0.000000e+00	
279	1.916799e-03	0.000000e+00	0.000000e+00	0.000000e+00	
280	1.926799e-03	0.000000e+00	0.000000e+00	0.000000e+00	
281	1.936799e-03	0.000000e+00	0.000000e+00	0.000000e+00	
282	1.946799e-03	0.000000e+00	0.000000e+00	0.000000e+00	
283	1.956799e-03	0.000000e+00	0.000000e+00	0.000000e+00	
284	1.966799e-03	0.000000e+00	0.000000e+00	0.000000e+00	
285	1.976799e-03	0.000000e+00	0.000000e+00	0.000000e+00	
286	1.986799e-03	0.000000e+00	0.000000e+00	0.000000e+00	

Index   time            a15#branch_1_0  v1#branch       v2#branch       
--------------------------------------------------------------------------------
287	1.996799e-03	0.000000e+00	0.000000e+00	0.000000e+00	
288	2.000000e-03	0.000000e+00	0.000000e+00	0.000000e+00	
289	2.000001e-03	0.000000e+00	0.000000e+00	0.000000e+00	
290	2.000003e-03	0.000000e+00	0.000000e+00	0.000000e+00	
291	2.000007e-03	0.000000e+00	0.000000e+00	0.000000e+00	
292	2.000010e-03	0.000000e+00	0.000000e+00	0.000000e+00	
293	2.000011e-03	0.000000e+00	0.000000e+00	0.000000e+00	
294	2.000012e-03	0.000000e+00	0.000000e+00	0.000000e+00	
295	2.000013e-03	0.000000e+00	0.000000e+00	0.000000e+00	
296	2.000013e-03	0.000000e+00	0.000000e+00	0.000000e+00	
297	2.000013e-03	0.000000e+00	0.000000e+00	0.000000e+00	
298	2.000013e-03	0.000000e+00	0.000000e+00	0.000000e+00	
299	2.000013e-03	0.000000e+00	0.000000e+00	0.000000e+00	
300	2.000013e-03	0.000000e+00	0.000000e+00	0.000000e+00	
301	2.000013e-03	0.000000e+00	0.000000e+00	0.000000e+00	
302	2.000013e-03	0.000000e+00	0.000000e+00	0.000000e+00	
303	2.000013e-03	0.000000e+00	0.000000e+00	0.000000e+00	
304	2.000013e-03	0.000000e+00	0.000000e+00	0.000000e+00	
305	2.000014e-03	0.000000e+00	0.000000e+00	0.000000e+00	
306	2.000014e-03	0.000000e+00	0.000000e+00	0.000000e+00	
307	2.000015e-03	0.000000e+00	0.000000e+00	0.000000e+00	
308	2.000016e-03	0.000000e+00	0.000000e+00	0.000000e+00	
309	2.000016e-03	0.000000e+00	0.000000e+00	0.000000e+00	
310	2.000016e-03	0.000000e+00	0.000000e+00	0.000000e+00	
311	2.000017e-03	0.000000e+00	0.000000e+00	0.000000e+00	
312	2.000017e-03	0.000000e+00	0.000000e+00	0.000000e+00	
313	2.000017e-03	0.000000e+00	0.000000e+00	0.000000e+00	
314	2.000017e-03	0.000000e+00	0.000000e+00	0.000000e+00	
315	2.000017e-03	0.000000e+00	0.000000e+00	0.000000e+00	
316	2.000018e-03	0.000000e+00	0.000000e+00	0.000000e+00	
317	2.000019e-03	0.000000e+00	0.000000e+00	0.000000e+00	
318	2.000021e-03	0.000000e+00	0.000000e+00	0.000000e+00	
319	2.000026e-03	0.000000e+00	0.000000e+00	0.000000e+00	
320	2.000035e-03	0.000000e+00	0.000000e+00	0.000000e+00	
321	2.000054e-03	0.000000e+00	0.000000e+00	0.000000e+00	
322	2.000091e-03	0.000000e+00	0.000000e+00	0.000000e+00	
323	2.000164e-03	0.000000e+00	0.000000e+00	0.000000e+00	
324	2.000312e-03	0.000000e+00	0.000000e+00	0.000000e+00	
325	2.000607e-03	0.000000e+00	0.000000e+00	0.000000e+00	
326	2.001196e-03	0.000000e+00	0.000000e+00	0.000000e+00	
327	2.002376e-03	0.000000e+00	0.000000e+00	0.000000e+00	
328	2.004735e-03	0.000000e+00	0.000000e+00	0.000000e+00	
329	2.009454e-03	0.000000e+00	0.000000e+00	0.000000e+00	
330	2.018891e-03	0.000000e+00	0.000000e+00	0.000000e+00	
331	2.028891e-03	0.000000e+00	0.000000e+00	0.000000e+00	
332	2.038891e-03	0.000000e+00	0.000000e+00	0.000000e+00	
333	2.048891e-03	0.000000e+00	0.000000e+00	0.000000e+00	
334	2.058891e-03	0.000000e+00	0.000000e+00	0.000000e+00	
335	2.068891e-03	0.000000e+00	0.000000e+00	0.000000e+00	
336	2.078891e-03	0.000000e+00	0.000000e+00	0.000000e+00	
337	2.088891e-03	0.000000e+00	0.000000e+00	0.000000e+00	
338	2.098891e-03	0.000000e+00	0.000000e+00	0.000000e+00	
339	2.108891e-03	0.000000e+00	0.000000e+00	0.000000e+00	
340	2.118891e-03	0.000000e+00	0.000000e+00	0.000000e+00	
341	2.128891e-03	0.000000e+00	0.000000e+00	0.000000e+00	
342	2.138891e-03	0.000000e+00	0.000000e+00	0.000000e+00	
343	2.148891e-03	0.000000e+00	0.000000e+00	0.000000e+00	
344	2.158891e-03	0.000000e+00	0.000000e+00	0.000000e+00	

Index   time            a15#branch_1_0  v1#branch       v2#branch       
--------------------------------------------------------------------------------
345	2.168891e-03	0.000000e+00	0.000000e+00	0.000000e+00	
346	2.178891e-03	0.000000e+00	0.000000e+00	0.000000e+00	
347	2.188891e-03	0.000000e+00	0.000000e+00	0.000000e+00	
348	2.198891e-03	0.000000e+00	0.000000e+00	0.000000e+00	
349	2.208891e-03	0.000000e+00	0.000000e+00	0.000000e+00	
350	2.218891e-03	0.000000e+00	0.000000e+00	0.000000e+00	
351	2.228891e-03	0.000000e+00	0.000000e+00	0.000000e+00	
352	2.238891e-03	0.000000e+00	0.000000e+00	0.000000e+00	
353	2.248891e-03	0.000000e+00	0.000000e+00	0.000000e+00	
354	2.258891e-03	0.000000e+00	0.000000e+00	0.000000e+00	
355	2.268891e-03	0.000000e+00	0.000000e+00	0.000000e+00	
356	2.278891e-03	0.000000e+00	0.000000e+00	0.000000e+00	
357	2.288891e-03	0.000000e+00	0.000000e+00	0.000000e+00	
358	2.298891e-03	0.000000e+00	0.000000e+00	0.000000e+00	
359	2.308891e-03	0.000000e+00	0.000000e+00	0.000000e+00	
360	2.318891e-03	0.000000e+00	0.000000e+00	0.000000e+00	
361	2.328891e-03	0.000000e+00	0.000000e+00	0.000000e+00	
362	2.338891e-03	0.000000e+00	0.000000e+00	0.000000e+00	
363	2.348891e-03	0.000000e+00	0.000000e+00	0.000000e+00	
364	2.358891e-03	0.000000e+00	0.000000e+00	0.000000e+00	
365	2.368891e-03	0.000000e+00	0.000000e+00	0.000000e+00	
366	2.378891e-03	0.000000e+00	0.000000e+00	0.000000e+00	
367	2.388891e-03	0.000000e+00	0.000000e+00	0.000000e+00	
368	2.398891e-03	0.000000e+00	0.000000e+00	0.000000e+00	
369	2.408891e-03	0.000000e+00	0.000000e+00	0.000000e+00	
370	2.418891e-03	0.000000e+00	0.000000e+00	0.000000e+00	
371	2.428891e-03	0.000000e+00	0.000000e+00	0.000000e+00	
372	2.438891e-03	0.000000e+00	0.000000e+00	0.000000e+00	
373	2.448891e-03	0.000000e+00	0.000000e+00	0.000000e+00	
374	2.458891e-03	0.000000e+00	0.000000e+00	0.000000e+00	
375	2.468891e-03	0.000000e+00	0.000000e+00	0.000000e+00	
376	2.478891e-03	0.000000e+00	0.000000e+00	0.000000e+00	
377	2.488891e-03	0.000000e+00	0.000000e+00	0.000000e+00	
378	2.498891e-03	0.000000e+00	0.000000e+00	0.000000e+00	
379	2.508891e-03	0.000000e+00	0.000000e+00	0.000000e+00	
380	2.518891e-03	0.000000e+00	0.000000e+00	0.000000e+00	
381	2.528891e-03	0.000000e+00	0.000000e+00	0.000000e+00	
382	2.538891e-03	0.000000e+00	0.000000e+00	0.000000e+00	
383	2.548891e-03	0.000000e+00	0.000000e+00	0.000000e+00	
384	2.558891e-03	0.000000e+00	0.000000e+00	0.000000e+00	
385	2.568891e-03	0.000000e+00	0.000000e+00	0.000000e+00	
386	2.578891e-03	0.000000e+00	0.000000e+00	0.000000e+00	
387	2.588891e-03	0.000000e+00	0.000000e+00	0.000000e+00	
388	2.598891e-03	0.000000e+00	0.000000e+00	0.000000e+00	
389	2.608891e-03	0.000000e+00	0.000000e+00	0.000000e+00	
390	2.618891e-03	0.000000e+00	0.000000e+00	0.000000e+00	
391	2.628891e-03	0.000000e+00	0.000000e+00	0.000000e+00	
392	2.638891e-03	0.000000e+00	0.000000e+00	0.000000e+00	
393	2.648891e-03	0.000000e+00	0.000000e+00	0.000000e+00	
394	2.658891e-03	0.000000e+00	0.000000e+00	0.000000e+00	
395	2.668891e-03	0.000000e+00	0.000000e+00	0.000000e+00	
396	2.678891e-03	0.000000e+00	0.000000e+00	0.000000e+00	
397	2.688891e-03	0.000000e+00	0.000000e+00	0.000000e+00	
398	2.698891e-03	0.000000e+00	0.000000e+00	0.000000e+00	
399	2.708891e-03	0.000000e+00	0.000000e+00	0.000000e+00	
400	2.718891e-03	0.000000e+00	0.000000e+00	0.000000e+00	
401	2.728891e-03	0.000000e+00	0.000000e+00	0.000000e+00	
402	2.738891e-03	0.000000e+00	0.000000e+00	0.000000e+00	

Index   time            a15#branch_1_0  v1#branch       v2#branch       
--------------------------------------------------------------------------------
403	2.748891e-03	0.000000e+00	0.000000e+00	0.000000e+00	
404	2.758891e-03	0.000000e+00	0.000000e+00	0.000000e+00	
405	2.768891e-03	0.000000e+00	0.000000e+00	0.000000e+00	
406	2.778891e-03	0.000000e+00	0.000000e+00	0.000000e+00	
407	2.788891e-03	0.000000e+00	0.000000e+00	0.000000e+00	
408	2.798891e-03	0.000000e+00	0.000000e+00	0.000000e+00	
409	2.808891e-03	0.000000e+00	0.000000e+00	0.000000e+00	
410	2.818891e-03	0.000000e+00	0.000000e+00	0.000000e+00	
411	2.828891e-03	0.000000e+00	0.000000e+00	0.000000e+00	
412	2.838891e-03	0.000000e+00	0.000000e+00	0.000000e+00	
413	2.848891e-03	0.000000e+00	0.000000e+00	0.000000e+00	
414	2.858891e-03	0.000000e+00	0.000000e+00	0.000000e+00	
415	2.868891e-03	0.000000e+00	0.000000e+00	0.000000e+00	
416	2.878891e-03	0.000000e+00	0.000000e+00	0.000000e+00	
417	2.888891e-03	0.000000e+00	0.000000e+00	0.000000e+00	
418	2.898891e-03	0.000000e+00	0.000000e+00	0.000000e+00	
419	2.908891e-03	0.000000e+00	0.000000e+00	0.000000e+00	
420	2.918891e-03	0.000000e+00	0.000000e+00	0.000000e+00	
421	2.928891e-03	0.000000e+00	0.000000e+00	0.000000e+00	
422	2.938891e-03	0.000000e+00	0.000000e+00	0.000000e+00	
423	2.948891e-03	0.000000e+00	0.000000e+00	0.000000e+00	
424	2.958891e-03	0.000000e+00	0.000000e+00	0.000000e+00	
425	2.968891e-03	0.000000e+00	0.000000e+00	0.000000e+00	
426	2.978891e-03	0.000000e+00	0.000000e+00	0.000000e+00	
427	2.988891e-03	0.000000e+00	0.000000e+00	0.000000e+00	
428	2.998891e-03	0.000000e+00	0.000000e+00	0.000000e+00	
429	3.000010e-03	0.000000e+00	0.000000e+00	0.000000e+00	
430	3.000011e-03	0.000000e+00	0.000000e+00	0.000000e+00	
431	3.000013e-03	0.000000e+00	0.000000e+00	0.000000e+00	
432	3.000017e-03	0.000000e+00	0.000000e+00	0.000000e+00	
433	3.000018e-03	0.000000e+00	0.000000e+00	0.000000e+00	
434	3.000018e-03	0.000000e+00	0.000000e+00	0.000000e+00	
435	3.000018e-03	0.000000e+00	0.000000e+00	0.000000e+00	
436	3.000019e-03	0.000000e+00	0.000000e+00	0.000000e+00	
437	3.000019e-03	0.000000e+00	0.000000e+00	0.000000e+00	
438	3.000019e-03	0.000000e+00	0.000000e+00	0.000000e+00	
439	3.000019e-03	0.000000e+00	0.000000e+00	0.000000e+00	
440	3.000019e-03	0.000000e+00	0.000000e+00	0.000000e+00	
441	3.000020e-03	0.000000e+00	0.000000e+00	0.000000e+00	
442	3.000020e-03	0.000000e+00	0.000000e+00	0.000000e+00	
443	3.000020e-03	0.000000e+00	0.000000e+00	0.000000e+00	
444	3.000020e-03	0.000000e+00	0.000000e+00	0.000000e+00	
445	3.000020e-03	0.000000e+00	0.000000e+00	0.000000e+00	
446	3.000021e-03	0.000000e+00	0.000000e+00	0.000000e+00	
447	3.000021e-03	0.000000e+00	0.000000e+00	0.000000e+00	
448	3.000022e-03	0.000000e+00	0.000000e+00	0.000000e+00	
449	3.000022e-03	0.000000e+00	0.000000e+00	0.000000e+00	
450	3.000022e-03	0.000000e+00	0.000000e+00	0.000000e+00	
451	3.000022e-03	0.000000e+00	0.000000e+00	0.000000e+00	
452	3.000022e-03	0.000000e+00	0.000000e+00	0.000000e+00	
453	3.000022e-03	0.000000e+00	0.000000e+00	0.000000e+00	
454	3.000022e-03	0.000000e+00	0.000000e+00	0.000000e+00	
455	3.000022e-03	0.000000e+00	0.000000e+00	0.000000e+00	
456	3.000022e-03	0.000000e+00	0.000000e+00	0.000000e+00	
457	3.000022e-03	0.000000e+00	0.000000e+00	0.000000e+00	
458	3.000023e-03	0.000000e+00	0.000000e+00	0.000000e+00	
459	3.000023e-03	0.000000e+00	0.000000e+00	0.000000e+00	
460	3.000024e-03	0.000000e+00	0.000000e+00	0.000000e+00	

Index   time            a15#branch_1_0  v1#branch       v2#branch       
--------------------------------------------------------------------------------
461	3.000026e-03	0.000000e+00	0.000000e+00	0.000000e+00	
462	3.000030e-03	0.000000e+00	0.000000e+00	0.000000e+00	
463	3.000038e-03	0.000000e+00	0.000000e+00	0.000000e+00	
464	3.000055e-03	0.000000e+00	0.000000e+00	0.000000e+00	
465	3.000088e-03	0.000000e+00	0.000000e+00	0.000000e+00	
466	3.000153e-03	0.000000e+00	0.000000e+00	0.000000e+00	
467	3.000284e-03	0.000000e+00	0.000000e+00	0.000000e+00	
468	3.000546e-03	0.000000e+00	0.000000e+00	0.000000e+00	
469	3.001071e-03	0.000000e+00	0.000000e+00	0.000000e+00	
470	3.002119e-03	0.000000e+00	0.000000e+00	0.000000e+00	
471	3.004216e-03	0.000000e+00	0.000000e+00	0.000000e+00	
472	3.008411e-03	0.000000e+00	0.000000e+00	0.000000e+00	
473	3.016799e-03	0.000000e+00	0.000000e+00	0.000000e+00	
474	3.026799e-03	0.000000e+00	0.000000e+00	0.000000e+00	
475	3.036799e-03	0.000000e+00	0.000000e+00	0.000000e+00	
476	3.046799e-03	0.000000e+00	0.000000e+00	0.000000e+00	
477	3.056799e-03	0.000000e+00	0.000000e+00	0.000000e+00	
478	3.066799e-03	0.000000e+00	0.000000e+00	0.000000e+00	
479	3.076799e-03	0.000000e+00	0.000000e+00	0.000000e+00	
480	3.086799e-03	0.000000e+00	0.000000e+00	0.000000e+00	
481	3.096799e-03	0.000000e+00	0.000000e+00	0.000000e+00	
482	3.106799e-03	0.000000e+00	0.000000e+00	0.000000e+00	
483	3.116799e-03	0.000000e+00	0.000000e+00	0.000000e+00	
484	3.126799e-03	0.000000e+00	0.000000e+00	0.000000e+00	
485	3.136799e-03	0.000000e+00	0.000000e+00	0.000000e+00	
486	3.146799e-03	0.000000e+00	0.000000e+00	0.000000e+00	
487	3.156799e-03	0.000000e+00	0.000000e+00	0.000000e+00	
488	3.166799e-03	0.000000e+00	0.000000e+00	0.000000e+00	
489	3.176799e-03	0.000000e+00	0.000000e+00	0.000000e+00	
490	3.186799e-03	0.000000e+00	0.000000e+00	0.000000e+00	
491	3.196799e-03	0.000000e+00	0.000000e+00	0.000000e+00	
492	3.206799e-03	0.000000e+00	0.000000e+00	0.000000e+00	
493	3.216799e-03	0.000000e+00	0.000000e+00	0.000000e+00	
494	3.226799e-03	0.000000e+00	0.000000e+00	0.000000e+00	
495	3.236799e-03	0.000000e+00	0.000000e+00	0.000000e+00	
496	3.246799e-03	0.000000e+00	0.000000e+00	0.000000e+00	
497	3.256799e-03	0.000000e+00	0.000000e+00	0.000000e+00	
498	3.266799e-03	0.000000e+00	0.000000e+00	0.000000e+00	
499	3.276799e-03	0.000000e+00	0.000000e+00	0.000000e+00	
500	3.286799e-03	0.000000e+00	0.000000e+00	0.000000e+00	
501	3.296799e-03	0.000000e+00	0.000000e+00	0.000000e+00	
502	3.306799e-03	0.000000e+00	0.000000e+00	0.000000e+00	
503	3.316799e-03	0.000000e+00	0.000000e+00	0.000000e+00	
504	3.326799e-03	0.000000e+00	0.000000e+00	0.000000e+00	
505	3.336799e-03	0.000000e+00	0.000000e+00	0.000000e+00	
506	3.346799e-03	0.000000e+00	0.000000e+00	0.000000e+00	
507	3.356799e-03	0.000000e+00	0.000000e+00	0.000000e+00	
508	3.366799e-03	0.000000e+00	0.000000e+00	0.000000e+00	
509	3.376799e-03	0.000000e+00	0.000000e+00	0.000000e+00	
510	3.386799e-03	0.000000e+00	0.000000e+00	0.000000e+00	
511	3.396799e-03	0.000000e+00	0.000000e+00	0.000000e+00	
512	3.406799e-03	0.000000e+00	0.000000e+00	0.000000e+00	
513	3.416799e-03	0.000000e+00	0.000000e+00	0.000000e+00	
514	3.426799e-03	0.000000e+00	0.000000e+00	0.000000e+00	
515	3.436799e-03	0.000000e+00	0.000000e+00	0.000000e+00	
516	3.446799e-03	0.000000e+00	0.000000e+00	0.000000e+00	
517	3.456799e-03	0.000000e+00	0.000000e+00	0.000000e+00	
518	3.466799e-03	0.000000e+00	0.000000e+00	0.000000e+00	

Index   time            a15#branch_1_0  v1#branch       v2#branch       
--------------------------------------------------------------------------------
519	3.476799e-03	0.000000e+00	0.000000e+00	0.000000e+00	
520	3.486799e-03	0.000000e+00	0.000000e+00	0.000000e+00	
521	3.496799e-03	0.000000e+00	0.000000e+00	0.000000e+00	
522	3.506799e-03	0.000000e+00	0.000000e+00	0.000000e+00	
523	3.516799e-03	0.000000e+00	0.000000e+00	0.000000e+00	
524	3.526799e-03	0.000000e+00	0.000000e+00	0.000000e+00	
525	3.536799e-03	0.000000e+00	0.000000e+00	0.000000e+00	
526	3.546799e-03	0.000000e+00	0.000000e+00	0.000000e+00	
527	3.556799e-03	0.000000e+00	0.000000e+00	0.000000e+00	
528	3.566799e-03	0.000000e+00	0.000000e+00	0.000000e+00	
529	3.576799e-03	0.000000e+00	0.000000e+00	0.000000e+00	
530	3.586799e-03	0.000000e+00	0.000000e+00	0.000000e+00	
531	3.596799e-03	0.000000e+00	0.000000e+00	0.000000e+00	
532	3.606799e-03	0.000000e+00	0.000000e+00	0.000000e+00	
533	3.616799e-03	0.000000e+00	0.000000e+00	0.000000e+00	
534	3.626799e-03	0.000000e+00	0.000000e+00	0.000000e+00	
535	3.636799e-03	0.000000e+00	0.000000e+00	0.000000e+00	
536	3.646799e-03	0.000000e+00	0.000000e+00	0.000000e+00	
537	3.656799e-03	0.000000e+00	0.000000e+00	0.000000e+00	
538	3.666799e-03	0.000000e+00	0.000000e+00	0.000000e+00	
539	3.676799e-03	0.000000e+00	0.000000e+00	0.000000e+00	
540	3.686799e-03	0.000000e+00	0.000000e+00	0.000000e+00	
541	3.696799e-03	0.000000e+00	0.000000e+00	0.000000e+00	
542	3.706799e-03	0.000000e+00	0.000000e+00	0.000000e+00	
543	3.716799e-03	0.000000e+00	0.000000e+00	0.000000e+00	
544	3.726799e-03	0.000000e+00	0.000000e+00	0.000000e+00	
545	3.736799e-03	0.000000e+00	0.000000e+00	0.000000e+00	
546	3.746799e-03	0.000000e+00	0.000000e+00	0.000000e+00	
547	3.756799e-03	0.000000e+00	0.000000e+00	0.000000e+00	
548	3.766799e-03	0.000000e+00	0.000000e+00	0.000000e+00	
549	3.776799e-03	0.000000e+00	0.000000e+00	0.000000e+00	
550	3.786799e-03	0.000000e+00	0.000000e+00	0.000000e+00	
551	3.796799e-03	0.000000e+00	0.000000e+00	0.000000e+00	
552	3.806799e-03	0.000000e+00	0.000000e+00	0.000000e+00	
553	3.816799e-03	0.000000e+00	0.000000e+00	0.000000e+00	
554	3.826799e-03	0.000000e+00	0.000000e+00	0.000000e+00	
555	3.836799e-03	0.000000e+00	0.000000e+00	0.000000e+00	
556	3.846799e-03	0.000000e+00	0.000000e+00	0.000000e+00	
557	3.856799e-03	0.000000e+00	0.000000e+00	0.000000e+00	
558	3.866799e-03	0.000000e+00	0.000000e+00	0.000000e+00	
559	3.876799e-03	0.000000e+00	0.000000e+00	0.000000e+00	
560	3.886799e-03	0.000000e+00	0.000000e+00	0.000000e+00	
561	3.896799e-03	0.000000e+00	0.000000e+00	0.000000e+00	
562	3.906799e-03	0.000000e+00	0.000000e+00	0.000000e+00	
563	3.916799e-03	0.000000e+00	0.000000e+00	0.000000e+00	
564	3.926799e-03	0.000000e+00	0.000000e+00	0.000000e+00	
565	3.936799e-03	0.000000e+00	0.000000e+00	0.000000e+00	
566	3.946799e-03	0.000000e+00	0.000000e+00	0.000000e+00	
567	3.956799e-03	0.000000e+00	0.000000e+00	0.000000e+00	
568	3.966799e-03	0.000000e+00	0.000000e+00	0.000000e+00	
569	3.976799e-03	0.000000e+00	0.000000e+00	0.000000e+00	
570	3.986799e-03	0.000000e+00	0.000000e+00	0.000000e+00	
571	3.996799e-03	0.000000e+00	0.000000e+00	0.000000e+00	
572	4.000000e-03	0.000000e+00	0.000000e+00	0.000000e+00	

                                kicad schematic
                                Transient Analysis  Fri Nov 21 20:49:57  2025
--------------------------------------------------------------------------------
Index   time            v3#branch       v4#branch       v5#branch       
--------------------------------------------------------------------------------
0	0.000000e+00	0.000000e+00	0.000000e+00	0.000000e+00	
1	1.000000e-10	0.000000e+00	0.000000e+00	0.000000e+00	
2	2.000000e-10	0.000000e+00	0.000000e+00	0.000000e+00	
3	4.000000e-10	0.000000e+00	0.000000e+00	0.000000e+00	
4	8.000000e-10	0.000000e+00	0.000000e+00	0.000000e+00	
5	1.600000e-09	0.000000e+00	0.000000e+00	0.000000e+00	
6	3.200000e-09	0.000000e+00	0.000000e+00	0.000000e+00	
7	6.400000e-09	0.000000e+00	0.000000e+00	0.000000e+00	
8	1.000000e-08	0.000000e+00	0.000000e+00	0.000000e+00	
9	1.064000e-08	0.000000e+00	0.000000e+00	0.000000e+00	
10	1.192000e-08	0.000000e+00	0.000000e+00	0.000000e+00	
11	1.240000e-08	0.000000e+00	0.000000e+00	0.000000e+00	
12	1.241000e-08	0.000000e+00	0.000000e+00	0.000000e+00	
13	1.243000e-08	0.000000e+00	0.000000e+00	0.000000e+00	
14	1.247000e-08	0.000000e+00	0.000000e+00	0.000000e+00	
15	1.250000e-08	0.000000e+00	0.000000e+00	0.000000e+00	
16	1.250800e-08	0.000000e+00	0.000000e+00	0.000000e+00	
17	1.252400e-08	0.000000e+00	0.000000e+00	0.000000e+00	
18	1.255600e-08	0.000000e+00	0.000000e+00	0.000000e+00	
19	1.262000e-08	0.000000e+00	0.000000e+00	0.000000e+00	
20	1.274800e-08	0.000000e+00	0.000000e+00	0.000000e+00	
21	1.300400e-08	0.000000e+00	0.000000e+00	0.000000e+00	
22	1.351600e-08	0.000000e+00	0.000000e+00	0.000000e+00	
23	1.454000e-08	0.000000e+00	0.000000e+00	0.000000e+00	
24	1.600000e-08	0.000000e+00	0.000000e+00	0.000000e+00	
25	1.609000e-08	0.000000e+00	0.000000e+00	0.000000e+00	
26	1.627000e-08	0.000000e+00	0.000000e+00	0.000000e+00	
27	1.663000e-08	0.000000e+00	0.000000e+00	0.000000e+00	
28	1.690000e-08	0.000000e+00	0.000000e+00	0.000000e+00	
29	1.697200e-08	0.000000e+00	0.000000e+00	0.000000e+00	
30	1.711600e-08	0.000000e+00	0.000000e+00	0.000000e+00	
31	1.740400e-08	0.000000e+00	0.000000e+00	0.000000e+00	
32	1.798000e-08	0.000000e+00	0.000000e+00	0.000000e+00	
33	1.913200e-08	0.000000e+00	0.000000e+00	0.000000e+00	
34	2.143600e-08	0.000000e+00	0.000000e+00	0.000000e+00	
35	2.604400e-08	0.000000e+00	0.000000e+00	0.000000e+00	
36	3.526000e-08	0.000000e+00	0.000000e+00	0.000000e+00	
37	5.369200e-08	0.000000e+00	0.000000e+00	0.000000e+00	
38	9.055600e-08	0.000000e+00	0.000000e+00	0.000000e+00	
39	1.642840e-07	0.000000e+00	0.000000e+00	0.000000e+00	
40	3.117400e-07	0.000000e+00	0.000000e+00	0.000000e+00	
41	6.066520e-07	0.000000e+00	0.000000e+00	0.000000e+00	
42	1.196476e-06	0.000000e+00	0.000000e+00	0.000000e+00	
43	2.376124e-06	0.000000e+00	0.000000e+00	0.000000e+00	
44	4.735420e-06	0.000000e+00	0.000000e+00	0.000000e+00	
45	9.454012e-06	0.000000e+00	0.000000e+00	0.000000e+00	
46	1.889120e-05	0.000000e+00	0.000000e+00	0.000000e+00	
47	2.889120e-05	0.000000e+00	0.000000e+00	0.000000e+00	
48	3.889120e-05	0.000000e+00	0.000000e+00	0.000000e+00	
49	4.889120e-05	0.000000e+00	0.000000e+00	0.000000e+00	
50	5.889120e-05	0.000000e+00	0.000000e+00	0.000000e+00	
51	6.889120e-05	0.000000e+00	0.000000e+00	0.000000e+00	
52	7.889120e-05	0.000000e+00	0.000000e+00	0.000000e+00	
53	8.889120e-05	0.000000e+00	0.000000e+00	0.000000e+00	
54	9.889120e-05	0.000000e+00	0.000000e+00	0.000000e+00	

Index   time            v3#branch       v4#branch       v5#branch       
--------------------------------------------------------------------------------
55	1.088912e-04	0.000000e+00	0.000000e+00	0.000000e+00	
56	1.188912e-04	0.000000e+00	0.000000e+00	0.000000e+00	
57	1.288912e-04	0.000000e+00	0.000000e+00	0.000000e+00	
58	1.388912e-04	0.000000e+00	0.000000e+00	0.000000e+00	
59	1.488912e-04	0.000000e+00	0.000000e+00	0.000000e+00	
60	1.588912e-04	0.000000e+00	0.000000e+00	0.000000e+00	
61	1.688912e-04	0.000000e+00	0.000000e+00	0.000000e+00	
62	1.788912e-04	0.000000e+00	0.000000e+00	0.000000e+00	
63	1.888912e-04	0.000000e+00	0.000000e+00	0.000000e+00	
64	1.988912e-04	0.000000e+00	0.000000e+00	0.000000e+00	
65	2.088912e-04	0.000000e+00	0.000000e+00	0.000000e+00	
66	2.188912e-04	0.000000e+00	0.000000e+00	0.000000e+00	
67	2.288912e-04	0.000000e+00	0.000000e+00	0.000000e+00	
68	2.388912e-04	0.000000e+00	0.000000e+00	0.000000e+00	
69	2.488912e-04	0.000000e+00	0.000000e+00	0.000000e+00	
70	2.588912e-04	0.000000e+00	0.000000e+00	0.000000e+00	
71	2.688912e-04	0.000000e+00	0.000000e+00	0.000000e+00	
72	2.788912e-04	0.000000e+00	0.000000e+00	0.000000e+00	
73	2.888912e-04	0.000000e+00	0.000000e+00	0.000000e+00	
74	2.988912e-04	0.000000e+00	0.000000e+00	0.000000e+00	
75	3.088912e-04	0.000000e+00	0.000000e+00	0.000000e+00	
76	3.188912e-04	0.000000e+00	0.000000e+00	0.000000e+00	
77	3.288912e-04	0.000000e+00	0.000000e+00	0.000000e+00	
78	3.388912e-04	0.000000e+00	0.000000e+00	0.000000e+00	
79	3.488912e-04	0.000000e+00	0.000000e+00	0.000000e+00	
80	3.588912e-04	0.000000e+00	0.000000e+00	0.000000e+00	
81	3.688912e-04	0.000000e+00	0.000000e+00	0.000000e+00	
82	3.788912e-04	0.000000e+00	0.000000e+00	0.000000e+00	
83	3.888912e-04	0.000000e+00	0.000000e+00	0.000000e+00	
84	3.988912e-04	0.000000e+00	0.000000e+00	0.000000e+00	
85	4.088912e-04	0.000000e+00	0.000000e+00	0.000000e+00	
86	4.188912e-04	0.000000e+00	0.000000e+00	0.000000e+00	
87	4.288912e-04	0.000000e+00	0.000000e+00	0.000000e+00	
88	4.388912e-04	0.000000e+00	0.000000e+00	0.000000e+00	
89	4.488912e-04	0.000000e+00	0.000000e+00	0.000000e+00	
90	4.588912e-04	0.000000e+00	0.000000e+00	0.000000e+00	
91	4.688912e-04	0.000000e+00	0.000000e+00	0.000000e+00	
92	4.788912e-04	0.000000e+00	0.000000e+00	0.000000e+00	
93	4.888912e-04	0.000000e+00	0.000000e+00	0.000000e+00	
94	4.988912e-04	0.000000e+00	0.000000e+00	0.000000e+00	
95	5.088912e-04	0.000000e+00	0.000000e+00	0.000000e+00	
96	5.188912e-04	0.000000e+00	0.000000e+00	0.000000e+00	
97	5.288912e-04	0.000000e+00	0.000000e+00	0.000000e+00	
98	5.388912e-04	0.000000e+00	0.000000e+00	0.000000e+00	
99	5.488912e-04	0.000000e+00	0.000000e+00	0.000000e+00	
100	5.588912e-04	0.000000e+00	0.000000e+00	0.000000e+00	
101	5.688912e-04	0.000000e+00	0.000000e+00	0.000000e+00	
102	5.788912e-04	0.000000e+00	0.000000e+00	0.000000e+00	
103	5.888912e-04	0.000000e+00	0.000000e+00	0.000000e+00	
104	5.988912e-04	0.000000e+00	0.000000e+00	0.000000e+00	
105	6.088912e-04	0.000000e+00	0.000000e+00	0.000000e+00	
106	6.188912e-04	0.000000e+00	0.000000e+00	0.000000e+00	
107	6.288912e-04	0.000000e+00	0.000000e+00	0.000000e+00	
108	6.388912e-04	0.000000e+00	0.000000e+00	0.000000e+00	
109	6.488912e-04	0.000000e+00	0.000000e+00	0.000000e+00	
110	6.588912e-04	0.000000e+00	0.000000e+00	0.000000e+00	
111	6.688912e-04	0.000000e+00	0.000000e+00	0.000000e+00	
112	6.788912e-04	0.000000e+00	0.000000e+00	0.000000e+00	

Index   time            v3#branch       v4#branch       v5#branch       
--------------------------------------------------------------------------------
113	6.888912e-04	0.000000e+00	0.000000e+00	0.000000e+00	
114	6.988912e-04	0.000000e+00	0.000000e+00	0.000000e+00	
115	7.088912e-04	0.000000e+00	0.000000e+00	0.000000e+00	
116	7.188912e-04	0.000000e+00	0.000000e+00	0.000000e+00	
117	7.288912e-04	0.000000e+00	0.000000e+00	0.000000e+00	
118	7.388912e-04	0.000000e+00	0.000000e+00	0.000000e+00	
119	7.488912e-04	0.000000e+00	0.000000e+00	0.000000e+00	
120	7.588912e-04	0.000000e+00	0.000000e+00	0.000000e+00	
121	7.688912e-04	0.000000e+00	0.000000e+00	0.000000e+00	
122	7.788912e-04	0.000000e+00	0.000000e+00	0.000000e+00	
123	7.888912e-04	0.000000e+00	0.000000e+00	0.000000e+00	
124	7.988912e-04	0.000000e+00	0.000000e+00	0.000000e+00	
125	8.088912e-04	0.000000e+00	0.000000e+00	0.000000e+00	
126	8.188912e-04	0.000000e+00	0.000000e+00	0.000000e+00	
127	8.288912e-04	0.000000e+00	0.000000e+00	0.000000e+00	
128	8.388912e-04	0.000000e+00	0.000000e+00	0.000000e+00	
129	8.488912e-04	0.000000e+00	0.000000e+00	0.000000e+00	
130	8.588912e-04	0.000000e+00	0.000000e+00	0.000000e+00	
131	8.688912e-04	0.000000e+00	0.000000e+00	0.000000e+00	
132	8.788912e-04	0.000000e+00	0.000000e+00	0.000000e+00	
133	8.888912e-04	0.000000e+00	0.000000e+00	0.000000e+00	
134	8.988912e-04	0.000000e+00	0.000000e+00	0.000000e+00	
135	9.088912e-04	0.000000e+00	0.000000e+00	0.000000e+00	
136	9.188912e-04	0.000000e+00	0.000000e+00	0.000000e+00	
137	9.288912e-04	0.000000e+00	0.000000e+00	0.000000e+00	
138	9.388912e-04	0.000000e+00	0.000000e+00	0.000000e+00	
139	9.488912e-04	0.000000e+00	0.000000e+00	0.000000e+00	
140	9.588912e-04	0.000000e+00	0.000000e+00	0.000000e+00	
141	9.688912e-04	0.000000e+00	0.000000e+00	0.000000e+00	
142	9.788912e-04	0.000000e+00	0.000000e+00	0.000000e+00	
143	9.888912e-04	0.000000e+00	0.000000e+00	0.000000e+00	
144	9.988912e-04	0.000000e+00	0.000000e+00	0.000000e+00	
145	1.000010e-03	0.000000e+00	0.000000e+00	0.000000e+00	
146	1.000011e-03	0.000000e+00	0.000000e+00	0.000000e+00	
147	1.000013e-03	0.000000e+00	0.000000e+00	0.000000e+00	
148	1.000017e-03	0.000000e+00	0.000000e+00	0.000000e+00	
149	1.000018e-03	0.000000e+00	0.000000e+00	0.000000e+00	
150	1.000018e-03	0.000000e+00	0.000000e+00	0.000000e+00	
151	1.000018e-03	0.000000e+00	0.000000e+00	0.000000e+00	
152	1.000019e-03	0.000000e+00	0.000000e+00	0.000000e+00	
153	1.000019e-03	0.000000e+00	0.000000e+00	0.000000e+00	
154	1.000019e-03	0.000000e+00	0.000000e+00	0.000000e+00	
155	1.000019e-03	0.000000e+00	0.000000e+00	0.000000e+00	
156	1.000019e-03	0.000000e+00	0.000000e+00	0.000000e+00	
157	1.000020e-03	0.000000e+00	0.000000e+00	0.000000e+00	
158	1.000020e-03	0.000000e+00	0.000000e+00	0.000000e+00	
159	1.000020e-03	0.000000e+00	0.000000e+00	0.000000e+00	
160	1.000020e-03	0.000000e+00	0.000000e+00	0.000000e+00	
161	1.000020e-03	0.000000e+00	0.000000e+00	0.000000e+00	
162	1.000021e-03	0.000000e+00	0.000000e+00	0.000000e+00	
163	1.000021e-03	0.000000e+00	0.000000e+00	0.000000e+00	
164	1.000022e-03	0.000000e+00	0.000000e+00	0.000000e+00	
165	1.000022e-03	0.000000e+00	0.000000e+00	0.000000e+00	
166	1.000022e-03	0.000000e+00	0.000000e+00	0.000000e+00	
167	1.000022e-03	0.000000e+00	0.000000e+00	0.000000e+00	
168	1.000022e-03	0.000000e+00	0.000000e+00	0.000000e+00	
169	1.000022e-03	0.000000e+00	0.000000e+00	0.000000e+00	
170	1.000022e-03	0.000000e+00	0.000000e+00	0.000000e+00	

Index   time            v3#branch       v4#branch       v5#branch       
--------------------------------------------------------------------------------
171	1.000022e-03	0.000000e+00	0.000000e+00	0.000000e+00	
172	1.000022e-03	0.000000e+00	0.000000e+00	0.000000e+00	
173	1.000022e-03	0.000000e+00	0.000000e+00	0.000000e+00	
174	1.000023e-03	0.000000e+00	0.000000e+00	0.000000e+00	
175	1.000023e-03	0.000000e+00	0.000000e+00	0.000000e+00	
176	1.000024e-03	0.000000e+00	0.000000e+00	0.000000e+00	
177	1.000026e-03	0.000000e+00	0.000000e+00	0.000000e+00	
178	1.000030e-03	0.000000e+00	0.000000e+00	0.000000e+00	
179	1.000038e-03	0.000000e+00	0.000000e+00	0.000000e+00	
180	1.000055e-03	0.000000e+00	0.000000e+00	0.000000e+00	
181	1.000088e-03	0.000000e+00	0.000000e+00	0.000000e+00	
182	1.000153e-03	0.000000e+00	0.000000e+00	0.000000e+00	
183	1.000284e-03	0.000000e+00	0.000000e+00	0.000000e+00	
184	1.000546e-03	0.000000e+00	0.000000e+00	0.000000e+00	
185	1.001071e-03	0.000000e+00	0.000000e+00	0.000000e+00	
186	1.002119e-03	0.000000e+00	0.000000e+00	0.000000e+00	
187	1.004216e-03	0.000000e+00	0.000000e+00	0.000000e+00	
188	1.008411e-03	0.000000e+00	0.000000e+00	0.000000e+00	
189	1.016799e-03	0.000000e+00	0.000000e+00	0.000000e+00	
190	1.026799e-03	0.000000e+00	0.000000e+00	0.000000e+00	
191	1.036799e-03	0.000000e+00	0.000000e+00	0.000000e+00	
192	1.046799e-03	0.000000e+00	0.000000e+00	0.000000e+00	
193	1.056799e-03	0.000000e+00	0.000000e+00	0.000000e+00	
194	1.066799e-03	0.000000e+00	0.000000e+00	0.000000e+00	
195	1.076799e-03	0.000000e+00	0.000000e+00	0.000000e+00	
196	1.086799e-03	0.000000e+00	0.000000e+00	0.000000e+00	
197	1.096799e-03	0.000000e+00	0.000000e+00	0.000000e+00	
198	1.106799e-03	0.000000e+00	0.000000e+00	0.000000e+00	
199	1.116799e-03	0.000000e+00	0.000000e+00	0.000000e+00	
200	1.126799e-03	0.000000e+00	0.000000e+00	0.000000e+00	
201	1.136799e-03	0.000000e+00	0.000000e+00	0.000000e+00	
202	1.146799e-03	0.000000e+00	0.000000e+00	0.000000e+00	
203	1.156799e-03	0.000000e+00	0.000000e+00	0.000000e+00	
204	1.166799e-03	0.000000e+00	0.000000e+00	0.000000e+00	
205	1.176799e-03	0.000000e+00	0.000000e+00	0.000000e+00	
206	1.186799e-03	0.000000e+00	0.000000e+00	0.000000e+00	
207	1.196799e-03	0.000000e+00	0.000000e+00	0.000000e+00	
208	1.206799e-03	0.000000e+00	0.000000e+00	0.000000e+00	
209	1.216799e-03	0.000000e+00	0.000000e+00	0.000000e+00	
210	1.226799e-03	0.000000e+00	0.000000e+00	0.000000e+00	
211	1.236799e-03	0.000000e+00	0.000000e+00	0.000000e+00	
212	1.246799e-03	0.000000e+00	0.000000e+00	0.000000e+00	
213	1.256799e-03	0.000000e+00	0.000000e+00	0.000000e+00	
214	1.266799e-03	0.000000e+00	0.000000e+00	0.000000e+00	
215	1.276799e-03	0.000000e+00	0.000000e+00	0.000000e+00	
216	1.286799e-03	0.000000e+00	0.000000e+00	0.000000e+00	
217	1.296799e-03	0.000000e+00	0.000000e+00	0.000000e+00	
218	1.306799e-03	0.000000e+00	0.000000e+00	0.000000e+00	
219	1.316799e-03	0.000000e+00	0.000000e+00	0.000000e+00	
220	1.326799e-03	0.000000e+00	0.000000e+00	0.000000e+00	
221	1.336799e-03	0.000000e+00	0.000000e+00	0.000000e+00	
222	1.346799e-03	0.000000e+00	0.000000e+00	0.000000e+00	
223	1.356799e-03	0.000000e+00	0.000000e+00	0.000000e+00	
224	1.366799e-03	0.000000e+00	0.000000e+00	0.000000e+00	
225	1.376799e-03	0.000000e+00	0.000000e+00	0.000000e+00	
226	1.386799e-03	0.000000e+00	0.000000e+00	0.000000e+00	
227	1.396799e-03	0.000000e+00	0.000000e+00	0.000000e+00	
228	1.406799e-03	0.000000e+00	0.000000e+00	0.000000e+00	

Index   time            v3#branch       v4#branch       v5#branch       
--------------------------------------------------------------------------------
229	1.416799e-03	0.000000e+00	0.000000e+00	0.000000e+00	
230	1.426799e-03	0.000000e+00	0.000000e+00	0.000000e+00	
231	1.436799e-03	0.000000e+00	0.000000e+00	0.000000e+00	
232	1.446799e-03	0.000000e+00	0.000000e+00	0.000000e+00	
233	1.456799e-03	0.000000e+00	0.000000e+00	0.000000e+00	
234	1.466799e-03	0.000000e+00	0.000000e+00	0.000000e+00	
235	1.476799e-03	0.000000e+00	0.000000e+00	0.000000e+00	
236	1.486799e-03	0.000000e+00	0.000000e+00	0.000000e+00	
237	1.496799e-03	0.000000e+00	0.000000e+00	0.000000e+00	
238	1.506799e-03	0.000000e+00	0.000000e+00	0.000000e+00	
239	1.516799e-03	0.000000e+00	0.000000e+00	0.000000e+00	
240	1.526799e-03	0.000000e+00	0.000000e+00	0.000000e+00	
241	1.536799e-03	0.000000e+00	0.000000e+00	0.000000e+00	
242	1.546799e-03	0.000000e+00	0.000000e+00	0.000000e+00	
243	1.556799e-03	0.000000e+00	0.000000e+00	0.000000e+00	
244	1.566799e-03	0.000000e+00	0.000000e+00	0.000000e+00	
245	1.576799e-03	0.000000e+00	0.000000e+00	0.000000e+00	
246	1.586799e-03	0.000000e+00	0.000000e+00	0.000000e+00	
247	1.596799e-03	0.000000e+00	0.000000e+00	0.000000e+00	
248	1.606799e-03	0.000000e+00	0.000000e+00	0.000000e+00	
249	1.616799e-03	0.000000e+00	0.000000e+00	0.000000e+00	
250	1.626799e-03	0.000000e+00	0.000000e+00	0.000000e+00	
251	1.636799e-03	0.000000e+00	0.000000e+00	0.000000e+00	
252	1.646799e-03	0.000000e+00	0.000000e+00	0.000000e+00	
253	1.656799e-03	0.000000e+00	0.000000e+00	0.000000e+00	
254	1.666799e-03	0.000000e+00	0.000000e+00	0.000000e+00	
255	1.676799e-03	0.000000e+00	0.000000e+00	0.000000e+00	
256	1.686799e-03	0.000000e+00	0.000000e+00	0.000000e+00	
257	1.696799e-03	0.000000e+00	0.000000e+00	0.000000e+00	
258	1.706799e-03	0.000000e+00	0.000000e+00	0.000000e+00	
259	1.716799e-03	0.000000e+00	0.000000e+00	0.000000e+00	
260	1.726799e-03	0.000000e+00	0.000000e+00	0.000000e+00	
261	1.736799e-03	0.000000e+00	0.000000e+00	0.000000e+00	
262	1.746799e-03	0.000000e+00	0.000000e+00	0.000000e+00	
263	1.756799e-03	0.000000e+00	0.000000e+00	0.000000e+00	
264	1.766799e-03	0.000000e+00	0.000000e+00	0.000000e+00	
265	1.776799e-03	0.000000e+00	0.000000e+00	0.000000e+00	
266	1.786799e-03	0.000000e+00	0.000000e+00	0.000000e+00	
267	1.796799e-03	0.000000e+00	0.000000e+00	0.000000e+00	
268	1.806799e-03	0.000000e+00	0.000000e+00	0.000000e+00	
269	1.816799e-03	0.000000e+00	0.000000e+00	0.000000e+00	
270	1.826799e-03	0.000000e+00	0.000000e+00	0.000000e+00	
271	1.836799e-03	0.000000e+00	0.000000e+00	0.000000e+00	
272	1.846799e-03	0.000000e+00	0.000000e+00	0.000000e+00	
273	1.856799e-03	0.000000e+00	0.000000e+00	0.000000e+00	
274	1.866799e-03	0.000000e+00	0.000000e+00	0.000000e+00	
275	1.876799e-03	0.000000e+00	0.000000e+00	0.000000e+00	
276	1.886799e-03	0.000000e+00	0.000000e+00	0.000000e+00	
277	1.896799e-03	0.000000e+00	0.000000e+00	0.000000e+00	
278	1.906799e-03	0.000000e+00	0.000000e+00	0.000000e+00	
279	1.916799e-03	0.000000e+00	0.000000e+00	0.000000e+00	
280	1.926799e-03	0.000000e+00	0.000000e+00	0.000000e+00	
281	1.936799e-03	0.000000e+00	0.000000e+00	0.000000e+00	
282	1.946799e-03	0.000000e+00	0.000000e+00	0.000000e+00	
283	1.956799e-03	0.000000e+00	0.000000e+00	0.000000e+00	
284	1.966799e-03	0.000000e+00	0.000000e+00	0.000000e+00	
285	1.976799e-03	0.000000e+00	0.000000e+00	0.000000e+00	
286	1.986799e-03	0.000000e+00	0.000000e+00	0.000000e+00	

Index   time            v3#branch       v4#branch       v5#branch       
--------------------------------------------------------------------------------
287	1.996799e-03	0.000000e+00	0.000000e+00	0.000000e+00	
288	2.000000e-03	0.000000e+00	0.000000e+00	0.000000e+00	
289	2.000001e-03	0.000000e+00	0.000000e+00	0.000000e+00	
290	2.000003e-03	0.000000e+00	0.000000e+00	0.000000e+00	
291	2.000007e-03	0.000000e+00	0.000000e+00	0.000000e+00	
292	2.000010e-03	0.000000e+00	0.000000e+00	0.000000e+00	
293	2.000011e-03	0.000000e+00	0.000000e+00	0.000000e+00	
294	2.000012e-03	0.000000e+00	0.000000e+00	0.000000e+00	
295	2.000013e-03	0.000000e+00	0.000000e+00	0.000000e+00	
296	2.000013e-03	0.000000e+00	0.000000e+00	0.000000e+00	
297	2.000013e-03	0.000000e+00	0.000000e+00	0.000000e+00	
298	2.000013e-03	0.000000e+00	0.000000e+00	0.000000e+00	
299	2.000013e-03	0.000000e+00	0.000000e+00	0.000000e+00	
300	2.000013e-03	0.000000e+00	0.000000e+00	0.000000e+00	
301	2.000013e-03	0.000000e+00	0.000000e+00	0.000000e+00	
302	2.000013e-03	0.000000e+00	0.000000e+00	0.000000e+00	
303	2.000013e-03	0.000000e+00	0.000000e+00	0.000000e+00	
304	2.000013e-03	0.000000e+00	0.000000e+00	0.000000e+00	
305	2.000014e-03	0.000000e+00	0.000000e+00	0.000000e+00	
306	2.000014e-03	0.000000e+00	0.000000e+00	0.000000e+00	
307	2.000015e-03	0.000000e+00	0.000000e+00	0.000000e+00	
308	2.000016e-03	0.000000e+00	0.000000e+00	0.000000e+00	
309	2.000016e-03	0.000000e+00	0.000000e+00	0.000000e+00	
310	2.000016e-03	0.000000e+00	0.000000e+00	0.000000e+00	
311	2.000017e-03	0.000000e+00	0.000000e+00	0.000000e+00	
312	2.000017e-03	0.000000e+00	0.000000e+00	0.000000e+00	
313	2.000017e-03	0.000000e+00	0.000000e+00	0.000000e+00	
314	2.000017e-03	0.000000e+00	0.000000e+00	0.000000e+00	
315	2.000017e-03	0.000000e+00	0.000000e+00	0.000000e+00	
316	2.000018e-03	0.000000e+00	0.000000e+00	0.000000e+00	
317	2.000019e-03	0.000000e+00	0.000000e+00	0.000000e+00	
318	2.000021e-03	0.000000e+00	0.000000e+00	0.000000e+00	
319	2.000026e-03	0.000000e+00	0.000000e+00	0.000000e+00	
320	2.000035e-03	0.000000e+00	0.000000e+00	0.000000e+00	
321	2.000054e-03	0.000000e+00	0.000000e+00	0.000000e+00	
322	2.000091e-03	0.000000e+00	0.000000e+00	0.000000e+00	
323	2.000164e-03	0.000000e+00	0.000000e+00	0.000000e+00	
324	2.000312e-03	0.000000e+00	0.000000e+00	0.000000e+00	
325	2.000607e-03	0.000000e+00	0.000000e+00	0.000000e+00	
326	2.001196e-03	0.000000e+00	0.000000e+00	0.000000e+00	
327	2.002376e-03	0.000000e+00	0.000000e+00	0.000000e+00	
328	2.004735e-03	0.000000e+00	0.000000e+00	0.000000e+00	
329	2.009454e-03	0.000000e+00	0.000000e+00	0.000000e+00	
330	2.018891e-03	0.000000e+00	0.000000e+00	0.000000e+00	
331	2.028891e-03	0.000000e+00	0.000000e+00	0.000000e+00	
332	2.038891e-03	0.000000e+00	0.000000e+00	0.000000e+00	
333	2.048891e-03	0.000000e+00	0.000000e+00	0.000000e+00	
334	2.058891e-03	0.000000e+00	0.000000e+00	0.000000e+00	
335	2.068891e-03	0.000000e+00	0.000000e+00	0.000000e+00	
336	2.078891e-03	0.000000e+00	0.000000e+00	0.000000e+00	
337	2.088891e-03	0.000000e+00	0.000000e+00	0.000000e+00	
338	2.098891e-03	0.000000e+00	0.000000e+00	0.000000e+00	
339	2.108891e-03	0.000000e+00	0.000000e+00	0.000000e+00	
340	2.118891e-03	0.000000e+00	0.000000e+00	0.000000e+00	
341	2.128891e-03	0.000000e+00	0.000000e+00	0.000000e+00	
342	2.138891e-03	0.000000e+00	0.000000e+00	0.000000e+00	
343	2.148891e-03	0.000000e+00	0.000000e+00	0.000000e+00	
344	2.158891e-03	0.000000e+00	0.000000e+00	0.000000e+00	

Index   time            v3#branch       v4#branch       v5#branch       
--------------------------------------------------------------------------------
345	2.168891e-03	0.000000e+00	0.000000e+00	0.000000e+00	
346	2.178891e-03	0.000000e+00	0.000000e+00	0.000000e+00	
347	2.188891e-03	0.000000e+00	0.000000e+00	0.000000e+00	
348	2.198891e-03	0.000000e+00	0.000000e+00	0.000000e+00	
349	2.208891e-03	0.000000e+00	0.000000e+00	0.000000e+00	
350	2.218891e-03	0.000000e+00	0.000000e+00	0.000000e+00	
351	2.228891e-03	0.000000e+00	0.000000e+00	0.000000e+00	
352	2.238891e-03	0.000000e+00	0.000000e+00	0.000000e+00	
353	2.248891e-03	0.000000e+00	0.000000e+00	0.000000e+00	
354	2.258891e-03	0.000000e+00	0.000000e+00	0.000000e+00	
355	2.268891e-03	0.000000e+00	0.000000e+00	0.000000e+00	
356	2.278891e-03	0.000000e+00	0.000000e+00	0.000000e+00	
357	2.288891e-03	0.000000e+00	0.000000e+00	0.000000e+00	
358	2.298891e-03	0.000000e+00	0.000000e+00	0.000000e+00	
359	2.308891e-03	0.000000e+00	0.000000e+00	0.000000e+00	
360	2.318891e-03	0.000000e+00	0.000000e+00	0.000000e+00	
361	2.328891e-03	0.000000e+00	0.000000e+00	0.000000e+00	
362	2.338891e-03	0.000000e+00	0.000000e+00	0.000000e+00	
363	2.348891e-03	0.000000e+00	0.000000e+00	0.000000e+00	
364	2.358891e-03	0.000000e+00	0.000000e+00	0.000000e+00	
365	2.368891e-03	0.000000e+00	0.000000e+00	0.000000e+00	
366	2.378891e-03	0.000000e+00	0.000000e+00	0.000000e+00	
367	2.388891e-03	0.000000e+00	0.000000e+00	0.000000e+00	
368	2.398891e-03	0.000000e+00	0.000000e+00	0.000000e+00	
369	2.408891e-03	0.000000e+00	0.000000e+00	0.000000e+00	
370	2.418891e-03	0.000000e+00	0.000000e+00	0.000000e+00	
371	2.428891e-03	0.000000e+00	0.000000e+00	0.000000e+00	
372	2.438891e-03	0.000000e+00	0.000000e+00	0.000000e+00	
373	2.448891e-03	0.000000e+00	0.000000e+00	0.000000e+00	
374	2.458891e-03	0.000000e+00	0.000000e+00	0.000000e+00	
375	2.468891e-03	0.000000e+00	0.000000e+00	0.000000e+00	
376	2.478891e-03	0.000000e+00	0.000000e+00	0.000000e+00	
377	2.488891e-03	0.000000e+00	0.000000e+00	0.000000e+00	
378	2.498891e-03	0.000000e+00	0.000000e+00	0.000000e+00	
379	2.508891e-03	0.000000e+00	0.000000e+00	0.000000e+00	
380	2.518891e-03	0.000000e+00	0.000000e+00	0.000000e+00	
381	2.528891e-03	0.000000e+00	0.000000e+00	0.000000e+00	
382	2.538891e-03	0.000000e+00	0.000000e+00	0.000000e+00	
383	2.548891e-03	0.000000e+00	0.000000e+00	0.000000e+00	
384	2.558891e-03	0.000000e+00	0.000000e+00	0.000000e+00	
385	2.568891e-03	0.000000e+00	0.000000e+00	0.000000e+00	
386	2.578891e-03	0.000000e+00	0.000000e+00	0.000000e+00	
387	2.588891e-03	0.000000e+00	0.000000e+00	0.000000e+00	
388	2.598891e-03	0.000000e+00	0.000000e+00	0.000000e+00	
389	2.608891e-03	0.000000e+00	0.000000e+00	0.000000e+00	
390	2.618891e-03	0.000000e+00	0.000000e+00	0.000000e+00	
391	2.628891e-03	0.000000e+00	0.000000e+00	0.000000e+00	
392	2.638891e-03	0.000000e+00	0.000000e+00	0.000000e+00	
393	2.648891e-03	0.000000e+00	0.000000e+00	0.000000e+00	
394	2.658891e-03	0.000000e+00	0.000000e+00	0.000000e+00	
395	2.668891e-03	0.000000e+00	0.000000e+00	0.000000e+00	
396	2.678891e-03	0.000000e+00	0.000000e+00	0.000000e+00	
397	2.688891e-03	0.000000e+00	0.000000e+00	0.000000e+00	
398	2.698891e-03	0.000000e+00	0.000000e+00	0.000000e+00	
399	2.708891e-03	0.000000e+00	0.000000e+00	0.000000e+00	
400	2.718891e-03	0.000000e+00	0.000000e+00	0.000000e+00	
401	2.728891e-03	0.000000e+00	0.000000e+00	0.000000e+00	
402	2.738891e-03	0.000000e+00	0.000000e+00	0.000000e+00	

Index   time            v3#branch       v4#branch       v5#branch       
--------------------------------------------------------------------------------
403	2.748891e-03	0.000000e+00	0.000000e+00	0.000000e+00	
404	2.758891e-03	0.000000e+00	0.000000e+00	0.000000e+00	
405	2.768891e-03	0.000000e+00	0.000000e+00	0.000000e+00	
406	2.778891e-03	0.000000e+00	0.000000e+00	0.000000e+00	
407	2.788891e-03	0.000000e+00	0.000000e+00	0.000000e+00	
408	2.798891e-03	0.000000e+00	0.000000e+00	0.000000e+00	
409	2.808891e-03	0.000000e+00	0.000000e+00	0.000000e+00	
410	2.818891e-03	0.000000e+00	0.000000e+00	0.000000e+00	
411	2.828891e-03	0.000000e+00	0.000000e+00	0.000000e+00	
412	2.838891e-03	0.000000e+00	0.000000e+00	0.000000e+00	
413	2.848891e-03	0.000000e+00	0.000000e+00	0.000000e+00	
414	2.858891e-03	0.000000e+00	0.000000e+00	0.000000e+00	
415	2.868891e-03	0.000000e+00	0.000000e+00	0.000000e+00	
416	2.878891e-03	0.000000e+00	0.000000e+00	0.000000e+00	
417	2.888891e-03	0.000000e+00	0.000000e+00	0.000000e+00	
418	2.898891e-03	0.000000e+00	0.000000e+00	0.000000e+00	
419	2.908891e-03	0.000000e+00	0.000000e+00	0.000000e+00	
420	2.918891e-03	0.000000e+00	0.000000e+00	0.000000e+00	
421	2.928891e-03	0.000000e+00	0.000000e+00	0.000000e+00	
422	2.938891e-03	0.000000e+00	0.000000e+00	0.000000e+00	
423	2.948891e-03	0.000000e+00	0.000000e+00	0.000000e+00	
424	2.958891e-03	0.000000e+00	0.000000e+00	0.000000e+00	
425	2.968891e-03	0.000000e+00	0.000000e+00	0.000000e+00	
426	2.978891e-03	0.000000e+00	0.000000e+00	0.000000e+00	
427	2.988891e-03	0.000000e+00	0.000000e+00	0.000000e+00	
428	2.998891e-03	0.000000e+00	0.000000e+00	0.000000e+00	
429	3.000010e-03	0.000000e+00	0.000000e+00	0.000000e+00	
430	3.000011e-03	0.000000e+00	0.000000e+00	0.000000e+00	
431	3.000013e-03	0.000000e+00	0.000000e+00	0.000000e+00	
432	3.000017e-03	0.000000e+00	0.000000e+00	0.000000e+00	
433	3.000018e-03	0.000000e+00	0.000000e+00	0.000000e+00	
434	3.000018e-03	0.000000e+00	0.000000e+00	0.000000e+00	
435	3.000018e-03	0.000000e+00	0.000000e+00	0.000000e+00	
436	3.000019e-03	0.000000e+00	0.000000e+00	0.000000e+00	
437	3.000019e-03	0.000000e+00	0.000000e+00	0.000000e+00	
438	3.000019e-03	0.000000e+00	0.000000e+00	0.000000e+00	
439	3.000019e-03	0.000000e+00	0.000000e+00	0.000000e+00	
440	3.000019e-03	0.000000e+00	0.000000e+00	0.000000e+00	
441	3.000020e-03	0.000000e+00	0.000000e+00	0.000000e+00	
442	3.000020e-03	0.000000e+00	0.000000e+00	0.000000e+00	
443	3.000020e-03	0.000000e+00	0.000000e+00	0.000000e+00	
444	3.000020e-03	0.000000e+00	0.000000e+00	0.000000e+00	
445	3.000020e-03	0.000000e+00	0.000000e+00	0.000000e+00	
446	3.000021e-03	0.000000e+00	0.000000e+00	0.000000e+00	
447	3.000021e-03	0.000000e+00	0.000000e+00	0.000000e+00	
448	3.000022e-03	0.000000e+00	0.000000e+00	0.000000e+00	
449	3.000022e-03	0.000000e+00	0.000000e+00	0.000000e+00	
450	3.000022e-03	0.000000e+00	0.000000e+00	0.000000e+00	
451	3.000022e-03	0.000000e+00	0.000000e+00	0.000000e+00	
452	3.000022e-03	0.000000e+00	0.000000e+00	0.000000e+00	
453	3.000022e-03	0.000000e+00	0.000000e+00	0.000000e+00	
454	3.000022e-03	0.000000e+00	0.000000e+00	0.000000e+00	
455	3.000022e-03	0.000000e+00	0.000000e+00	0.000000e+00	
456	3.000022e-03	0.000000e+00	0.000000e+00	0.000000e+00	
457	3.000022e-03	0.000000e+00	0.000000e+00	0.000000e+00	
458	3.000023e-03	0.000000e+00	0.000000e+00	0.000000e+00	
459	3.000023e-03	0.000000e+00	0.000000e+00	0.000000e+00	
460	3.000024e-03	0.000000e+00	0.000000e+00	0.000000e+00	

Index   time            v3#branch       v4#branch       v5#branch       
--------------------------------------------------------------------------------
461	3.000026e-03	0.000000e+00	0.000000e+00	0.000000e+00	
462	3.000030e-03	0.000000e+00	0.000000e+00	0.000000e+00	
463	3.000038e-03	0.000000e+00	0.000000e+00	0.000000e+00	
464	3.000055e-03	0.000000e+00	0.000000e+00	0.000000e+00	
465	3.000088e-03	0.000000e+00	0.000000e+00	0.000000e+00	
466	3.000153e-03	0.000000e+00	0.000000e+00	0.000000e+00	
467	3.000284e-03	0.000000e+00	0.000000e+00	0.000000e+00	
468	3.000546e-03	0.000000e+00	0.000000e+00	0.000000e+00	
469	3.001071e-03	0.000000e+00	0.000000e+00	0.000000e+00	
470	3.002119e-03	0.000000e+00	0.000000e+00	0.000000e+00	
471	3.004216e-03	0.000000e+00	0.000000e+00	0.000000e+00	
472	3.008411e-03	0.000000e+00	0.000000e+00	0.000000e+00	
473	3.016799e-03	0.000000e+00	0.000000e+00	0.000000e+00	
474	3.026799e-03	0.000000e+00	0.000000e+00	0.000000e+00	
475	3.036799e-03	0.000000e+00	0.000000e+00	0.000000e+00	
476	3.046799e-03	0.000000e+00	0.000000e+00	0.000000e+00	
477	3.056799e-03	0.000000e+00	0.000000e+00	0.000000e+00	
478	3.066799e-03	0.000000e+00	0.000000e+00	0.000000e+00	
479	3.076799e-03	0.000000e+00	0.000000e+00	0.000000e+00	
480	3.086799e-03	0.000000e+00	0.000000e+00	0.000000e+00	
481	3.096799e-03	0.000000e+00	0.000000e+00	0.000000e+00	
482	3.106799e-03	0.000000e+00	0.000000e+00	0.000000e+00	
483	3.116799e-03	0.000000e+00	0.000000e+00	0.000000e+00	
484	3.126799e-03	0.000000e+00	0.000000e+00	0.000000e+00	
485	3.136799e-03	0.000000e+00	0.000000e+00	0.000000e+00	
486	3.146799e-03	0.000000e+00	0.000000e+00	0.000000e+00	
487	3.156799e-03	0.000000e+00	0.000000e+00	0.000000e+00	
488	3.166799e-03	0.000000e+00	0.000000e+00	0.000000e+00	
489	3.176799e-03	0.000000e+00	0.000000e+00	0.000000e+00	
490	3.186799e-03	0.000000e+00	0.000000e+00	0.000000e+00	
491	3.196799e-03	0.000000e+00	0.000000e+00	0.000000e+00	
492	3.206799e-03	0.000000e+00	0.000000e+00	0.000000e+00	
493	3.216799e-03	0.000000e+00	0.000000e+00	0.000000e+00	
494	3.226799e-03	0.000000e+00	0.000000e+00	0.000000e+00	
495	3.236799e-03	0.000000e+00	0.000000e+00	0.000000e+00	
496	3.246799e-03	0.000000e+00	0.000000e+00	0.000000e+00	
497	3.256799e-03	0.000000e+00	0.000000e+00	0.000000e+00	
498	3.266799e-03	0.000000e+00	0.000000e+00	0.000000e+00	
499	3.276799e-03	0.000000e+00	0.000000e+00	0.000000e+00	
500	3.286799e-03	0.000000e+00	0.000000e+00	0.000000e+00	
501	3.296799e-03	0.000000e+00	0.000000e+00	0.000000e+00	
502	3.306799e-03	0.000000e+00	0.000000e+00	0.000000e+00	
503	3.316799e-03	0.000000e+00	0.000000e+00	0.000000e+00	
504	3.326799e-03	0.000000e+00	0.000000e+00	0.000000e+00	
505	3.336799e-03	0.000000e+00	0.000000e+00	0.000000e+00	
506	3.346799e-03	0.000000e+00	0.000000e+00	0.000000e+00	
507	3.356799e-03	0.000000e+00	0.000000e+00	0.000000e+00	
508	3.366799e-03	0.000000e+00	0.000000e+00	0.000000e+00	
509	3.376799e-03	0.000000e+00	0.000000e+00	0.000000e+00	
510	3.386799e-03	0.000000e+00	0.000000e+00	0.000000e+00	
511	3.396799e-03	0.000000e+00	0.000000e+00	0.000000e+00	
512	3.406799e-03	0.000000e+00	0.000000e+00	0.000000e+00	
513	3.416799e-03	0.000000e+00	0.000000e+00	0.000000e+00	
514	3.426799e-03	0.000000e+00	0.000000e+00	0.000000e+00	
515	3.436799e-03	0.000000e+00	0.000000e+00	0.000000e+00	
516	3.446799e-03	0.000000e+00	0.000000e+00	0.000000e+00	
517	3.456799e-03	0.000000e+00	0.000000e+00	0.000000e+00	
518	3.466799e-03	0.000000e+00	0.000000e+00	0.000000e+00	

Index   time            v3#branch       v4#branch       v5#branch       
--------------------------------------------------------------------------------
519	3.476799e-03	0.000000e+00	0.000000e+00	0.000000e+00	
520	3.486799e-03	0.000000e+00	0.000000e+00	0.000000e+00	
521	3.496799e-03	0.000000e+00	0.000000e+00	0.000000e+00	
522	3.506799e-03	0.000000e+00	0.000000e+00	0.000000e+00	
523	3.516799e-03	0.000000e+00	0.000000e+00	0.000000e+00	
524	3.526799e-03	0.000000e+00	0.000000e+00	0.000000e+00	
525	3.536799e-03	0.000000e+00	0.000000e+00	0.000000e+00	
526	3.546799e-03	0.000000e+00	0.000000e+00	0.000000e+00	
527	3.556799e-03	0.000000e+00	0.000000e+00	0.000000e+00	
528	3.566799e-03	0.000000e+00	0.000000e+00	0.000000e+00	
529	3.576799e-03	0.000000e+00	0.000000e+00	0.000000e+00	
530	3.586799e-03	0.000000e+00	0.000000e+00	0.000000e+00	
531	3.596799e-03	0.000000e+00	0.000000e+00	0.000000e+00	
532	3.606799e-03	0.000000e+00	0.000000e+00	0.000000e+00	
533	3.616799e-03	0.000000e+00	0.000000e+00	0.000000e+00	
534	3.626799e-03	0.000000e+00	0.000000e+00	0.000000e+00	
535	3.636799e-03	0.000000e+00	0.000000e+00	0.000000e+00	
536	3.646799e-03	0.000000e+00	0.000000e+00	0.000000e+00	
537	3.656799e-03	0.000000e+00	0.000000e+00	0.000000e+00	
538	3.666799e-03	0.000000e+00	0.000000e+00	0.000000e+00	
539	3.676799e-03	0.000000e+00	0.000000e+00	0.000000e+00	
540	3.686799e-03	0.000000e+00	0.000000e+00	0.000000e+00	
541	3.696799e-03	0.000000e+00	0.000000e+00	0.000000e+00	
542	3.706799e-03	0.000000e+00	0.000000e+00	0.000000e+00	
543	3.716799e-03	0.000000e+00	0.000000e+00	0.000000e+00	
544	3.726799e-03	0.000000e+00	0.000000e+00	0.000000e+00	
545	3.736799e-03	0.000000e+00	0.000000e+00	0.000000e+00	
546	3.746799e-03	0.000000e+00	0.000000e+00	0.000000e+00	
547	3.756799e-03	0.000000e+00	0.000000e+00	0.000000e+00	
548	3.766799e-03	0.000000e+00	0.000000e+00	0.000000e+00	
549	3.776799e-03	0.000000e+00	0.000000e+00	0.000000e+00	
550	3.786799e-03	0.000000e+00	0.000000e+00	0.000000e+00	
551	3.796799e-03	0.000000e+00	0.000000e+00	0.000000e+00	
552	3.806799e-03	0.000000e+00	0.000000e+00	0.000000e+00	
553	3.816799e-03	0.000000e+00	0.000000e+00	0.000000e+00	
554	3.826799e-03	0.000000e+00	0.000000e+00	0.000000e+00	
555	3.836799e-03	0.000000e+00	0.000000e+00	0.000000e+00	
556	3.846799e-03	0.000000e+00	0.000000e+00	0.000000e+00	
557	3.856799e-03	0.000000e+00	0.000000e+00	0.000000e+00	
558	3.866799e-03	0.000000e+00	0.000000e+00	0.000000e+00	
559	3.876799e-03	0.000000e+00	0.000000e+00	0.000000e+00	
560	3.886799e-03	0.000000e+00	0.000000e+00	0.000000e+00	
561	3.896799e-03	0.000000e+00	0.000000e+00	0.000000e+00	
562	3.906799e-03	0.000000e+00	0.000000e+00	0.000000e+00	
563	3.916799e-03	0.000000e+00	0.000000e+00	0.000000e+00	
564	3.926799e-03	0.000000e+00	0.000000e+00	0.000000e+00	
565	3.936799e-03	0.000000e+00	0.000000e+00	0.000000e+00	
566	3.946799e-03	0.000000e+00	0.000000e+00	0.000000e+00	
567	3.956799e-03	0.000000e+00	0.000000e+00	0.000000e+00	
568	3.966799e-03	0.000000e+00	0.000000e+00	0.000000e+00	
569	3.976799e-03	0.000000e+00	0.000000e+00	0.000000e+00	
570	3.986799e-03	0.000000e+00	0.000000e+00	0.000000e+00	
571	3.996799e-03	0.000000e+00	0.000000e+00	0.000000e+00	
572	4.000000e-03	0.000000e+00	0.000000e+00	0.000000e+00	

                                kicad schematic
                                Transient Analysis  Fri Nov 21 20:49:57  2025
--------------------------------------------------------------------------------
Index   time            v6#branch       v7#branch       v8#branch       
--------------------------------------------------------------------------------
0	0.000000e+00	0.000000e+00	0.000000e+00	0.000000e+00	
1	1.000000e-10	0.000000e+00	0.000000e+00	0.000000e+00	
2	2.000000e-10	0.000000e+00	0.000000e+00	0.000000e+00	
3	4.000000e-10	0.000000e+00	0.000000e+00	0.000000e+00	
4	8.000000e-10	0.000000e+00	0.000000e+00	0.000000e+00	
5	1.600000e-09	0.000000e+00	0.000000e+00	0.000000e+00	
6	3.200000e-09	0.000000e+00	0.000000e+00	0.000000e+00	
7	6.400000e-09	0.000000e+00	0.000000e+00	0.000000e+00	
8	1.000000e-08	0.000000e+00	0.000000e+00	0.000000e+00	
9	1.064000e-08	0.000000e+00	0.000000e+00	0.000000e+00	
10	1.192000e-08	0.000000e+00	0.000000e+00	0.000000e+00	
11	1.240000e-08	0.000000e+00	0.000000e+00	0.000000e+00	
12	1.241000e-08	0.000000e+00	0.000000e+00	0.000000e+00	
13	1.243000e-08	0.000000e+00	0.000000e+00	0.000000e+00	
14	1.247000e-08	0.000000e+00	0.000000e+00	0.000000e+00	
15	1.250000e-08	0.000000e+00	0.000000e+00	0.000000e+00	
16	1.250800e-08	0.000000e+00	0.000000e+00	0.000000e+00	
17	1.252400e-08	0.000000e+00	0.000000e+00	0.000000e+00	
18	1.255600e-08	0.000000e+00	0.000000e+00	0.000000e+00	
19	1.262000e-08	0.000000e+00	0.000000e+00	0.000000e+00	
20	1.274800e-08	0.000000e+00	0.000000e+00	0.000000e+00	
21	1.300400e-08	0.000000e+00	0.000000e+00	0.000000e+00	
22	1.351600e-08	0.000000e+00	0.000000e+00	0.000000e+00	
23	1.454000e-08	0.000000e+00	0.000000e+00	0.000000e+00	
24	1.600000e-08	0.000000e+00	0.000000e+00	0.000000e+00	
25	1.609000e-08	0.000000e+00	0.000000e+00	0.000000e+00	
26	1.627000e-08	0.000000e+00	0.000000e+00	0.000000e+00	
27	1.663000e-08	0.000000e+00	0.000000e+00	0.000000e+00	
28	1.690000e-08	0.000000e+00	0.000000e+00	0.000000e+00	
29	1.697200e-08	0.000000e+00	0.000000e+00	0.000000e+00	
30	1.711600e-08	0.000000e+00	0.000000e+00	0.000000e+00	
31	1.740400e-08	0.000000e+00	0.000000e+00	0.000000e+00	
32	1.798000e-08	0.000000e+00	0.000000e+00	0.000000e+00	
33	1.913200e-08	0.000000e+00	0.000000e+00	0.000000e+00	
34	2.143600e-08	0.000000e+00	0.000000e+00	0.000000e+00	
35	2.604400e-08	0.000000e+00	0.000000e+00	0.000000e+00	
36	3.526000e-08	0.000000e+00	0.000000e+00	0.000000e+00	
37	5.369200e-08	0.000000e+00	0.000000e+00	0.000000e+00	
38	9.055600e-08	0.000000e+00	0.000000e+00	0.000000e+00	
39	1.642840e-07	0.000000e+00	0.000000e+00	0.000000e+00	
40	3.117400e-07	0.000000e+00	0.000000e+00	0.000000e+00	
41	6.066520e-07	0.000000e+00	0.000000e+00	0.000000e+00	
42	1.196476e-06	0.000000e+00	0.000000e+00	0.000000e+00	
43	2.376124e-06	0.000000e+00	0.000000e+00	0.000000e+00	
44	4.735420e-06	0.000000e+00	0.000000e+00	0.000000e+00	
45	9.454012e-06	0.000000e+00	0.000000e+00	0.000000e+00	
46	1.889120e-05	0.000000e+00	0.000000e+00	0.000000e+00	
47	2.889120e-05	0.000000e+00	0.000000e+00	0.000000e+00	
48	3.889120e-05	0.000000e+00	0.000000e+00	0.000000e+00	
49	4.889120e-05	0.000000e+00	0.000000e+00	0.000000e+00	
50	5.889120e-05	0.000000e+00	0.000000e+00	0.000000e+00	
51	6.889120e-05	0.000000e+00	0.000000e+00	0.000000e+00	
52	7.889120e-05	0.000000e+00	0.000000e+00	0.000000e+00	
53	8.889120e-05	0.000000e+00	0.000000e+00	0.000000e+00	
54	9.889120e-05	0.000000e+00	0.000000e+00	0.000000e+00	

Index   time            v6#branch       v7#branch       v8#branch       
--------------------------------------------------------------------------------
55	1.088912e-04	0.000000e+00	0.000000e+00	0.000000e+00	
56	1.188912e-04	0.000000e+00	0.000000e+00	0.000000e+00	
57	1.288912e-04	0.000000e+00	0.000000e+00	0.000000e+00	
58	1.388912e-04	0.000000e+00	0.000000e+00	0.000000e+00	
59	1.488912e-04	0.000000e+00	0.000000e+00	0.000000e+00	
60	1.588912e-04	0.000000e+00	0.000000e+00	0.000000e+00	
61	1.688912e-04	0.000000e+00	0.000000e+00	0.000000e+00	
62	1.788912e-04	0.000000e+00	0.000000e+00	0.000000e+00	
63	1.888912e-04	0.000000e+00	0.000000e+00	0.000000e+00	
64	1.988912e-04	0.000000e+00	0.000000e+00	0.000000e+00	
65	2.088912e-04	0.000000e+00	0.000000e+00	0.000000e+00	
66	2.188912e-04	0.000000e+00	0.000000e+00	0.000000e+00	
67	2.288912e-04	0.000000e+00	0.000000e+00	0.000000e+00	
68	2.388912e-04	0.000000e+00	0.000000e+00	0.000000e+00	
69	2.488912e-04	0.000000e+00	0.000000e+00	0.000000e+00	
70	2.588912e-04	0.000000e+00	0.000000e+00	0.000000e+00	
71	2.688912e-04	0.000000e+00	0.000000e+00	0.000000e+00	
72	2.788912e-04	0.000000e+00	0.000000e+00	0.000000e+00	
73	2.888912e-04	0.000000e+00	0.000000e+00	0.000000e+00	
74	2.988912e-04	0.000000e+00	0.000000e+00	0.000000e+00	
75	3.088912e-04	0.000000e+00	0.000000e+00	0.000000e+00	
76	3.188912e-04	0.000000e+00	0.000000e+00	0.000000e+00	
77	3.288912e-04	0.000000e+00	0.000000e+00	0.000000e+00	
78	3.388912e-04	0.000000e+00	0.000000e+00	0.000000e+00	
79	3.488912e-04	0.000000e+00	0.000000e+00	0.000000e+00	
80	3.588912e-04	0.000000e+00	0.000000e+00	0.000000e+00	
81	3.688912e-04	0.000000e+00	0.000000e+00	0.000000e+00	
82	3.788912e-04	0.000000e+00	0.000000e+00	0.000000e+00	
83	3.888912e-04	0.000000e+00	0.000000e+00	0.000000e+00	
84	3.988912e-04	0.000000e+00	0.000000e+00	0.000000e+00	
85	4.088912e-04	0.000000e+00	0.000000e+00	0.000000e+00	
86	4.188912e-04	0.000000e+00	0.000000e+00	0.000000e+00	
87	4.288912e-04	0.000000e+00	0.000000e+00	0.000000e+00	
88	4.388912e-04	0.000000e+00	0.000000e+00	0.000000e+00	
89	4.488912e-04	0.000000e+00	0.000000e+00	0.000000e+00	
90	4.588912e-04	0.000000e+00	0.000000e+00	0.000000e+00	
91	4.688912e-04	0.000000e+00	0.000000e+00	0.000000e+00	
92	4.788912e-04	0.000000e+00	0.000000e+00	0.000000e+00	
93	4.888912e-04	0.000000e+00	0.000000e+00	0.000000e+00	
94	4.988912e-04	0.000000e+00	0.000000e+00	0.000000e+00	
95	5.088912e-04	0.000000e+00	0.000000e+00	0.000000e+00	
96	5.188912e-04	0.000000e+00	0.000000e+00	0.000000e+00	
97	5.288912e-04	0.000000e+00	0.000000e+00	0.000000e+00	
98	5.388912e-04	0.000000e+00	0.000000e+00	0.000000e+00	
99	5.488912e-04	0.000000e+00	0.000000e+00	0.000000e+00	
100	5.588912e-04	0.000000e+00	0.000000e+00	0.000000e+00	
101	5.688912e-04	0.000000e+00	0.000000e+00	0.000000e+00	
102	5.788912e-04	0.000000e+00	0.000000e+00	0.000000e+00	
103	5.888912e-04	0.000000e+00	0.000000e+00	0.000000e+00	
104	5.988912e-04	0.000000e+00	0.000000e+00	0.000000e+00	
105	6.088912e-04	0.000000e+00	0.000000e+00	0.000000e+00	
106	6.188912e-04	0.000000e+00	0.000000e+00	0.000000e+00	
107	6.288912e-04	0.000000e+00	0.000000e+00	0.000000e+00	
108	6.388912e-04	0.000000e+00	0.000000e+00	0.000000e+00	
109	6.488912e-04	0.000000e+00	0.000000e+00	0.000000e+00	
110	6.588912e-04	0.000000e+00	0.000000e+00	0.000000e+00	
111	6.688912e-04	0.000000e+00	0.000000e+00	0.000000e+00	
112	6.788912e-04	0.000000e+00	0.000000e+00	0.000000e+00	

Index   time            v6#branch       v7#branch       v8#branch       
--------------------------------------------------------------------------------
113	6.888912e-04	0.000000e+00	0.000000e+00	0.000000e+00	
114	6.988912e-04	0.000000e+00	0.000000e+00	0.000000e+00	
115	7.088912e-04	0.000000e+00	0.000000e+00	0.000000e+00	
116	7.188912e-04	0.000000e+00	0.000000e+00	0.000000e+00	
117	7.288912e-04	0.000000e+00	0.000000e+00	0.000000e+00	
118	7.388912e-04	0.000000e+00	0.000000e+00	0.000000e+00	
119	7.488912e-04	0.000000e+00	0.000000e+00	0.000000e+00	
120	7.588912e-04	0.000000e+00	0.000000e+00	0.000000e+00	
121	7.688912e-04	0.000000e+00	0.000000e+00	0.000000e+00	
122	7.788912e-04	0.000000e+00	0.000000e+00	0.000000e+00	
123	7.888912e-04	0.000000e+00	0.000000e+00	0.000000e+00	
124	7.988912e-04	0.000000e+00	0.000000e+00	0.000000e+00	
125	8.088912e-04	0.000000e+00	0.000000e+00	0.000000e+00	
126	8.188912e-04	0.000000e+00	0.000000e+00	0.000000e+00	
127	8.288912e-04	0.000000e+00	0.000000e+00	0.000000e+00	
128	8.388912e-04	0.000000e+00	0.000000e+00	0.000000e+00	
129	8.488912e-04	0.000000e+00	0.000000e+00	0.000000e+00	
130	8.588912e-04	0.000000e+00	0.000000e+00	0.000000e+00	
131	8.688912e-04	0.000000e+00	0.000000e+00	0.000000e+00	
132	8.788912e-04	0.000000e+00	0.000000e+00	0.000000e+00	
133	8.888912e-04	0.000000e+00	0.000000e+00	0.000000e+00	
134	8.988912e-04	0.000000e+00	0.000000e+00	0.000000e+00	
135	9.088912e-04	0.000000e+00	0.000000e+00	0.000000e+00	
136	9.188912e-04	0.000000e+00	0.000000e+00	0.000000e+00	
137	9.288912e-04	0.000000e+00	0.000000e+00	0.000000e+00	
138	9.388912e-04	0.000000e+00	0.000000e+00	0.000000e+00	
139	9.488912e-04	0.000000e+00	0.000000e+00	0.000000e+00	
140	9.588912e-04	0.000000e+00	0.000000e+00	0.000000e+00	
141	9.688912e-04	0.000000e+00	0.000000e+00	0.000000e+00	
142	9.788912e-04	0.000000e+00	0.000000e+00	0.000000e+00	
143	9.888912e-04	0.000000e+00	0.000000e+00	0.000000e+00	
144	9.988912e-04	0.000000e+00	0.000000e+00	0.000000e+00	
145	1.000010e-03	0.000000e+00	0.000000e+00	0.000000e+00	
146	1.000011e-03	0.000000e+00	0.000000e+00	0.000000e+00	
147	1.000013e-03	0.000000e+00	0.000000e+00	0.000000e+00	
148	1.000017e-03	0.000000e+00	0.000000e+00	0.000000e+00	
149	1.000018e-03	0.000000e+00	0.000000e+00	0.000000e+00	
150	1.000018e-03	0.000000e+00	0.000000e+00	0.000000e+00	
151	1.000018e-03	0.000000e+00	0.000000e+00	0.000000e+00	
152	1.000019e-03	0.000000e+00	0.000000e+00	0.000000e+00	
153	1.000019e-03	0.000000e+00	0.000000e+00	0.000000e+00	
154	1.000019e-03	0.000000e+00	0.000000e+00	0.000000e+00	
155	1.000019e-03	0.000000e+00	0.000000e+00	0.000000e+00	
156	1.000019e-03	0.000000e+00	0.000000e+00	0.000000e+00	
157	1.000020e-03	0.000000e+00	0.000000e+00	0.000000e+00	
158	1.000020e-03	0.000000e+00	0.000000e+00	0.000000e+00	
159	1.000020e-03	0.000000e+00	0.000000e+00	0.000000e+00	
160	1.000020e-03	0.000000e+00	0.000000e+00	0.000000e+00	
161	1.000020e-03	0.000000e+00	0.000000e+00	0.000000e+00	
162	1.000021e-03	0.000000e+00	0.000000e+00	0.000000e+00	
163	1.000021e-03	0.000000e+00	0.000000e+00	0.000000e+00	
164	1.000022e-03	0.000000e+00	0.000000e+00	0.000000e+00	
165	1.000022e-03	0.000000e+00	0.000000e+00	0.000000e+00	
166	1.000022e-03	0.000000e+00	0.000000e+00	0.000000e+00	
167	1.000022e-03	0.000000e+00	0.000000e+00	0.000000e+00	
168	1.000022e-03	0.000000e+00	0.000000e+00	0.000000e+00	
169	1.000022e-03	0.000000e+00	0.000000e+00	0.000000e+00	
170	1.000022e-03	0.000000e+00	0.000000e+00	0.000000e+00	

Index   time            v6#branch       v7#branch       v8#branch       
--------------------------------------------------------------------------------
171	1.000022e-03	0.000000e+00	0.000000e+00	0.000000e+00	
172	1.000022e-03	0.000000e+00	0.000000e+00	0.000000e+00	
173	1.000022e-03	0.000000e+00	0.000000e+00	0.000000e+00	
174	1.000023e-03	0.000000e+00	0.000000e+00	0.000000e+00	
175	1.000023e-03	0.000000e+00	0.000000e+00	0.000000e+00	
176	1.000024e-03	0.000000e+00	0.000000e+00	0.000000e+00	
177	1.000026e-03	0.000000e+00	0.000000e+00	0.000000e+00	
178	1.000030e-03	0.000000e+00	0.000000e+00	0.000000e+00	
179	1.000038e-03	0.000000e+00	0.000000e+00	0.000000e+00	
180	1.000055e-03	0.000000e+00	0.000000e+00	0.000000e+00	
181	1.000088e-03	0.000000e+00	0.000000e+00	0.000000e+00	
182	1.000153e-03	0.000000e+00	0.000000e+00	0.000000e+00	
183	1.000284e-03	0.000000e+00	0.000000e+00	0.000000e+00	
184	1.000546e-03	0.000000e+00	0.000000e+00	0.000000e+00	
185	1.001071e-03	0.000000e+00	0.000000e+00	0.000000e+00	
186	1.002119e-03	0.000000e+00	0.000000e+00	0.000000e+00	
187	1.004216e-03	0.000000e+00	0.000000e+00	0.000000e+00	
188	1.008411e-03	0.000000e+00	0.000000e+00	0.000000e+00	
189	1.016799e-03	0.000000e+00	0.000000e+00	0.000000e+00	
190	1.026799e-03	0.000000e+00	0.000000e+00	0.000000e+00	
191	1.036799e-03	0.000000e+00	0.000000e+00	0.000000e+00	
192	1.046799e-03	0.000000e+00	0.000000e+00	0.000000e+00	
193	1.056799e-03	0.000000e+00	0.000000e+00	0.000000e+00	
194	1.066799e-03	0.000000e+00	0.000000e+00	0.000000e+00	
195	1.076799e-03	0.000000e+00	0.000000e+00	0.000000e+00	
196	1.086799e-03	0.000000e+00	0.000000e+00	0.000000e+00	
197	1.096799e-03	0.000000e+00	0.000000e+00	0.000000e+00	
198	1.106799e-03	0.000000e+00	0.000000e+00	0.000000e+00	
199	1.116799e-03	0.000000e+00	0.000000e+00	0.000000e+00	
200	1.126799e-03	0.000000e+00	0.000000e+00	0.000000e+00	
201	1.136799e-03	0.000000e+00	0.000000e+00	0.000000e+00	
202	1.146799e-03	0.000000e+00	0.000000e+00	0.000000e+00	
203	1.156799e-03	0.000000e+00	0.000000e+00	0.000000e+00	
204	1.166799e-03	0.000000e+00	0.000000e+00	0.000000e+00	
205	1.176799e-03	0.000000e+00	0.000000e+00	0.000000e+00	
206	1.186799e-03	0.000000e+00	0.000000e+00	0.000000e+00	
207	1.196799e-03	0.000000e+00	0.000000e+00	0.000000e+00	
208	1.206799e-03	0.000000e+00	0.000000e+00	0.000000e+00	
209	1.216799e-03	0.000000e+00	0.000000e+00	0.000000e+00	
210	1.226799e-03	0.000000e+00	0.000000e+00	0.000000e+00	
211	1.236799e-03	0.000000e+00	0.000000e+00	0.000000e+00	
212	1.246799e-03	0.000000e+00	0.000000e+00	0.000000e+00	
213	1.256799e-03	0.000000e+00	0.000000e+00	0.000000e+00	
214	1.266799e-03	0.000000e+00	0.000000e+00	0.000000e+00	
215	1.276799e-03	0.000000e+00	0.000000e+00	0.000000e+00	
216	1.286799e-03	0.000000e+00	0.000000e+00	0.000000e+00	
217	1.296799e-03	0.000000e+00	0.000000e+00	0.000000e+00	
218	1.306799e-03	0.000000e+00	0.000000e+00	0.000000e+00	
219	1.316799e-03	0.000000e+00	0.000000e+00	0.000000e+00	
220	1.326799e-03	0.000000e+00	0.000000e+00	0.000000e+00	
221	1.336799e-03	0.000000e+00	0.000000e+00	0.000000e+00	
222	1.346799e-03	0.000000e+00	0.000000e+00	0.000000e+00	
223	1.356799e-03	0.000000e+00	0.000000e+00	0.000000e+00	
224	1.366799e-03	0.000000e+00	0.000000e+00	0.000000e+00	
225	1.376799e-03	0.000000e+00	0.000000e+00	0.000000e+00	
226	1.386799e-03	0.000000e+00	0.000000e+00	0.000000e+00	
227	1.396799e-03	0.000000e+00	0.000000e+00	0.000000e+00	
228	1.406799e-03	0.000000e+00	0.000000e+00	0.000000e+00	

Index   time            v6#branch       v7#branch       v8#branch       
--------------------------------------------------------------------------------
229	1.416799e-03	0.000000e+00	0.000000e+00	0.000000e+00	
230	1.426799e-03	0.000000e+00	0.000000e+00	0.000000e+00	
231	1.436799e-03	0.000000e+00	0.000000e+00	0.000000e+00	
232	1.446799e-03	0.000000e+00	0.000000e+00	0.000000e+00	
233	1.456799e-03	0.000000e+00	0.000000e+00	0.000000e+00	
234	1.466799e-03	0.000000e+00	0.000000e+00	0.000000e+00	
235	1.476799e-03	0.000000e+00	0.000000e+00	0.000000e+00	
236	1.486799e-03	0.000000e+00	0.000000e+00	0.000000e+00	
237	1.496799e-03	0.000000e+00	0.000000e+00	0.000000e+00	
238	1.506799e-03	0.000000e+00	0.000000e+00	0.000000e+00	
239	1.516799e-03	0.000000e+00	0.000000e+00	0.000000e+00	
240	1.526799e-03	0.000000e+00	0.000000e+00	0.000000e+00	
241	1.536799e-03	0.000000e+00	0.000000e+00	0.000000e+00	
242	1.546799e-03	0.000000e+00	0.000000e+00	0.000000e+00	
243	1.556799e-03	0.000000e+00	0.000000e+00	0.000000e+00	
244	1.566799e-03	0.000000e+00	0.000000e+00	0.000000e+00	
245	1.576799e-03	0.000000e+00	0.000000e+00	0.000000e+00	
246	1.586799e-03	0.000000e+00	0.000000e+00	0.000000e+00	
247	1.596799e-03	0.000000e+00	0.000000e+00	0.000000e+00	
248	1.606799e-03	0.000000e+00	0.000000e+00	0.000000e+00	
249	1.616799e-03	0.000000e+00	0.000000e+00	0.000000e+00	
250	1.626799e-03	0.000000e+00	0.000000e+00	0.000000e+00	
251	1.636799e-03	0.000000e+00	0.000000e+00	0.000000e+00	
252	1.646799e-03	0.000000e+00	0.000000e+00	0.000000e+00	
253	1.656799e-03	0.000000e+00	0.000000e+00	0.000000e+00	
254	1.666799e-03	0.000000e+00	0.000000e+00	0.000000e+00	
255	1.676799e-03	0.000000e+00	0.000000e+00	0.000000e+00	
256	1.686799e-03	0.000000e+00	0.000000e+00	0.000000e+00	
257	1.696799e-03	0.000000e+00	0.000000e+00	0.000000e+00	
258	1.706799e-03	0.000000e+00	0.000000e+00	0.000000e+00	
259	1.716799e-03	0.000000e+00	0.000000e+00	0.000000e+00	
260	1.726799e-03	0.000000e+00	0.000000e+00	0.000000e+00	
261	1.736799e-03	0.000000e+00	0.000000e+00	0.000000e+00	
262	1.746799e-03	0.000000e+00	0.000000e+00	0.000000e+00	
263	1.756799e-03	0.000000e+00	0.000000e+00	0.000000e+00	
264	1.766799e-03	0.000000e+00	0.000000e+00	0.000000e+00	
265	1.776799e-03	0.000000e+00	0.000000e+00	0.000000e+00	
266	1.786799e-03	0.000000e+00	0.000000e+00	0.000000e+00	
267	1.796799e-03	0.000000e+00	0.000000e+00	0.000000e+00	
268	1.806799e-03	0.000000e+00	0.000000e+00	0.000000e+00	
269	1.816799e-03	0.000000e+00	0.000000e+00	0.000000e+00	
270	1.826799e-03	0.000000e+00	0.000000e+00	0.000000e+00	
271	1.836799e-03	0.000000e+00	0.000000e+00	0.000000e+00	
272	1.846799e-03	0.000000e+00	0.000000e+00	0.000000e+00	
273	1.856799e-03	0.000000e+00	0.000000e+00	0.000000e+00	
274	1.866799e-03	0.000000e+00	0.000000e+00	0.000000e+00	
275	1.876799e-03	0.000000e+00	0.000000e+00	0.000000e+00	
276	1.886799e-03	0.000000e+00	0.000000e+00	0.000000e+00	
277	1.896799e-03	0.000000e+00	0.000000e+00	0.000000e+00	
278	1.906799e-03	0.000000e+00	0.000000e+00	0.000000e+00	
279	1.916799e-03	0.000000e+00	0.000000e+00	0.000000e+00	
280	1.926799e-03	0.000000e+00	0.000000e+00	0.000000e+00	
281	1.936799e-03	0.000000e+00	0.000000e+00	0.000000e+00	
282	1.946799e-03	0.000000e+00	0.000000e+00	0.000000e+00	
283	1.956799e-03	0.000000e+00	0.000000e+00	0.000000e+00	
284	1.966799e-03	0.000000e+00	0.000000e+00	0.000000e+00	
285	1.976799e-03	0.000000e+00	0.000000e+00	0.000000e+00	
286	1.986799e-03	0.000000e+00	0.000000e+00	0.000000e+00	

Index   time            v6#branch       v7#branch       v8#branch       
--------------------------------------------------------------------------------
287	1.996799e-03	0.000000e+00	0.000000e+00	0.000000e+00	
288	2.000000e-03	0.000000e+00	0.000000e+00	0.000000e+00	
289	2.000001e-03	0.000000e+00	0.000000e+00	0.000000e+00	
290	2.000003e-03	0.000000e+00	0.000000e+00	0.000000e+00	
291	2.000007e-03	0.000000e+00	0.000000e+00	0.000000e+00	
292	2.000010e-03	0.000000e+00	0.000000e+00	0.000000e+00	
293	2.000011e-03	0.000000e+00	0.000000e+00	0.000000e+00	
294	2.000012e-03	0.000000e+00	0.000000e+00	0.000000e+00	
295	2.000013e-03	0.000000e+00	0.000000e+00	0.000000e+00	
296	2.000013e-03	0.000000e+00	0.000000e+00	0.000000e+00	
297	2.000013e-03	0.000000e+00	0.000000e+00	0.000000e+00	
298	2.000013e-03	0.000000e+00	0.000000e+00	0.000000e+00	
299	2.000013e-03	0.000000e+00	0.000000e+00	0.000000e+00	
300	2.000013e-03	0.000000e+00	0.000000e+00	0.000000e+00	
301	2.000013e-03	0.000000e+00	0.000000e+00	0.000000e+00	
302	2.000013e-03	0.000000e+00	0.000000e+00	0.000000e+00	
303	2.000013e-03	0.000000e+00	0.000000e+00	0.000000e+00	
304	2.000013e-03	0.000000e+00	0.000000e+00	0.000000e+00	
305	2.000014e-03	0.000000e+00	0.000000e+00	0.000000e+00	
306	2.000014e-03	0.000000e+00	0.000000e+00	0.000000e+00	
307	2.000015e-03	0.000000e+00	0.000000e+00	0.000000e+00	
308	2.000016e-03	0.000000e+00	0.000000e+00	0.000000e+00	
309	2.000016e-03	0.000000e+00	0.000000e+00	0.000000e+00	
310	2.000016e-03	0.000000e+00	0.000000e+00	0.000000e+00	
311	2.000017e-03	0.000000e+00	0.000000e+00	0.000000e+00	
312	2.000017e-03	0.000000e+00	0.000000e+00	0.000000e+00	
313	2.000017e-03	0.000000e+00	0.000000e+00	0.000000e+00	
314	2.000017e-03	0.000000e+00	0.000000e+00	0.000000e+00	
315	2.000017e-03	0.000000e+00	0.000000e+00	0.000000e+00	
316	2.000018e-03	0.000000e+00	0.000000e+00	0.000000e+00	
317	2.000019e-03	0.000000e+00	0.000000e+00	0.000000e+00	
318	2.000021e-03	0.000000e+00	0.000000e+00	0.000000e+00	
319	2.000026e-03	0.000000e+00	0.000000e+00	0.000000e+00	
320	2.000035e-03	0.000000e+00	0.000000e+00	0.000000e+00	
321	2.000054e-03	0.000000e+00	0.000000e+00	0.000000e+00	
322	2.000091e-03	0.000000e+00	0.000000e+00	0.000000e+00	
323	2.000164e-03	0.000000e+00	0.000000e+00	0.000000e+00	
324	2.000312e-03	0.000000e+00	0.000000e+00	0.000000e+00	
325	2.000607e-03	0.000000e+00	0.000000e+00	0.000000e+00	
326	2.001196e-03	0.000000e+00	0.000000e+00	0.000000e+00	
327	2.002376e-03	0.000000e+00	0.000000e+00	0.000000e+00	
328	2.004735e-03	0.000000e+00	0.000000e+00	0.000000e+00	
329	2.009454e-03	0.000000e+00	0.000000e+00	0.000000e+00	
330	2.018891e-03	0.000000e+00	0.000000e+00	0.000000e+00	
331	2.028891e-03	0.000000e+00	0.000000e+00	0.000000e+00	
332	2.038891e-03	0.000000e+00	0.000000e+00	0.000000e+00	
333	2.048891e-03	0.000000e+00	0.000000e+00	0.000000e+00	
334	2.058891e-03	0.000000e+00	0.000000e+00	0.000000e+00	
335	2.068891e-03	0.000000e+00	0.000000e+00	0.000000e+00	
336	2.078891e-03	0.000000e+00	0.000000e+00	0.000000e+00	
337	2.088891e-03	0.000000e+00	0.000000e+00	0.000000e+00	
338	2.098891e-03	0.000000e+00	0.000000e+00	0.000000e+00	
339	2.108891e-03	0.000000e+00	0.000000e+00	0.000000e+00	
340	2.118891e-03	0.000000e+00	0.000000e+00	0.000000e+00	
341	2.128891e-03	0.000000e+00	0.000000e+00	0.000000e+00	
342	2.138891e-03	0.000000e+00	0.000000e+00	0.000000e+00	
343	2.148891e-03	0.000000e+00	0.000000e+00	0.000000e+00	
344	2.158891e-03	0.000000e+00	0.000000e+00	0.000000e+00	

Index   time            v6#branch       v7#branch       v8#branch       
--------------------------------------------------------------------------------
345	2.168891e-03	0.000000e+00	0.000000e+00	0.000000e+00	
346	2.178891e-03	0.000000e+00	0.000000e+00	0.000000e+00	
347	2.188891e-03	0.000000e+00	0.000000e+00	0.000000e+00	
348	2.198891e-03	0.000000e+00	0.000000e+00	0.000000e+00	
349	2.208891e-03	0.000000e+00	0.000000e+00	0.000000e+00	
350	2.218891e-03	0.000000e+00	0.000000e+00	0.000000e+00	
351	2.228891e-03	0.000000e+00	0.000000e+00	0.000000e+00	
352	2.238891e-03	0.000000e+00	0.000000e+00	0.000000e+00	
353	2.248891e-03	0.000000e+00	0.000000e+00	0.000000e+00	
354	2.258891e-03	0.000000e+00	0.000000e+00	0.000000e+00	
355	2.268891e-03	0.000000e+00	0.000000e+00	0.000000e+00	
356	2.278891e-03	0.000000e+00	0.000000e+00	0.000000e+00	
357	2.288891e-03	0.000000e+00	0.000000e+00	0.000000e+00	
358	2.298891e-03	0.000000e+00	0.000000e+00	0.000000e+00	
359	2.308891e-03	0.000000e+00	0.000000e+00	0.000000e+00	
360	2.318891e-03	0.000000e+00	0.000000e+00	0.000000e+00	
361	2.328891e-03	0.000000e+00	0.000000e+00	0.000000e+00	
362	2.338891e-03	0.000000e+00	0.000000e+00	0.000000e+00	
363	2.348891e-03	0.000000e+00	0.000000e+00	0.000000e+00	
364	2.358891e-03	0.000000e+00	0.000000e+00	0.000000e+00	
365	2.368891e-03	0.000000e+00	0.000000e+00	0.000000e+00	
366	2.378891e-03	0.000000e+00	0.000000e+00	0.000000e+00	
367	2.388891e-03	0.000000e+00	0.000000e+00	0.000000e+00	
368	2.398891e-03	0.000000e+00	0.000000e+00	0.000000e+00	
369	2.408891e-03	0.000000e+00	0.000000e+00	0.000000e+00	
370	2.418891e-03	0.000000e+00	0.000000e+00	0.000000e+00	
371	2.428891e-03	0.000000e+00	0.000000e+00	0.000000e+00	
372	2.438891e-03	0.000000e+00	0.000000e+00	0.000000e+00	
373	2.448891e-03	0.000000e+00	0.000000e+00	0.000000e+00	
374	2.458891e-03	0.000000e+00	0.000000e+00	0.000000e+00	
375	2.468891e-03	0.000000e+00	0.000000e+00	0.000000e+00	
376	2.478891e-03	0.000000e+00	0.000000e+00	0.000000e+00	
377	2.488891e-03	0.000000e+00	0.000000e+00	0.000000e+00	
378	2.498891e-03	0.000000e+00	0.000000e+00	0.000000e+00	
379	2.508891e-03	0.000000e+00	0.000000e+00	0.000000e+00	
380	2.518891e-03	0.000000e+00	0.000000e+00	0.000000e+00	
381	2.528891e-03	0.000000e+00	0.000000e+00	0.000000e+00	
382	2.538891e-03	0.000000e+00	0.000000e+00	0.000000e+00	
383	2.548891e-03	0.000000e+00	0.000000e+00	0.000000e+00	
384	2.558891e-03	0.000000e+00	0.000000e+00	0.000000e+00	
385	2.568891e-03	0.000000e+00	0.000000e+00	0.000000e+00	
386	2.578891e-03	0.000000e+00	0.000000e+00	0.000000e+00	
387	2.588891e-03	0.000000e+00	0.000000e+00	0.000000e+00	
388	2.598891e-03	0.000000e+00	0.000000e+00	0.000000e+00	
389	2.608891e-03	0.000000e+00	0.000000e+00	0.000000e+00	
390	2.618891e-03	0.000000e+00	0.000000e+00	0.000000e+00	
391	2.628891e-03	0.000000e+00	0.000000e+00	0.000000e+00	
392	2.638891e-03	0.000000e+00	0.000000e+00	0.000000e+00	
393	2.648891e-03	0.000000e+00	0.000000e+00	0.000000e+00	
394	2.658891e-03	0.000000e+00	0.000000e+00	0.000000e+00	
395	2.668891e-03	0.000000e+00	0.000000e+00	0.000000e+00	
396	2.678891e-03	0.000000e+00	0.000000e+00	0.000000e+00	
397	2.688891e-03	0.000000e+00	0.000000e+00	0.000000e+00	
398	2.698891e-03	0.000000e+00	0.000000e+00	0.000000e+00	
399	2.708891e-03	0.000000e+00	0.000000e+00	0.000000e+00	
400	2.718891e-03	0.000000e+00	0.000000e+00	0.000000e+00	
401	2.728891e-03	0.000000e+00	0.000000e+00	0.000000e+00	
402	2.738891e-03	0.000000e+00	0.000000e+00	0.000000e+00	

Index   time            v6#branch       v7#branch       v8#branch       
--------------------------------------------------------------------------------
403	2.748891e-03	0.000000e+00	0.000000e+00	0.000000e+00	
404	2.758891e-03	0.000000e+00	0.000000e+00	0.000000e+00	
405	2.768891e-03	0.000000e+00	0.000000e+00	0.000000e+00	
406	2.778891e-03	0.000000e+00	0.000000e+00	0.000000e+00	
407	2.788891e-03	0.000000e+00	0.000000e+00	0.000000e+00	
408	2.798891e-03	0.000000e+00	0.000000e+00	0.000000e+00	
409	2.808891e-03	0.000000e+00	0.000000e+00	0.000000e+00	
410	2.818891e-03	0.000000e+00	0.000000e+00	0.000000e+00	
411	2.828891e-03	0.000000e+00	0.000000e+00	0.000000e+00	
412	2.838891e-03	0.000000e+00	0.000000e+00	0.000000e+00	
413	2.848891e-03	0.000000e+00	0.000000e+00	0.000000e+00	
414	2.858891e-03	0.000000e+00	0.000000e+00	0.000000e+00	
415	2.868891e-03	0.000000e+00	0.000000e+00	0.000000e+00	
416	2.878891e-03	0.000000e+00	0.000000e+00	0.000000e+00	
417	2.888891e-03	0.000000e+00	0.000000e+00	0.000000e+00	
418	2.898891e-03	0.000000e+00	0.000000e+00	0.000000e+00	
419	2.908891e-03	0.000000e+00	0.000000e+00	0.000000e+00	
420	2.918891e-03	0.000000e+00	0.000000e+00	0.000000e+00	
421	2.928891e-03	0.000000e+00	0.000000e+00	0.000000e+00	
422	2.938891e-03	0.000000e+00	0.000000e+00	0.000000e+00	
423	2.948891e-03	0.000000e+00	0.000000e+00	0.000000e+00	
424	2.958891e-03	0.000000e+00	0.000000e+00	0.000000e+00	
425	2.968891e-03	0.000000e+00	0.000000e+00	0.000000e+00	
426	2.978891e-03	0.000000e+00	0.000000e+00	0.000000e+00	
427	2.988891e-03	0.000000e+00	0.000000e+00	0.000000e+00	
428	2.998891e-03	0.000000e+00	0.000000e+00	0.000000e+00	
429	3.000010e-03	0.000000e+00	0.000000e+00	0.000000e+00	
430	3.000011e-03	0.000000e+00	0.000000e+00	0.000000e+00	
431	3.000013e-03	0.000000e+00	0.000000e+00	0.000000e+00	
432	3.000017e-03	0.000000e+00	0.000000e+00	0.000000e+00	
433	3.000018e-03	0.000000e+00	0.000000e+00	0.000000e+00	
434	3.000018e-03	0.000000e+00	0.000000e+00	0.000000e+00	
435	3.000018e-03	0.000000e+00	0.000000e+00	0.000000e+00	
436	3.000019e-03	0.000000e+00	0.000000e+00	0.000000e+00	
437	3.000019e-03	0.000000e+00	0.000000e+00	0.000000e+00	
438	3.000019e-03	0.000000e+00	0.000000e+00	0.000000e+00	
439	3.000019e-03	0.000000e+00	0.000000e+00	0.000000e+00	
440	3.000019e-03	0.000000e+00	0.000000e+00	0.000000e+00	
441	3.000020e-03	0.000000e+00	0.000000e+00	0.000000e+00	
442	3.000020e-03	0.000000e+00	0.000000e+00	0.000000e+00	
443	3.000020e-03	0.000000e+00	0.000000e+00	0.000000e+00	
444	3.000020e-03	0.000000e+00	0.000000e+00	0.000000e+00	
445	3.000020e-03	0.000000e+00	0.000000e+00	0.000000e+00	
446	3.000021e-03	0.000000e+00	0.000000e+00	0.000000e+00	
447	3.000021e-03	0.000000e+00	0.000000e+00	0.000000e+00	
448	3.000022e-03	0.000000e+00	0.000000e+00	0.000000e+00	
449	3.000022e-03	0.000000e+00	0.000000e+00	0.000000e+00	
450	3.000022e-03	0.000000e+00	0.000000e+00	0.000000e+00	
451	3.000022e-03	0.000000e+00	0.000000e+00	0.000000e+00	
452	3.000022e-03	0.000000e+00	0.000000e+00	0.000000e+00	
453	3.000022e-03	0.000000e+00	0.000000e+00	0.000000e+00	
454	3.000022e-03	0.000000e+00	0.000000e+00	0.000000e+00	
455	3.000022e-03	0.000000e+00	0.000000e+00	0.000000e+00	
456	3.000022e-03	0.000000e+00	0.000000e+00	0.000000e+00	
457	3.000022e-03	0.000000e+00	0.000000e+00	0.000000e+00	
458	3.000023e-03	0.000000e+00	0.000000e+00	0.000000e+00	
459	3.000023e-03	0.000000e+00	0.000000e+00	0.000000e+00	
460	3.000024e-03	0.000000e+00	0.000000e+00	0.000000e+00	

Index   time            v6#branch       v7#branch       v8#branch       
--------------------------------------------------------------------------------
461	3.000026e-03	0.000000e+00	0.000000e+00	0.000000e+00	
462	3.000030e-03	0.000000e+00	0.000000e+00	0.000000e+00	
463	3.000038e-03	0.000000e+00	0.000000e+00	0.000000e+00	
464	3.000055e-03	0.000000e+00	0.000000e+00	0.000000e+00	
465	3.000088e-03	0.000000e+00	0.000000e+00	0.000000e+00	
466	3.000153e-03	0.000000e+00	0.000000e+00	0.000000e+00	
467	3.000284e-03	0.000000e+00	0.000000e+00	0.000000e+00	
468	3.000546e-03	0.000000e+00	0.000000e+00	0.000000e+00	
469	3.001071e-03	0.000000e+00	0.000000e+00	0.000000e+00	
470	3.002119e-03	0.000000e+00	0.000000e+00	0.000000e+00	
471	3.004216e-03	0.000000e+00	0.000000e+00	0.000000e+00	
472	3.008411e-03	0.000000e+00	0.000000e+00	0.000000e+00	
473	3.016799e-03	0.000000e+00	0.000000e+00	0.000000e+00	
474	3.026799e-03	0.000000e+00	0.000000e+00	0.000000e+00	
475	3.036799e-03	0.000000e+00	0.000000e+00	0.000000e+00	
476	3.046799e-03	0.000000e+00	0.000000e+00	0.000000e+00	
477	3.056799e-03	0.000000e+00	0.000000e+00	0.000000e+00	
478	3.066799e-03	0.000000e+00	0.000000e+00	0.000000e+00	
479	3.076799e-03	0.000000e+00	0.000000e+00	0.000000e+00	
480	3.086799e-03	0.000000e+00	0.000000e+00	0.000000e+00	
481	3.096799e-03	0.000000e+00	0.000000e+00	0.000000e+00	
482	3.106799e-03	0.000000e+00	0.000000e+00	0.000000e+00	
483	3.116799e-03	0.000000e+00	0.000000e+00	0.000000e+00	
484	3.126799e-03	0.000000e+00	0.000000e+00	0.000000e+00	
485	3.136799e-03	0.000000e+00	0.000000e+00	0.000000e+00	
486	3.146799e-03	0.000000e+00	0.000000e+00	0.000000e+00	
487	3.156799e-03	0.000000e+00	0.000000e+00	0.000000e+00	
488	3.166799e-03	0.000000e+00	0.000000e+00	0.000000e+00	
489	3.176799e-03	0.000000e+00	0.000000e+00	0.000000e+00	
490	3.186799e-03	0.000000e+00	0.000000e+00	0.000000e+00	
491	3.196799e-03	0.000000e+00	0.000000e+00	0.000000e+00	
492	3.206799e-03	0.000000e+00	0.000000e+00	0.000000e+00	
493	3.216799e-03	0.000000e+00	0.000000e+00	0.000000e+00	
494	3.226799e-03	0.000000e+00	0.000000e+00	0.000000e+00	
495	3.236799e-03	0.000000e+00	0.000000e+00	0.000000e+00	
496	3.246799e-03	0.000000e+00	0.000000e+00	0.000000e+00	
497	3.256799e-03	0.000000e+00	0.000000e+00	0.000000e+00	
498	3.266799e-03	0.000000e+00	0.000000e+00	0.000000e+00	
499	3.276799e-03	0.000000e+00	0.000000e+00	0.000000e+00	
500	3.286799e-03	0.000000e+00	0.000000e+00	0.000000e+00	
501	3.296799e-03	0.000000e+00	0.000000e+00	0.000000e+00	
502	3.306799e-03	0.000000e+00	0.000000e+00	0.000000e+00	
503	3.316799e-03	0.000000e+00	0.000000e+00	0.000000e+00	
504	3.326799e-03	0.000000e+00	0.000000e+00	0.000000e+00	
505	3.336799e-03	0.000000e+00	0.000000e+00	0.000000e+00	
506	3.346799e-03	0.000000e+00	0.000000e+00	0.000000e+00	
507	3.356799e-03	0.000000e+00	0.000000e+00	0.000000e+00	
508	3.366799e-03	0.000000e+00	0.000000e+00	0.000000e+00	
509	3.376799e-03	0.000000e+00	0.000000e+00	0.000000e+00	
510	3.386799e-03	0.000000e+00	0.000000e+00	0.000000e+00	
511	3.396799e-03	0.000000e+00	0.000000e+00	0.000000e+00	
512	3.406799e-03	0.000000e+00	0.000000e+00	0.000000e+00	
513	3.416799e-03	0.000000e+00	0.000000e+00	0.000000e+00	
514	3.426799e-03	0.000000e+00	0.000000e+00	0.000000e+00	
515	3.436799e-03	0.000000e+00	0.000000e+00	0.000000e+00	
516	3.446799e-03	0.000000e+00	0.000000e+00	0.000000e+00	
517	3.456799e-03	0.000000e+00	0.000000e+00	0.000000e+00	
518	3.466799e-03	0.000000e+00	0.000000e+00	0.000000e+00	

Index   time            v6#branch       v7#branch       v8#branch       
--------------------------------------------------------------------------------
519	3.476799e-03	0.000000e+00	0.000000e+00	0.000000e+00	
520	3.486799e-03	0.000000e+00	0.000000e+00	0.000000e+00	
521	3.496799e-03	0.000000e+00	0.000000e+00	0.000000e+00	
522	3.506799e-03	0.000000e+00	0.000000e+00	0.000000e+00	
523	3.516799e-03	0.000000e+00	0.000000e+00	0.000000e+00	
524	3.526799e-03	0.000000e+00	0.000000e+00	0.000000e+00	
525	3.536799e-03	0.000000e+00	0.000000e+00	0.000000e+00	
526	3.546799e-03	0.000000e+00	0.000000e+00	0.000000e+00	
527	3.556799e-03	0.000000e+00	0.000000e+00	0.000000e+00	
528	3.566799e-03	0.000000e+00	0.000000e+00	0.000000e+00	
529	3.576799e-03	0.000000e+00	0.000000e+00	0.000000e+00	
530	3.586799e-03	0.000000e+00	0.000000e+00	0.000000e+00	
531	3.596799e-03	0.000000e+00	0.000000e+00	0.000000e+00	
532	3.606799e-03	0.000000e+00	0.000000e+00	0.000000e+00	
533	3.616799e-03	0.000000e+00	0.000000e+00	0.000000e+00	
534	3.626799e-03	0.000000e+00	0.000000e+00	0.000000e+00	
535	3.636799e-03	0.000000e+00	0.000000e+00	0.000000e+00	
536	3.646799e-03	0.000000e+00	0.000000e+00	0.000000e+00	
537	3.656799e-03	0.000000e+00	0.000000e+00	0.000000e+00	
538	3.666799e-03	0.000000e+00	0.000000e+00	0.000000e+00	
539	3.676799e-03	0.000000e+00	0.000000e+00	0.000000e+00	
540	3.686799e-03	0.000000e+00	0.000000e+00	0.000000e+00	
541	3.696799e-03	0.000000e+00	0.000000e+00	0.000000e+00	
542	3.706799e-03	0.000000e+00	0.000000e+00	0.000000e+00	
543	3.716799e-03	0.000000e+00	0.000000e+00	0.000000e+00	
544	3.726799e-03	0.000000e+00	0.000000e+00	0.000000e+00	
545	3.736799e-03	0.000000e+00	0.000000e+00	0.000000e+00	
546	3.746799e-03	0.000000e+00	0.000000e+00	0.000000e+00	
547	3.756799e-03	0.000000e+00	0.000000e+00	0.000000e+00	
548	3.766799e-03	0.000000e+00	0.000000e+00	0.000000e+00	
549	3.776799e-03	0.000000e+00	0.000000e+00	0.000000e+00	
550	3.786799e-03	0.000000e+00	0.000000e+00	0.000000e+00	
551	3.796799e-03	0.000000e+00	0.000000e+00	0.000000e+00	
552	3.806799e-03	0.000000e+00	0.000000e+00	0.000000e+00	
553	3.816799e-03	0.000000e+00	0.000000e+00	0.000000e+00	
554	3.826799e-03	0.000000e+00	0.000000e+00	0.000000e+00	
555	3.836799e-03	0.000000e+00	0.000000e+00	0.000000e+00	
556	3.846799e-03	0.000000e+00	0.000000e+00	0.000000e+00	
557	3.856799e-03	0.000000e+00	0.000000e+00	0.000000e+00	
558	3.866799e-03	0.000000e+00	0.000000e+00	0.000000e+00	
559	3.876799e-03	0.000000e+00	0.000000e+00	0.000000e+00	
560	3.886799e-03	0.000000e+00	0.000000e+00	0.000000e+00	
561	3.896799e-03	0.000000e+00	0.000000e+00	0.000000e+00	
562	3.906799e-03	0.000000e+00	0.000000e+00	0.000000e+00	
563	3.916799e-03	0.000000e+00	0.000000e+00	0.000000e+00	
564	3.926799e-03	0.000000e+00	0.000000e+00	0.000000e+00	
565	3.936799e-03	0.000000e+00	0.000000e+00	0.000000e+00	
566	3.946799e-03	0.000000e+00	0.000000e+00	0.000000e+00	
567	3.956799e-03	0.000000e+00	0.000000e+00	0.000000e+00	
568	3.966799e-03	0.000000e+00	0.000000e+00	0.000000e+00	
569	3.976799e-03	0.000000e+00	0.000000e+00	0.000000e+00	
570	3.986799e-03	0.000000e+00	0.000000e+00	0.000000e+00	
571	3.996799e-03	0.000000e+00	0.000000e+00	0.000000e+00	
572	4.000000e-03	0.000000e+00	0.000000e+00	0.000000e+00	

                                kicad schematic
                                Transient Analysis  Fri Nov 21 20:49:57  2025
--------------------------------------------------------------------------------
Index   time            v9#branch       v10#branch      v11#branch      
--------------------------------------------------------------------------------
0	0.000000e+00	0.000000e+00	0.000000e+00	0.000000e+00	
1	1.000000e-10	0.000000e+00	0.000000e+00	0.000000e+00	
2	2.000000e-10	0.000000e+00	0.000000e+00	0.000000e+00	
3	4.000000e-10	0.000000e+00	0.000000e+00	0.000000e+00	
4	8.000000e-10	0.000000e+00	0.000000e+00	0.000000e+00	
5	1.600000e-09	0.000000e+00	0.000000e+00	0.000000e+00	
6	3.200000e-09	0.000000e+00	0.000000e+00	0.000000e+00	
7	6.400000e-09	0.000000e+00	0.000000e+00	0.000000e+00	
8	1.000000e-08	0.000000e+00	0.000000e+00	0.000000e+00	
9	1.064000e-08	0.000000e+00	0.000000e+00	0.000000e+00	
10	1.192000e-08	0.000000e+00	0.000000e+00	0.000000e+00	
11	1.240000e-08	0.000000e+00	0.000000e+00	0.000000e+00	
12	1.241000e-08	0.000000e+00	0.000000e+00	0.000000e+00	
13	1.243000e-08	0.000000e+00	0.000000e+00	0.000000e+00	
14	1.247000e-08	0.000000e+00	0.000000e+00	0.000000e+00	
15	1.250000e-08	0.000000e+00	0.000000e+00	0.000000e+00	
16	1.250800e-08	0.000000e+00	0.000000e+00	0.000000e+00	
17	1.252400e-08	0.000000e+00	0.000000e+00	0.000000e+00	
18	1.255600e-08	0.000000e+00	0.000000e+00	0.000000e+00	
19	1.262000e-08	0.000000e+00	0.000000e+00	0.000000e+00	
20	1.274800e-08	0.000000e+00	0.000000e+00	0.000000e+00	
21	1.300400e-08	0.000000e+00	0.000000e+00	0.000000e+00	
22	1.351600e-08	0.000000e+00	0.000000e+00	0.000000e+00	
23	1.454000e-08	0.000000e+00	0.000000e+00	0.000000e+00	
24	1.600000e-08	0.000000e+00	0.000000e+00	0.000000e+00	
25	1.609000e-08	0.000000e+00	0.000000e+00	0.000000e+00	
26	1.627000e-08	0.000000e+00	0.000000e+00	0.000000e+00	
27	1.663000e-08	0.000000e+00	0.000000e+00	0.000000e+00	
28	1.690000e-08	0.000000e+00	0.000000e+00	0.000000e+00	
29	1.697200e-08	0.000000e+00	0.000000e+00	0.000000e+00	
30	1.711600e-08	0.000000e+00	0.000000e+00	0.000000e+00	
31	1.740400e-08	0.000000e+00	0.000000e+00	0.000000e+00	
32	1.798000e-08	0.000000e+00	0.000000e+00	0.000000e+00	
33	1.913200e-08	0.000000e+00	0.000000e+00	0.000000e+00	
34	2.143600e-08	0.000000e+00	0.000000e+00	0.000000e+00	
35	2.604400e-08	0.000000e+00	0.000000e+00	0.000000e+00	
36	3.526000e-08	0.000000e+00	0.000000e+00	0.000000e+00	
37	5.369200e-08	0.000000e+00	0.000000e+00	0.000000e+00	
38	9.055600e-08	0.000000e+00	0.000000e+00	0.000000e+00	
39	1.642840e-07	0.000000e+00	0.000000e+00	0.000000e+00	
40	3.117400e-07	0.000000e+00	0.000000e+00	0.000000e+00	
41	6.066520e-07	0.000000e+00	0.000000e+00	0.000000e+00	
42	1.196476e-06	0.000000e+00	0.000000e+00	0.000000e+00	
43	2.376124e-06	0.000000e+00	0.000000e+00	0.000000e+00	
44	4.735420e-06	0.000000e+00	0.000000e+00	0.000000e+00	
45	9.454012e-06	0.000000e+00	0.000000e+00	0.000000e+00	
46	1.889120e-05	0.000000e+00	0.000000e+00	0.000000e+00	
47	2.889120e-05	0.000000e+00	0.000000e+00	0.000000e+00	
48	3.889120e-05	0.000000e+00	0.000000e+00	0.000000e+00	
49	4.889120e-05	0.000000e+00	0.000000e+00	0.000000e+00	
50	5.889120e-05	0.000000e+00	0.000000e+00	0.000000e+00	
51	6.889120e-05	0.000000e+00	0.000000e+00	0.000000e+00	
52	7.889120e-05	0.000000e+00	0.000000e+00	0.000000e+00	
53	8.889120e-05	0.000000e+00	0.000000e+00	0.000000e+00	
54	9.889120e-05	0.000000e+00	0.000000e+00	0.000000e+00	

Index   time            v9#branch       v10#branch      v11#branch      
--------------------------------------------------------------------------------
55	1.088912e-04	0.000000e+00	0.000000e+00	0.000000e+00	
56	1.188912e-04	0.000000e+00	0.000000e+00	0.000000e+00	
57	1.288912e-04	0.000000e+00	0.000000e+00	0.000000e+00	
58	1.388912e-04	0.000000e+00	0.000000e+00	0.000000e+00	
59	1.488912e-04	0.000000e+00	0.000000e+00	0.000000e+00	
60	1.588912e-04	0.000000e+00	0.000000e+00	0.000000e+00	
61	1.688912e-04	0.000000e+00	0.000000e+00	0.000000e+00	
62	1.788912e-04	0.000000e+00	0.000000e+00	0.000000e+00	
63	1.888912e-04	0.000000e+00	0.000000e+00	0.000000e+00	
64	1.988912e-04	0.000000e+00	0.000000e+00	0.000000e+00	
65	2.088912e-04	0.000000e+00	0.000000e+00	0.000000e+00	
66	2.188912e-04	0.000000e+00	0.000000e+00	0.000000e+00	
67	2.288912e-04	0.000000e+00	0.000000e+00	0.000000e+00	
68	2.388912e-04	0.000000e+00	0.000000e+00	0.000000e+00	
69	2.488912e-04	0.000000e+00	0.000000e+00	0.000000e+00	
70	2.588912e-04	0.000000e+00	0.000000e+00	0.000000e+00	
71	2.688912e-04	0.000000e+00	0.000000e+00	0.000000e+00	
72	2.788912e-04	0.000000e+00	0.000000e+00	0.000000e+00	
73	2.888912e-04	0.000000e+00	0.000000e+00	0.000000e+00	
74	2.988912e-04	0.000000e+00	0.000000e+00	0.000000e+00	
75	3.088912e-04	0.000000e+00	0.000000e+00	0.000000e+00	
76	3.188912e-04	0.000000e+00	0.000000e+00	0.000000e+00	
77	3.288912e-04	0.000000e+00	0.000000e+00	0.000000e+00	
78	3.388912e-04	0.000000e+00	0.000000e+00	0.000000e+00	
79	3.488912e-04	0.000000e+00	0.000000e+00	0.000000e+00	
80	3.588912e-04	0.000000e+00	0.000000e+00	0.000000e+00	
81	3.688912e-04	0.000000e+00	0.000000e+00	0.000000e+00	
82	3.788912e-04	0.000000e+00	0.000000e+00	0.000000e+00	
83	3.888912e-04	0.000000e+00	0.000000e+00	0.000000e+00	
84	3.988912e-04	0.000000e+00	0.000000e+00	0.000000e+00	
85	4.088912e-04	0.000000e+00	0.000000e+00	0.000000e+00	
86	4.188912e-04	0.000000e+00	0.000000e+00	0.000000e+00	
87	4.288912e-04	0.000000e+00	0.000000e+00	0.000000e+00	
88	4.388912e-04	0.000000e+00	0.000000e+00	0.000000e+00	
89	4.488912e-04	0.000000e+00	0.000000e+00	0.000000e+00	
90	4.588912e-04	0.000000e+00	0.000000e+00	0.000000e+00	
91	4.688912e-04	0.000000e+00	0.000000e+00	0.000000e+00	
92	4.788912e-04	0.000000e+00	0.000000e+00	0.000000e+00	
93	4.888912e-04	0.000000e+00	0.000000e+00	0.000000e+00	
94	4.988912e-04	0.000000e+00	0.000000e+00	0.000000e+00	
95	5.088912e-04	0.000000e+00	0.000000e+00	0.000000e+00	
96	5.188912e-04	0.000000e+00	0.000000e+00	0.000000e+00	
97	5.288912e-04	0.000000e+00	0.000000e+00	0.000000e+00	
98	5.388912e-04	0.000000e+00	0.000000e+00	0.000000e+00	
99	5.488912e-04	0.000000e+00	0.000000e+00	0.000000e+00	
100	5.588912e-04	0.000000e+00	0.000000e+00	0.000000e+00	
101	5.688912e-04	0.000000e+00	0.000000e+00	0.000000e+00	
102	5.788912e-04	0.000000e+00	0.000000e+00	0.000000e+00	
103	5.888912e-04	0.000000e+00	0.000000e+00	0.000000e+00	
104	5.988912e-04	0.000000e+00	0.000000e+00	0.000000e+00	
105	6.088912e-04	0.000000e+00	0.000000e+00	0.000000e+00	
106	6.188912e-04	0.000000e+00	0.000000e+00	0.000000e+00	
107	6.288912e-04	0.000000e+00	0.000000e+00	0.000000e+00	
108	6.388912e-04	0.000000e+00	0.000000e+00	0.000000e+00	
109	6.488912e-04	0.000000e+00	0.000000e+00	0.000000e+00	
110	6.588912e-04	0.000000e+00	0.000000e+00	0.000000e+00	
111	6.688912e-04	0.000000e+00	0.000000e+00	0.000000e+00	
112	6.788912e-04	0.000000e+00	0.000000e+00	0.000000e+00	

Index   time            v9#branch       v10#branch      v11#branch      
--------------------------------------------------------------------------------
113	6.888912e-04	0.000000e+00	0.000000e+00	0.000000e+00	
114	6.988912e-04	0.000000e+00	0.000000e+00	0.000000e+00	
115	7.088912e-04	0.000000e+00	0.000000e+00	0.000000e+00	
116	7.188912e-04	0.000000e+00	0.000000e+00	0.000000e+00	
117	7.288912e-04	0.000000e+00	0.000000e+00	0.000000e+00	
118	7.388912e-04	0.000000e+00	0.000000e+00	0.000000e+00	
119	7.488912e-04	0.000000e+00	0.000000e+00	0.000000e+00	
120	7.588912e-04	0.000000e+00	0.000000e+00	0.000000e+00	
121	7.688912e-04	0.000000e+00	0.000000e+00	0.000000e+00	
122	7.788912e-04	0.000000e+00	0.000000e+00	0.000000e+00	
123	7.888912e-04	0.000000e+00	0.000000e+00	0.000000e+00	
124	7.988912e-04	0.000000e+00	0.000000e+00	0.000000e+00	
125	8.088912e-04	0.000000e+00	0.000000e+00	0.000000e+00	
126	8.188912e-04	0.000000e+00	0.000000e+00	0.000000e+00	
127	8.288912e-04	0.000000e+00	0.000000e+00	0.000000e+00	
128	8.388912e-04	0.000000e+00	0.000000e+00	0.000000e+00	
129	8.488912e-04	0.000000e+00	0.000000e+00	0.000000e+00	
130	8.588912e-04	0.000000e+00	0.000000e+00	0.000000e+00	
131	8.688912e-04	0.000000e+00	0.000000e+00	0.000000e+00	
132	8.788912e-04	0.000000e+00	0.000000e+00	0.000000e+00	
133	8.888912e-04	0.000000e+00	0.000000e+00	0.000000e+00	
134	8.988912e-04	0.000000e+00	0.000000e+00	0.000000e+00	
135	9.088912e-04	0.000000e+00	0.000000e+00	0.000000e+00	
136	9.188912e-04	0.000000e+00	0.000000e+00	0.000000e+00	
137	9.288912e-04	0.000000e+00	0.000000e+00	0.000000e+00	
138	9.388912e-04	0.000000e+00	0.000000e+00	0.000000e+00	
139	9.488912e-04	0.000000e+00	0.000000e+00	0.000000e+00	
140	9.588912e-04	0.000000e+00	0.000000e+00	0.000000e+00	
141	9.688912e-04	0.000000e+00	0.000000e+00	0.000000e+00	
142	9.788912e-04	0.000000e+00	0.000000e+00	0.000000e+00	
143	9.888912e-04	0.000000e+00	0.000000e+00	0.000000e+00	
144	9.988912e-04	0.000000e+00	0.000000e+00	0.000000e+00	
145	1.000010e-03	0.000000e+00	0.000000e+00	0.000000e+00	
146	1.000011e-03	0.000000e+00	0.000000e+00	0.000000e+00	
147	1.000013e-03	0.000000e+00	0.000000e+00	0.000000e+00	
148	1.000017e-03	0.000000e+00	0.000000e+00	0.000000e+00	
149	1.000018e-03	0.000000e+00	0.000000e+00	0.000000e+00	
150	1.000018e-03	0.000000e+00	0.000000e+00	0.000000e+00	
151	1.000018e-03	0.000000e+00	0.000000e+00	0.000000e+00	
152	1.000019e-03	0.000000e+00	0.000000e+00	0.000000e+00	
153	1.000019e-03	0.000000e+00	0.000000e+00	0.000000e+00	
154	1.000019e-03	0.000000e+00	0.000000e+00	0.000000e+00	
155	1.000019e-03	0.000000e+00	0.000000e+00	0.000000e+00	
156	1.000019e-03	0.000000e+00	0.000000e+00	0.000000e+00	
157	1.000020e-03	0.000000e+00	0.000000e+00	0.000000e+00	
158	1.000020e-03	0.000000e+00	0.000000e+00	0.000000e+00	
159	1.000020e-03	0.000000e+00	0.000000e+00	0.000000e+00	
160	1.000020e-03	0.000000e+00	0.000000e+00	0.000000e+00	
161	1.000020e-03	0.000000e+00	0.000000e+00	0.000000e+00	
162	1.000021e-03	0.000000e+00	0.000000e+00	0.000000e+00	
163	1.000021e-03	0.000000e+00	0.000000e+00	0.000000e+00	
164	1.000022e-03	0.000000e+00	0.000000e+00	0.000000e+00	
165	1.000022e-03	0.000000e+00	0.000000e+00	0.000000e+00	
166	1.000022e-03	0.000000e+00	0.000000e+00	0.000000e+00	
167	1.000022e-03	0.000000e+00	0.000000e+00	0.000000e+00	
168	1.000022e-03	0.000000e+00	0.000000e+00	0.000000e+00	
169	1.000022e-03	0.000000e+00	0.000000e+00	0.000000e+00	
170	1.000022e-03	0.000000e+00	0.000000e+00	0.000000e+00	

Index   time            v9#branch       v10#branch      v11#branch      
--------------------------------------------------------------------------------
171	1.000022e-03	0.000000e+00	0.000000e+00	0.000000e+00	
172	1.000022e-03	0.000000e+00	0.000000e+00	0.000000e+00	
173	1.000022e-03	0.000000e+00	0.000000e+00	0.000000e+00	
174	1.000023e-03	0.000000e+00	0.000000e+00	0.000000e+00	
175	1.000023e-03	0.000000e+00	0.000000e+00	0.000000e+00	
176	1.000024e-03	0.000000e+00	0.000000e+00	0.000000e+00	
177	1.000026e-03	0.000000e+00	0.000000e+00	0.000000e+00	
178	1.000030e-03	0.000000e+00	0.000000e+00	0.000000e+00	
179	1.000038e-03	0.000000e+00	0.000000e+00	0.000000e+00	
180	1.000055e-03	0.000000e+00	0.000000e+00	0.000000e+00	
181	1.000088e-03	0.000000e+00	0.000000e+00	0.000000e+00	
182	1.000153e-03	0.000000e+00	0.000000e+00	0.000000e+00	
183	1.000284e-03	0.000000e+00	0.000000e+00	0.000000e+00	
184	1.000546e-03	0.000000e+00	0.000000e+00	0.000000e+00	
185	1.001071e-03	0.000000e+00	0.000000e+00	0.000000e+00	
186	1.002119e-03	0.000000e+00	0.000000e+00	0.000000e+00	
187	1.004216e-03	0.000000e+00	0.000000e+00	0.000000e+00	
188	1.008411e-03	0.000000e+00	0.000000e+00	0.000000e+00	
189	1.016799e-03	0.000000e+00	0.000000e+00	0.000000e+00	
190	1.026799e-03	0.000000e+00	0.000000e+00	0.000000e+00	
191	1.036799e-03	0.000000e+00	0.000000e+00	0.000000e+00	
192	1.046799e-03	0.000000e+00	0.000000e+00	0.000000e+00	
193	1.056799e-03	0.000000e+00	0.000000e+00	0.000000e+00	
194	1.066799e-03	0.000000e+00	0.000000e+00	0.000000e+00	
195	1.076799e-03	0.000000e+00	0.000000e+00	0.000000e+00	
196	1.086799e-03	0.000000e+00	0.000000e+00	0.000000e+00	
197	1.096799e-03	0.000000e+00	0.000000e+00	0.000000e+00	
198	1.106799e-03	0.000000e+00	0.000000e+00	0.000000e+00	
199	1.116799e-03	0.000000e+00	0.000000e+00	0.000000e+00	
200	1.126799e-03	0.000000e+00	0.000000e+00	0.000000e+00	
201	1.136799e-03	0.000000e+00	0.000000e+00	0.000000e+00	
202	1.146799e-03	0.000000e+00	0.000000e+00	0.000000e+00	
203	1.156799e-03	0.000000e+00	0.000000e+00	0.000000e+00	
204	1.166799e-03	0.000000e+00	0.000000e+00	0.000000e+00	
205	1.176799e-03	0.000000e+00	0.000000e+00	0.000000e+00	
206	1.186799e-03	0.000000e+00	0.000000e+00	0.000000e+00	
207	1.196799e-03	0.000000e+00	0.000000e+00	0.000000e+00	
208	1.206799e-03	0.000000e+00	0.000000e+00	0.000000e+00	
209	1.216799e-03	0.000000e+00	0.000000e+00	0.000000e+00	
210	1.226799e-03	0.000000e+00	0.000000e+00	0.000000e+00	
211	1.236799e-03	0.000000e+00	0.000000e+00	0.000000e+00	
212	1.246799e-03	0.000000e+00	0.000000e+00	0.000000e+00	
213	1.256799e-03	0.000000e+00	0.000000e+00	0.000000e+00	
214	1.266799e-03	0.000000e+00	0.000000e+00	0.000000e+00	
215	1.276799e-03	0.000000e+00	0.000000e+00	0.000000e+00	
216	1.286799e-03	0.000000e+00	0.000000e+00	0.000000e+00	
217	1.296799e-03	0.000000e+00	0.000000e+00	0.000000e+00	
218	1.306799e-03	0.000000e+00	0.000000e+00	0.000000e+00	
219	1.316799e-03	0.000000e+00	0.000000e+00	0.000000e+00	
220	1.326799e-03	0.000000e+00	0.000000e+00	0.000000e+00	
221	1.336799e-03	0.000000e+00	0.000000e+00	0.000000e+00	
222	1.346799e-03	0.000000e+00	0.000000e+00	0.000000e+00	
223	1.356799e-03	0.000000e+00	0.000000e+00	0.000000e+00	
224	1.366799e-03	0.000000e+00	0.000000e+00	0.000000e+00	
225	1.376799e-03	0.000000e+00	0.000000e+00	0.000000e+00	
226	1.386799e-03	0.000000e+00	0.000000e+00	0.000000e+00	
227	1.396799e-03	0.000000e+00	0.000000e+00	0.000000e+00	
228	1.406799e-03	0.000000e+00	0.000000e+00	0.000000e+00	

Index   time            v9#branch       v10#branch      v11#branch      
--------------------------------------------------------------------------------
229	1.416799e-03	0.000000e+00	0.000000e+00	0.000000e+00	
230	1.426799e-03	0.000000e+00	0.000000e+00	0.000000e+00	
231	1.436799e-03	0.000000e+00	0.000000e+00	0.000000e+00	
232	1.446799e-03	0.000000e+00	0.000000e+00	0.000000e+00	
233	1.456799e-03	0.000000e+00	0.000000e+00	0.000000e+00	
234	1.466799e-03	0.000000e+00	0.000000e+00	0.000000e+00	
235	1.476799e-03	0.000000e+00	0.000000e+00	0.000000e+00	
236	1.486799e-03	0.000000e+00	0.000000e+00	0.000000e+00	
237	1.496799e-03	0.000000e+00	0.000000e+00	0.000000e+00	
238	1.506799e-03	0.000000e+00	0.000000e+00	0.000000e+00	
239	1.516799e-03	0.000000e+00	0.000000e+00	0.000000e+00	
240	1.526799e-03	0.000000e+00	0.000000e+00	0.000000e+00	
241	1.536799e-03	0.000000e+00	0.000000e+00	0.000000e+00	
242	1.546799e-03	0.000000e+00	0.000000e+00	0.000000e+00	
243	1.556799e-03	0.000000e+00	0.000000e+00	0.000000e+00	
244	1.566799e-03	0.000000e+00	0.000000e+00	0.000000e+00	
245	1.576799e-03	0.000000e+00	0.000000e+00	0.000000e+00	
246	1.586799e-03	0.000000e+00	0.000000e+00	0.000000e+00	
247	1.596799e-03	0.000000e+00	0.000000e+00	0.000000e+00	
248	1.606799e-03	0.000000e+00	0.000000e+00	0.000000e+00	
249	1.616799e-03	0.000000e+00	0.000000e+00	0.000000e+00	
250	1.626799e-03	0.000000e+00	0.000000e+00	0.000000e+00	
251	1.636799e-03	0.000000e+00	0.000000e+00	0.000000e+00	
252	1.646799e-03	0.000000e+00	0.000000e+00	0.000000e+00	
253	1.656799e-03	0.000000e+00	0.000000e+00	0.000000e+00	
254	1.666799e-03	0.000000e+00	0.000000e+00	0.000000e+00	
255	1.676799e-03	0.000000e+00	0.000000e+00	0.000000e+00	
256	1.686799e-03	0.000000e+00	0.000000e+00	0.000000e+00	
257	1.696799e-03	0.000000e+00	0.000000e+00	0.000000e+00	
258	1.706799e-03	0.000000e+00	0.000000e+00	0.000000e+00	
259	1.716799e-03	0.000000e+00	0.000000e+00	0.000000e+00	
260	1.726799e-03	0.000000e+00	0.000000e+00	0.000000e+00	
261	1.736799e-03	0.000000e+00	0.000000e+00	0.000000e+00	
262	1.746799e-03	0.000000e+00	0.000000e+00	0.000000e+00	
263	1.756799e-03	0.000000e+00	0.000000e+00	0.000000e+00	
264	1.766799e-03	0.000000e+00	0.000000e+00	0.000000e+00	
265	1.776799e-03	0.000000e+00	0.000000e+00	0.000000e+00	
266	1.786799e-03	0.000000e+00	0.000000e+00	0.000000e+00	
267	1.796799e-03	0.000000e+00	0.000000e+00	0.000000e+00	
268	1.806799e-03	0.000000e+00	0.000000e+00	0.000000e+00	
269	1.816799e-03	0.000000e+00	0.000000e+00	0.000000e+00	
270	1.826799e-03	0.000000e+00	0.000000e+00	0.000000e+00	
271	1.836799e-03	0.000000e+00	0.000000e+00	0.000000e+00	
272	1.846799e-03	0.000000e+00	0.000000e+00	0.000000e+00	
273	1.856799e-03	0.000000e+00	0.000000e+00	0.000000e+00	
274	1.866799e-03	0.000000e+00	0.000000e+00	0.000000e+00	
275	1.876799e-03	0.000000e+00	0.000000e+00	0.000000e+00	
276	1.886799e-03	0.000000e+00	0.000000e+00	0.000000e+00	
277	1.896799e-03	0.000000e+00	0.000000e+00	0.000000e+00	
278	1.906799e-03	0.000000e+00	0.000000e+00	0.000000e+00	
279	1.916799e-03	0.000000e+00	0.000000e+00	0.000000e+00	
280	1.926799e-03	0.000000e+00	0.000000e+00	0.000000e+00	
281	1.936799e-03	0.000000e+00	0.000000e+00	0.000000e+00	
282	1.946799e-03	0.000000e+00	0.000000e+00	0.000000e+00	
283	1.956799e-03	0.000000e+00	0.000000e+00	0.000000e+00	
284	1.966799e-03	0.000000e+00	0.000000e+00	0.000000e+00	
285	1.976799e-03	0.000000e+00	0.000000e+00	0.000000e+00	
286	1.986799e-03	0.000000e+00	0.000000e+00	0.000000e+00	

Index   time            v9#branch       v10#branch      v11#branch      
--------------------------------------------------------------------------------
287	1.996799e-03	0.000000e+00	0.000000e+00	0.000000e+00	
288	2.000000e-03	0.000000e+00	0.000000e+00	0.000000e+00	
289	2.000001e-03	0.000000e+00	0.000000e+00	0.000000e+00	
290	2.000003e-03	0.000000e+00	0.000000e+00	0.000000e+00	
291	2.000007e-03	0.000000e+00	0.000000e+00	0.000000e+00	
292	2.000010e-03	0.000000e+00	0.000000e+00	0.000000e+00	
293	2.000011e-03	0.000000e+00	0.000000e+00	0.000000e+00	
294	2.000012e-03	0.000000e+00	0.000000e+00	0.000000e+00	
295	2.000013e-03	0.000000e+00	0.000000e+00	0.000000e+00	
296	2.000013e-03	0.000000e+00	0.000000e+00	0.000000e+00	
297	2.000013e-03	0.000000e+00	0.000000e+00	0.000000e+00	
298	2.000013e-03	0.000000e+00	0.000000e+00	0.000000e+00	
299	2.000013e-03	0.000000e+00	0.000000e+00	0.000000e+00	
300	2.000013e-03	0.000000e+00	0.000000e+00	0.000000e+00	
301	2.000013e-03	0.000000e+00	0.000000e+00	0.000000e+00	
302	2.000013e-03	0.000000e+00	0.000000e+00	0.000000e+00	
303	2.000013e-03	0.000000e+00	0.000000e+00	0.000000e+00	
304	2.000013e-03	0.000000e+00	0.000000e+00	0.000000e+00	
305	2.000014e-03	0.000000e+00	0.000000e+00	0.000000e+00	
306	2.000014e-03	0.000000e+00	0.000000e+00	0.000000e+00	
307	2.000015e-03	0.000000e+00	0.000000e+00	0.000000e+00	
308	2.000016e-03	0.000000e+00	0.000000e+00	0.000000e+00	
309	2.000016e-03	0.000000e+00	0.000000e+00	0.000000e+00	
310	2.000016e-03	0.000000e+00	0.000000e+00	0.000000e+00	
311	2.000017e-03	0.000000e+00	0.000000e+00	0.000000e+00	
312	2.000017e-03	0.000000e+00	0.000000e+00	0.000000e+00	
313	2.000017e-03	0.000000e+00	0.000000e+00	0.000000e+00	
314	2.000017e-03	0.000000e+00	0.000000e+00	0.000000e+00	
315	2.000017e-03	0.000000e+00	0.000000e+00	0.000000e+00	
316	2.000018e-03	0.000000e+00	0.000000e+00	0.000000e+00	
317	2.000019e-03	0.000000e+00	0.000000e+00	0.000000e+00	
318	2.000021e-03	0.000000e+00	0.000000e+00	0.000000e+00	
319	2.000026e-03	0.000000e+00	0.000000e+00	0.000000e+00	
320	2.000035e-03	0.000000e+00	0.000000e+00	0.000000e+00	
321	2.000054e-03	0.000000e+00	0.000000e+00	0.000000e+00	
322	2.000091e-03	0.000000e+00	0.000000e+00	0.000000e+00	
323	2.000164e-03	0.000000e+00	0.000000e+00	0.000000e+00	
324	2.000312e-03	0.000000e+00	0.000000e+00	0.000000e+00	
325	2.000607e-03	0.000000e+00	0.000000e+00	0.000000e+00	
326	2.001196e-03	0.000000e+00	0.000000e+00	0.000000e+00	
327	2.002376e-03	0.000000e+00	0.000000e+00	0.000000e+00	
328	2.004735e-03	0.000000e+00	0.000000e+00	0.000000e+00	
329	2.009454e-03	0.000000e+00	0.000000e+00	0.000000e+00	
330	2.018891e-03	0.000000e+00	0.000000e+00	0.000000e+00	
331	2.028891e-03	0.000000e+00	0.000000e+00	0.000000e+00	
332	2.038891e-03	0.000000e+00	0.000000e+00	0.000000e+00	
333	2.048891e-03	0.000000e+00	0.000000e+00	0.000000e+00	
334	2.058891e-03	0.000000e+00	0.000000e+00	0.000000e+00	
335	2.068891e-03	0.000000e+00	0.000000e+00	0.000000e+00	
336	2.078891e-03	0.000000e+00	0.000000e+00	0.000000e+00	
337	2.088891e-03	0.000000e+00	0.000000e+00	0.000000e+00	
338	2.098891e-03	0.000000e+00	0.000000e+00	0.000000e+00	
339	2.108891e-03	0.000000e+00	0.000000e+00	0.000000e+00	
340	2.118891e-03	0.000000e+00	0.000000e+00	0.000000e+00	
341	2.128891e-03	0.000000e+00	0.000000e+00	0.000000e+00	
342	2.138891e-03	0.000000e+00	0.000000e+00	0.000000e+00	
343	2.148891e-03	0.000000e+00	0.000000e+00	0.000000e+00	
344	2.158891e-03	0.000000e+00	0.000000e+00	0.000000e+00	

Index   time            v9#branch       v10#branch      v11#branch      
--------------------------------------------------------------------------------
345	2.168891e-03	0.000000e+00	0.000000e+00	0.000000e+00	
346	2.178891e-03	0.000000e+00	0.000000e+00	0.000000e+00	
347	2.188891e-03	0.000000e+00	0.000000e+00	0.000000e+00	
348	2.198891e-03	0.000000e+00	0.000000e+00	0.000000e+00	
349	2.208891e-03	0.000000e+00	0.000000e+00	0.000000e+00	
350	2.218891e-03	0.000000e+00	0.000000e+00	0.000000e+00	
351	2.228891e-03	0.000000e+00	0.000000e+00	0.000000e+00	
352	2.238891e-03	0.000000e+00	0.000000e+00	0.000000e+00	
353	2.248891e-03	0.000000e+00	0.000000e+00	0.000000e+00	
354	2.258891e-03	0.000000e+00	0.000000e+00	0.000000e+00	
355	2.268891e-03	0.000000e+00	0.000000e+00	0.000000e+00	
356	2.278891e-03	0.000000e+00	0.000000e+00	0.000000e+00	
357	2.288891e-03	0.000000e+00	0.000000e+00	0.000000e+00	
358	2.298891e-03	0.000000e+00	0.000000e+00	0.000000e+00	
359	2.308891e-03	0.000000e+00	0.000000e+00	0.000000e+00	
360	2.318891e-03	0.000000e+00	0.000000e+00	0.000000e+00	
361	2.328891e-03	0.000000e+00	0.000000e+00	0.000000e+00	
362	2.338891e-03	0.000000e+00	0.000000e+00	0.000000e+00	
363	2.348891e-03	0.000000e+00	0.000000e+00	0.000000e+00	
364	2.358891e-03	0.000000e+00	0.000000e+00	0.000000e+00	
365	2.368891e-03	0.000000e+00	0.000000e+00	0.000000e+00	
366	2.378891e-03	0.000000e+00	0.000000e+00	0.000000e+00	
367	2.388891e-03	0.000000e+00	0.000000e+00	0.000000e+00	
368	2.398891e-03	0.000000e+00	0.000000e+00	0.000000e+00	
369	2.408891e-03	0.000000e+00	0.000000e+00	0.000000e+00	
370	2.418891e-03	0.000000e+00	0.000000e+00	0.000000e+00	
371	2.428891e-03	0.000000e+00	0.000000e+00	0.000000e+00	
372	2.438891e-03	0.000000e+00	0.000000e+00	0.000000e+00	
373	2.448891e-03	0.000000e+00	0.000000e+00	0.000000e+00	
374	2.458891e-03	0.000000e+00	0.000000e+00	0.000000e+00	
375	2.468891e-03	0.000000e+00	0.000000e+00	0.000000e+00	
376	2.478891e-03	0.000000e+00	0.000000e+00	0.000000e+00	
377	2.488891e-03	0.000000e+00	0.000000e+00	0.000000e+00	
378	2.498891e-03	0.000000e+00	0.000000e+00	0.000000e+00	
379	2.508891e-03	0.000000e+00	0.000000e+00	0.000000e+00	
380	2.518891e-03	0.000000e+00	0.000000e+00	0.000000e+00	
381	2.528891e-03	0.000000e+00	0.000000e+00	0.000000e+00	
382	2.538891e-03	0.000000e+00	0.000000e+00	0.000000e+00	
383	2.548891e-03	0.000000e+00	0.000000e+00	0.000000e+00	
384	2.558891e-03	0.000000e+00	0.000000e+00	0.000000e+00	
385	2.568891e-03	0.000000e+00	0.000000e+00	0.000000e+00	
386	2.578891e-03	0.000000e+00	0.000000e+00	0.000000e+00	
387	2.588891e-03	0.000000e+00	0.000000e+00	0.000000e+00	
388	2.598891e-03	0.000000e+00	0.000000e+00	0.000000e+00	
389	2.608891e-03	0.000000e+00	0.000000e+00	0.000000e+00	
390	2.618891e-03	0.000000e+00	0.000000e+00	0.000000e+00	
391	2.628891e-03	0.000000e+00	0.000000e+00	0.000000e+00	
392	2.638891e-03	0.000000e+00	0.000000e+00	0.000000e+00	
393	2.648891e-03	0.000000e+00	0.000000e+00	0.000000e+00	
394	2.658891e-03	0.000000e+00	0.000000e+00	0.000000e+00	
395	2.668891e-03	0.000000e+00	0.000000e+00	0.000000e+00	
396	2.678891e-03	0.000000e+00	0.000000e+00	0.000000e+00	
397	2.688891e-03	0.000000e+00	0.000000e+00	0.000000e+00	
398	2.698891e-03	0.000000e+00	0.000000e+00	0.000000e+00	
399	2.708891e-03	0.000000e+00	0.000000e+00	0.000000e+00	
400	2.718891e-03	0.000000e+00	0.000000e+00	0.000000e+00	
401	2.728891e-03	0.000000e+00	0.000000e+00	0.000000e+00	
402	2.738891e-03	0.000000e+00	0.000000e+00	0.000000e+00	

Index   time            v9#branch       v10#branch      v11#branch      
--------------------------------------------------------------------------------
403	2.748891e-03	0.000000e+00	0.000000e+00	0.000000e+00	
404	2.758891e-03	0.000000e+00	0.000000e+00	0.000000e+00	
405	2.768891e-03	0.000000e+00	0.000000e+00	0.000000e+00	
406	2.778891e-03	0.000000e+00	0.000000e+00	0.000000e+00	
407	2.788891e-03	0.000000e+00	0.000000e+00	0.000000e+00	
408	2.798891e-03	0.000000e+00	0.000000e+00	0.000000e+00	
409	2.808891e-03	0.000000e+00	0.000000e+00	0.000000e+00	
410	2.818891e-03	0.000000e+00	0.000000e+00	0.000000e+00	
411	2.828891e-03	0.000000e+00	0.000000e+00	0.000000e+00	
412	2.838891e-03	0.000000e+00	0.000000e+00	0.000000e+00	
413	2.848891e-03	0.000000e+00	0.000000e+00	0.000000e+00	
414	2.858891e-03	0.000000e+00	0.000000e+00	0.000000e+00	
415	2.868891e-03	0.000000e+00	0.000000e+00	0.000000e+00	
416	2.878891e-03	0.000000e+00	0.000000e+00	0.000000e+00	
417	2.888891e-03	0.000000e+00	0.000000e+00	0.000000e+00	
418	2.898891e-03	0.000000e+00	0.000000e+00	0.000000e+00	
419	2.908891e-03	0.000000e+00	0.000000e+00	0.000000e+00	
420	2.918891e-03	0.000000e+00	0.000000e+00	0.000000e+00	
421	2.928891e-03	0.000000e+00	0.000000e+00	0.000000e+00	
422	2.938891e-03	0.000000e+00	0.000000e+00	0.000000e+00	
423	2.948891e-03	0.000000e+00	0.000000e+00	0.000000e+00	
424	2.958891e-03	0.000000e+00	0.000000e+00	0.000000e+00	
425	2.968891e-03	0.000000e+00	0.000000e+00	0.000000e+00	
426	2.978891e-03	0.000000e+00	0.000000e+00	0.000000e+00	
427	2.988891e-03	0.000000e+00	0.000000e+00	0.000000e+00	
428	2.998891e-03	0.000000e+00	0.000000e+00	0.000000e+00	
429	3.000010e-03	0.000000e+00	0.000000e+00	0.000000e+00	
430	3.000011e-03	0.000000e+00	0.000000e+00	0.000000e+00	
431	3.000013e-03	0.000000e+00	0.000000e+00	0.000000e+00	
432	3.000017e-03	0.000000e+00	0.000000e+00	0.000000e+00	
433	3.000018e-03	0.000000e+00	0.000000e+00	0.000000e+00	
434	3.000018e-03	0.000000e+00	0.000000e+00	0.000000e+00	
435	3.000018e-03	0.000000e+00	0.000000e+00	0.000000e+00	
436	3.000019e-03	0.000000e+00	0.000000e+00	0.000000e+00	
437	3.000019e-03	0.000000e+00	0.000000e+00	0.000000e+00	
438	3.000019e-03	0.000000e+00	0.000000e+00	0.000000e+00	
439	3.000019e-03	0.000000e+00	0.000000e+00	0.000000e+00	
440	3.000019e-03	0.000000e+00	0.000000e+00	0.000000e+00	
441	3.000020e-03	0.000000e+00	0.000000e+00	0.000000e+00	
442	3.000020e-03	0.000000e+00	0.000000e+00	0.000000e+00	
443	3.000020e-03	0.000000e+00	0.000000e+00	0.000000e+00	
444	3.000020e-03	0.000000e+00	0.000000e+00	0.000000e+00	
445	3.000020e-03	0.000000e+00	0.000000e+00	0.000000e+00	
446	3.000021e-03	0.000000e+00	0.000000e+00	0.000000e+00	
447	3.000021e-03	0.000000e+00	0.000000e+00	0.000000e+00	
448	3.000022e-03	0.000000e+00	0.000000e+00	0.000000e+00	
449	3.000022e-03	0.000000e+00	0.000000e+00	0.000000e+00	
450	3.000022e-03	0.000000e+00	0.000000e+00	0.000000e+00	
451	3.000022e-03	0.000000e+00	0.000000e+00	0.000000e+00	
452	3.000022e-03	0.000000e+00	0.000000e+00	0.000000e+00	
453	3.000022e-03	0.000000e+00	0.000000e+00	0.000000e+00	
454	3.000022e-03	0.000000e+00	0.000000e+00	0.000000e+00	
455	3.000022e-03	0.000000e+00	0.000000e+00	0.000000e+00	
456	3.000022e-03	0.000000e+00	0.000000e+00	0.000000e+00	
457	3.000022e-03	0.000000e+00	0.000000e+00	0.000000e+00	
458	3.000023e-03	0.000000e+00	0.000000e+00	0.000000e+00	
459	3.000023e-03	0.000000e+00	0.000000e+00	0.000000e+00	
460	3.000024e-03	0.000000e+00	0.000000e+00	0.000000e+00	

Index   time            v9#branch       v10#branch      v11#branch      
--------------------------------------------------------------------------------
461	3.000026e-03	0.000000e+00	0.000000e+00	0.000000e+00	
462	3.000030e-03	0.000000e+00	0.000000e+00	0.000000e+00	
463	3.000038e-03	0.000000e+00	0.000000e+00	0.000000e+00	
464	3.000055e-03	0.000000e+00	0.000000e+00	0.000000e+00	
465	3.000088e-03	0.000000e+00	0.000000e+00	0.000000e+00	
466	3.000153e-03	0.000000e+00	0.000000e+00	0.000000e+00	
467	3.000284e-03	0.000000e+00	0.000000e+00	0.000000e+00	
468	3.000546e-03	0.000000e+00	0.000000e+00	0.000000e+00	
469	3.001071e-03	0.000000e+00	0.000000e+00	0.000000e+00	
470	3.002119e-03	0.000000e+00	0.000000e+00	0.000000e+00	
471	3.004216e-03	0.000000e+00	0.000000e+00	0.000000e+00	
472	3.008411e-03	0.000000e+00	0.000000e+00	0.000000e+00	
473	3.016799e-03	0.000000e+00	0.000000e+00	0.000000e+00	
474	3.026799e-03	0.000000e+00	0.000000e+00	0.000000e+00	
475	3.036799e-03	0.000000e+00	0.000000e+00	0.000000e+00	
476	3.046799e-03	0.000000e+00	0.000000e+00	0.000000e+00	
477	3.056799e-03	0.000000e+00	0.000000e+00	0.000000e+00	
478	3.066799e-03	0.000000e+00	0.000000e+00	0.000000e+00	
479	3.076799e-03	0.000000e+00	0.000000e+00	0.000000e+00	
480	3.086799e-03	0.000000e+00	0.000000e+00	0.000000e+00	
481	3.096799e-03	0.000000e+00	0.000000e+00	0.000000e+00	
482	3.106799e-03	0.000000e+00	0.000000e+00	0.000000e+00	
483	3.116799e-03	0.000000e+00	0.000000e+00	0.000000e+00	
484	3.126799e-03	0.000000e+00	0.000000e+00	0.000000e+00	
485	3.136799e-03	0.000000e+00	0.000000e+00	0.000000e+00	
486	3.146799e-03	0.000000e+00	0.000000e+00	0.000000e+00	
487	3.156799e-03	0.000000e+00	0.000000e+00	0.000000e+00	
488	3.166799e-03	0.000000e+00	0.000000e+00	0.000000e+00	
489	3.176799e-03	0.000000e+00	0.000000e+00	0.000000e+00	
490	3.186799e-03	0.000000e+00	0.000000e+00	0.000000e+00	
491	3.196799e-03	0.000000e+00	0.000000e+00	0.000000e+00	
492	3.206799e-03	0.000000e+00	0.000000e+00	0.000000e+00	
493	3.216799e-03	0.000000e+00	0.000000e+00	0.000000e+00	
494	3.226799e-03	0.000000e+00	0.000000e+00	0.000000e+00	
495	3.236799e-03	0.000000e+00	0.000000e+00	0.000000e+00	
496	3.246799e-03	0.000000e+00	0.000000e+00	0.000000e+00	
497	3.256799e-03	0.000000e+00	0.000000e+00	0.000000e+00	
498	3.266799e-03	0.000000e+00	0.000000e+00	0.000000e+00	
499	3.276799e-03	0.000000e+00	0.000000e+00	0.000000e+00	
500	3.286799e-03	0.000000e+00	0.000000e+00	0.000000e+00	
501	3.296799e-03	0.000000e+00	0.000000e+00	0.000000e+00	
502	3.306799e-03	0.000000e+00	0.000000e+00	0.000000e+00	
503	3.316799e-03	0.000000e+00	0.000000e+00	0.000000e+00	
504	3.326799e-03	0.000000e+00	0.000000e+00	0.000000e+00	
505	3.336799e-03	0.000000e+00	0.000000e+00	0.000000e+00	
506	3.346799e-03	0.000000e+00	0.000000e+00	0.000000e+00	
507	3.356799e-03	0.000000e+00	0.000000e+00	0.000000e+00	
508	3.366799e-03	0.000000e+00	0.000000e+00	0.000000e+00	
509	3.376799e-03	0.000000e+00	0.000000e+00	0.000000e+00	
510	3.386799e-03	0.000000e+00	0.000000e+00	0.000000e+00	
511	3.396799e-03	0.000000e+00	0.000000e+00	0.000000e+00	
512	3.406799e-03	0.000000e+00	0.000000e+00	0.000000e+00	
513	3.416799e-03	0.000000e+00	0.000000e+00	0.000000e+00	
514	3.426799e-03	0.000000e+00	0.000000e+00	0.000000e+00	
515	3.436799e-03	0.000000e+00	0.000000e+00	0.000000e+00	
516	3.446799e-03	0.000000e+00	0.000000e+00	0.000000e+00	
517	3.456799e-03	0.000000e+00	0.000000e+00	0.000000e+00	
518	3.466799e-03	0.000000e+00	0.000000e+00	0.000000e+00	

Index   time            v9#branch       v10#branch      v11#branch      
--------------------------------------------------------------------------------
519	3.476799e-03	0.000000e+00	0.000000e+00	0.000000e+00	
520	3.486799e-03	0.000000e+00	0.000000e+00	0.000000e+00	
521	3.496799e-03	0.000000e+00	0.000000e+00	0.000000e+00	
522	3.506799e-03	0.000000e+00	0.000000e+00	0.000000e+00	
523	3.516799e-03	0.000000e+00	0.000000e+00	0.000000e+00	
524	3.526799e-03	0.000000e+00	0.000000e+00	0.000000e+00	
525	3.536799e-03	0.000000e+00	0.000000e+00	0.000000e+00	
526	3.546799e-03	0.000000e+00	0.000000e+00	0.000000e+00	
527	3.556799e-03	0.000000e+00	0.000000e+00	0.000000e+00	
528	3.566799e-03	0.000000e+00	0.000000e+00	0.000000e+00	
529	3.576799e-03	0.000000e+00	0.000000e+00	0.000000e+00	
530	3.586799e-03	0.000000e+00	0.000000e+00	0.000000e+00	
531	3.596799e-03	0.000000e+00	0.000000e+00	0.000000e+00	
532	3.606799e-03	0.000000e+00	0.000000e+00	0.000000e+00	
533	3.616799e-03	0.000000e+00	0.000000e+00	0.000000e+00	
534	3.626799e-03	0.000000e+00	0.000000e+00	0.000000e+00	
535	3.636799e-03	0.000000e+00	0.000000e+00	0.000000e+00	
536	3.646799e-03	0.000000e+00	0.000000e+00	0.000000e+00	
537	3.656799e-03	0.000000e+00	0.000000e+00	0.000000e+00	
538	3.666799e-03	0.000000e+00	0.000000e+00	0.000000e+00	
539	3.676799e-03	0.000000e+00	0.000000e+00	0.000000e+00	
540	3.686799e-03	0.000000e+00	0.000000e+00	0.000000e+00	
541	3.696799e-03	0.000000e+00	0.000000e+00	0.000000e+00	
542	3.706799e-03	0.000000e+00	0.000000e+00	0.000000e+00	
543	3.716799e-03	0.000000e+00	0.000000e+00	0.000000e+00	
544	3.726799e-03	0.000000e+00	0.000000e+00	0.000000e+00	
545	3.736799e-03	0.000000e+00	0.000000e+00	0.000000e+00	
546	3.746799e-03	0.000000e+00	0.000000e+00	0.000000e+00	
547	3.756799e-03	0.000000e+00	0.000000e+00	0.000000e+00	
548	3.766799e-03	0.000000e+00	0.000000e+00	0.000000e+00	
549	3.776799e-03	0.000000e+00	0.000000e+00	0.000000e+00	
550	3.786799e-03	0.000000e+00	0.000000e+00	0.000000e+00	
551	3.796799e-03	0.000000e+00	0.000000e+00	0.000000e+00	
552	3.806799e-03	0.000000e+00	0.000000e+00	0.000000e+00	
553	3.816799e-03	0.000000e+00	0.000000e+00	0.000000e+00	
554	3.826799e-03	0.000000e+00	0.000000e+00	0.000000e+00	
555	3.836799e-03	0.000000e+00	0.000000e+00	0.000000e+00	
556	3.846799e-03	0.000000e+00	0.000000e+00	0.000000e+00	
557	3.856799e-03	0.000000e+00	0.000000e+00	0.000000e+00	
558	3.866799e-03	0.000000e+00	0.000000e+00	0.000000e+00	
559	3.876799e-03	0.000000e+00	0.000000e+00	0.000000e+00	
560	3.886799e-03	0.000000e+00	0.000000e+00	0.000000e+00	
561	3.896799e-03	0.000000e+00	0.000000e+00	0.000000e+00	
562	3.906799e-03	0.000000e+00	0.000000e+00	0.000000e+00	
563	3.916799e-03	0.000000e+00	0.000000e+00	0.000000e+00	
564	3.926799e-03	0.000000e+00	0.000000e+00	0.000000e+00	
565	3.936799e-03	0.000000e+00	0.000000e+00	0.000000e+00	
566	3.946799e-03	0.000000e+00	0.000000e+00	0.000000e+00	
567	3.956799e-03	0.000000e+00	0.000000e+00	0.000000e+00	
568	3.966799e-03	0.000000e+00	0.000000e+00	0.000000e+00	
569	3.976799e-03	0.000000e+00	0.000000e+00	0.000000e+00	
570	3.986799e-03	0.000000e+00	0.000000e+00	0.000000e+00	
571	3.996799e-03	0.000000e+00	0.000000e+00	0.000000e+00	
572	4.000000e-03	0.000000e+00	0.000000e+00	0.000000e+00	
