                                kicad schematic
                                Transient Analysis  Sun Nov 09 00:17:05  2025
--------------------------------------------------------------------------------
Index   time            a22#branch_1_0  a25#branch_1_0  v1#branch       
--------------------------------------------------------------------------------
0	0.000000e+00	0.000000e+00	0.000000e+00	0.000000e+00	
1	1.000000e-10	0.000000e+00	0.000000e+00	0.000000e+00	
2	2.000000e-10	0.000000e+00	0.000000e+00	0.000000e+00	
3	4.000000e-10	0.000000e+00	0.000000e+00	0.000000e+00	
4	8.000000e-10	0.000000e+00	0.000000e+00	0.000000e+00	
5	1.600000e-09	0.000000e+00	0.000000e+00	0.000000e+00	
6	3.200000e-09	0.000000e+00	0.000000e+00	0.000000e+00	
7	6.400000e-09	0.000000e+00	0.000000e+00	0.000000e+00	
8	1.000000e-08	0.000000e+00	0.000000e+00	0.000000e+00	
9	1.020000e-08	0.000000e+00	0.000000e+00	0.000000e+00	
10	1.021000e-08	0.000000e+00	0.000000e+00	0.000000e+00	
11	1.023000e-08	0.000000e+00	0.000000e+00	0.000000e+00	
12	1.027000e-08	0.000000e+00	0.000000e+00	0.000000e+00	
13	1.030000e-08	0.000000e+00	0.000000e+00	0.000000e+00	
14	1.030800e-08	0.000000e+00	0.000000e+00	0.000000e+00	
15	1.032400e-08	0.000000e+00	0.000000e+00	0.000000e+00	
16	1.035600e-08	0.000000e+00	0.000000e+00	0.000000e+00	
17	1.042000e-08	0.000000e+00	0.000000e+00	0.000000e+00	
18	1.054800e-08	0.000000e+00	0.000000e+00	0.000000e+00	
19	1.080400e-08	0.000000e+00	0.000000e+00	0.000000e+00	
20	1.131600e-08	0.000000e+00	0.000000e+00	0.000000e+00	
21	1.234000e-08	0.000000e+00	0.000000e+00	0.000000e+00	
22	1.340000e-08	0.000000e+00	0.000000e+00	0.000000e+00	
23	1.349000e-08	0.000000e+00	0.000000e+00	0.000000e+00	
24	1.367000e-08	0.000000e+00	0.000000e+00	0.000000e+00	
25	1.403000e-08	0.000000e+00	0.000000e+00	0.000000e+00	
26	1.430000e-08	0.000000e+00	0.000000e+00	0.000000e+00	
27	1.437200e-08	0.000000e+00	0.000000e+00	0.000000e+00	
28	1.451600e-08	0.000000e+00	0.000000e+00	0.000000e+00	
29	1.480400e-08	0.000000e+00	0.000000e+00	0.000000e+00	
30	1.538000e-08	0.000000e+00	0.000000e+00	0.000000e+00	
31	1.600000e-08	0.000000e+00	0.000000e+00	0.000000e+00	
32	1.609000e-08	0.000000e+00	0.000000e+00	0.000000e+00	
33	1.627000e-08	0.000000e+00	0.000000e+00	0.000000e+00	
34	1.663000e-08	0.000000e+00	0.000000e+00	0.000000e+00	
35	1.690000e-08	0.000000e+00	0.000000e+00	0.000000e+00	
36	1.697200e-08	0.000000e+00	0.000000e+00	0.000000e+00	
37	1.711600e-08	0.000000e+00	0.000000e+00	0.000000e+00	
38	1.740400e-08	0.000000e+00	0.000000e+00	0.000000e+00	
39	1.798000e-08	0.000000e+00	0.000000e+00	0.000000e+00	
40	1.913200e-08	0.000000e+00	0.000000e+00	0.000000e+00	
41	2.143600e-08	0.000000e+00	0.000000e+00	0.000000e+00	
42	2.604400e-08	0.000000e+00	0.000000e+00	0.000000e+00	
43	3.526000e-08	0.000000e+00	0.000000e+00	0.000000e+00	
44	5.369200e-08	0.000000e+00	0.000000e+00	0.000000e+00	
45	9.055600e-08	0.000000e+00	0.000000e+00	0.000000e+00	
46	1.642840e-07	0.000000e+00	0.000000e+00	0.000000e+00	
47	3.117400e-07	0.000000e+00	0.000000e+00	0.000000e+00	
48	6.066520e-07	0.000000e+00	0.000000e+00	0.000000e+00	
49	1.196476e-06	0.000000e+00	0.000000e+00	0.000000e+00	
50	2.376124e-06	0.000000e+00	0.000000e+00	0.000000e+00	
51	4.735420e-06	0.000000e+00	0.000000e+00	0.000000e+00	
52	9.454012e-06	0.000000e+00	0.000000e+00	0.000000e+00	
53	1.889120e-05	0.000000e+00	0.000000e+00	0.000000e+00	
54	2.889120e-05	0.000000e+00	0.000000e+00	0.000000e+00	

Index   time            a22#branch_1_0  a25#branch_1_0  v1#branch       
--------------------------------------------------------------------------------
55	3.889120e-05	0.000000e+00	0.000000e+00	0.000000e+00	
56	4.889120e-05	0.000000e+00	0.000000e+00	0.000000e+00	
57	5.889120e-05	0.000000e+00	0.000000e+00	0.000000e+00	
58	6.889120e-05	0.000000e+00	0.000000e+00	0.000000e+00	
59	7.889120e-05	0.000000e+00	0.000000e+00	0.000000e+00	
60	8.889120e-05	0.000000e+00	0.000000e+00	0.000000e+00	
61	9.889120e-05	0.000000e+00	0.000000e+00	0.000000e+00	
62	1.088912e-04	0.000000e+00	0.000000e+00	0.000000e+00	
63	1.188912e-04	0.000000e+00	0.000000e+00	0.000000e+00	
64	1.288912e-04	0.000000e+00	0.000000e+00	0.000000e+00	
65	1.388912e-04	0.000000e+00	0.000000e+00	0.000000e+00	
66	1.488912e-04	0.000000e+00	0.000000e+00	0.000000e+00	
67	1.588912e-04	0.000000e+00	0.000000e+00	0.000000e+00	
68	1.688912e-04	0.000000e+00	0.000000e+00	0.000000e+00	
69	1.788912e-04	0.000000e+00	0.000000e+00	0.000000e+00	
70	1.888912e-04	0.000000e+00	0.000000e+00	0.000000e+00	
71	1.988912e-04	0.000000e+00	0.000000e+00	0.000000e+00	
72	2.088912e-04	0.000000e+00	0.000000e+00	0.000000e+00	
73	2.188912e-04	0.000000e+00	0.000000e+00	0.000000e+00	
74	2.288912e-04	0.000000e+00	0.000000e+00	0.000000e+00	
75	2.388912e-04	0.000000e+00	0.000000e+00	0.000000e+00	
76	2.488912e-04	0.000000e+00	0.000000e+00	0.000000e+00	
77	2.588912e-04	0.000000e+00	0.000000e+00	0.000000e+00	
78	2.688912e-04	0.000000e+00	0.000000e+00	0.000000e+00	
79	2.788912e-04	0.000000e+00	0.000000e+00	0.000000e+00	
80	2.888912e-04	0.000000e+00	0.000000e+00	0.000000e+00	
81	2.988912e-04	0.000000e+00	0.000000e+00	0.000000e+00	
82	3.088912e-04	0.000000e+00	0.000000e+00	0.000000e+00	
83	3.188912e-04	0.000000e+00	0.000000e+00	0.000000e+00	
84	3.288912e-04	0.000000e+00	0.000000e+00	0.000000e+00	
85	3.388912e-04	0.000000e+00	0.000000e+00	0.000000e+00	
86	3.488912e-04	0.000000e+00	0.000000e+00	0.000000e+00	
87	3.588912e-04	0.000000e+00	0.000000e+00	0.000000e+00	
88	3.688912e-04	0.000000e+00	0.000000e+00	0.000000e+00	
89	3.788912e-04	0.000000e+00	0.000000e+00	0.000000e+00	
90	3.888912e-04	0.000000e+00	0.000000e+00	0.000000e+00	
91	3.988912e-04	0.000000e+00	0.000000e+00	0.000000e+00	
92	4.088912e-04	0.000000e+00	0.000000e+00	0.000000e+00	
93	4.188912e-04	0.000000e+00	0.000000e+00	0.000000e+00	
94	4.288912e-04	0.000000e+00	0.000000e+00	0.000000e+00	
95	4.388912e-04	0.000000e+00	0.000000e+00	0.000000e+00	
96	4.488912e-04	0.000000e+00	0.000000e+00	0.000000e+00	
97	4.588912e-04	0.000000e+00	0.000000e+00	0.000000e+00	
98	4.688912e-04	0.000000e+00	0.000000e+00	0.000000e+00	
99	4.788912e-04	0.000000e+00	0.000000e+00	0.000000e+00	
100	4.888912e-04	0.000000e+00	0.000000e+00	0.000000e+00	
101	4.988912e-04	0.000000e+00	0.000000e+00	0.000000e+00	
102	5.088912e-04	0.000000e+00	0.000000e+00	0.000000e+00	
103	5.188912e-04	0.000000e+00	0.000000e+00	0.000000e+00	
104	5.288912e-04	0.000000e+00	0.000000e+00	0.000000e+00	
105	5.388912e-04	0.000000e+00	0.000000e+00	0.000000e+00	
106	5.488912e-04	0.000000e+00	0.000000e+00	0.000000e+00	
107	5.588912e-04	0.000000e+00	0.000000e+00	0.000000e+00	
108	5.688912e-04	0.000000e+00	0.000000e+00	0.000000e+00	
109	5.788912e-04	0.000000e+00	0.000000e+00	0.000000e+00	
110	5.888912e-04	0.000000e+00	0.000000e+00	0.000000e+00	
111	5.988912e-04	0.000000e+00	0.000000e+00	0.000000e+00	
112	6.088912e-04	0.000000e+00	0.000000e+00	0.000000e+00	

Index   time            a22#branch_1_0  a25#branch_1_0  v1#branch       
--------------------------------------------------------------------------------
113	6.188912e-04	0.000000e+00	0.000000e+00	0.000000e+00	
114	6.288912e-04	0.000000e+00	0.000000e+00	0.000000e+00	
115	6.388912e-04	0.000000e+00	0.000000e+00	0.000000e+00	
116	6.488912e-04	0.000000e+00	0.000000e+00	0.000000e+00	
117	6.588912e-04	0.000000e+00	0.000000e+00	0.000000e+00	
118	6.688912e-04	0.000000e+00	0.000000e+00	0.000000e+00	
119	6.788912e-04	0.000000e+00	0.000000e+00	0.000000e+00	
120	6.888912e-04	0.000000e+00	0.000000e+00	0.000000e+00	
121	6.988912e-04	0.000000e+00	0.000000e+00	0.000000e+00	
122	7.088912e-04	0.000000e+00	0.000000e+00	0.000000e+00	
123	7.188912e-04	0.000000e+00	0.000000e+00	0.000000e+00	
124	7.288912e-04	0.000000e+00	0.000000e+00	0.000000e+00	
125	7.388912e-04	0.000000e+00	0.000000e+00	0.000000e+00	
126	7.488912e-04	0.000000e+00	0.000000e+00	0.000000e+00	
127	7.588912e-04	0.000000e+00	0.000000e+00	0.000000e+00	
128	7.688912e-04	0.000000e+00	0.000000e+00	0.000000e+00	
129	7.788912e-04	0.000000e+00	0.000000e+00	0.000000e+00	
130	7.888912e-04	0.000000e+00	0.000000e+00	0.000000e+00	
131	7.988912e-04	0.000000e+00	0.000000e+00	0.000000e+00	
132	8.088912e-04	0.000000e+00	0.000000e+00	0.000000e+00	
133	8.188912e-04	0.000000e+00	0.000000e+00	0.000000e+00	
134	8.288912e-04	0.000000e+00	0.000000e+00	0.000000e+00	
135	8.388912e-04	0.000000e+00	0.000000e+00	0.000000e+00	
136	8.488912e-04	0.000000e+00	0.000000e+00	0.000000e+00	
137	8.588912e-04	0.000000e+00	0.000000e+00	0.000000e+00	
138	8.688912e-04	0.000000e+00	0.000000e+00	0.000000e+00	
139	8.788912e-04	0.000000e+00	0.000000e+00	0.000000e+00	
140	8.888912e-04	0.000000e+00	0.000000e+00	0.000000e+00	
141	8.988912e-04	0.000000e+00	0.000000e+00	0.000000e+00	
142	9.088912e-04	0.000000e+00	0.000000e+00	0.000000e+00	
143	9.188912e-04	0.000000e+00	0.000000e+00	0.000000e+00	
144	9.288912e-04	0.000000e+00	0.000000e+00	0.000000e+00	
145	9.388912e-04	0.000000e+00	0.000000e+00	0.000000e+00	
146	9.488912e-04	0.000000e+00	0.000000e+00	0.000000e+00	
147	9.588912e-04	0.000000e+00	0.000000e+00	0.000000e+00	
148	9.688912e-04	0.000000e+00	0.000000e+00	0.000000e+00	
149	9.788912e-04	0.000000e+00	0.000000e+00	0.000000e+00	
150	9.888912e-04	0.000000e+00	0.000000e+00	0.000000e+00	
151	9.988912e-04	0.000000e+00	0.000000e+00	0.000000e+00	
152	1.000010e-03	0.000000e+00	0.000000e+00	0.000000e+00	
153	1.000011e-03	0.000000e+00	0.000000e+00	0.000000e+00	
154	1.000013e-03	0.000000e+00	0.000000e+00	0.000000e+00	
155	1.000017e-03	0.000000e+00	0.000000e+00	0.000000e+00	
156	1.000019e-03	0.000000e+00	0.000000e+00	0.000000e+00	
157	1.000019e-03	0.000000e+00	0.000000e+00	0.000000e+00	
158	1.000019e-03	0.000000e+00	0.000000e+00	0.000000e+00	
159	1.000020e-03	0.000000e+00	0.000000e+00	0.000000e+00	
160	1.000020e-03	0.000000e+00	0.000000e+00	0.000000e+00	
161	1.000020e-03	0.000000e+00	0.000000e+00	0.000000e+00	
162	1.000020e-03	0.000000e+00	0.000000e+00	0.000000e+00	
163	1.000020e-03	0.000000e+00	0.000000e+00	0.000000e+00	
164	1.000020e-03	0.000000e+00	0.000000e+00	0.000000e+00	
165	1.000020e-03	0.000000e+00	0.000000e+00	0.000000e+00	
166	1.000020e-03	0.000000e+00	0.000000e+00	0.000000e+00	
167	1.000020e-03	0.000000e+00	0.000000e+00	0.000000e+00	
168	1.000020e-03	0.000000e+00	0.000000e+00	0.000000e+00	
169	1.000020e-03	0.000000e+00	0.000000e+00	0.000000e+00	
170	1.000021e-03	0.000000e+00	0.000000e+00	0.000000e+00	

Index   time            a22#branch_1_0  a25#branch_1_0  v1#branch       
--------------------------------------------------------------------------------
171	1.000021e-03	0.000000e+00	0.000000e+00	0.000000e+00	
172	1.000022e-03	0.000000e+00	0.000000e+00	0.000000e+00	
173	1.000023e-03	0.000000e+00	0.000000e+00	0.000000e+00	
174	1.000023e-03	0.000000e+00	0.000000e+00	0.000000e+00	
175	1.000023e-03	0.000000e+00	0.000000e+00	0.000000e+00	
176	1.000023e-03	0.000000e+00	0.000000e+00	0.000000e+00	
177	1.000023e-03	0.000000e+00	0.000000e+00	0.000000e+00	
178	1.000023e-03	0.000000e+00	0.000000e+00	0.000000e+00	
179	1.000023e-03	0.000000e+00	0.000000e+00	0.000000e+00	
180	1.000023e-03	0.000000e+00	0.000000e+00	0.000000e+00	
181	1.000023e-03	0.000000e+00	0.000000e+00	0.000000e+00	
182	1.000023e-03	0.000000e+00	0.000000e+00	0.000000e+00	
183	1.000024e-03	0.000000e+00	0.000000e+00	0.000000e+00	
184	1.000024e-03	0.000000e+00	0.000000e+00	0.000000e+00	
185	1.000025e-03	0.000000e+00	0.000000e+00	0.000000e+00	
186	1.000027e-03	0.000000e+00	0.000000e+00	0.000000e+00	
187	1.000031e-03	0.000000e+00	0.000000e+00	0.000000e+00	
188	1.000039e-03	0.000000e+00	0.000000e+00	0.000000e+00	
189	1.000056e-03	0.000000e+00	0.000000e+00	0.000000e+00	
190	1.000089e-03	0.000000e+00	0.000000e+00	0.000000e+00	
191	1.000154e-03	0.000000e+00	0.000000e+00	0.000000e+00	
192	1.000285e-03	0.000000e+00	0.000000e+00	0.000000e+00	
193	1.000547e-03	0.000000e+00	0.000000e+00	0.000000e+00	
194	1.001072e-03	0.000000e+00	0.000000e+00	0.000000e+00	
195	1.002120e-03	0.000000e+00	0.000000e+00	0.000000e+00	
196	1.004217e-03	0.000000e+00	0.000000e+00	0.000000e+00	
197	1.008412e-03	0.000000e+00	0.000000e+00	0.000000e+00	
198	1.016800e-03	0.000000e+00	0.000000e+00	0.000000e+00	
199	1.026800e-03	0.000000e+00	0.000000e+00	0.000000e+00	
200	1.036800e-03	0.000000e+00	0.000000e+00	0.000000e+00	
201	1.046800e-03	0.000000e+00	0.000000e+00	0.000000e+00	
202	1.056800e-03	0.000000e+00	0.000000e+00	0.000000e+00	
203	1.066800e-03	0.000000e+00	0.000000e+00	0.000000e+00	
204	1.076800e-03	0.000000e+00	0.000000e+00	0.000000e+00	
205	1.086800e-03	0.000000e+00	0.000000e+00	0.000000e+00	
206	1.096800e-03	0.000000e+00	0.000000e+00	0.000000e+00	
207	1.106800e-03	0.000000e+00	0.000000e+00	0.000000e+00	
208	1.116800e-03	0.000000e+00	0.000000e+00	0.000000e+00	
209	1.126800e-03	0.000000e+00	0.000000e+00	0.000000e+00	
210	1.136800e-03	0.000000e+00	0.000000e+00	0.000000e+00	
211	1.146800e-03	0.000000e+00	0.000000e+00	0.000000e+00	
212	1.156800e-03	0.000000e+00	0.000000e+00	0.000000e+00	
213	1.166800e-03	0.000000e+00	0.000000e+00	0.000000e+00	
214	1.176800e-03	0.000000e+00	0.000000e+00	0.000000e+00	
215	1.186800e-03	0.000000e+00	0.000000e+00	0.000000e+00	
216	1.196800e-03	0.000000e+00	0.000000e+00	0.000000e+00	
217	1.206800e-03	0.000000e+00	0.000000e+00	0.000000e+00	
218	1.216800e-03	0.000000e+00	0.000000e+00	0.000000e+00	
219	1.226800e-03	0.000000e+00	0.000000e+00	0.000000e+00	
220	1.236800e-03	0.000000e+00	0.000000e+00	0.000000e+00	
221	1.246800e-03	0.000000e+00	0.000000e+00	0.000000e+00	
222	1.256800e-03	0.000000e+00	0.000000e+00	0.000000e+00	
223	1.266800e-03	0.000000e+00	0.000000e+00	0.000000e+00	
224	1.276800e-03	0.000000e+00	0.000000e+00	0.000000e+00	
225	1.286800e-03	0.000000e+00	0.000000e+00	0.000000e+00	
226	1.296800e-03	0.000000e+00	0.000000e+00	0.000000e+00	
227	1.306800e-03	0.000000e+00	0.000000e+00	0.000000e+00	
228	1.316800e-03	0.000000e+00	0.000000e+00	0.000000e+00	

Index   time            a22#branch_1_0  a25#branch_1_0  v1#branch       
--------------------------------------------------------------------------------
229	1.326800e-03	0.000000e+00	0.000000e+00	0.000000e+00	
230	1.336800e-03	0.000000e+00	0.000000e+00	0.000000e+00	
231	1.346800e-03	0.000000e+00	0.000000e+00	0.000000e+00	
232	1.356800e-03	0.000000e+00	0.000000e+00	0.000000e+00	
233	1.366800e-03	0.000000e+00	0.000000e+00	0.000000e+00	
234	1.376800e-03	0.000000e+00	0.000000e+00	0.000000e+00	
235	1.386800e-03	0.000000e+00	0.000000e+00	0.000000e+00	
236	1.396800e-03	0.000000e+00	0.000000e+00	0.000000e+00	
237	1.406800e-03	0.000000e+00	0.000000e+00	0.000000e+00	
238	1.416800e-03	0.000000e+00	0.000000e+00	0.000000e+00	
239	1.426800e-03	0.000000e+00	0.000000e+00	0.000000e+00	
240	1.436800e-03	0.000000e+00	0.000000e+00	0.000000e+00	
241	1.446800e-03	0.000000e+00	0.000000e+00	0.000000e+00	
242	1.456800e-03	0.000000e+00	0.000000e+00	0.000000e+00	
243	1.466800e-03	0.000000e+00	0.000000e+00	0.000000e+00	
244	1.476800e-03	0.000000e+00	0.000000e+00	0.000000e+00	
245	1.486800e-03	0.000000e+00	0.000000e+00	0.000000e+00	
246	1.496800e-03	0.000000e+00	0.000000e+00	0.000000e+00	
247	1.506800e-03	0.000000e+00	0.000000e+00	0.000000e+00	
248	1.516800e-03	0.000000e+00	0.000000e+00	0.000000e+00	
249	1.526800e-03	0.000000e+00	0.000000e+00	0.000000e+00	
250	1.536800e-03	0.000000e+00	0.000000e+00	0.000000e+00	
251	1.546800e-03	0.000000e+00	0.000000e+00	0.000000e+00	
252	1.556800e-03	0.000000e+00	0.000000e+00	0.000000e+00	
253	1.566800e-03	0.000000e+00	0.000000e+00	0.000000e+00	
254	1.576800e-03	0.000000e+00	0.000000e+00	0.000000e+00	
255	1.586800e-03	0.000000e+00	0.000000e+00	0.000000e+00	
256	1.596800e-03	0.000000e+00	0.000000e+00	0.000000e+00	
257	1.606800e-03	0.000000e+00	0.000000e+00	0.000000e+00	
258	1.616800e-03	0.000000e+00	0.000000e+00	0.000000e+00	
259	1.626800e-03	0.000000e+00	0.000000e+00	0.000000e+00	
260	1.636800e-03	0.000000e+00	0.000000e+00	0.000000e+00	
261	1.646800e-03	0.000000e+00	0.000000e+00	0.000000e+00	
262	1.656800e-03	0.000000e+00	0.000000e+00	0.000000e+00	
263	1.666800e-03	0.000000e+00	0.000000e+00	0.000000e+00	
264	1.676800e-03	0.000000e+00	0.000000e+00	0.000000e+00	
265	1.686800e-03	0.000000e+00	0.000000e+00	0.000000e+00	
266	1.696800e-03	0.000000e+00	0.000000e+00	0.000000e+00	
267	1.706800e-03	0.000000e+00	0.000000e+00	0.000000e+00	
268	1.716800e-03	0.000000e+00	0.000000e+00	0.000000e+00	
269	1.726800e-03	0.000000e+00	0.000000e+00	0.000000e+00	
270	1.736800e-03	0.000000e+00	0.000000e+00	0.000000e+00	
271	1.746800e-03	0.000000e+00	0.000000e+00	0.000000e+00	
272	1.756800e-03	0.000000e+00	0.000000e+00	0.000000e+00	
273	1.766800e-03	0.000000e+00	0.000000e+00	0.000000e+00	
274	1.776800e-03	0.000000e+00	0.000000e+00	0.000000e+00	
275	1.786800e-03	0.000000e+00	0.000000e+00	0.000000e+00	
276	1.796800e-03	0.000000e+00	0.000000e+00	0.000000e+00	
277	1.806800e-03	0.000000e+00	0.000000e+00	0.000000e+00	
278	1.816800e-03	0.000000e+00	0.000000e+00	0.000000e+00	
279	1.826800e-03	0.000000e+00	0.000000e+00	0.000000e+00	
280	1.836800e-03	0.000000e+00	0.000000e+00	0.000000e+00	
281	1.846800e-03	0.000000e+00	0.000000e+00	0.000000e+00	
282	1.856800e-03	0.000000e+00	0.000000e+00	0.000000e+00	
283	1.866800e-03	0.000000e+00	0.000000e+00	0.000000e+00	
284	1.876800e-03	0.000000e+00	0.000000e+00	0.000000e+00	
285	1.886800e-03	0.000000e+00	0.000000e+00	0.000000e+00	
286	1.896800e-03	0.000000e+00	0.000000e+00	0.000000e+00	

Index   time            a22#branch_1_0  a25#branch_1_0  v1#branch       
--------------------------------------------------------------------------------
287	1.906800e-03	0.000000e+00	0.000000e+00	0.000000e+00	
288	1.916800e-03	0.000000e+00	0.000000e+00	0.000000e+00	
289	1.926800e-03	0.000000e+00	0.000000e+00	0.000000e+00	
290	1.936800e-03	0.000000e+00	0.000000e+00	0.000000e+00	
291	1.946800e-03	0.000000e+00	0.000000e+00	0.000000e+00	
292	1.956800e-03	0.000000e+00	0.000000e+00	0.000000e+00	
293	1.966800e-03	0.000000e+00	0.000000e+00	0.000000e+00	
294	1.976800e-03	0.000000e+00	0.000000e+00	0.000000e+00	
295	1.986800e-03	0.000000e+00	0.000000e+00	0.000000e+00	
296	1.996800e-03	0.000000e+00	0.000000e+00	0.000000e+00	
297	2.000000e-03	0.000000e+00	0.000000e+00	0.000000e+00	
298	2.000001e-03	0.000000e+00	0.000000e+00	0.000000e+00	
299	2.000003e-03	0.000000e+00	0.000000e+00	0.000000e+00	
300	2.000007e-03	0.000000e+00	0.000000e+00	0.000000e+00	
301	2.000010e-03	0.000000e+00	0.000000e+00	0.000000e+00	
302	2.000011e-03	0.000000e+00	0.000000e+00	0.000000e+00	
303	2.000012e-03	0.000000e+00	0.000000e+00	0.000000e+00	
304	2.000013e-03	0.000000e+00	0.000000e+00	0.000000e+00	
305	2.000013e-03	0.000000e+00	0.000000e+00	0.000000e+00	
306	2.000013e-03	0.000000e+00	0.000000e+00	0.000000e+00	
307	2.000013e-03	0.000000e+00	0.000000e+00	0.000000e+00	
308	2.000013e-03	0.000000e+00	0.000000e+00	0.000000e+00	
309	2.000013e-03	0.000000e+00	0.000000e+00	0.000000e+00	
310	2.000013e-03	0.000000e+00	0.000000e+00	0.000000e+00	
311	2.000013e-03	0.000000e+00	0.000000e+00	0.000000e+00	
312	2.000013e-03	0.000000e+00	0.000000e+00	0.000000e+00	
313	2.000013e-03	0.000000e+00	0.000000e+00	0.000000e+00	
314	2.000014e-03	0.000000e+00	0.000000e+00	0.000000e+00	
315	2.000014e-03	0.000000e+00	0.000000e+00	0.000000e+00	
316	2.000015e-03	0.000000e+00	0.000000e+00	0.000000e+00	
317	2.000016e-03	0.000000e+00	0.000000e+00	0.000000e+00	
318	2.000016e-03	0.000000e+00	0.000000e+00	0.000000e+00	
319	2.000016e-03	0.000000e+00	0.000000e+00	0.000000e+00	
320	2.000017e-03	0.000000e+00	0.000000e+00	0.000000e+00	
321	2.000017e-03	0.000000e+00	0.000000e+00	0.000000e+00	
322	2.000017e-03	0.000000e+00	0.000000e+00	0.000000e+00	
323	2.000017e-03	0.000000e+00	0.000000e+00	0.000000e+00	
324	2.000017e-03	0.000000e+00	0.000000e+00	0.000000e+00	
325	2.000018e-03	0.000000e+00	0.000000e+00	0.000000e+00	
326	2.000019e-03	0.000000e+00	0.000000e+00	0.000000e+00	
327	2.000020e-03	0.000000e+00	0.000000e+00	0.000000e+00	
328	2.000020e-03	0.000000e+00	0.000000e+00	0.000000e+00	
329	2.000021e-03	0.000000e+00	0.000000e+00	0.000000e+00	
330	2.000022e-03	0.000000e+00	0.000000e+00	0.000000e+00	
331	2.000023e-03	0.000000e+00	0.000000e+00	0.000000e+00	
332	2.000027e-03	0.000000e+00	0.000000e+00	0.000000e+00	
333	2.000035e-03	0.000000e+00	0.000000e+00	0.000000e+00	
334	2.000049e-03	0.000000e+00	0.000000e+00	0.000000e+00	
335	2.000079e-03	0.000000e+00	0.000000e+00	0.000000e+00	
336	2.000138e-03	0.000000e+00	0.000000e+00	0.000000e+00	
337	2.000256e-03	0.000000e+00	0.000000e+00	0.000000e+00	
338	2.000492e-03	0.000000e+00	0.000000e+00	0.000000e+00	
339	2.000963e-03	0.000000e+00	0.000000e+00	0.000000e+00	
340	2.001907e-03	0.000000e+00	0.000000e+00	0.000000e+00	
341	2.003795e-03	0.000000e+00	0.000000e+00	0.000000e+00	
342	2.007570e-03	0.000000e+00	0.000000e+00	0.000000e+00	
343	2.015119e-03	0.000000e+00	0.000000e+00	0.000000e+00	
344	2.025119e-03	0.000000e+00	0.000000e+00	0.000000e+00	

Index   time            a22#branch_1_0  a25#branch_1_0  v1#branch       
--------------------------------------------------------------------------------
345	2.035119e-03	0.000000e+00	0.000000e+00	0.000000e+00	
346	2.045119e-03	0.000000e+00	0.000000e+00	0.000000e+00	
347	2.055119e-03	0.000000e+00	0.000000e+00	0.000000e+00	
348	2.065119e-03	0.000000e+00	0.000000e+00	0.000000e+00	
349	2.075119e-03	0.000000e+00	0.000000e+00	0.000000e+00	
350	2.085119e-03	0.000000e+00	0.000000e+00	0.000000e+00	
351	2.095119e-03	0.000000e+00	0.000000e+00	0.000000e+00	
352	2.105119e-03	0.000000e+00	0.000000e+00	0.000000e+00	
353	2.115119e-03	0.000000e+00	0.000000e+00	0.000000e+00	
354	2.125119e-03	0.000000e+00	0.000000e+00	0.000000e+00	
355	2.135119e-03	0.000000e+00	0.000000e+00	0.000000e+00	
356	2.145119e-03	0.000000e+00	0.000000e+00	0.000000e+00	
357	2.155119e-03	0.000000e+00	0.000000e+00	0.000000e+00	
358	2.165119e-03	0.000000e+00	0.000000e+00	0.000000e+00	
359	2.175119e-03	0.000000e+00	0.000000e+00	0.000000e+00	
360	2.185119e-03	0.000000e+00	0.000000e+00	0.000000e+00	
361	2.195119e-03	0.000000e+00	0.000000e+00	0.000000e+00	
362	2.205119e-03	0.000000e+00	0.000000e+00	0.000000e+00	
363	2.215119e-03	0.000000e+00	0.000000e+00	0.000000e+00	
364	2.225119e-03	0.000000e+00	0.000000e+00	0.000000e+00	
365	2.235119e-03	0.000000e+00	0.000000e+00	0.000000e+00	
366	2.245119e-03	0.000000e+00	0.000000e+00	0.000000e+00	
367	2.255119e-03	0.000000e+00	0.000000e+00	0.000000e+00	
368	2.265119e-03	0.000000e+00	0.000000e+00	0.000000e+00	
369	2.275119e-03	0.000000e+00	0.000000e+00	0.000000e+00	
370	2.285119e-03	0.000000e+00	0.000000e+00	0.000000e+00	
371	2.295119e-03	0.000000e+00	0.000000e+00	0.000000e+00	
372	2.305119e-03	0.000000e+00	0.000000e+00	0.000000e+00	
373	2.315119e-03	0.000000e+00	0.000000e+00	0.000000e+00	
374	2.325119e-03	0.000000e+00	0.000000e+00	0.000000e+00	
375	2.335119e-03	0.000000e+00	0.000000e+00	0.000000e+00	
376	2.345119e-03	0.000000e+00	0.000000e+00	0.000000e+00	
377	2.355119e-03	0.000000e+00	0.000000e+00	0.000000e+00	
378	2.365119e-03	0.000000e+00	0.000000e+00	0.000000e+00	
379	2.375119e-03	0.000000e+00	0.000000e+00	0.000000e+00	
380	2.385119e-03	0.000000e+00	0.000000e+00	0.000000e+00	
381	2.395119e-03	0.000000e+00	0.000000e+00	0.000000e+00	
382	2.405119e-03	0.000000e+00	0.000000e+00	0.000000e+00	
383	2.415119e-03	0.000000e+00	0.000000e+00	0.000000e+00	
384	2.425119e-03	0.000000e+00	0.000000e+00	0.000000e+00	
385	2.435119e-03	0.000000e+00	0.000000e+00	0.000000e+00	
386	2.445119e-03	0.000000e+00	0.000000e+00	0.000000e+00	
387	2.455119e-03	0.000000e+00	0.000000e+00	0.000000e+00	
388	2.465119e-03	0.000000e+00	0.000000e+00	0.000000e+00	
389	2.475119e-03	0.000000e+00	0.000000e+00	0.000000e+00	
390	2.485119e-03	0.000000e+00	0.000000e+00	0.000000e+00	
391	2.495119e-03	0.000000e+00	0.000000e+00	0.000000e+00	
392	2.505119e-03	0.000000e+00	0.000000e+00	0.000000e+00	
393	2.515119e-03	0.000000e+00	0.000000e+00	0.000000e+00	
394	2.525119e-03	0.000000e+00	0.000000e+00	0.000000e+00	
395	2.535119e-03	0.000000e+00	0.000000e+00	0.000000e+00	
396	2.545119e-03	0.000000e+00	0.000000e+00	0.000000e+00	
397	2.555119e-03	0.000000e+00	0.000000e+00	0.000000e+00	
398	2.565119e-03	0.000000e+00	0.000000e+00	0.000000e+00	
399	2.575119e-03	0.000000e+00	0.000000e+00	0.000000e+00	
400	2.585119e-03	0.000000e+00	0.000000e+00	0.000000e+00	
401	2.595119e-03	0.000000e+00	0.000000e+00	0.000000e+00	
402	2.605119e-03	0.000000e+00	0.000000e+00	0.000000e+00	

Index   time            a22#branch_1_0  a25#branch_1_0  v1#branch       
--------------------------------------------------------------------------------
403	2.615119e-03	0.000000e+00	0.000000e+00	0.000000e+00	
404	2.625119e-03	0.000000e+00	0.000000e+00	0.000000e+00	
405	2.635119e-03	0.000000e+00	0.000000e+00	0.000000e+00	
406	2.645119e-03	0.000000e+00	0.000000e+00	0.000000e+00	
407	2.655119e-03	0.000000e+00	0.000000e+00	0.000000e+00	
408	2.665119e-03	0.000000e+00	0.000000e+00	0.000000e+00	
409	2.675119e-03	0.000000e+00	0.000000e+00	0.000000e+00	
410	2.685119e-03	0.000000e+00	0.000000e+00	0.000000e+00	
411	2.695119e-03	0.000000e+00	0.000000e+00	0.000000e+00	
412	2.705119e-03	0.000000e+00	0.000000e+00	0.000000e+00	
413	2.715119e-03	0.000000e+00	0.000000e+00	0.000000e+00	
414	2.725119e-03	0.000000e+00	0.000000e+00	0.000000e+00	
415	2.735119e-03	0.000000e+00	0.000000e+00	0.000000e+00	
416	2.745119e-03	0.000000e+00	0.000000e+00	0.000000e+00	
417	2.755119e-03	0.000000e+00	0.000000e+00	0.000000e+00	
418	2.765119e-03	0.000000e+00	0.000000e+00	0.000000e+00	
419	2.775119e-03	0.000000e+00	0.000000e+00	0.000000e+00	
420	2.785119e-03	0.000000e+00	0.000000e+00	0.000000e+00	
421	2.795119e-03	0.000000e+00	0.000000e+00	0.000000e+00	
422	2.805119e-03	0.000000e+00	0.000000e+00	0.000000e+00	
423	2.815119e-03	0.000000e+00	0.000000e+00	0.000000e+00	
424	2.825119e-03	0.000000e+00	0.000000e+00	0.000000e+00	
425	2.835119e-03	0.000000e+00	0.000000e+00	0.000000e+00	
426	2.845119e-03	0.000000e+00	0.000000e+00	0.000000e+00	
427	2.855119e-03	0.000000e+00	0.000000e+00	0.000000e+00	
428	2.865119e-03	0.000000e+00	0.000000e+00	0.000000e+00	
429	2.875119e-03	0.000000e+00	0.000000e+00	0.000000e+00	
430	2.885119e-03	0.000000e+00	0.000000e+00	0.000000e+00	
431	2.895119e-03	0.000000e+00	0.000000e+00	0.000000e+00	
432	2.905119e-03	0.000000e+00	0.000000e+00	0.000000e+00	
433	2.915119e-03	0.000000e+00	0.000000e+00	0.000000e+00	
434	2.925119e-03	0.000000e+00	0.000000e+00	0.000000e+00	
435	2.935119e-03	0.000000e+00	0.000000e+00	0.000000e+00	
436	2.945119e-03	0.000000e+00	0.000000e+00	0.000000e+00	
437	2.955119e-03	0.000000e+00	0.000000e+00	0.000000e+00	
438	2.965119e-03	0.000000e+00	0.000000e+00	0.000000e+00	
439	2.975119e-03	0.000000e+00	0.000000e+00	0.000000e+00	
440	2.985119e-03	0.000000e+00	0.000000e+00	0.000000e+00	
441	2.995119e-03	0.000000e+00	0.000000e+00	0.000000e+00	
442	3.000010e-03	0.000000e+00	0.000000e+00	0.000000e+00	
443	3.000011e-03	0.000000e+00	0.000000e+00	0.000000e+00	
444	3.000013e-03	0.000000e+00	0.000000e+00	0.000000e+00	
445	3.000017e-03	0.000000e+00	0.000000e+00	0.000000e+00	
446	3.000019e-03	0.000000e+00	0.000000e+00	0.000000e+00	
447	3.000019e-03	0.000000e+00	0.000000e+00	0.000000e+00	
448	3.000019e-03	0.000000e+00	0.000000e+00	0.000000e+00	
449	3.000020e-03	0.000000e+00	0.000000e+00	0.000000e+00	
450	3.000020e-03	0.000000e+00	0.000000e+00	0.000000e+00	
451	3.000020e-03	0.000000e+00	0.000000e+00	0.000000e+00	
452	3.000020e-03	0.000000e+00	0.000000e+00	0.000000e+00	
453	3.000020e-03	0.000000e+00	0.000000e+00	0.000000e+00	
454	3.000020e-03	0.000000e+00	0.000000e+00	0.000000e+00	
455	3.000020e-03	0.000000e+00	0.000000e+00	0.000000e+00	
456	3.000020e-03	0.000000e+00	0.000000e+00	0.000000e+00	
457	3.000020e-03	0.000000e+00	0.000000e+00	0.000000e+00	
458	3.000020e-03	0.000000e+00	0.000000e+00	0.000000e+00	
459	3.000020e-03	0.000000e+00	0.000000e+00	0.000000e+00	
460	3.000021e-03	0.000000e+00	0.000000e+00	0.000000e+00	

Index   time            a22#branch_1_0  a25#branch_1_0  v1#branch       
--------------------------------------------------------------------------------
461	3.000021e-03	0.000000e+00	0.000000e+00	0.000000e+00	
462	3.000022e-03	0.000000e+00	0.000000e+00	0.000000e+00	
463	3.000023e-03	0.000000e+00	0.000000e+00	0.000000e+00	
464	3.000023e-03	0.000000e+00	0.000000e+00	0.000000e+00	
465	3.000023e-03	0.000000e+00	0.000000e+00	0.000000e+00	
466	3.000023e-03	0.000000e+00	0.000000e+00	0.000000e+00	
467	3.000023e-03	0.000000e+00	0.000000e+00	0.000000e+00	
468	3.000023e-03	0.000000e+00	0.000000e+00	0.000000e+00	
469	3.000023e-03	0.000000e+00	0.000000e+00	0.000000e+00	
470	3.000023e-03	0.000000e+00	0.000000e+00	0.000000e+00	
471	3.000023e-03	0.000000e+00	0.000000e+00	0.000000e+00	
472	3.000023e-03	0.000000e+00	0.000000e+00	0.000000e+00	
473	3.000024e-03	0.000000e+00	0.000000e+00	0.000000e+00	
474	3.000024e-03	0.000000e+00	0.000000e+00	0.000000e+00	
475	3.000025e-03	0.000000e+00	0.000000e+00	0.000000e+00	
476	3.000027e-03	0.000000e+00	0.000000e+00	0.000000e+00	
477	3.000031e-03	0.000000e+00	0.000000e+00	0.000000e+00	
478	3.000039e-03	0.000000e+00	0.000000e+00	0.000000e+00	
479	3.000056e-03	0.000000e+00	0.000000e+00	0.000000e+00	
480	3.000089e-03	0.000000e+00	0.000000e+00	0.000000e+00	
481	3.000154e-03	0.000000e+00	0.000000e+00	0.000000e+00	
482	3.000285e-03	0.000000e+00	0.000000e+00	0.000000e+00	
483	3.000547e-03	0.000000e+00	0.000000e+00	0.000000e+00	
484	3.001072e-03	0.000000e+00	0.000000e+00	0.000000e+00	
485	3.002120e-03	0.000000e+00	0.000000e+00	0.000000e+00	
486	3.004217e-03	0.000000e+00	0.000000e+00	0.000000e+00	
487	3.008412e-03	0.000000e+00	0.000000e+00	0.000000e+00	
488	3.016800e-03	0.000000e+00	0.000000e+00	0.000000e+00	
489	3.026800e-03	0.000000e+00	0.000000e+00	0.000000e+00	
490	3.036800e-03	0.000000e+00	0.000000e+00	0.000000e+00	
491	3.046800e-03	0.000000e+00	0.000000e+00	0.000000e+00	
492	3.056800e-03	0.000000e+00	0.000000e+00	0.000000e+00	
493	3.066800e-03	0.000000e+00	0.000000e+00	0.000000e+00	
494	3.076800e-03	0.000000e+00	0.000000e+00	0.000000e+00	
495	3.086800e-03	0.000000e+00	0.000000e+00	0.000000e+00	
496	3.096800e-03	0.000000e+00	0.000000e+00	0.000000e+00	
497	3.106800e-03	0.000000e+00	0.000000e+00	0.000000e+00	
498	3.116800e-03	0.000000e+00	0.000000e+00	0.000000e+00	
499	3.126800e-03	0.000000e+00	0.000000e+00	0.000000e+00	
500	3.136800e-03	0.000000e+00	0.000000e+00	0.000000e+00	
501	3.146800e-03	0.000000e+00	0.000000e+00	0.000000e+00	
502	3.156800e-03	0.000000e+00	0.000000e+00	0.000000e+00	
503	3.166800e-03	0.000000e+00	0.000000e+00	0.000000e+00	
504	3.176800e-03	0.000000e+00	0.000000e+00	0.000000e+00	
505	3.186800e-03	0.000000e+00	0.000000e+00	0.000000e+00	
506	3.196800e-03	0.000000e+00	0.000000e+00	0.000000e+00	
507	3.206800e-03	0.000000e+00	0.000000e+00	0.000000e+00	
508	3.216800e-03	0.000000e+00	0.000000e+00	0.000000e+00	
509	3.226800e-03	0.000000e+00	0.000000e+00	0.000000e+00	
510	3.236800e-03	0.000000e+00	0.000000e+00	0.000000e+00	
511	3.246800e-03	0.000000e+00	0.000000e+00	0.000000e+00	
512	3.256800e-03	0.000000e+00	0.000000e+00	0.000000e+00	
513	3.266800e-03	0.000000e+00	0.000000e+00	0.000000e+00	
514	3.276800e-03	0.000000e+00	0.000000e+00	0.000000e+00	
515	3.286800e-03	0.000000e+00	0.000000e+00	0.000000e+00	
516	3.296800e-03	0.000000e+00	0.000000e+00	0.000000e+00	
517	3.306800e-03	0.000000e+00	0.000000e+00	0.000000e+00	
518	3.316800e-03	0.000000e+00	0.000000e+00	0.000000e+00	

Index   time            a22#branch_1_0  a25#branch_1_0  v1#branch       
--------------------------------------------------------------------------------
519	3.326800e-03	0.000000e+00	0.000000e+00	0.000000e+00	
520	3.336800e-03	0.000000e+00	0.000000e+00	0.000000e+00	
521	3.346800e-03	0.000000e+00	0.000000e+00	0.000000e+00	
522	3.356800e-03	0.000000e+00	0.000000e+00	0.000000e+00	
523	3.366800e-03	0.000000e+00	0.000000e+00	0.000000e+00	
524	3.376800e-03	0.000000e+00	0.000000e+00	0.000000e+00	
525	3.386800e-03	0.000000e+00	0.000000e+00	0.000000e+00	
526	3.396800e-03	0.000000e+00	0.000000e+00	0.000000e+00	
527	3.406800e-03	0.000000e+00	0.000000e+00	0.000000e+00	
528	3.416800e-03	0.000000e+00	0.000000e+00	0.000000e+00	
529	3.426800e-03	0.000000e+00	0.000000e+00	0.000000e+00	
530	3.436800e-03	0.000000e+00	0.000000e+00	0.000000e+00	
531	3.446800e-03	0.000000e+00	0.000000e+00	0.000000e+00	
532	3.456800e-03	0.000000e+00	0.000000e+00	0.000000e+00	
533	3.466800e-03	0.000000e+00	0.000000e+00	0.000000e+00	
534	3.476800e-03	0.000000e+00	0.000000e+00	0.000000e+00	
535	3.486800e-03	0.000000e+00	0.000000e+00	0.000000e+00	
536	3.496800e-03	0.000000e+00	0.000000e+00	0.000000e+00	
537	3.506800e-03	0.000000e+00	0.000000e+00	0.000000e+00	
538	3.516800e-03	0.000000e+00	0.000000e+00	0.000000e+00	
539	3.526800e-03	0.000000e+00	0.000000e+00	0.000000e+00	
540	3.536800e-03	0.000000e+00	0.000000e+00	0.000000e+00	
541	3.546800e-03	0.000000e+00	0.000000e+00	0.000000e+00	
542	3.556800e-03	0.000000e+00	0.000000e+00	0.000000e+00	
543	3.566800e-03	0.000000e+00	0.000000e+00	0.000000e+00	
544	3.576800e-03	0.000000e+00	0.000000e+00	0.000000e+00	
545	3.586800e-03	0.000000e+00	0.000000e+00	0.000000e+00	
546	3.596800e-03	0.000000e+00	0.000000e+00	0.000000e+00	
547	3.606800e-03	0.000000e+00	0.000000e+00	0.000000e+00	
548	3.616800e-03	0.000000e+00	0.000000e+00	0.000000e+00	
549	3.626800e-03	0.000000e+00	0.000000e+00	0.000000e+00	
550	3.636800e-03	0.000000e+00	0.000000e+00	0.000000e+00	
551	3.646800e-03	0.000000e+00	0.000000e+00	0.000000e+00	
552	3.656800e-03	0.000000e+00	0.000000e+00	0.000000e+00	
553	3.666800e-03	0.000000e+00	0.000000e+00	0.000000e+00	
554	3.676800e-03	0.000000e+00	0.000000e+00	0.000000e+00	
555	3.686800e-03	0.000000e+00	0.000000e+00	0.000000e+00	
556	3.696800e-03	0.000000e+00	0.000000e+00	0.000000e+00	
557	3.706800e-03	0.000000e+00	0.000000e+00	0.000000e+00	
558	3.716800e-03	0.000000e+00	0.000000e+00	0.000000e+00	
559	3.726800e-03	0.000000e+00	0.000000e+00	0.000000e+00	
560	3.736800e-03	0.000000e+00	0.000000e+00	0.000000e+00	
561	3.746800e-03	0.000000e+00	0.000000e+00	0.000000e+00	
562	3.756800e-03	0.000000e+00	0.000000e+00	0.000000e+00	
563	3.766800e-03	0.000000e+00	0.000000e+00	0.000000e+00	
564	3.776800e-03	0.000000e+00	0.000000e+00	0.000000e+00	
565	3.786800e-03	0.000000e+00	0.000000e+00	0.000000e+00	
566	3.796800e-03	0.000000e+00	0.000000e+00	0.000000e+00	
567	3.806800e-03	0.000000e+00	0.000000e+00	0.000000e+00	
568	3.816800e-03	0.000000e+00	0.000000e+00	0.000000e+00	
569	3.826800e-03	0.000000e+00	0.000000e+00	0.000000e+00	
570	3.836800e-03	0.000000e+00	0.000000e+00	0.000000e+00	
571	3.846800e-03	0.000000e+00	0.000000e+00	0.000000e+00	
572	3.856800e-03	0.000000e+00	0.000000e+00	0.000000e+00	
573	3.866800e-03	0.000000e+00	0.000000e+00	0.000000e+00	
574	3.876800e-03	0.000000e+00	0.000000e+00	0.000000e+00	
575	3.886800e-03	0.000000e+00	0.000000e+00	0.000000e+00	
576	3.896800e-03	0.000000e+00	0.000000e+00	0.000000e+00	

Index   time            a22#branch_1_0  a25#branch_1_0  v1#branch       
--------------------------------------------------------------------------------
577	3.906800e-03	0.000000e+00	0.000000e+00	0.000000e+00	
578	3.916800e-03	0.000000e+00	0.000000e+00	0.000000e+00	
579	3.926800e-03	0.000000e+00	0.000000e+00	0.000000e+00	
580	3.936800e-03	0.000000e+00	0.000000e+00	0.000000e+00	
581	3.946800e-03	0.000000e+00	0.000000e+00	0.000000e+00	
582	3.956800e-03	0.000000e+00	0.000000e+00	0.000000e+00	
583	3.966800e-03	0.000000e+00	0.000000e+00	0.000000e+00	
584	3.976800e-03	0.000000e+00	0.000000e+00	0.000000e+00	
585	3.986800e-03	0.000000e+00	0.000000e+00	0.000000e+00	
586	3.996800e-03	0.000000e+00	0.000000e+00	0.000000e+00	
587	4.000000e-03	0.000000e+00	0.000000e+00	0.000000e+00	
588	4.000001e-03	0.000000e+00	0.000000e+00	0.000000e+00	
589	4.000003e-03	0.000000e+00	0.000000e+00	0.000000e+00	
590	4.000007e-03	0.000000e+00	0.000000e+00	0.000000e+00	
591	4.000010e-03	0.000000e+00	0.000000e+00	0.000000e+00	
592	4.000011e-03	0.000000e+00	0.000000e+00	0.000000e+00	
593	4.000012e-03	0.000000e+00	0.000000e+00	0.000000e+00	
594	4.000013e-03	0.000000e+00	0.000000e+00	0.000000e+00	
595	4.000013e-03	0.000000e+00	0.000000e+00	0.000000e+00	
596	4.000013e-03	0.000000e+00	0.000000e+00	0.000000e+00	
597	4.000013e-03	0.000000e+00	0.000000e+00	0.000000e+00	
598	4.000013e-03	0.000000e+00	0.000000e+00	0.000000e+00	
599	4.000013e-03	0.000000e+00	0.000000e+00	0.000000e+00	
600	4.000013e-03	0.000000e+00	0.000000e+00	0.000000e+00	
601	4.000013e-03	0.000000e+00	0.000000e+00	0.000000e+00	
602	4.000013e-03	0.000000e+00	0.000000e+00	0.000000e+00	
603	4.000013e-03	0.000000e+00	0.000000e+00	0.000000e+00	
604	4.000014e-03	0.000000e+00	0.000000e+00	0.000000e+00	
605	4.000014e-03	0.000000e+00	0.000000e+00	0.000000e+00	
606	4.000015e-03	0.000000e+00	0.000000e+00	0.000000e+00	
607	4.000016e-03	0.000000e+00	0.000000e+00	0.000000e+00	
608	4.000016e-03	0.000000e+00	0.000000e+00	0.000000e+00	
609	4.000016e-03	0.000000e+00	0.000000e+00	0.000000e+00	
610	4.000017e-03	0.000000e+00	0.000000e+00	0.000000e+00	
611	4.000017e-03	0.000000e+00	0.000000e+00	0.000000e+00	
612	4.000017e-03	0.000000e+00	0.000000e+00	0.000000e+00	
613	4.000017e-03	0.000000e+00	0.000000e+00	0.000000e+00	
614	4.000017e-03	0.000000e+00	0.000000e+00	0.000000e+00	
615	4.000018e-03	0.000000e+00	0.000000e+00	0.000000e+00	
616	4.000019e-03	0.000000e+00	0.000000e+00	0.000000e+00	
617	4.000020e-03	0.000000e+00	0.000000e+00	0.000000e+00	
618	4.000020e-03	0.000000e+00	0.000000e+00	0.000000e+00	
619	4.000021e-03	0.000000e+00	0.000000e+00	0.000000e+00	
620	4.000022e-03	0.000000e+00	0.000000e+00	0.000000e+00	
621	4.000023e-03	0.000000e+00	0.000000e+00	0.000000e+00	
622	4.000027e-03	0.000000e+00	0.000000e+00	0.000000e+00	
623	4.000035e-03	0.000000e+00	0.000000e+00	0.000000e+00	
624	4.000049e-03	0.000000e+00	0.000000e+00	0.000000e+00	
625	4.000079e-03	0.000000e+00	0.000000e+00	0.000000e+00	
626	4.000138e-03	0.000000e+00	0.000000e+00	0.000000e+00	
627	4.000256e-03	0.000000e+00	0.000000e+00	0.000000e+00	
628	4.000492e-03	0.000000e+00	0.000000e+00	0.000000e+00	
629	4.000963e-03	0.000000e+00	0.000000e+00	0.000000e+00	
630	4.001907e-03	0.000000e+00	0.000000e+00	0.000000e+00	
631	4.003795e-03	0.000000e+00	0.000000e+00	0.000000e+00	
632	4.007570e-03	0.000000e+00	0.000000e+00	0.000000e+00	
633	4.015119e-03	0.000000e+00	0.000000e+00	0.000000e+00	
634	4.025119e-03	0.000000e+00	0.000000e+00	0.000000e+00	

Index   time            a22#branch_1_0  a25#branch_1_0  v1#branch       
--------------------------------------------------------------------------------
635	4.035119e-03	0.000000e+00	0.000000e+00	0.000000e+00	
636	4.045119e-03	0.000000e+00	0.000000e+00	0.000000e+00	
637	4.055119e-03	0.000000e+00	0.000000e+00	0.000000e+00	
638	4.065119e-03	0.000000e+00	0.000000e+00	0.000000e+00	
639	4.075119e-03	0.000000e+00	0.000000e+00	0.000000e+00	
640	4.085119e-03	0.000000e+00	0.000000e+00	0.000000e+00	
641	4.095119e-03	0.000000e+00	0.000000e+00	0.000000e+00	
642	4.105119e-03	0.000000e+00	0.000000e+00	0.000000e+00	
643	4.115119e-03	0.000000e+00	0.000000e+00	0.000000e+00	
644	4.125119e-03	0.000000e+00	0.000000e+00	0.000000e+00	
645	4.135119e-03	0.000000e+00	0.000000e+00	0.000000e+00	
646	4.145119e-03	0.000000e+00	0.000000e+00	0.000000e+00	
647	4.155119e-03	0.000000e+00	0.000000e+00	0.000000e+00	
648	4.165119e-03	0.000000e+00	0.000000e+00	0.000000e+00	
649	4.175119e-03	0.000000e+00	0.000000e+00	0.000000e+00	
650	4.185119e-03	0.000000e+00	0.000000e+00	0.000000e+00	
651	4.195119e-03	0.000000e+00	0.000000e+00	0.000000e+00	
652	4.205119e-03	0.000000e+00	0.000000e+00	0.000000e+00	
653	4.215119e-03	0.000000e+00	0.000000e+00	0.000000e+00	
654	4.225119e-03	0.000000e+00	0.000000e+00	0.000000e+00	
655	4.235119e-03	0.000000e+00	0.000000e+00	0.000000e+00	
656	4.245119e-03	0.000000e+00	0.000000e+00	0.000000e+00	
657	4.255119e-03	0.000000e+00	0.000000e+00	0.000000e+00	
658	4.265119e-03	0.000000e+00	0.000000e+00	0.000000e+00	
659	4.275119e-03	0.000000e+00	0.000000e+00	0.000000e+00	
660	4.285119e-03	0.000000e+00	0.000000e+00	0.000000e+00	
661	4.295119e-03	0.000000e+00	0.000000e+00	0.000000e+00	
662	4.305119e-03	0.000000e+00	0.000000e+00	0.000000e+00	
663	4.315119e-03	0.000000e+00	0.000000e+00	0.000000e+00	
664	4.325119e-03	0.000000e+00	0.000000e+00	0.000000e+00	
665	4.335119e-03	0.000000e+00	0.000000e+00	0.000000e+00	
666	4.345119e-03	0.000000e+00	0.000000e+00	0.000000e+00	
667	4.355119e-03	0.000000e+00	0.000000e+00	0.000000e+00	
668	4.365119e-03	0.000000e+00	0.000000e+00	0.000000e+00	
669	4.375119e-03	0.000000e+00	0.000000e+00	0.000000e+00	
670	4.385119e-03	0.000000e+00	0.000000e+00	0.000000e+00	
671	4.395119e-03	0.000000e+00	0.000000e+00	0.000000e+00	
672	4.405119e-03	0.000000e+00	0.000000e+00	0.000000e+00	
673	4.415119e-03	0.000000e+00	0.000000e+00	0.000000e+00	
674	4.425119e-03	0.000000e+00	0.000000e+00	0.000000e+00	
675	4.435119e-03	0.000000e+00	0.000000e+00	0.000000e+00	
676	4.445119e-03	0.000000e+00	0.000000e+00	0.000000e+00	
677	4.455119e-03	0.000000e+00	0.000000e+00	0.000000e+00	
678	4.465119e-03	0.000000e+00	0.000000e+00	0.000000e+00	
679	4.475119e-03	0.000000e+00	0.000000e+00	0.000000e+00	
680	4.485119e-03	0.000000e+00	0.000000e+00	0.000000e+00	
681	4.495119e-03	0.000000e+00	0.000000e+00	0.000000e+00	
682	4.505119e-03	0.000000e+00	0.000000e+00	0.000000e+00	
683	4.515119e-03	0.000000e+00	0.000000e+00	0.000000e+00	
684	4.525119e-03	0.000000e+00	0.000000e+00	0.000000e+00	
685	4.535119e-03	0.000000e+00	0.000000e+00	0.000000e+00	
686	4.545119e-03	0.000000e+00	0.000000e+00	0.000000e+00	
687	4.555119e-03	0.000000e+00	0.000000e+00	0.000000e+00	
688	4.565119e-03	0.000000e+00	0.000000e+00	0.000000e+00	
689	4.575119e-03	0.000000e+00	0.000000e+00	0.000000e+00	
690	4.585119e-03	0.000000e+00	0.000000e+00	0.000000e+00	
691	4.595119e-03	0.000000e+00	0.000000e+00	0.000000e+00	
692	4.605119e-03	0.000000e+00	0.000000e+00	0.000000e+00	

Index   time            a22#branch_1_0  a25#branch_1_0  v1#branch       
--------------------------------------------------------------------------------
693	4.615119e-03	0.000000e+00	0.000000e+00	0.000000e+00	
694	4.625119e-03	0.000000e+00	0.000000e+00	0.000000e+00	
695	4.635119e-03	0.000000e+00	0.000000e+00	0.000000e+00	
696	4.645119e-03	0.000000e+00	0.000000e+00	0.000000e+00	
697	4.655119e-03	0.000000e+00	0.000000e+00	0.000000e+00	
698	4.665119e-03	0.000000e+00	0.000000e+00	0.000000e+00	
699	4.675119e-03	0.000000e+00	0.000000e+00	0.000000e+00	
700	4.685119e-03	0.000000e+00	0.000000e+00	0.000000e+00	
701	4.695119e-03	0.000000e+00	0.000000e+00	0.000000e+00	
702	4.705119e-03	0.000000e+00	0.000000e+00	0.000000e+00	
703	4.715119e-03	0.000000e+00	0.000000e+00	0.000000e+00	
704	4.725119e-03	0.000000e+00	0.000000e+00	0.000000e+00	
705	4.735119e-03	0.000000e+00	0.000000e+00	0.000000e+00	
706	4.745119e-03	0.000000e+00	0.000000e+00	0.000000e+00	
707	4.755119e-03	0.000000e+00	0.000000e+00	0.000000e+00	
708	4.765119e-03	0.000000e+00	0.000000e+00	0.000000e+00	
709	4.775119e-03	0.000000e+00	0.000000e+00	0.000000e+00	
710	4.785119e-03	0.000000e+00	0.000000e+00	0.000000e+00	
711	4.795119e-03	0.000000e+00	0.000000e+00	0.000000e+00	
712	4.805119e-03	0.000000e+00	0.000000e+00	0.000000e+00	
713	4.815119e-03	0.000000e+00	0.000000e+00	0.000000e+00	
714	4.825119e-03	0.000000e+00	0.000000e+00	0.000000e+00	
715	4.835119e-03	0.000000e+00	0.000000e+00	0.000000e+00	
716	4.845119e-03	0.000000e+00	0.000000e+00	0.000000e+00	
717	4.855119e-03	0.000000e+00	0.000000e+00	0.000000e+00	
718	4.865119e-03	0.000000e+00	0.000000e+00	0.000000e+00	
719	4.875119e-03	0.000000e+00	0.000000e+00	0.000000e+00	
720	4.885119e-03	0.000000e+00	0.000000e+00	0.000000e+00	
721	4.895119e-03	0.000000e+00	0.000000e+00	0.000000e+00	
722	4.905119e-03	0.000000e+00	0.000000e+00	0.000000e+00	
723	4.915119e-03	0.000000e+00	0.000000e+00	0.000000e+00	
724	4.925119e-03	0.000000e+00	0.000000e+00	0.000000e+00	
725	4.935119e-03	0.000000e+00	0.000000e+00	0.000000e+00	
726	4.945119e-03	0.000000e+00	0.000000e+00	0.000000e+00	
727	4.955119e-03	0.000000e+00	0.000000e+00	0.000000e+00	
728	4.965119e-03	0.000000e+00	0.000000e+00	0.000000e+00	
729	4.975119e-03	0.000000e+00	0.000000e+00	0.000000e+00	
730	4.985119e-03	0.000000e+00	0.000000e+00	0.000000e+00	
731	4.995119e-03	0.000000e+00	0.000000e+00	0.000000e+00	
732	5.000010e-03	0.000000e+00	0.000000e+00	0.000000e+00	
733	5.000011e-03	0.000000e+00	0.000000e+00	0.000000e+00	
734	5.000013e-03	0.000000e+00	0.000000e+00	0.000000e+00	
735	5.000017e-03	0.000000e+00	0.000000e+00	0.000000e+00	
736	5.000019e-03	0.000000e+00	0.000000e+00	0.000000e+00	
737	5.000019e-03	0.000000e+00	0.000000e+00	0.000000e+00	
738	5.000019e-03	0.000000e+00	0.000000e+00	0.000000e+00	
739	5.000020e-03	0.000000e+00	0.000000e+00	0.000000e+00	
740	5.000020e-03	0.000000e+00	0.000000e+00	0.000000e+00	
741	5.000020e-03	0.000000e+00	0.000000e+00	0.000000e+00	
742	5.000020e-03	0.000000e+00	0.000000e+00	0.000000e+00	
743	5.000020e-03	0.000000e+00	0.000000e+00	0.000000e+00	
744	5.000020e-03	0.000000e+00	0.000000e+00	0.000000e+00	
745	5.000020e-03	0.000000e+00	0.000000e+00	0.000000e+00	
746	5.000020e-03	0.000000e+00	0.000000e+00	0.000000e+00	
747	5.000020e-03	0.000000e+00	0.000000e+00	0.000000e+00	
748	5.000020e-03	0.000000e+00	0.000000e+00	0.000000e+00	
749	5.000020e-03	0.000000e+00	0.000000e+00	0.000000e+00	
750	5.000021e-03	0.000000e+00	0.000000e+00	0.000000e+00	

Index   time            a22#branch_1_0  a25#branch_1_0  v1#branch       
--------------------------------------------------------------------------------
751	5.000021e-03	0.000000e+00	0.000000e+00	0.000000e+00	
752	5.000022e-03	0.000000e+00	0.000000e+00	0.000000e+00	
753	5.000023e-03	0.000000e+00	0.000000e+00	0.000000e+00	
754	5.000023e-03	0.000000e+00	0.000000e+00	0.000000e+00	
755	5.000023e-03	0.000000e+00	0.000000e+00	0.000000e+00	
756	5.000023e-03	0.000000e+00	0.000000e+00	0.000000e+00	
757	5.000023e-03	0.000000e+00	0.000000e+00	0.000000e+00	
758	5.000023e-03	0.000000e+00	0.000000e+00	0.000000e+00	
759	5.000023e-03	0.000000e+00	0.000000e+00	0.000000e+00	
760	5.000023e-03	0.000000e+00	0.000000e+00	0.000000e+00	
761	5.000023e-03	0.000000e+00	0.000000e+00	0.000000e+00	
762	5.000023e-03	0.000000e+00	0.000000e+00	0.000000e+00	
763	5.000024e-03	0.000000e+00	0.000000e+00	0.000000e+00	
764	5.000024e-03	0.000000e+00	0.000000e+00	0.000000e+00	
765	5.000025e-03	0.000000e+00	0.000000e+00	0.000000e+00	
766	5.000027e-03	0.000000e+00	0.000000e+00	0.000000e+00	
767	5.000031e-03	0.000000e+00	0.000000e+00	0.000000e+00	
768	5.000039e-03	0.000000e+00	0.000000e+00	0.000000e+00	
769	5.000056e-03	0.000000e+00	0.000000e+00	0.000000e+00	
770	5.000089e-03	0.000000e+00	0.000000e+00	0.000000e+00	
771	5.000154e-03	0.000000e+00	0.000000e+00	0.000000e+00	
772	5.000285e-03	0.000000e+00	0.000000e+00	0.000000e+00	
773	5.000547e-03	0.000000e+00	0.000000e+00	0.000000e+00	
774	5.001072e-03	0.000000e+00	0.000000e+00	0.000000e+00	
775	5.002120e-03	0.000000e+00	0.000000e+00	0.000000e+00	
776	5.004217e-03	0.000000e+00	0.000000e+00	0.000000e+00	
777	5.008412e-03	0.000000e+00	0.000000e+00	0.000000e+00	
778	5.016800e-03	0.000000e+00	0.000000e+00	0.000000e+00	
779	5.026800e-03	0.000000e+00	0.000000e+00	0.000000e+00	
780	5.036800e-03	0.000000e+00	0.000000e+00	0.000000e+00	
781	5.046800e-03	0.000000e+00	0.000000e+00	0.000000e+00	
782	5.056800e-03	0.000000e+00	0.000000e+00	0.000000e+00	
783	5.066800e-03	0.000000e+00	0.000000e+00	0.000000e+00	
784	5.076800e-03	0.000000e+00	0.000000e+00	0.000000e+00	
785	5.086800e-03	0.000000e+00	0.000000e+00	0.000000e+00	
786	5.096800e-03	0.000000e+00	0.000000e+00	0.000000e+00	
787	5.106800e-03	0.000000e+00	0.000000e+00	0.000000e+00	
788	5.116800e-03	0.000000e+00	0.000000e+00	0.000000e+00	
789	5.126800e-03	0.000000e+00	0.000000e+00	0.000000e+00	
790	5.136800e-03	0.000000e+00	0.000000e+00	0.000000e+00	
791	5.146800e-03	0.000000e+00	0.000000e+00	0.000000e+00	
792	5.156800e-03	0.000000e+00	0.000000e+00	0.000000e+00	
793	5.166800e-03	0.000000e+00	0.000000e+00	0.000000e+00	
794	5.176800e-03	0.000000e+00	0.000000e+00	0.000000e+00	
795	5.186800e-03	0.000000e+00	0.000000e+00	0.000000e+00	
796	5.196800e-03	0.000000e+00	0.000000e+00	0.000000e+00	
797	5.206800e-03	0.000000e+00	0.000000e+00	0.000000e+00	
798	5.216800e-03	0.000000e+00	0.000000e+00	0.000000e+00	
799	5.226800e-03	0.000000e+00	0.000000e+00	0.000000e+00	
800	5.236800e-03	0.000000e+00	0.000000e+00	0.000000e+00	
801	5.246800e-03	0.000000e+00	0.000000e+00	0.000000e+00	
802	5.256800e-03	0.000000e+00	0.000000e+00	0.000000e+00	
803	5.266800e-03	0.000000e+00	0.000000e+00	0.000000e+00	
804	5.276800e-03	0.000000e+00	0.000000e+00	0.000000e+00	
805	5.286800e-03	0.000000e+00	0.000000e+00	0.000000e+00	
806	5.296800e-03	0.000000e+00	0.000000e+00	0.000000e+00	
807	5.306800e-03	0.000000e+00	0.000000e+00	0.000000e+00	
808	5.316800e-03	0.000000e+00	0.000000e+00	0.000000e+00	

Index   time            a22#branch_1_0  a25#branch_1_0  v1#branch       
--------------------------------------------------------------------------------
809	5.326800e-03	0.000000e+00	0.000000e+00	0.000000e+00	
810	5.336800e-03	0.000000e+00	0.000000e+00	0.000000e+00	
811	5.346800e-03	0.000000e+00	0.000000e+00	0.000000e+00	
812	5.356800e-03	0.000000e+00	0.000000e+00	0.000000e+00	
813	5.366800e-03	0.000000e+00	0.000000e+00	0.000000e+00	
814	5.376800e-03	0.000000e+00	0.000000e+00	0.000000e+00	
815	5.386800e-03	0.000000e+00	0.000000e+00	0.000000e+00	
816	5.396800e-03	0.000000e+00	0.000000e+00	0.000000e+00	
817	5.406800e-03	0.000000e+00	0.000000e+00	0.000000e+00	
818	5.416800e-03	0.000000e+00	0.000000e+00	0.000000e+00	
819	5.426800e-03	0.000000e+00	0.000000e+00	0.000000e+00	
820	5.436800e-03	0.000000e+00	0.000000e+00	0.000000e+00	
821	5.446800e-03	0.000000e+00	0.000000e+00	0.000000e+00	
822	5.456800e-03	0.000000e+00	0.000000e+00	0.000000e+00	
823	5.466800e-03	0.000000e+00	0.000000e+00	0.000000e+00	
824	5.476800e-03	0.000000e+00	0.000000e+00	0.000000e+00	
825	5.486800e-03	0.000000e+00	0.000000e+00	0.000000e+00	
826	5.496800e-03	0.000000e+00	0.000000e+00	0.000000e+00	
827	5.506800e-03	0.000000e+00	0.000000e+00	0.000000e+00	
828	5.516800e-03	0.000000e+00	0.000000e+00	0.000000e+00	
829	5.526800e-03	0.000000e+00	0.000000e+00	0.000000e+00	
830	5.536800e-03	0.000000e+00	0.000000e+00	0.000000e+00	
831	5.546800e-03	0.000000e+00	0.000000e+00	0.000000e+00	
832	5.556800e-03	0.000000e+00	0.000000e+00	0.000000e+00	
833	5.566800e-03	0.000000e+00	0.000000e+00	0.000000e+00	
834	5.576800e-03	0.000000e+00	0.000000e+00	0.000000e+00	
835	5.586800e-03	0.000000e+00	0.000000e+00	0.000000e+00	
836	5.596800e-03	0.000000e+00	0.000000e+00	0.000000e+00	
837	5.606800e-03	0.000000e+00	0.000000e+00	0.000000e+00	
838	5.616800e-03	0.000000e+00	0.000000e+00	0.000000e+00	
839	5.626800e-03	0.000000e+00	0.000000e+00	0.000000e+00	
840	5.636800e-03	0.000000e+00	0.000000e+00	0.000000e+00	
841	5.646800e-03	0.000000e+00	0.000000e+00	0.000000e+00	
842	5.656800e-03	0.000000e+00	0.000000e+00	0.000000e+00	
843	5.666800e-03	0.000000e+00	0.000000e+00	0.000000e+00	
844	5.676800e-03	0.000000e+00	0.000000e+00	0.000000e+00	
845	5.686800e-03	0.000000e+00	0.000000e+00	0.000000e+00	
846	5.696800e-03	0.000000e+00	0.000000e+00	0.000000e+00	
847	5.706800e-03	0.000000e+00	0.000000e+00	0.000000e+00	
848	5.716800e-03	0.000000e+00	0.000000e+00	0.000000e+00	
849	5.726800e-03	0.000000e+00	0.000000e+00	0.000000e+00	
850	5.736800e-03	0.000000e+00	0.000000e+00	0.000000e+00	
851	5.746800e-03	0.000000e+00	0.000000e+00	0.000000e+00	
852	5.756800e-03	0.000000e+00	0.000000e+00	0.000000e+00	
853	5.766800e-03	0.000000e+00	0.000000e+00	0.000000e+00	
854	5.776800e-03	0.000000e+00	0.000000e+00	0.000000e+00	
855	5.786800e-03	0.000000e+00	0.000000e+00	0.000000e+00	
856	5.796800e-03	0.000000e+00	0.000000e+00	0.000000e+00	
857	5.806800e-03	0.000000e+00	0.000000e+00	0.000000e+00	
858	5.816800e-03	0.000000e+00	0.000000e+00	0.000000e+00	
859	5.826800e-03	0.000000e+00	0.000000e+00	0.000000e+00	
860	5.836800e-03	0.000000e+00	0.000000e+00	0.000000e+00	
861	5.846800e-03	0.000000e+00	0.000000e+00	0.000000e+00	
862	5.856800e-03	0.000000e+00	0.000000e+00	0.000000e+00	
863	5.866800e-03	0.000000e+00	0.000000e+00	0.000000e+00	
864	5.876800e-03	0.000000e+00	0.000000e+00	0.000000e+00	
865	5.886800e-03	0.000000e+00	0.000000e+00	0.000000e+00	
866	5.896800e-03	0.000000e+00	0.000000e+00	0.000000e+00	

Index   time            a22#branch_1_0  a25#branch_1_0  v1#branch       
--------------------------------------------------------------------------------
867	5.906800e-03	0.000000e+00	0.000000e+00	0.000000e+00	
868	5.916800e-03	0.000000e+00	0.000000e+00	0.000000e+00	
869	5.926800e-03	0.000000e+00	0.000000e+00	0.000000e+00	
870	5.936800e-03	0.000000e+00	0.000000e+00	0.000000e+00	
871	5.946800e-03	0.000000e+00	0.000000e+00	0.000000e+00	
872	5.956800e-03	0.000000e+00	0.000000e+00	0.000000e+00	
873	5.966800e-03	0.000000e+00	0.000000e+00	0.000000e+00	
874	5.976800e-03	0.000000e+00	0.000000e+00	0.000000e+00	
875	5.986800e-03	0.000000e+00	0.000000e+00	0.000000e+00	
876	5.996800e-03	0.000000e+00	0.000000e+00	0.000000e+00	
877	6.000000e-03	0.000000e+00	0.000000e+00	0.000000e+00	
878	6.000001e-03	0.000000e+00	0.000000e+00	0.000000e+00	
879	6.000003e-03	0.000000e+00	0.000000e+00	0.000000e+00	
880	6.000007e-03	0.000000e+00	0.000000e+00	0.000000e+00	
881	6.000010e-03	0.000000e+00	0.000000e+00	0.000000e+00	
882	6.000011e-03	0.000000e+00	0.000000e+00	0.000000e+00	
883	6.000012e-03	0.000000e+00	0.000000e+00	0.000000e+00	
884	6.000013e-03	0.000000e+00	0.000000e+00	0.000000e+00	
885	6.000013e-03	0.000000e+00	0.000000e+00	0.000000e+00	
886	6.000013e-03	0.000000e+00	0.000000e+00	0.000000e+00	
887	6.000013e-03	0.000000e+00	0.000000e+00	0.000000e+00	
888	6.000013e-03	0.000000e+00	0.000000e+00	0.000000e+00	
889	6.000013e-03	0.000000e+00	0.000000e+00	0.000000e+00	
890	6.000013e-03	0.000000e+00	0.000000e+00	0.000000e+00	
891	6.000013e-03	0.000000e+00	0.000000e+00	0.000000e+00	
892	6.000013e-03	0.000000e+00	0.000000e+00	0.000000e+00	
893	6.000013e-03	0.000000e+00	0.000000e+00	0.000000e+00	
894	6.000014e-03	0.000000e+00	0.000000e+00	0.000000e+00	
895	6.000014e-03	0.000000e+00	0.000000e+00	0.000000e+00	
896	6.000015e-03	0.000000e+00	0.000000e+00	0.000000e+00	
897	6.000016e-03	0.000000e+00	0.000000e+00	0.000000e+00	
898	6.000016e-03	0.000000e+00	0.000000e+00	0.000000e+00	
899	6.000016e-03	0.000000e+00	0.000000e+00	0.000000e+00	
900	6.000017e-03	0.000000e+00	0.000000e+00	0.000000e+00	
901	6.000017e-03	0.000000e+00	0.000000e+00	0.000000e+00	
902	6.000017e-03	0.000000e+00	0.000000e+00	0.000000e+00	
903	6.000017e-03	0.000000e+00	0.000000e+00	0.000000e+00	
904	6.000017e-03	0.000000e+00	0.000000e+00	0.000000e+00	
905	6.000018e-03	0.000000e+00	0.000000e+00	0.000000e+00	
906	6.000019e-03	0.000000e+00	0.000000e+00	0.000000e+00	
907	6.000020e-03	0.000000e+00	0.000000e+00	0.000000e+00	
908	6.000020e-03	0.000000e+00	0.000000e+00	0.000000e+00	
909	6.000021e-03	0.000000e+00	0.000000e+00	0.000000e+00	
910	6.000022e-03	0.000000e+00	0.000000e+00	0.000000e+00	
911	6.000023e-03	0.000000e+00	0.000000e+00	0.000000e+00	
912	6.000027e-03	0.000000e+00	0.000000e+00	0.000000e+00	
913	6.000035e-03	0.000000e+00	0.000000e+00	0.000000e+00	
914	6.000049e-03	0.000000e+00	0.000000e+00	0.000000e+00	
915	6.000079e-03	0.000000e+00	0.000000e+00	0.000000e+00	
916	6.000138e-03	0.000000e+00	0.000000e+00	0.000000e+00	
917	6.000256e-03	0.000000e+00	0.000000e+00	0.000000e+00	
918	6.000492e-03	0.000000e+00	0.000000e+00	0.000000e+00	
919	6.000963e-03	0.000000e+00	0.000000e+00	0.000000e+00	
920	6.001907e-03	0.000000e+00	0.000000e+00	0.000000e+00	
921	6.003795e-03	0.000000e+00	0.000000e+00	0.000000e+00	
922	6.007570e-03	0.000000e+00	0.000000e+00	0.000000e+00	
923	6.015119e-03	0.000000e+00	0.000000e+00	0.000000e+00	
924	6.025119e-03	0.000000e+00	0.000000e+00	0.000000e+00	

Index   time            a22#branch_1_0  a25#branch_1_0  v1#branch       
--------------------------------------------------------------------------------
925	6.035119e-03	0.000000e+00	0.000000e+00	0.000000e+00	
926	6.045119e-03	0.000000e+00	0.000000e+00	0.000000e+00	
927	6.055119e-03	0.000000e+00	0.000000e+00	0.000000e+00	
928	6.065119e-03	0.000000e+00	0.000000e+00	0.000000e+00	
929	6.075119e-03	0.000000e+00	0.000000e+00	0.000000e+00	
930	6.085119e-03	0.000000e+00	0.000000e+00	0.000000e+00	
931	6.095119e-03	0.000000e+00	0.000000e+00	0.000000e+00	
932	6.105119e-03	0.000000e+00	0.000000e+00	0.000000e+00	
933	6.115119e-03	0.000000e+00	0.000000e+00	0.000000e+00	
934	6.125119e-03	0.000000e+00	0.000000e+00	0.000000e+00	
935	6.135119e-03	0.000000e+00	0.000000e+00	0.000000e+00	
936	6.145119e-03	0.000000e+00	0.000000e+00	0.000000e+00	
937	6.155119e-03	0.000000e+00	0.000000e+00	0.000000e+00	
938	6.165119e-03	0.000000e+00	0.000000e+00	0.000000e+00	
939	6.175119e-03	0.000000e+00	0.000000e+00	0.000000e+00	
940	6.185119e-03	0.000000e+00	0.000000e+00	0.000000e+00	
941	6.195119e-03	0.000000e+00	0.000000e+00	0.000000e+00	
942	6.205119e-03	0.000000e+00	0.000000e+00	0.000000e+00	
943	6.215119e-03	0.000000e+00	0.000000e+00	0.000000e+00	
944	6.225119e-03	0.000000e+00	0.000000e+00	0.000000e+00	
945	6.235119e-03	0.000000e+00	0.000000e+00	0.000000e+00	
946	6.245119e-03	0.000000e+00	0.000000e+00	0.000000e+00	
947	6.255119e-03	0.000000e+00	0.000000e+00	0.000000e+00	
948	6.265119e-03	0.000000e+00	0.000000e+00	0.000000e+00	
949	6.275119e-03	0.000000e+00	0.000000e+00	0.000000e+00	
950	6.285119e-03	0.000000e+00	0.000000e+00	0.000000e+00	
951	6.295119e-03	0.000000e+00	0.000000e+00	0.000000e+00	
952	6.305119e-03	0.000000e+00	0.000000e+00	0.000000e+00	
953	6.315119e-03	0.000000e+00	0.000000e+00	0.000000e+00	
954	6.325119e-03	0.000000e+00	0.000000e+00	0.000000e+00	
955	6.335119e-03	0.000000e+00	0.000000e+00	0.000000e+00	
956	6.345119e-03	0.000000e+00	0.000000e+00	0.000000e+00	
957	6.355119e-03	0.000000e+00	0.000000e+00	0.000000e+00	
958	6.365119e-03	0.000000e+00	0.000000e+00	0.000000e+00	
959	6.375119e-03	0.000000e+00	0.000000e+00	0.000000e+00	
960	6.385119e-03	0.000000e+00	0.000000e+00	0.000000e+00	
961	6.395119e-03	0.000000e+00	0.000000e+00	0.000000e+00	
962	6.405119e-03	0.000000e+00	0.000000e+00	0.000000e+00	
963	6.415119e-03	0.000000e+00	0.000000e+00	0.000000e+00	
964	6.425119e-03	0.000000e+00	0.000000e+00	0.000000e+00	
965	6.435119e-03	0.000000e+00	0.000000e+00	0.000000e+00	
966	6.445119e-03	0.000000e+00	0.000000e+00	0.000000e+00	
967	6.455119e-03	0.000000e+00	0.000000e+00	0.000000e+00	
968	6.465119e-03	0.000000e+00	0.000000e+00	0.000000e+00	
969	6.475119e-03	0.000000e+00	0.000000e+00	0.000000e+00	
970	6.485119e-03	0.000000e+00	0.000000e+00	0.000000e+00	
971	6.495119e-03	0.000000e+00	0.000000e+00	0.000000e+00	
972	6.505119e-03	0.000000e+00	0.000000e+00	0.000000e+00	
973	6.515119e-03	0.000000e+00	0.000000e+00	0.000000e+00	
974	6.525119e-03	0.000000e+00	0.000000e+00	0.000000e+00	
975	6.535119e-03	0.000000e+00	0.000000e+00	0.000000e+00	
976	6.545119e-03	0.000000e+00	0.000000e+00	0.000000e+00	
977	6.555119e-03	0.000000e+00	0.000000e+00	0.000000e+00	
978	6.565119e-03	0.000000e+00	0.000000e+00	0.000000e+00	
979	6.575119e-03	0.000000e+00	0.000000e+00	0.000000e+00	
980	6.585119e-03	0.000000e+00	0.000000e+00	0.000000e+00	
981	6.595119e-03	0.000000e+00	0.000000e+00	0.000000e+00	
982	6.605119e-03	0.000000e+00	0.000000e+00	0.000000e+00	

Index   time            a22#branch_1_0  a25#branch_1_0  v1#branch       
--------------------------------------------------------------------------------
983	6.615119e-03	0.000000e+00	0.000000e+00	0.000000e+00	
984	6.625119e-03	0.000000e+00	0.000000e+00	0.000000e+00	
985	6.635119e-03	0.000000e+00	0.000000e+00	0.000000e+00	
986	6.645119e-03	0.000000e+00	0.000000e+00	0.000000e+00	
987	6.655119e-03	0.000000e+00	0.000000e+00	0.000000e+00	
988	6.665119e-03	0.000000e+00	0.000000e+00	0.000000e+00	
989	6.675119e-03	0.000000e+00	0.000000e+00	0.000000e+00	
990	6.685119e-03	0.000000e+00	0.000000e+00	0.000000e+00	
991	6.695119e-03	0.000000e+00	0.000000e+00	0.000000e+00	
992	6.705119e-03	0.000000e+00	0.000000e+00	0.000000e+00	
993	6.715119e-03	0.000000e+00	0.000000e+00	0.000000e+00	
994	6.725119e-03	0.000000e+00	0.000000e+00	0.000000e+00	
995	6.735119e-03	0.000000e+00	0.000000e+00	0.000000e+00	
996	6.745119e-03	0.000000e+00	0.000000e+00	0.000000e+00	
997	6.755119e-03	0.000000e+00	0.000000e+00	0.000000e+00	
998	6.765119e-03	0.000000e+00	0.000000e+00	0.000000e+00	
999	6.775119e-03	0.000000e+00	0.000000e+00	0.000000e+00	
1000	6.785119e-03	0.000000e+00	0.000000e+00	0.000000e+00	
1001	6.795119e-03	0.000000e+00	0.000000e+00	0.000000e+00	
1002	6.805119e-03	0.000000e+00	0.000000e+00	0.000000e+00	
1003	6.815119e-03	0.000000e+00	0.000000e+00	0.000000e+00	
1004	6.825119e-03	0.000000e+00	0.000000e+00	0.000000e+00	
1005	6.835119e-03	0.000000e+00	0.000000e+00	0.000000e+00	
1006	6.845119e-03	0.000000e+00	0.000000e+00	0.000000e+00	
1007	6.855119e-03	0.000000e+00	0.000000e+00	0.000000e+00	
1008	6.865119e-03	0.000000e+00	0.000000e+00	0.000000e+00	
1009	6.875119e-03	0.000000e+00	0.000000e+00	0.000000e+00	
1010	6.885119e-03	0.000000e+00	0.000000e+00	0.000000e+00	
1011	6.895119e-03	0.000000e+00	0.000000e+00	0.000000e+00	
1012	6.905119e-03	0.000000e+00	0.000000e+00	0.000000e+00	
1013	6.915119e-03	0.000000e+00	0.000000e+00	0.000000e+00	
1014	6.925119e-03	0.000000e+00	0.000000e+00	0.000000e+00	
1015	6.935119e-03	0.000000e+00	0.000000e+00	0.000000e+00	
1016	6.945119e-03	0.000000e+00	0.000000e+00	0.000000e+00	
1017	6.955119e-03	0.000000e+00	0.000000e+00	0.000000e+00	
1018	6.965119e-03	0.000000e+00	0.000000e+00	0.000000e+00	
1019	6.975119e-03	0.000000e+00	0.000000e+00	0.000000e+00	
1020	6.985119e-03	0.000000e+00	0.000000e+00	0.000000e+00	
1021	6.995119e-03	0.000000e+00	0.000000e+00	0.000000e+00	
1022	7.000010e-03	0.000000e+00	0.000000e+00	0.000000e+00	
1023	7.000011e-03	0.000000e+00	0.000000e+00	0.000000e+00	
1024	7.000013e-03	0.000000e+00	0.000000e+00	0.000000e+00	
1025	7.000017e-03	0.000000e+00	0.000000e+00	0.000000e+00	
1026	7.000019e-03	0.000000e+00	0.000000e+00	0.000000e+00	
1027	7.000019e-03	0.000000e+00	0.000000e+00	0.000000e+00	
1028	7.000019e-03	0.000000e+00	0.000000e+00	0.000000e+00	
1029	7.000020e-03	0.000000e+00	0.000000e+00	0.000000e+00	
1030	7.000020e-03	0.000000e+00	0.000000e+00	0.000000e+00	
1031	7.000020e-03	0.000000e+00	0.000000e+00	0.000000e+00	
1032	7.000020e-03	0.000000e+00	0.000000e+00	0.000000e+00	
1033	7.000020e-03	0.000000e+00	0.000000e+00	0.000000e+00	
1034	7.000020e-03	0.000000e+00	0.000000e+00	0.000000e+00	
1035	7.000020e-03	0.000000e+00	0.000000e+00	0.000000e+00	
1036	7.000020e-03	0.000000e+00	0.000000e+00	0.000000e+00	
1037	7.000020e-03	0.000000e+00	0.000000e+00	0.000000e+00	
1038	7.000020e-03	0.000000e+00	0.000000e+00	0.000000e+00	
1039	7.000020e-03	0.000000e+00	0.000000e+00	0.000000e+00	
1040	7.000021e-03	0.000000e+00	0.000000e+00	0.000000e+00	

Index   time            a22#branch_1_0  a25#branch_1_0  v1#branch       
--------------------------------------------------------------------------------
1041	7.000021e-03	0.000000e+00	0.000000e+00	0.000000e+00	
1042	7.000022e-03	0.000000e+00	0.000000e+00	0.000000e+00	
1043	7.000023e-03	0.000000e+00	0.000000e+00	0.000000e+00	
1044	7.000023e-03	0.000000e+00	0.000000e+00	0.000000e+00	
1045	7.000023e-03	0.000000e+00	0.000000e+00	0.000000e+00	
1046	7.000023e-03	0.000000e+00	0.000000e+00	0.000000e+00	
1047	7.000023e-03	0.000000e+00	0.000000e+00	0.000000e+00	
1048	7.000023e-03	0.000000e+00	0.000000e+00	0.000000e+00	
1049	7.000023e-03	0.000000e+00	0.000000e+00	0.000000e+00	
1050	7.000023e-03	0.000000e+00	0.000000e+00	0.000000e+00	
1051	7.000023e-03	0.000000e+00	0.000000e+00	0.000000e+00	
1052	7.000023e-03	0.000000e+00	0.000000e+00	0.000000e+00	
1053	7.000024e-03	0.000000e+00	0.000000e+00	0.000000e+00	
1054	7.000024e-03	0.000000e+00	0.000000e+00	0.000000e+00	
1055	7.000025e-03	0.000000e+00	0.000000e+00	0.000000e+00	
1056	7.000027e-03	0.000000e+00	0.000000e+00	0.000000e+00	
1057	7.000031e-03	0.000000e+00	0.000000e+00	0.000000e+00	
1058	7.000039e-03	0.000000e+00	0.000000e+00	0.000000e+00	
1059	7.000056e-03	0.000000e+00	0.000000e+00	0.000000e+00	
1060	7.000089e-03	0.000000e+00	0.000000e+00	0.000000e+00	
1061	7.000154e-03	0.000000e+00	0.000000e+00	0.000000e+00	
1062	7.000285e-03	0.000000e+00	0.000000e+00	0.000000e+00	
1063	7.000547e-03	0.000000e+00	0.000000e+00	0.000000e+00	
1064	7.001072e-03	0.000000e+00	0.000000e+00	0.000000e+00	
1065	7.002120e-03	0.000000e+00	0.000000e+00	0.000000e+00	
1066	7.004217e-03	0.000000e+00	0.000000e+00	0.000000e+00	
1067	7.008412e-03	0.000000e+00	0.000000e+00	0.000000e+00	
1068	7.016800e-03	0.000000e+00	0.000000e+00	0.000000e+00	
1069	7.026800e-03	0.000000e+00	0.000000e+00	0.000000e+00	
1070	7.036800e-03	0.000000e+00	0.000000e+00	0.000000e+00	
1071	7.046800e-03	0.000000e+00	0.000000e+00	0.000000e+00	
1072	7.056800e-03	0.000000e+00	0.000000e+00	0.000000e+00	
1073	7.066800e-03	0.000000e+00	0.000000e+00	0.000000e+00	
1074	7.076800e-03	0.000000e+00	0.000000e+00	0.000000e+00	
1075	7.086800e-03	0.000000e+00	0.000000e+00	0.000000e+00	
1076	7.096800e-03	0.000000e+00	0.000000e+00	0.000000e+00	
1077	7.106800e-03	0.000000e+00	0.000000e+00	0.000000e+00	
1078	7.116800e-03	0.000000e+00	0.000000e+00	0.000000e+00	
1079	7.126800e-03	0.000000e+00	0.000000e+00	0.000000e+00	
1080	7.136800e-03	0.000000e+00	0.000000e+00	0.000000e+00	
1081	7.146800e-03	0.000000e+00	0.000000e+00	0.000000e+00	
1082	7.156800e-03	0.000000e+00	0.000000e+00	0.000000e+00	
1083	7.166800e-03	0.000000e+00	0.000000e+00	0.000000e+00	
1084	7.176800e-03	0.000000e+00	0.000000e+00	0.000000e+00	
1085	7.186800e-03	0.000000e+00	0.000000e+00	0.000000e+00	
1086	7.196800e-03	0.000000e+00	0.000000e+00	0.000000e+00	
1087	7.206800e-03	0.000000e+00	0.000000e+00	0.000000e+00	
1088	7.216800e-03	0.000000e+00	0.000000e+00	0.000000e+00	
1089	7.226800e-03	0.000000e+00	0.000000e+00	0.000000e+00	
1090	7.236800e-03	0.000000e+00	0.000000e+00	0.000000e+00	
1091	7.246800e-03	0.000000e+00	0.000000e+00	0.000000e+00	
1092	7.256800e-03	0.000000e+00	0.000000e+00	0.000000e+00	
1093	7.266800e-03	0.000000e+00	0.000000e+00	0.000000e+00	
1094	7.276800e-03	0.000000e+00	0.000000e+00	0.000000e+00	
1095	7.286800e-03	0.000000e+00	0.000000e+00	0.000000e+00	
1096	7.296800e-03	0.000000e+00	0.000000e+00	0.000000e+00	
1097	7.306800e-03	0.000000e+00	0.000000e+00	0.000000e+00	
1098	7.316800e-03	0.000000e+00	0.000000e+00	0.000000e+00	

Index   time            a22#branch_1_0  a25#branch_1_0  v1#branch       
--------------------------------------------------------------------------------
1099	7.326800e-03	0.000000e+00	0.000000e+00	0.000000e+00	
1100	7.336800e-03	0.000000e+00	0.000000e+00	0.000000e+00	
1101	7.346800e-03	0.000000e+00	0.000000e+00	0.000000e+00	
1102	7.356800e-03	0.000000e+00	0.000000e+00	0.000000e+00	
1103	7.366800e-03	0.000000e+00	0.000000e+00	0.000000e+00	
1104	7.376800e-03	0.000000e+00	0.000000e+00	0.000000e+00	
1105	7.386800e-03	0.000000e+00	0.000000e+00	0.000000e+00	
1106	7.396800e-03	0.000000e+00	0.000000e+00	0.000000e+00	
1107	7.406800e-03	0.000000e+00	0.000000e+00	0.000000e+00	
1108	7.416800e-03	0.000000e+00	0.000000e+00	0.000000e+00	
1109	7.426800e-03	0.000000e+00	0.000000e+00	0.000000e+00	
1110	7.436800e-03	0.000000e+00	0.000000e+00	0.000000e+00	
1111	7.446800e-03	0.000000e+00	0.000000e+00	0.000000e+00	
1112	7.456800e-03	0.000000e+00	0.000000e+00	0.000000e+00	
1113	7.466800e-03	0.000000e+00	0.000000e+00	0.000000e+00	
1114	7.476800e-03	0.000000e+00	0.000000e+00	0.000000e+00	
1115	7.486800e-03	0.000000e+00	0.000000e+00	0.000000e+00	
1116	7.496800e-03	0.000000e+00	0.000000e+00	0.000000e+00	
1117	7.506800e-03	0.000000e+00	0.000000e+00	0.000000e+00	
1118	7.516800e-03	0.000000e+00	0.000000e+00	0.000000e+00	
1119	7.526800e-03	0.000000e+00	0.000000e+00	0.000000e+00	
1120	7.536800e-03	0.000000e+00	0.000000e+00	0.000000e+00	
1121	7.546800e-03	0.000000e+00	0.000000e+00	0.000000e+00	
1122	7.556800e-03	0.000000e+00	0.000000e+00	0.000000e+00	
1123	7.566800e-03	0.000000e+00	0.000000e+00	0.000000e+00	
1124	7.576800e-03	0.000000e+00	0.000000e+00	0.000000e+00	
1125	7.586800e-03	0.000000e+00	0.000000e+00	0.000000e+00	
1126	7.596800e-03	0.000000e+00	0.000000e+00	0.000000e+00	
1127	7.606800e-03	0.000000e+00	0.000000e+00	0.000000e+00	
1128	7.616800e-03	0.000000e+00	0.000000e+00	0.000000e+00	
1129	7.626800e-03	0.000000e+00	0.000000e+00	0.000000e+00	
1130	7.636800e-03	0.000000e+00	0.000000e+00	0.000000e+00	
1131	7.646800e-03	0.000000e+00	0.000000e+00	0.000000e+00	
1132	7.656800e-03	0.000000e+00	0.000000e+00	0.000000e+00	
1133	7.666800e-03	0.000000e+00	0.000000e+00	0.000000e+00	
1134	7.676800e-03	0.000000e+00	0.000000e+00	0.000000e+00	
1135	7.686800e-03	0.000000e+00	0.000000e+00	0.000000e+00	
1136	7.696800e-03	0.000000e+00	0.000000e+00	0.000000e+00	
1137	7.706800e-03	0.000000e+00	0.000000e+00	0.000000e+00	
1138	7.716800e-03	0.000000e+00	0.000000e+00	0.000000e+00	
1139	7.726800e-03	0.000000e+00	0.000000e+00	0.000000e+00	
1140	7.736800e-03	0.000000e+00	0.000000e+00	0.000000e+00	
1141	7.746800e-03	0.000000e+00	0.000000e+00	0.000000e+00	
1142	7.756800e-03	0.000000e+00	0.000000e+00	0.000000e+00	
1143	7.766800e-03	0.000000e+00	0.000000e+00	0.000000e+00	
1144	7.776800e-03	0.000000e+00	0.000000e+00	0.000000e+00	
1145	7.786800e-03	0.000000e+00	0.000000e+00	0.000000e+00	
1146	7.796800e-03	0.000000e+00	0.000000e+00	0.000000e+00	
1147	7.806800e-03	0.000000e+00	0.000000e+00	0.000000e+00	
1148	7.816800e-03	0.000000e+00	0.000000e+00	0.000000e+00	
1149	7.826800e-03	0.000000e+00	0.000000e+00	0.000000e+00	
1150	7.836800e-03	0.000000e+00	0.000000e+00	0.000000e+00	
1151	7.846800e-03	0.000000e+00	0.000000e+00	0.000000e+00	
1152	7.856800e-03	0.000000e+00	0.000000e+00	0.000000e+00	
1153	7.866800e-03	0.000000e+00	0.000000e+00	0.000000e+00	
1154	7.876800e-03	0.000000e+00	0.000000e+00	0.000000e+00	
1155	7.886800e-03	0.000000e+00	0.000000e+00	0.000000e+00	
1156	7.896800e-03	0.000000e+00	0.000000e+00	0.000000e+00	

Index   time            a22#branch_1_0  a25#branch_1_0  v1#branch       
--------------------------------------------------------------------------------
1157	7.906800e-03	0.000000e+00	0.000000e+00	0.000000e+00	
1158	7.916800e-03	0.000000e+00	0.000000e+00	0.000000e+00	
1159	7.926800e-03	0.000000e+00	0.000000e+00	0.000000e+00	
1160	7.936800e-03	0.000000e+00	0.000000e+00	0.000000e+00	
1161	7.946800e-03	0.000000e+00	0.000000e+00	0.000000e+00	
1162	7.956800e-03	0.000000e+00	0.000000e+00	0.000000e+00	
1163	7.966800e-03	0.000000e+00	0.000000e+00	0.000000e+00	
1164	7.976800e-03	0.000000e+00	0.000000e+00	0.000000e+00	
1165	7.986800e-03	0.000000e+00	0.000000e+00	0.000000e+00	
1166	7.996800e-03	0.000000e+00	0.000000e+00	0.000000e+00	
1167	8.000000e-03	0.000000e+00	0.000000e+00	0.000000e+00	

                                kicad schematic
                                Transient Analysis  Sun Nov 09 00:17:05  2025
--------------------------------------------------------------------------------
Index   time            v2#branch       v3#branch       v4#branch       
--------------------------------------------------------------------------------
0	0.000000e+00	0.000000e+00	0.000000e+00	0.000000e+00	
1	1.000000e-10	0.000000e+00	0.000000e+00	0.000000e+00	
2	2.000000e-10	0.000000e+00	0.000000e+00	0.000000e+00	
3	4.000000e-10	0.000000e+00	0.000000e+00	0.000000e+00	
4	8.000000e-10	0.000000e+00	0.000000e+00	0.000000e+00	
5	1.600000e-09	0.000000e+00	0.000000e+00	0.000000e+00	
6	3.200000e-09	0.000000e+00	0.000000e+00	0.000000e+00	
7	6.400000e-09	0.000000e+00	0.000000e+00	0.000000e+00	
8	1.000000e-08	0.000000e+00	0.000000e+00	0.000000e+00	
9	1.020000e-08	0.000000e+00	0.000000e+00	0.000000e+00	
10	1.021000e-08	0.000000e+00	0.000000e+00	0.000000e+00	
11	1.023000e-08	0.000000e+00	0.000000e+00	0.000000e+00	
12	1.027000e-08	0.000000e+00	0.000000e+00	0.000000e+00	
13	1.030000e-08	0.000000e+00	0.000000e+00	0.000000e+00	
14	1.030800e-08	0.000000e+00	0.000000e+00	0.000000e+00	
15	1.032400e-08	0.000000e+00	0.000000e+00	0.000000e+00	
16	1.035600e-08	0.000000e+00	0.000000e+00	0.000000e+00	
17	1.042000e-08	0.000000e+00	0.000000e+00	0.000000e+00	
18	1.054800e-08	0.000000e+00	0.000000e+00	0.000000e+00	
19	1.080400e-08	0.000000e+00	0.000000e+00	0.000000e+00	
20	1.131600e-08	0.000000e+00	0.000000e+00	0.000000e+00	
21	1.234000e-08	0.000000e+00	0.000000e+00	0.000000e+00	
22	1.340000e-08	0.000000e+00	0.000000e+00	0.000000e+00	
23	1.349000e-08	0.000000e+00	0.000000e+00	0.000000e+00	
24	1.367000e-08	0.000000e+00	0.000000e+00	0.000000e+00	
25	1.403000e-08	0.000000e+00	0.000000e+00	0.000000e+00	
26	1.430000e-08	0.000000e+00	0.000000e+00	0.000000e+00	
27	1.437200e-08	0.000000e+00	0.000000e+00	0.000000e+00	
28	1.451600e-08	0.000000e+00	0.000000e+00	0.000000e+00	
29	1.480400e-08	0.000000e+00	0.000000e+00	0.000000e+00	
30	1.538000e-08	0.000000e+00	0.000000e+00	0.000000e+00	
31	1.600000e-08	0.000000e+00	0.000000e+00	0.000000e+00	
32	1.609000e-08	0.000000e+00	0.000000e+00	0.000000e+00	
33	1.627000e-08	0.000000e+00	0.000000e+00	0.000000e+00	
34	1.663000e-08	0.000000e+00	0.000000e+00	0.000000e+00	
35	1.690000e-08	0.000000e+00	0.000000e+00	0.000000e+00	
36	1.697200e-08	0.000000e+00	0.000000e+00	0.000000e+00	
37	1.711600e-08	0.000000e+00	0.000000e+00	0.000000e+00	
38	1.740400e-08	0.000000e+00	0.000000e+00	0.000000e+00	
39	1.798000e-08	0.000000e+00	0.000000e+00	0.000000e+00	
40	1.913200e-08	0.000000e+00	0.000000e+00	0.000000e+00	
41	2.143600e-08	0.000000e+00	0.000000e+00	0.000000e+00	
42	2.604400e-08	0.000000e+00	0.000000e+00	0.000000e+00	
43	3.526000e-08	0.000000e+00	0.000000e+00	0.000000e+00	
44	5.369200e-08	0.000000e+00	0.000000e+00	0.000000e+00	
45	9.055600e-08	0.000000e+00	0.000000e+00	0.000000e+00	
46	1.642840e-07	0.000000e+00	0.000000e+00	0.000000e+00	
47	3.117400e-07	0.000000e+00	0.000000e+00	0.000000e+00	
48	6.066520e-07	0.000000e+00	0.000000e+00	0.000000e+00	
49	1.196476e-06	0.000000e+00	0.000000e+00	0.000000e+00	
50	2.376124e-06	0.000000e+00	0.000000e+00	0.000000e+00	
51	4.735420e-06	0.000000e+00	0.000000e+00	0.000000e+00	
52	9.454012e-06	0.000000e+00	0.000000e+00	0.000000e+00	
53	1.889120e-05	0.000000e+00	0.000000e+00	0.000000e+00	
54	2.889120e-05	0.000000e+00	0.000000e+00	0.000000e+00	

Index   time            v2#branch       v3#branch       v4#branch       
--------------------------------------------------------------------------------
55	3.889120e-05	0.000000e+00	0.000000e+00	0.000000e+00	
56	4.889120e-05	0.000000e+00	0.000000e+00	0.000000e+00	
57	5.889120e-05	0.000000e+00	0.000000e+00	0.000000e+00	
58	6.889120e-05	0.000000e+00	0.000000e+00	0.000000e+00	
59	7.889120e-05	0.000000e+00	0.000000e+00	0.000000e+00	
60	8.889120e-05	0.000000e+00	0.000000e+00	0.000000e+00	
61	9.889120e-05	0.000000e+00	0.000000e+00	0.000000e+00	
62	1.088912e-04	0.000000e+00	0.000000e+00	0.000000e+00	
63	1.188912e-04	0.000000e+00	0.000000e+00	0.000000e+00	
64	1.288912e-04	0.000000e+00	0.000000e+00	0.000000e+00	
65	1.388912e-04	0.000000e+00	0.000000e+00	0.000000e+00	
66	1.488912e-04	0.000000e+00	0.000000e+00	0.000000e+00	
67	1.588912e-04	0.000000e+00	0.000000e+00	0.000000e+00	
68	1.688912e-04	0.000000e+00	0.000000e+00	0.000000e+00	
69	1.788912e-04	0.000000e+00	0.000000e+00	0.000000e+00	
70	1.888912e-04	0.000000e+00	0.000000e+00	0.000000e+00	
71	1.988912e-04	0.000000e+00	0.000000e+00	0.000000e+00	
72	2.088912e-04	0.000000e+00	0.000000e+00	0.000000e+00	
73	2.188912e-04	0.000000e+00	0.000000e+00	0.000000e+00	
74	2.288912e-04	0.000000e+00	0.000000e+00	0.000000e+00	
75	2.388912e-04	0.000000e+00	0.000000e+00	0.000000e+00	
76	2.488912e-04	0.000000e+00	0.000000e+00	0.000000e+00	
77	2.588912e-04	0.000000e+00	0.000000e+00	0.000000e+00	
78	2.688912e-04	0.000000e+00	0.000000e+00	0.000000e+00	
79	2.788912e-04	0.000000e+00	0.000000e+00	0.000000e+00	
80	2.888912e-04	0.000000e+00	0.000000e+00	0.000000e+00	
81	2.988912e-04	0.000000e+00	0.000000e+00	0.000000e+00	
82	3.088912e-04	0.000000e+00	0.000000e+00	0.000000e+00	
83	3.188912e-04	0.000000e+00	0.000000e+00	0.000000e+00	
84	3.288912e-04	0.000000e+00	0.000000e+00	0.000000e+00	
85	3.388912e-04	0.000000e+00	0.000000e+00	0.000000e+00	
86	3.488912e-04	0.000000e+00	0.000000e+00	0.000000e+00	
87	3.588912e-04	0.000000e+00	0.000000e+00	0.000000e+00	
88	3.688912e-04	0.000000e+00	0.000000e+00	0.000000e+00	
89	3.788912e-04	0.000000e+00	0.000000e+00	0.000000e+00	
90	3.888912e-04	0.000000e+00	0.000000e+00	0.000000e+00	
91	3.988912e-04	0.000000e+00	0.000000e+00	0.000000e+00	
92	4.088912e-04	0.000000e+00	0.000000e+00	0.000000e+00	
93	4.188912e-04	0.000000e+00	0.000000e+00	0.000000e+00	
94	4.288912e-04	0.000000e+00	0.000000e+00	0.000000e+00	
95	4.388912e-04	0.000000e+00	0.000000e+00	0.000000e+00	
96	4.488912e-04	0.000000e+00	0.000000e+00	0.000000e+00	
97	4.588912e-04	0.000000e+00	0.000000e+00	0.000000e+00	
98	4.688912e-04	0.000000e+00	0.000000e+00	0.000000e+00	
99	4.788912e-04	0.000000e+00	0.000000e+00	0.000000e+00	
100	4.888912e-04	0.000000e+00	0.000000e+00	0.000000e+00	
101	4.988912e-04	0.000000e+00	0.000000e+00	0.000000e+00	
102	5.088912e-04	0.000000e+00	0.000000e+00	0.000000e+00	
103	5.188912e-04	0.000000e+00	0.000000e+00	0.000000e+00	
104	5.288912e-04	0.000000e+00	0.000000e+00	0.000000e+00	
105	5.388912e-04	0.000000e+00	0.000000e+00	0.000000e+00	
106	5.488912e-04	0.000000e+00	0.000000e+00	0.000000e+00	
107	5.588912e-04	0.000000e+00	0.000000e+00	0.000000e+00	
108	5.688912e-04	0.000000e+00	0.000000e+00	0.000000e+00	
109	5.788912e-04	0.000000e+00	0.000000e+00	0.000000e+00	
110	5.888912e-04	0.000000e+00	0.000000e+00	0.000000e+00	
111	5.988912e-04	0.000000e+00	0.000000e+00	0.000000e+00	
112	6.088912e-04	0.000000e+00	0.000000e+00	0.000000e+00	

Index   time            v2#branch       v3#branch       v4#branch       
--------------------------------------------------------------------------------
113	6.188912e-04	0.000000e+00	0.000000e+00	0.000000e+00	
114	6.288912e-04	0.000000e+00	0.000000e+00	0.000000e+00	
115	6.388912e-04	0.000000e+00	0.000000e+00	0.000000e+00	
116	6.488912e-04	0.000000e+00	0.000000e+00	0.000000e+00	
117	6.588912e-04	0.000000e+00	0.000000e+00	0.000000e+00	
118	6.688912e-04	0.000000e+00	0.000000e+00	0.000000e+00	
119	6.788912e-04	0.000000e+00	0.000000e+00	0.000000e+00	
120	6.888912e-04	0.000000e+00	0.000000e+00	0.000000e+00	
121	6.988912e-04	0.000000e+00	0.000000e+00	0.000000e+00	
122	7.088912e-04	0.000000e+00	0.000000e+00	0.000000e+00	
123	7.188912e-04	0.000000e+00	0.000000e+00	0.000000e+00	
124	7.288912e-04	0.000000e+00	0.000000e+00	0.000000e+00	
125	7.388912e-04	0.000000e+00	0.000000e+00	0.000000e+00	
126	7.488912e-04	0.000000e+00	0.000000e+00	0.000000e+00	
127	7.588912e-04	0.000000e+00	0.000000e+00	0.000000e+00	
128	7.688912e-04	0.000000e+00	0.000000e+00	0.000000e+00	
129	7.788912e-04	0.000000e+00	0.000000e+00	0.000000e+00	
130	7.888912e-04	0.000000e+00	0.000000e+00	0.000000e+00	
131	7.988912e-04	0.000000e+00	0.000000e+00	0.000000e+00	
132	8.088912e-04	0.000000e+00	0.000000e+00	0.000000e+00	
133	8.188912e-04	0.000000e+00	0.000000e+00	0.000000e+00	
134	8.288912e-04	0.000000e+00	0.000000e+00	0.000000e+00	
135	8.388912e-04	0.000000e+00	0.000000e+00	0.000000e+00	
136	8.488912e-04	0.000000e+00	0.000000e+00	0.000000e+00	
137	8.588912e-04	0.000000e+00	0.000000e+00	0.000000e+00	
138	8.688912e-04	0.000000e+00	0.000000e+00	0.000000e+00	
139	8.788912e-04	0.000000e+00	0.000000e+00	0.000000e+00	
140	8.888912e-04	0.000000e+00	0.000000e+00	0.000000e+00	
141	8.988912e-04	0.000000e+00	0.000000e+00	0.000000e+00	
142	9.088912e-04	0.000000e+00	0.000000e+00	0.000000e+00	
143	9.188912e-04	0.000000e+00	0.000000e+00	0.000000e+00	
144	9.288912e-04	0.000000e+00	0.000000e+00	0.000000e+00	
145	9.388912e-04	0.000000e+00	0.000000e+00	0.000000e+00	
146	9.488912e-04	0.000000e+00	0.000000e+00	0.000000e+00	
147	9.588912e-04	0.000000e+00	0.000000e+00	0.000000e+00	
148	9.688912e-04	0.000000e+00	0.000000e+00	0.000000e+00	
149	9.788912e-04	0.000000e+00	0.000000e+00	0.000000e+00	
150	9.888912e-04	0.000000e+00	0.000000e+00	0.000000e+00	
151	9.988912e-04	0.000000e+00	0.000000e+00	0.000000e+00	
152	1.000010e-03	0.000000e+00	0.000000e+00	0.000000e+00	
153	1.000011e-03	0.000000e+00	0.000000e+00	0.000000e+00	
154	1.000013e-03	0.000000e+00	0.000000e+00	0.000000e+00	
155	1.000017e-03	0.000000e+00	0.000000e+00	0.000000e+00	
156	1.000019e-03	0.000000e+00	0.000000e+00	0.000000e+00	
157	1.000019e-03	0.000000e+00	0.000000e+00	0.000000e+00	
158	1.000019e-03	0.000000e+00	0.000000e+00	0.000000e+00	
159	1.000020e-03	0.000000e+00	0.000000e+00	0.000000e+00	
160	1.000020e-03	0.000000e+00	0.000000e+00	0.000000e+00	
161	1.000020e-03	0.000000e+00	0.000000e+00	0.000000e+00	
162	1.000020e-03	0.000000e+00	0.000000e+00	0.000000e+00	
163	1.000020e-03	0.000000e+00	0.000000e+00	0.000000e+00	
164	1.000020e-03	0.000000e+00	0.000000e+00	0.000000e+00	
165	1.000020e-03	0.000000e+00	0.000000e+00	0.000000e+00	
166	1.000020e-03	0.000000e+00	0.000000e+00	0.000000e+00	
167	1.000020e-03	0.000000e+00	0.000000e+00	0.000000e+00	
168	1.000020e-03	0.000000e+00	0.000000e+00	0.000000e+00	
169	1.000020e-03	0.000000e+00	0.000000e+00	0.000000e+00	
170	1.000021e-03	0.000000e+00	0.000000e+00	0.000000e+00	

Index   time            v2#branch       v3#branch       v4#branch       
--------------------------------------------------------------------------------
171	1.000021e-03	0.000000e+00	0.000000e+00	0.000000e+00	
172	1.000022e-03	0.000000e+00	0.000000e+00	0.000000e+00	
173	1.000023e-03	0.000000e+00	0.000000e+00	0.000000e+00	
174	1.000023e-03	0.000000e+00	0.000000e+00	0.000000e+00	
175	1.000023e-03	0.000000e+00	0.000000e+00	0.000000e+00	
176	1.000023e-03	0.000000e+00	0.000000e+00	0.000000e+00	
177	1.000023e-03	0.000000e+00	0.000000e+00	0.000000e+00	
178	1.000023e-03	0.000000e+00	0.000000e+00	0.000000e+00	
179	1.000023e-03	0.000000e+00	0.000000e+00	0.000000e+00	
180	1.000023e-03	0.000000e+00	0.000000e+00	0.000000e+00	
181	1.000023e-03	0.000000e+00	0.000000e+00	0.000000e+00	
182	1.000023e-03	0.000000e+00	0.000000e+00	0.000000e+00	
183	1.000024e-03	0.000000e+00	0.000000e+00	0.000000e+00	
184	1.000024e-03	0.000000e+00	0.000000e+00	0.000000e+00	
185	1.000025e-03	0.000000e+00	0.000000e+00	0.000000e+00	
186	1.000027e-03	0.000000e+00	0.000000e+00	0.000000e+00	
187	1.000031e-03	0.000000e+00	0.000000e+00	0.000000e+00	
188	1.000039e-03	0.000000e+00	0.000000e+00	0.000000e+00	
189	1.000056e-03	0.000000e+00	0.000000e+00	0.000000e+00	
190	1.000089e-03	0.000000e+00	0.000000e+00	0.000000e+00	
191	1.000154e-03	0.000000e+00	0.000000e+00	0.000000e+00	
192	1.000285e-03	0.000000e+00	0.000000e+00	0.000000e+00	
193	1.000547e-03	0.000000e+00	0.000000e+00	0.000000e+00	
194	1.001072e-03	0.000000e+00	0.000000e+00	0.000000e+00	
195	1.002120e-03	0.000000e+00	0.000000e+00	0.000000e+00	
196	1.004217e-03	0.000000e+00	0.000000e+00	0.000000e+00	
197	1.008412e-03	0.000000e+00	0.000000e+00	0.000000e+00	
198	1.016800e-03	0.000000e+00	0.000000e+00	0.000000e+00	
199	1.026800e-03	0.000000e+00	0.000000e+00	0.000000e+00	
200	1.036800e-03	0.000000e+00	0.000000e+00	0.000000e+00	
201	1.046800e-03	0.000000e+00	0.000000e+00	0.000000e+00	
202	1.056800e-03	0.000000e+00	0.000000e+00	0.000000e+00	
203	1.066800e-03	0.000000e+00	0.000000e+00	0.000000e+00	
204	1.076800e-03	0.000000e+00	0.000000e+00	0.000000e+00	
205	1.086800e-03	0.000000e+00	0.000000e+00	0.000000e+00	
206	1.096800e-03	0.000000e+00	0.000000e+00	0.000000e+00	
207	1.106800e-03	0.000000e+00	0.000000e+00	0.000000e+00	
208	1.116800e-03	0.000000e+00	0.000000e+00	0.000000e+00	
209	1.126800e-03	0.000000e+00	0.000000e+00	0.000000e+00	
210	1.136800e-03	0.000000e+00	0.000000e+00	0.000000e+00	
211	1.146800e-03	0.000000e+00	0.000000e+00	0.000000e+00	
212	1.156800e-03	0.000000e+00	0.000000e+00	0.000000e+00	
213	1.166800e-03	0.000000e+00	0.000000e+00	0.000000e+00	
214	1.176800e-03	0.000000e+00	0.000000e+00	0.000000e+00	
215	1.186800e-03	0.000000e+00	0.000000e+00	0.000000e+00	
216	1.196800e-03	0.000000e+00	0.000000e+00	0.000000e+00	
217	1.206800e-03	0.000000e+00	0.000000e+00	0.000000e+00	
218	1.216800e-03	0.000000e+00	0.000000e+00	0.000000e+00	
219	1.226800e-03	0.000000e+00	0.000000e+00	0.000000e+00	
220	1.236800e-03	0.000000e+00	0.000000e+00	0.000000e+00	
221	1.246800e-03	0.000000e+00	0.000000e+00	0.000000e+00	
222	1.256800e-03	0.000000e+00	0.000000e+00	0.000000e+00	
223	1.266800e-03	0.000000e+00	0.000000e+00	0.000000e+00	
224	1.276800e-03	0.000000e+00	0.000000e+00	0.000000e+00	
225	1.286800e-03	0.000000e+00	0.000000e+00	0.000000e+00	
226	1.296800e-03	0.000000e+00	0.000000e+00	0.000000e+00	
227	1.306800e-03	0.000000e+00	0.000000e+00	0.000000e+00	
228	1.316800e-03	0.000000e+00	0.000000e+00	0.000000e+00	

Index   time            v2#branch       v3#branch       v4#branch       
--------------------------------------------------------------------------------
229	1.326800e-03	0.000000e+00	0.000000e+00	0.000000e+00	
230	1.336800e-03	0.000000e+00	0.000000e+00	0.000000e+00	
231	1.346800e-03	0.000000e+00	0.000000e+00	0.000000e+00	
232	1.356800e-03	0.000000e+00	0.000000e+00	0.000000e+00	
233	1.366800e-03	0.000000e+00	0.000000e+00	0.000000e+00	
234	1.376800e-03	0.000000e+00	0.000000e+00	0.000000e+00	
235	1.386800e-03	0.000000e+00	0.000000e+00	0.000000e+00	
236	1.396800e-03	0.000000e+00	0.000000e+00	0.000000e+00	
237	1.406800e-03	0.000000e+00	0.000000e+00	0.000000e+00	
238	1.416800e-03	0.000000e+00	0.000000e+00	0.000000e+00	
239	1.426800e-03	0.000000e+00	0.000000e+00	0.000000e+00	
240	1.436800e-03	0.000000e+00	0.000000e+00	0.000000e+00	
241	1.446800e-03	0.000000e+00	0.000000e+00	0.000000e+00	
242	1.456800e-03	0.000000e+00	0.000000e+00	0.000000e+00	
243	1.466800e-03	0.000000e+00	0.000000e+00	0.000000e+00	
244	1.476800e-03	0.000000e+00	0.000000e+00	0.000000e+00	
245	1.486800e-03	0.000000e+00	0.000000e+00	0.000000e+00	
246	1.496800e-03	0.000000e+00	0.000000e+00	0.000000e+00	
247	1.506800e-03	0.000000e+00	0.000000e+00	0.000000e+00	
248	1.516800e-03	0.000000e+00	0.000000e+00	0.000000e+00	
249	1.526800e-03	0.000000e+00	0.000000e+00	0.000000e+00	
250	1.536800e-03	0.000000e+00	0.000000e+00	0.000000e+00	
251	1.546800e-03	0.000000e+00	0.000000e+00	0.000000e+00	
252	1.556800e-03	0.000000e+00	0.000000e+00	0.000000e+00	
253	1.566800e-03	0.000000e+00	0.000000e+00	0.000000e+00	
254	1.576800e-03	0.000000e+00	0.000000e+00	0.000000e+00	
255	1.586800e-03	0.000000e+00	0.000000e+00	0.000000e+00	
256	1.596800e-03	0.000000e+00	0.000000e+00	0.000000e+00	
257	1.606800e-03	0.000000e+00	0.000000e+00	0.000000e+00	
258	1.616800e-03	0.000000e+00	0.000000e+00	0.000000e+00	
259	1.626800e-03	0.000000e+00	0.000000e+00	0.000000e+00	
260	1.636800e-03	0.000000e+00	0.000000e+00	0.000000e+00	
261	1.646800e-03	0.000000e+00	0.000000e+00	0.000000e+00	
262	1.656800e-03	0.000000e+00	0.000000e+00	0.000000e+00	
263	1.666800e-03	0.000000e+00	0.000000e+00	0.000000e+00	
264	1.676800e-03	0.000000e+00	0.000000e+00	0.000000e+00	
265	1.686800e-03	0.000000e+00	0.000000e+00	0.000000e+00	
266	1.696800e-03	0.000000e+00	0.000000e+00	0.000000e+00	
267	1.706800e-03	0.000000e+00	0.000000e+00	0.000000e+00	
268	1.716800e-03	0.000000e+00	0.000000e+00	0.000000e+00	
269	1.726800e-03	0.000000e+00	0.000000e+00	0.000000e+00	
270	1.736800e-03	0.000000e+00	0.000000e+00	0.000000e+00	
271	1.746800e-03	0.000000e+00	0.000000e+00	0.000000e+00	
272	1.756800e-03	0.000000e+00	0.000000e+00	0.000000e+00	
273	1.766800e-03	0.000000e+00	0.000000e+00	0.000000e+00	
274	1.776800e-03	0.000000e+00	0.000000e+00	0.000000e+00	
275	1.786800e-03	0.000000e+00	0.000000e+00	0.000000e+00	
276	1.796800e-03	0.000000e+00	0.000000e+00	0.000000e+00	
277	1.806800e-03	0.000000e+00	0.000000e+00	0.000000e+00	
278	1.816800e-03	0.000000e+00	0.000000e+00	0.000000e+00	
279	1.826800e-03	0.000000e+00	0.000000e+00	0.000000e+00	
280	1.836800e-03	0.000000e+00	0.000000e+00	0.000000e+00	
281	1.846800e-03	0.000000e+00	0.000000e+00	0.000000e+00	
282	1.856800e-03	0.000000e+00	0.000000e+00	0.000000e+00	
283	1.866800e-03	0.000000e+00	0.000000e+00	0.000000e+00	
284	1.876800e-03	0.000000e+00	0.000000e+00	0.000000e+00	
285	1.886800e-03	0.000000e+00	0.000000e+00	0.000000e+00	
286	1.896800e-03	0.000000e+00	0.000000e+00	0.000000e+00	

Index   time            v2#branch       v3#branch       v4#branch       
--------------------------------------------------------------------------------
287	1.906800e-03	0.000000e+00	0.000000e+00	0.000000e+00	
288	1.916800e-03	0.000000e+00	0.000000e+00	0.000000e+00	
289	1.926800e-03	0.000000e+00	0.000000e+00	0.000000e+00	
290	1.936800e-03	0.000000e+00	0.000000e+00	0.000000e+00	
291	1.946800e-03	0.000000e+00	0.000000e+00	0.000000e+00	
292	1.956800e-03	0.000000e+00	0.000000e+00	0.000000e+00	
293	1.966800e-03	0.000000e+00	0.000000e+00	0.000000e+00	
294	1.976800e-03	0.000000e+00	0.000000e+00	0.000000e+00	
295	1.986800e-03	0.000000e+00	0.000000e+00	0.000000e+00	
296	1.996800e-03	0.000000e+00	0.000000e+00	0.000000e+00	
297	2.000000e-03	0.000000e+00	0.000000e+00	0.000000e+00	
298	2.000001e-03	0.000000e+00	0.000000e+00	0.000000e+00	
299	2.000003e-03	0.000000e+00	0.000000e+00	0.000000e+00	
300	2.000007e-03	0.000000e+00	0.000000e+00	0.000000e+00	
301	2.000010e-03	0.000000e+00	0.000000e+00	0.000000e+00	
302	2.000011e-03	0.000000e+00	0.000000e+00	0.000000e+00	
303	2.000012e-03	0.000000e+00	0.000000e+00	0.000000e+00	
304	2.000013e-03	0.000000e+00	0.000000e+00	0.000000e+00	
305	2.000013e-03	0.000000e+00	0.000000e+00	0.000000e+00	
306	2.000013e-03	0.000000e+00	0.000000e+00	0.000000e+00	
307	2.000013e-03	0.000000e+00	0.000000e+00	0.000000e+00	
308	2.000013e-03	0.000000e+00	0.000000e+00	0.000000e+00	
309	2.000013e-03	0.000000e+00	0.000000e+00	0.000000e+00	
310	2.000013e-03	0.000000e+00	0.000000e+00	0.000000e+00	
311	2.000013e-03	0.000000e+00	0.000000e+00	0.000000e+00	
312	2.000013e-03	0.000000e+00	0.000000e+00	0.000000e+00	
313	2.000013e-03	0.000000e+00	0.000000e+00	0.000000e+00	
314	2.000014e-03	0.000000e+00	0.000000e+00	0.000000e+00	
315	2.000014e-03	0.000000e+00	0.000000e+00	0.000000e+00	
316	2.000015e-03	0.000000e+00	0.000000e+00	0.000000e+00	
317	2.000016e-03	0.000000e+00	0.000000e+00	0.000000e+00	
318	2.000016e-03	0.000000e+00	0.000000e+00	0.000000e+00	
319	2.000016e-03	0.000000e+00	0.000000e+00	0.000000e+00	
320	2.000017e-03	0.000000e+00	0.000000e+00	0.000000e+00	
321	2.000017e-03	0.000000e+00	0.000000e+00	0.000000e+00	
322	2.000017e-03	0.000000e+00	0.000000e+00	0.000000e+00	
323	2.000017e-03	0.000000e+00	0.000000e+00	0.000000e+00	
324	2.000017e-03	0.000000e+00	0.000000e+00	0.000000e+00	
325	2.000018e-03	0.000000e+00	0.000000e+00	0.000000e+00	
326	2.000019e-03	0.000000e+00	0.000000e+00	0.000000e+00	
327	2.000020e-03	0.000000e+00	0.000000e+00	0.000000e+00	
328	2.000020e-03	0.000000e+00	0.000000e+00	0.000000e+00	
329	2.000021e-03	0.000000e+00	0.000000e+00	0.000000e+00	
330	2.000022e-03	0.000000e+00	0.000000e+00	0.000000e+00	
331	2.000023e-03	0.000000e+00	0.000000e+00	0.000000e+00	
332	2.000027e-03	0.000000e+00	0.000000e+00	0.000000e+00	
333	2.000035e-03	0.000000e+00	0.000000e+00	0.000000e+00	
334	2.000049e-03	0.000000e+00	0.000000e+00	0.000000e+00	
335	2.000079e-03	0.000000e+00	0.000000e+00	0.000000e+00	
336	2.000138e-03	0.000000e+00	0.000000e+00	0.000000e+00	
337	2.000256e-03	0.000000e+00	0.000000e+00	0.000000e+00	
338	2.000492e-03	0.000000e+00	0.000000e+00	0.000000e+00	
339	2.000963e-03	0.000000e+00	0.000000e+00	0.000000e+00	
340	2.001907e-03	0.000000e+00	0.000000e+00	0.000000e+00	
341	2.003795e-03	0.000000e+00	0.000000e+00	0.000000e+00	
342	2.007570e-03	0.000000e+00	0.000000e+00	0.000000e+00	
343	2.015119e-03	0.000000e+00	0.000000e+00	0.000000e+00	
344	2.025119e-03	0.000000e+00	0.000000e+00	0.000000e+00	

Index   time            v2#branch       v3#branch       v4#branch       
--------------------------------------------------------------------------------
345	2.035119e-03	0.000000e+00	0.000000e+00	0.000000e+00	
346	2.045119e-03	0.000000e+00	0.000000e+00	0.000000e+00	
347	2.055119e-03	0.000000e+00	0.000000e+00	0.000000e+00	
348	2.065119e-03	0.000000e+00	0.000000e+00	0.000000e+00	
349	2.075119e-03	0.000000e+00	0.000000e+00	0.000000e+00	
350	2.085119e-03	0.000000e+00	0.000000e+00	0.000000e+00	
351	2.095119e-03	0.000000e+00	0.000000e+00	0.000000e+00	
352	2.105119e-03	0.000000e+00	0.000000e+00	0.000000e+00	
353	2.115119e-03	0.000000e+00	0.000000e+00	0.000000e+00	
354	2.125119e-03	0.000000e+00	0.000000e+00	0.000000e+00	
355	2.135119e-03	0.000000e+00	0.000000e+00	0.000000e+00	
356	2.145119e-03	0.000000e+00	0.000000e+00	0.000000e+00	
357	2.155119e-03	0.000000e+00	0.000000e+00	0.000000e+00	
358	2.165119e-03	0.000000e+00	0.000000e+00	0.000000e+00	
359	2.175119e-03	0.000000e+00	0.000000e+00	0.000000e+00	
360	2.185119e-03	0.000000e+00	0.000000e+00	0.000000e+00	
361	2.195119e-03	0.000000e+00	0.000000e+00	0.000000e+00	
362	2.205119e-03	0.000000e+00	0.000000e+00	0.000000e+00	
363	2.215119e-03	0.000000e+00	0.000000e+00	0.000000e+00	
364	2.225119e-03	0.000000e+00	0.000000e+00	0.000000e+00	
365	2.235119e-03	0.000000e+00	0.000000e+00	0.000000e+00	
366	2.245119e-03	0.000000e+00	0.000000e+00	0.000000e+00	
367	2.255119e-03	0.000000e+00	0.000000e+00	0.000000e+00	
368	2.265119e-03	0.000000e+00	0.000000e+00	0.000000e+00	
369	2.275119e-03	0.000000e+00	0.000000e+00	0.000000e+00	
370	2.285119e-03	0.000000e+00	0.000000e+00	0.000000e+00	
371	2.295119e-03	0.000000e+00	0.000000e+00	0.000000e+00	
372	2.305119e-03	0.000000e+00	0.000000e+00	0.000000e+00	
373	2.315119e-03	0.000000e+00	0.000000e+00	0.000000e+00	
374	2.325119e-03	0.000000e+00	0.000000e+00	0.000000e+00	
375	2.335119e-03	0.000000e+00	0.000000e+00	0.000000e+00	
376	2.345119e-03	0.000000e+00	0.000000e+00	0.000000e+00	
377	2.355119e-03	0.000000e+00	0.000000e+00	0.000000e+00	
378	2.365119e-03	0.000000e+00	0.000000e+00	0.000000e+00	
379	2.375119e-03	0.000000e+00	0.000000e+00	0.000000e+00	
380	2.385119e-03	0.000000e+00	0.000000e+00	0.000000e+00	
381	2.395119e-03	0.000000e+00	0.000000e+00	0.000000e+00	
382	2.405119e-03	0.000000e+00	0.000000e+00	0.000000e+00	
383	2.415119e-03	0.000000e+00	0.000000e+00	0.000000e+00	
384	2.425119e-03	0.000000e+00	0.000000e+00	0.000000e+00	
385	2.435119e-03	0.000000e+00	0.000000e+00	0.000000e+00	
386	2.445119e-03	0.000000e+00	0.000000e+00	0.000000e+00	
387	2.455119e-03	0.000000e+00	0.000000e+00	0.000000e+00	
388	2.465119e-03	0.000000e+00	0.000000e+00	0.000000e+00	
389	2.475119e-03	0.000000e+00	0.000000e+00	0.000000e+00	
390	2.485119e-03	0.000000e+00	0.000000e+00	0.000000e+00	
391	2.495119e-03	0.000000e+00	0.000000e+00	0.000000e+00	
392	2.505119e-03	0.000000e+00	0.000000e+00	0.000000e+00	
393	2.515119e-03	0.000000e+00	0.000000e+00	0.000000e+00	
394	2.525119e-03	0.000000e+00	0.000000e+00	0.000000e+00	
395	2.535119e-03	0.000000e+00	0.000000e+00	0.000000e+00	
396	2.545119e-03	0.000000e+00	0.000000e+00	0.000000e+00	
397	2.555119e-03	0.000000e+00	0.000000e+00	0.000000e+00	
398	2.565119e-03	0.000000e+00	0.000000e+00	0.000000e+00	
399	2.575119e-03	0.000000e+00	0.000000e+00	0.000000e+00	
400	2.585119e-03	0.000000e+00	0.000000e+00	0.000000e+00	
401	2.595119e-03	0.000000e+00	0.000000e+00	0.000000e+00	
402	2.605119e-03	0.000000e+00	0.000000e+00	0.000000e+00	

Index   time            v2#branch       v3#branch       v4#branch       
--------------------------------------------------------------------------------
403	2.615119e-03	0.000000e+00	0.000000e+00	0.000000e+00	
404	2.625119e-03	0.000000e+00	0.000000e+00	0.000000e+00	
405	2.635119e-03	0.000000e+00	0.000000e+00	0.000000e+00	
406	2.645119e-03	0.000000e+00	0.000000e+00	0.000000e+00	
407	2.655119e-03	0.000000e+00	0.000000e+00	0.000000e+00	
408	2.665119e-03	0.000000e+00	0.000000e+00	0.000000e+00	
409	2.675119e-03	0.000000e+00	0.000000e+00	0.000000e+00	
410	2.685119e-03	0.000000e+00	0.000000e+00	0.000000e+00	
411	2.695119e-03	0.000000e+00	0.000000e+00	0.000000e+00	
412	2.705119e-03	0.000000e+00	0.000000e+00	0.000000e+00	
413	2.715119e-03	0.000000e+00	0.000000e+00	0.000000e+00	
414	2.725119e-03	0.000000e+00	0.000000e+00	0.000000e+00	
415	2.735119e-03	0.000000e+00	0.000000e+00	0.000000e+00	
416	2.745119e-03	0.000000e+00	0.000000e+00	0.000000e+00	
417	2.755119e-03	0.000000e+00	0.000000e+00	0.000000e+00	
418	2.765119e-03	0.000000e+00	0.000000e+00	0.000000e+00	
419	2.775119e-03	0.000000e+00	0.000000e+00	0.000000e+00	
420	2.785119e-03	0.000000e+00	0.000000e+00	0.000000e+00	
421	2.795119e-03	0.000000e+00	0.000000e+00	0.000000e+00	
422	2.805119e-03	0.000000e+00	0.000000e+00	0.000000e+00	
423	2.815119e-03	0.000000e+00	0.000000e+00	0.000000e+00	
424	2.825119e-03	0.000000e+00	0.000000e+00	0.000000e+00	
425	2.835119e-03	0.000000e+00	0.000000e+00	0.000000e+00	
426	2.845119e-03	0.000000e+00	0.000000e+00	0.000000e+00	
427	2.855119e-03	0.000000e+00	0.000000e+00	0.000000e+00	
428	2.865119e-03	0.000000e+00	0.000000e+00	0.000000e+00	
429	2.875119e-03	0.000000e+00	0.000000e+00	0.000000e+00	
430	2.885119e-03	0.000000e+00	0.000000e+00	0.000000e+00	
431	2.895119e-03	0.000000e+00	0.000000e+00	0.000000e+00	
432	2.905119e-03	0.000000e+00	0.000000e+00	0.000000e+00	
433	2.915119e-03	0.000000e+00	0.000000e+00	0.000000e+00	
434	2.925119e-03	0.000000e+00	0.000000e+00	0.000000e+00	
435	2.935119e-03	0.000000e+00	0.000000e+00	0.000000e+00	
436	2.945119e-03	0.000000e+00	0.000000e+00	0.000000e+00	
437	2.955119e-03	0.000000e+00	0.000000e+00	0.000000e+00	
438	2.965119e-03	0.000000e+00	0.000000e+00	0.000000e+00	
439	2.975119e-03	0.000000e+00	0.000000e+00	0.000000e+00	
440	2.985119e-03	0.000000e+00	0.000000e+00	0.000000e+00	
441	2.995119e-03	0.000000e+00	0.000000e+00	0.000000e+00	
442	3.000010e-03	0.000000e+00	0.000000e+00	0.000000e+00	
443	3.000011e-03	0.000000e+00	0.000000e+00	0.000000e+00	
444	3.000013e-03	0.000000e+00	0.000000e+00	0.000000e+00	
445	3.000017e-03	0.000000e+00	0.000000e+00	0.000000e+00	
446	3.000019e-03	0.000000e+00	0.000000e+00	0.000000e+00	
447	3.000019e-03	0.000000e+00	0.000000e+00	0.000000e+00	
448	3.000019e-03	0.000000e+00	0.000000e+00	0.000000e+00	
449	3.000020e-03	0.000000e+00	0.000000e+00	0.000000e+00	
450	3.000020e-03	0.000000e+00	0.000000e+00	0.000000e+00	
451	3.000020e-03	0.000000e+00	0.000000e+00	0.000000e+00	
452	3.000020e-03	0.000000e+00	0.000000e+00	0.000000e+00	
453	3.000020e-03	0.000000e+00	0.000000e+00	0.000000e+00	
454	3.000020e-03	0.000000e+00	0.000000e+00	0.000000e+00	
455	3.000020e-03	0.000000e+00	0.000000e+00	0.000000e+00	
456	3.000020e-03	0.000000e+00	0.000000e+00	0.000000e+00	
457	3.000020e-03	0.000000e+00	0.000000e+00	0.000000e+00	
458	3.000020e-03	0.000000e+00	0.000000e+00	0.000000e+00	
459	3.000020e-03	0.000000e+00	0.000000e+00	0.000000e+00	
460	3.000021e-03	0.000000e+00	0.000000e+00	0.000000e+00	

Index   time            v2#branch       v3#branch       v4#branch       
--------------------------------------------------------------------------------
461	3.000021e-03	0.000000e+00	0.000000e+00	0.000000e+00	
462	3.000022e-03	0.000000e+00	0.000000e+00	0.000000e+00	
463	3.000023e-03	0.000000e+00	0.000000e+00	0.000000e+00	
464	3.000023e-03	0.000000e+00	0.000000e+00	0.000000e+00	
465	3.000023e-03	0.000000e+00	0.000000e+00	0.000000e+00	
466	3.000023e-03	0.000000e+00	0.000000e+00	0.000000e+00	
467	3.000023e-03	0.000000e+00	0.000000e+00	0.000000e+00	
468	3.000023e-03	0.000000e+00	0.000000e+00	0.000000e+00	
469	3.000023e-03	0.000000e+00	0.000000e+00	0.000000e+00	
470	3.000023e-03	0.000000e+00	0.000000e+00	0.000000e+00	
471	3.000023e-03	0.000000e+00	0.000000e+00	0.000000e+00	
472	3.000023e-03	0.000000e+00	0.000000e+00	0.000000e+00	
473	3.000024e-03	0.000000e+00	0.000000e+00	0.000000e+00	
474	3.000024e-03	0.000000e+00	0.000000e+00	0.000000e+00	
475	3.000025e-03	0.000000e+00	0.000000e+00	0.000000e+00	
476	3.000027e-03	0.000000e+00	0.000000e+00	0.000000e+00	
477	3.000031e-03	0.000000e+00	0.000000e+00	0.000000e+00	
478	3.000039e-03	0.000000e+00	0.000000e+00	0.000000e+00	
479	3.000056e-03	0.000000e+00	0.000000e+00	0.000000e+00	
480	3.000089e-03	0.000000e+00	0.000000e+00	0.000000e+00	
481	3.000154e-03	0.000000e+00	0.000000e+00	0.000000e+00	
482	3.000285e-03	0.000000e+00	0.000000e+00	0.000000e+00	
483	3.000547e-03	0.000000e+00	0.000000e+00	0.000000e+00	
484	3.001072e-03	0.000000e+00	0.000000e+00	0.000000e+00	
485	3.002120e-03	0.000000e+00	0.000000e+00	0.000000e+00	
486	3.004217e-03	0.000000e+00	0.000000e+00	0.000000e+00	
487	3.008412e-03	0.000000e+00	0.000000e+00	0.000000e+00	
488	3.016800e-03	0.000000e+00	0.000000e+00	0.000000e+00	
489	3.026800e-03	0.000000e+00	0.000000e+00	0.000000e+00	
490	3.036800e-03	0.000000e+00	0.000000e+00	0.000000e+00	
491	3.046800e-03	0.000000e+00	0.000000e+00	0.000000e+00	
492	3.056800e-03	0.000000e+00	0.000000e+00	0.000000e+00	
493	3.066800e-03	0.000000e+00	0.000000e+00	0.000000e+00	
494	3.076800e-03	0.000000e+00	0.000000e+00	0.000000e+00	
495	3.086800e-03	0.000000e+00	0.000000e+00	0.000000e+00	
496	3.096800e-03	0.000000e+00	0.000000e+00	0.000000e+00	
497	3.106800e-03	0.000000e+00	0.000000e+00	0.000000e+00	
498	3.116800e-03	0.000000e+00	0.000000e+00	0.000000e+00	
499	3.126800e-03	0.000000e+00	0.000000e+00	0.000000e+00	
500	3.136800e-03	0.000000e+00	0.000000e+00	0.000000e+00	
501	3.146800e-03	0.000000e+00	0.000000e+00	0.000000e+00	
502	3.156800e-03	0.000000e+00	0.000000e+00	0.000000e+00	
503	3.166800e-03	0.000000e+00	0.000000e+00	0.000000e+00	
504	3.176800e-03	0.000000e+00	0.000000e+00	0.000000e+00	
505	3.186800e-03	0.000000e+00	0.000000e+00	0.000000e+00	
506	3.196800e-03	0.000000e+00	0.000000e+00	0.000000e+00	
507	3.206800e-03	0.000000e+00	0.000000e+00	0.000000e+00	
508	3.216800e-03	0.000000e+00	0.000000e+00	0.000000e+00	
509	3.226800e-03	0.000000e+00	0.000000e+00	0.000000e+00	
510	3.236800e-03	0.000000e+00	0.000000e+00	0.000000e+00	
511	3.246800e-03	0.000000e+00	0.000000e+00	0.000000e+00	
512	3.256800e-03	0.000000e+00	0.000000e+00	0.000000e+00	
513	3.266800e-03	0.000000e+00	0.000000e+00	0.000000e+00	
514	3.276800e-03	0.000000e+00	0.000000e+00	0.000000e+00	
515	3.286800e-03	0.000000e+00	0.000000e+00	0.000000e+00	
516	3.296800e-03	0.000000e+00	0.000000e+00	0.000000e+00	
517	3.306800e-03	0.000000e+00	0.000000e+00	0.000000e+00	
518	3.316800e-03	0.000000e+00	0.000000e+00	0.000000e+00	

Index   time            v2#branch       v3#branch       v4#branch       
--------------------------------------------------------------------------------
519	3.326800e-03	0.000000e+00	0.000000e+00	0.000000e+00	
520	3.336800e-03	0.000000e+00	0.000000e+00	0.000000e+00	
521	3.346800e-03	0.000000e+00	0.000000e+00	0.000000e+00	
522	3.356800e-03	0.000000e+00	0.000000e+00	0.000000e+00	
523	3.366800e-03	0.000000e+00	0.000000e+00	0.000000e+00	
524	3.376800e-03	0.000000e+00	0.000000e+00	0.000000e+00	
525	3.386800e-03	0.000000e+00	0.000000e+00	0.000000e+00	
526	3.396800e-03	0.000000e+00	0.000000e+00	0.000000e+00	
527	3.406800e-03	0.000000e+00	0.000000e+00	0.000000e+00	
528	3.416800e-03	0.000000e+00	0.000000e+00	0.000000e+00	
529	3.426800e-03	0.000000e+00	0.000000e+00	0.000000e+00	
530	3.436800e-03	0.000000e+00	0.000000e+00	0.000000e+00	
531	3.446800e-03	0.000000e+00	0.000000e+00	0.000000e+00	
532	3.456800e-03	0.000000e+00	0.000000e+00	0.000000e+00	
533	3.466800e-03	0.000000e+00	0.000000e+00	0.000000e+00	
534	3.476800e-03	0.000000e+00	0.000000e+00	0.000000e+00	
535	3.486800e-03	0.000000e+00	0.000000e+00	0.000000e+00	
536	3.496800e-03	0.000000e+00	0.000000e+00	0.000000e+00	
537	3.506800e-03	0.000000e+00	0.000000e+00	0.000000e+00	
538	3.516800e-03	0.000000e+00	0.000000e+00	0.000000e+00	
539	3.526800e-03	0.000000e+00	0.000000e+00	0.000000e+00	
540	3.536800e-03	0.000000e+00	0.000000e+00	0.000000e+00	
541	3.546800e-03	0.000000e+00	0.000000e+00	0.000000e+00	
542	3.556800e-03	0.000000e+00	0.000000e+00	0.000000e+00	
543	3.566800e-03	0.000000e+00	0.000000e+00	0.000000e+00	
544	3.576800e-03	0.000000e+00	0.000000e+00	0.000000e+00	
545	3.586800e-03	0.000000e+00	0.000000e+00	0.000000e+00	
546	3.596800e-03	0.000000e+00	0.000000e+00	0.000000e+00	
547	3.606800e-03	0.000000e+00	0.000000e+00	0.000000e+00	
548	3.616800e-03	0.000000e+00	0.000000e+00	0.000000e+00	
549	3.626800e-03	0.000000e+00	0.000000e+00	0.000000e+00	
550	3.636800e-03	0.000000e+00	0.000000e+00	0.000000e+00	
551	3.646800e-03	0.000000e+00	0.000000e+00	0.000000e+00	
552	3.656800e-03	0.000000e+00	0.000000e+00	0.000000e+00	
553	3.666800e-03	0.000000e+00	0.000000e+00	0.000000e+00	
554	3.676800e-03	0.000000e+00	0.000000e+00	0.000000e+00	
555	3.686800e-03	0.000000e+00	0.000000e+00	0.000000e+00	
556	3.696800e-03	0.000000e+00	0.000000e+00	0.000000e+00	
557	3.706800e-03	0.000000e+00	0.000000e+00	0.000000e+00	
558	3.716800e-03	0.000000e+00	0.000000e+00	0.000000e+00	
559	3.726800e-03	0.000000e+00	0.000000e+00	0.000000e+00	
560	3.736800e-03	0.000000e+00	0.000000e+00	0.000000e+00	
561	3.746800e-03	0.000000e+00	0.000000e+00	0.000000e+00	
562	3.756800e-03	0.000000e+00	0.000000e+00	0.000000e+00	
563	3.766800e-03	0.000000e+00	0.000000e+00	0.000000e+00	
564	3.776800e-03	0.000000e+00	0.000000e+00	0.000000e+00	
565	3.786800e-03	0.000000e+00	0.000000e+00	0.000000e+00	
566	3.796800e-03	0.000000e+00	0.000000e+00	0.000000e+00	
567	3.806800e-03	0.000000e+00	0.000000e+00	0.000000e+00	
568	3.816800e-03	0.000000e+00	0.000000e+00	0.000000e+00	
569	3.826800e-03	0.000000e+00	0.000000e+00	0.000000e+00	
570	3.836800e-03	0.000000e+00	0.000000e+00	0.000000e+00	
571	3.846800e-03	0.000000e+00	0.000000e+00	0.000000e+00	
572	3.856800e-03	0.000000e+00	0.000000e+00	0.000000e+00	
573	3.866800e-03	0.000000e+00	0.000000e+00	0.000000e+00	
574	3.876800e-03	0.000000e+00	0.000000e+00	0.000000e+00	
575	3.886800e-03	0.000000e+00	0.000000e+00	0.000000e+00	
576	3.896800e-03	0.000000e+00	0.000000e+00	0.000000e+00	

Index   time            v2#branch       v3#branch       v4#branch       
--------------------------------------------------------------------------------
577	3.906800e-03	0.000000e+00	0.000000e+00	0.000000e+00	
578	3.916800e-03	0.000000e+00	0.000000e+00	0.000000e+00	
579	3.926800e-03	0.000000e+00	0.000000e+00	0.000000e+00	
580	3.936800e-03	0.000000e+00	0.000000e+00	0.000000e+00	
581	3.946800e-03	0.000000e+00	0.000000e+00	0.000000e+00	
582	3.956800e-03	0.000000e+00	0.000000e+00	0.000000e+00	
583	3.966800e-03	0.000000e+00	0.000000e+00	0.000000e+00	
584	3.976800e-03	0.000000e+00	0.000000e+00	0.000000e+00	
585	3.986800e-03	0.000000e+00	0.000000e+00	0.000000e+00	
586	3.996800e-03	0.000000e+00	0.000000e+00	0.000000e+00	
587	4.000000e-03	0.000000e+00	0.000000e+00	0.000000e+00	
588	4.000001e-03	0.000000e+00	0.000000e+00	0.000000e+00	
589	4.000003e-03	0.000000e+00	0.000000e+00	0.000000e+00	
590	4.000007e-03	0.000000e+00	0.000000e+00	0.000000e+00	
591	4.000010e-03	0.000000e+00	0.000000e+00	0.000000e+00	
592	4.000011e-03	0.000000e+00	0.000000e+00	0.000000e+00	
593	4.000012e-03	0.000000e+00	0.000000e+00	0.000000e+00	
594	4.000013e-03	0.000000e+00	0.000000e+00	0.000000e+00	
595	4.000013e-03	0.000000e+00	0.000000e+00	0.000000e+00	
596	4.000013e-03	0.000000e+00	0.000000e+00	0.000000e+00	
597	4.000013e-03	0.000000e+00	0.000000e+00	0.000000e+00	
598	4.000013e-03	0.000000e+00	0.000000e+00	0.000000e+00	
599	4.000013e-03	0.000000e+00	0.000000e+00	0.000000e+00	
600	4.000013e-03	0.000000e+00	0.000000e+00	0.000000e+00	
601	4.000013e-03	0.000000e+00	0.000000e+00	0.000000e+00	
602	4.000013e-03	0.000000e+00	0.000000e+00	0.000000e+00	
603	4.000013e-03	0.000000e+00	0.000000e+00	0.000000e+00	
604	4.000014e-03	0.000000e+00	0.000000e+00	0.000000e+00	
605	4.000014e-03	0.000000e+00	0.000000e+00	0.000000e+00	
606	4.000015e-03	0.000000e+00	0.000000e+00	0.000000e+00	
607	4.000016e-03	0.000000e+00	0.000000e+00	0.000000e+00	
608	4.000016e-03	0.000000e+00	0.000000e+00	0.000000e+00	
609	4.000016e-03	0.000000e+00	0.000000e+00	0.000000e+00	
610	4.000017e-03	0.000000e+00	0.000000e+00	0.000000e+00	
611	4.000017e-03	0.000000e+00	0.000000e+00	0.000000e+00	
612	4.000017e-03	0.000000e+00	0.000000e+00	0.000000e+00	
613	4.000017e-03	0.000000e+00	0.000000e+00	0.000000e+00	
614	4.000017e-03	0.000000e+00	0.000000e+00	0.000000e+00	
615	4.000018e-03	0.000000e+00	0.000000e+00	0.000000e+00	
616	4.000019e-03	0.000000e+00	0.000000e+00	0.000000e+00	
617	4.000020e-03	0.000000e+00	0.000000e+00	0.000000e+00	
618	4.000020e-03	0.000000e+00	0.000000e+00	0.000000e+00	
619	4.000021e-03	0.000000e+00	0.000000e+00	0.000000e+00	
620	4.000022e-03	0.000000e+00	0.000000e+00	0.000000e+00	
621	4.000023e-03	0.000000e+00	0.000000e+00	0.000000e+00	
622	4.000027e-03	0.000000e+00	0.000000e+00	0.000000e+00	
623	4.000035e-03	0.000000e+00	0.000000e+00	0.000000e+00	
624	4.000049e-03	0.000000e+00	0.000000e+00	0.000000e+00	
625	4.000079e-03	0.000000e+00	0.000000e+00	0.000000e+00	
626	4.000138e-03	0.000000e+00	0.000000e+00	0.000000e+00	
627	4.000256e-03	0.000000e+00	0.000000e+00	0.000000e+00	
628	4.000492e-03	0.000000e+00	0.000000e+00	0.000000e+00	
629	4.000963e-03	0.000000e+00	0.000000e+00	0.000000e+00	
630	4.001907e-03	0.000000e+00	0.000000e+00	0.000000e+00	
631	4.003795e-03	0.000000e+00	0.000000e+00	0.000000e+00	
632	4.007570e-03	0.000000e+00	0.000000e+00	0.000000e+00	
633	4.015119e-03	0.000000e+00	0.000000e+00	0.000000e+00	
634	4.025119e-03	0.000000e+00	0.000000e+00	0.000000e+00	

Index   time            v2#branch       v3#branch       v4#branch       
--------------------------------------------------------------------------------
635	4.035119e-03	0.000000e+00	0.000000e+00	0.000000e+00	
636	4.045119e-03	0.000000e+00	0.000000e+00	0.000000e+00	
637	4.055119e-03	0.000000e+00	0.000000e+00	0.000000e+00	
638	4.065119e-03	0.000000e+00	0.000000e+00	0.000000e+00	
639	4.075119e-03	0.000000e+00	0.000000e+00	0.000000e+00	
640	4.085119e-03	0.000000e+00	0.000000e+00	0.000000e+00	
641	4.095119e-03	0.000000e+00	0.000000e+00	0.000000e+00	
642	4.105119e-03	0.000000e+00	0.000000e+00	0.000000e+00	
643	4.115119e-03	0.000000e+00	0.000000e+00	0.000000e+00	
644	4.125119e-03	0.000000e+00	0.000000e+00	0.000000e+00	
645	4.135119e-03	0.000000e+00	0.000000e+00	0.000000e+00	
646	4.145119e-03	0.000000e+00	0.000000e+00	0.000000e+00	
647	4.155119e-03	0.000000e+00	0.000000e+00	0.000000e+00	
648	4.165119e-03	0.000000e+00	0.000000e+00	0.000000e+00	
649	4.175119e-03	0.000000e+00	0.000000e+00	0.000000e+00	
650	4.185119e-03	0.000000e+00	0.000000e+00	0.000000e+00	
651	4.195119e-03	0.000000e+00	0.000000e+00	0.000000e+00	
652	4.205119e-03	0.000000e+00	0.000000e+00	0.000000e+00	
653	4.215119e-03	0.000000e+00	0.000000e+00	0.000000e+00	
654	4.225119e-03	0.000000e+00	0.000000e+00	0.000000e+00	
655	4.235119e-03	0.000000e+00	0.000000e+00	0.000000e+00	
656	4.245119e-03	0.000000e+00	0.000000e+00	0.000000e+00	
657	4.255119e-03	0.000000e+00	0.000000e+00	0.000000e+00	
658	4.265119e-03	0.000000e+00	0.000000e+00	0.000000e+00	
659	4.275119e-03	0.000000e+00	0.000000e+00	0.000000e+00	
660	4.285119e-03	0.000000e+00	0.000000e+00	0.000000e+00	
661	4.295119e-03	0.000000e+00	0.000000e+00	0.000000e+00	
662	4.305119e-03	0.000000e+00	0.000000e+00	0.000000e+00	
663	4.315119e-03	0.000000e+00	0.000000e+00	0.000000e+00	
664	4.325119e-03	0.000000e+00	0.000000e+00	0.000000e+00	
665	4.335119e-03	0.000000e+00	0.000000e+00	0.000000e+00	
666	4.345119e-03	0.000000e+00	0.000000e+00	0.000000e+00	
667	4.355119e-03	0.000000e+00	0.000000e+00	0.000000e+00	
668	4.365119e-03	0.000000e+00	0.000000e+00	0.000000e+00	
669	4.375119e-03	0.000000e+00	0.000000e+00	0.000000e+00	
670	4.385119e-03	0.000000e+00	0.000000e+00	0.000000e+00	
671	4.395119e-03	0.000000e+00	0.000000e+00	0.000000e+00	
672	4.405119e-03	0.000000e+00	0.000000e+00	0.000000e+00	
673	4.415119e-03	0.000000e+00	0.000000e+00	0.000000e+00	
674	4.425119e-03	0.000000e+00	0.000000e+00	0.000000e+00	
675	4.435119e-03	0.000000e+00	0.000000e+00	0.000000e+00	
676	4.445119e-03	0.000000e+00	0.000000e+00	0.000000e+00	
677	4.455119e-03	0.000000e+00	0.000000e+00	0.000000e+00	
678	4.465119e-03	0.000000e+00	0.000000e+00	0.000000e+00	
679	4.475119e-03	0.000000e+00	0.000000e+00	0.000000e+00	
680	4.485119e-03	0.000000e+00	0.000000e+00	0.000000e+00	
681	4.495119e-03	0.000000e+00	0.000000e+00	0.000000e+00	
682	4.505119e-03	0.000000e+00	0.000000e+00	0.000000e+00	
683	4.515119e-03	0.000000e+00	0.000000e+00	0.000000e+00	
684	4.525119e-03	0.000000e+00	0.000000e+00	0.000000e+00	
685	4.535119e-03	0.000000e+00	0.000000e+00	0.000000e+00	
686	4.545119e-03	0.000000e+00	0.000000e+00	0.000000e+00	
687	4.555119e-03	0.000000e+00	0.000000e+00	0.000000e+00	
688	4.565119e-03	0.000000e+00	0.000000e+00	0.000000e+00	
689	4.575119e-03	0.000000e+00	0.000000e+00	0.000000e+00	
690	4.585119e-03	0.000000e+00	0.000000e+00	0.000000e+00	
691	4.595119e-03	0.000000e+00	0.000000e+00	0.000000e+00	
692	4.605119e-03	0.000000e+00	0.000000e+00	0.000000e+00	

Index   time            v2#branch       v3#branch       v4#branch       
--------------------------------------------------------------------------------
693	4.615119e-03	0.000000e+00	0.000000e+00	0.000000e+00	
694	4.625119e-03	0.000000e+00	0.000000e+00	0.000000e+00	
695	4.635119e-03	0.000000e+00	0.000000e+00	0.000000e+00	
696	4.645119e-03	0.000000e+00	0.000000e+00	0.000000e+00	
697	4.655119e-03	0.000000e+00	0.000000e+00	0.000000e+00	
698	4.665119e-03	0.000000e+00	0.000000e+00	0.000000e+00	
699	4.675119e-03	0.000000e+00	0.000000e+00	0.000000e+00	
700	4.685119e-03	0.000000e+00	0.000000e+00	0.000000e+00	
701	4.695119e-03	0.000000e+00	0.000000e+00	0.000000e+00	
702	4.705119e-03	0.000000e+00	0.000000e+00	0.000000e+00	
703	4.715119e-03	0.000000e+00	0.000000e+00	0.000000e+00	
704	4.725119e-03	0.000000e+00	0.000000e+00	0.000000e+00	
705	4.735119e-03	0.000000e+00	0.000000e+00	0.000000e+00	
706	4.745119e-03	0.000000e+00	0.000000e+00	0.000000e+00	
707	4.755119e-03	0.000000e+00	0.000000e+00	0.000000e+00	
708	4.765119e-03	0.000000e+00	0.000000e+00	0.000000e+00	
709	4.775119e-03	0.000000e+00	0.000000e+00	0.000000e+00	
710	4.785119e-03	0.000000e+00	0.000000e+00	0.000000e+00	
711	4.795119e-03	0.000000e+00	0.000000e+00	0.000000e+00	
712	4.805119e-03	0.000000e+00	0.000000e+00	0.000000e+00	
713	4.815119e-03	0.000000e+00	0.000000e+00	0.000000e+00	
714	4.825119e-03	0.000000e+00	0.000000e+00	0.000000e+00	
715	4.835119e-03	0.000000e+00	0.000000e+00	0.000000e+00	
716	4.845119e-03	0.000000e+00	0.000000e+00	0.000000e+00	
717	4.855119e-03	0.000000e+00	0.000000e+00	0.000000e+00	
718	4.865119e-03	0.000000e+00	0.000000e+00	0.000000e+00	
719	4.875119e-03	0.000000e+00	0.000000e+00	0.000000e+00	
720	4.885119e-03	0.000000e+00	0.000000e+00	0.000000e+00	
721	4.895119e-03	0.000000e+00	0.000000e+00	0.000000e+00	
722	4.905119e-03	0.000000e+00	0.000000e+00	0.000000e+00	
723	4.915119e-03	0.000000e+00	0.000000e+00	0.000000e+00	
724	4.925119e-03	0.000000e+00	0.000000e+00	0.000000e+00	
725	4.935119e-03	0.000000e+00	0.000000e+00	0.000000e+00	
726	4.945119e-03	0.000000e+00	0.000000e+00	0.000000e+00	
727	4.955119e-03	0.000000e+00	0.000000e+00	0.000000e+00	
728	4.965119e-03	0.000000e+00	0.000000e+00	0.000000e+00	
729	4.975119e-03	0.000000e+00	0.000000e+00	0.000000e+00	
730	4.985119e-03	0.000000e+00	0.000000e+00	0.000000e+00	
731	4.995119e-03	0.000000e+00	0.000000e+00	0.000000e+00	
732	5.000010e-03	0.000000e+00	0.000000e+00	0.000000e+00	
733	5.000011e-03	0.000000e+00	0.000000e+00	0.000000e+00	
734	5.000013e-03	0.000000e+00	0.000000e+00	0.000000e+00	
735	5.000017e-03	0.000000e+00	0.000000e+00	0.000000e+00	
736	5.000019e-03	0.000000e+00	0.000000e+00	0.000000e+00	
737	5.000019e-03	0.000000e+00	0.000000e+00	0.000000e+00	
738	5.000019e-03	0.000000e+00	0.000000e+00	0.000000e+00	
739	5.000020e-03	0.000000e+00	0.000000e+00	0.000000e+00	
740	5.000020e-03	0.000000e+00	0.000000e+00	0.000000e+00	
741	5.000020e-03	0.000000e+00	0.000000e+00	0.000000e+00	
742	5.000020e-03	0.000000e+00	0.000000e+00	0.000000e+00	
743	5.000020e-03	0.000000e+00	0.000000e+00	0.000000e+00	
744	5.000020e-03	0.000000e+00	0.000000e+00	0.000000e+00	
745	5.000020e-03	0.000000e+00	0.000000e+00	0.000000e+00	
746	5.000020e-03	0.000000e+00	0.000000e+00	0.000000e+00	
747	5.000020e-03	0.000000e+00	0.000000e+00	0.000000e+00	
748	5.000020e-03	0.000000e+00	0.000000e+00	0.000000e+00	
749	5.000020e-03	0.000000e+00	0.000000e+00	0.000000e+00	
750	5.000021e-03	0.000000e+00	0.000000e+00	0.000000e+00	

Index   time            v2#branch       v3#branch       v4#branch       
--------------------------------------------------------------------------------
751	5.000021e-03	0.000000e+00	0.000000e+00	0.000000e+00	
752	5.000022e-03	0.000000e+00	0.000000e+00	0.000000e+00	
753	5.000023e-03	0.000000e+00	0.000000e+00	0.000000e+00	
754	5.000023e-03	0.000000e+00	0.000000e+00	0.000000e+00	
755	5.000023e-03	0.000000e+00	0.000000e+00	0.000000e+00	
756	5.000023e-03	0.000000e+00	0.000000e+00	0.000000e+00	
757	5.000023e-03	0.000000e+00	0.000000e+00	0.000000e+00	
758	5.000023e-03	0.000000e+00	0.000000e+00	0.000000e+00	
759	5.000023e-03	0.000000e+00	0.000000e+00	0.000000e+00	
760	5.000023e-03	0.000000e+00	0.000000e+00	0.000000e+00	
761	5.000023e-03	0.000000e+00	0.000000e+00	0.000000e+00	
762	5.000023e-03	0.000000e+00	0.000000e+00	0.000000e+00	
763	5.000024e-03	0.000000e+00	0.000000e+00	0.000000e+00	
764	5.000024e-03	0.000000e+00	0.000000e+00	0.000000e+00	
765	5.000025e-03	0.000000e+00	0.000000e+00	0.000000e+00	
766	5.000027e-03	0.000000e+00	0.000000e+00	0.000000e+00	
767	5.000031e-03	0.000000e+00	0.000000e+00	0.000000e+00	
768	5.000039e-03	0.000000e+00	0.000000e+00	0.000000e+00	
769	5.000056e-03	0.000000e+00	0.000000e+00	0.000000e+00	
770	5.000089e-03	0.000000e+00	0.000000e+00	0.000000e+00	
771	5.000154e-03	0.000000e+00	0.000000e+00	0.000000e+00	
772	5.000285e-03	0.000000e+00	0.000000e+00	0.000000e+00	
773	5.000547e-03	0.000000e+00	0.000000e+00	0.000000e+00	
774	5.001072e-03	0.000000e+00	0.000000e+00	0.000000e+00	
775	5.002120e-03	0.000000e+00	0.000000e+00	0.000000e+00	
776	5.004217e-03	0.000000e+00	0.000000e+00	0.000000e+00	
777	5.008412e-03	0.000000e+00	0.000000e+00	0.000000e+00	
778	5.016800e-03	0.000000e+00	0.000000e+00	0.000000e+00	
779	5.026800e-03	0.000000e+00	0.000000e+00	0.000000e+00	
780	5.036800e-03	0.000000e+00	0.000000e+00	0.000000e+00	
781	5.046800e-03	0.000000e+00	0.000000e+00	0.000000e+00	
782	5.056800e-03	0.000000e+00	0.000000e+00	0.000000e+00	
783	5.066800e-03	0.000000e+00	0.000000e+00	0.000000e+00	
784	5.076800e-03	0.000000e+00	0.000000e+00	0.000000e+00	
785	5.086800e-03	0.000000e+00	0.000000e+00	0.000000e+00	
786	5.096800e-03	0.000000e+00	0.000000e+00	0.000000e+00	
787	5.106800e-03	0.000000e+00	0.000000e+00	0.000000e+00	
788	5.116800e-03	0.000000e+00	0.000000e+00	0.000000e+00	
789	5.126800e-03	0.000000e+00	0.000000e+00	0.000000e+00	
790	5.136800e-03	0.000000e+00	0.000000e+00	0.000000e+00	
791	5.146800e-03	0.000000e+00	0.000000e+00	0.000000e+00	
792	5.156800e-03	0.000000e+00	0.000000e+00	0.000000e+00	
793	5.166800e-03	0.000000e+00	0.000000e+00	0.000000e+00	
794	5.176800e-03	0.000000e+00	0.000000e+00	0.000000e+00	
795	5.186800e-03	0.000000e+00	0.000000e+00	0.000000e+00	
796	5.196800e-03	0.000000e+00	0.000000e+00	0.000000e+00	
797	5.206800e-03	0.000000e+00	0.000000e+00	0.000000e+00	
798	5.216800e-03	0.000000e+00	0.000000e+00	0.000000e+00	
799	5.226800e-03	0.000000e+00	0.000000e+00	0.000000e+00	
800	5.236800e-03	0.000000e+00	0.000000e+00	0.000000e+00	
801	5.246800e-03	0.000000e+00	0.000000e+00	0.000000e+00	
802	5.256800e-03	0.000000e+00	0.000000e+00	0.000000e+00	
803	5.266800e-03	0.000000e+00	0.000000e+00	0.000000e+00	
804	5.276800e-03	0.000000e+00	0.000000e+00	0.000000e+00	
805	5.286800e-03	0.000000e+00	0.000000e+00	0.000000e+00	
806	5.296800e-03	0.000000e+00	0.000000e+00	0.000000e+00	
807	5.306800e-03	0.000000e+00	0.000000e+00	0.000000e+00	
808	5.316800e-03	0.000000e+00	0.000000e+00	0.000000e+00	

Index   time            v2#branch       v3#branch       v4#branch       
--------------------------------------------------------------------------------
809	5.326800e-03	0.000000e+00	0.000000e+00	0.000000e+00	
810	5.336800e-03	0.000000e+00	0.000000e+00	0.000000e+00	
811	5.346800e-03	0.000000e+00	0.000000e+00	0.000000e+00	
812	5.356800e-03	0.000000e+00	0.000000e+00	0.000000e+00	
813	5.366800e-03	0.000000e+00	0.000000e+00	0.000000e+00	
814	5.376800e-03	0.000000e+00	0.000000e+00	0.000000e+00	
815	5.386800e-03	0.000000e+00	0.000000e+00	0.000000e+00	
816	5.396800e-03	0.000000e+00	0.000000e+00	0.000000e+00	
817	5.406800e-03	0.000000e+00	0.000000e+00	0.000000e+00	
818	5.416800e-03	0.000000e+00	0.000000e+00	0.000000e+00	
819	5.426800e-03	0.000000e+00	0.000000e+00	0.000000e+00	
820	5.436800e-03	0.000000e+00	0.000000e+00	0.000000e+00	
821	5.446800e-03	0.000000e+00	0.000000e+00	0.000000e+00	
822	5.456800e-03	0.000000e+00	0.000000e+00	0.000000e+00	
823	5.466800e-03	0.000000e+00	0.000000e+00	0.000000e+00	
824	5.476800e-03	0.000000e+00	0.000000e+00	0.000000e+00	
825	5.486800e-03	0.000000e+00	0.000000e+00	0.000000e+00	
826	5.496800e-03	0.000000e+00	0.000000e+00	0.000000e+00	
827	5.506800e-03	0.000000e+00	0.000000e+00	0.000000e+00	
828	5.516800e-03	0.000000e+00	0.000000e+00	0.000000e+00	
829	5.526800e-03	0.000000e+00	0.000000e+00	0.000000e+00	
830	5.536800e-03	0.000000e+00	0.000000e+00	0.000000e+00	
831	5.546800e-03	0.000000e+00	0.000000e+00	0.000000e+00	
832	5.556800e-03	0.000000e+00	0.000000e+00	0.000000e+00	
833	5.566800e-03	0.000000e+00	0.000000e+00	0.000000e+00	
834	5.576800e-03	0.000000e+00	0.000000e+00	0.000000e+00	
835	5.586800e-03	0.000000e+00	0.000000e+00	0.000000e+00	
836	5.596800e-03	0.000000e+00	0.000000e+00	0.000000e+00	
837	5.606800e-03	0.000000e+00	0.000000e+00	0.000000e+00	
838	5.616800e-03	0.000000e+00	0.000000e+00	0.000000e+00	
839	5.626800e-03	0.000000e+00	0.000000e+00	0.000000e+00	
840	5.636800e-03	0.000000e+00	0.000000e+00	0.000000e+00	
841	5.646800e-03	0.000000e+00	0.000000e+00	0.000000e+00	
842	5.656800e-03	0.000000e+00	0.000000e+00	0.000000e+00	
843	5.666800e-03	0.000000e+00	0.000000e+00	0.000000e+00	
844	5.676800e-03	0.000000e+00	0.000000e+00	0.000000e+00	
845	5.686800e-03	0.000000e+00	0.000000e+00	0.000000e+00	
846	5.696800e-03	0.000000e+00	0.000000e+00	0.000000e+00	
847	5.706800e-03	0.000000e+00	0.000000e+00	0.000000e+00	
848	5.716800e-03	0.000000e+00	0.000000e+00	0.000000e+00	
849	5.726800e-03	0.000000e+00	0.000000e+00	0.000000e+00	
850	5.736800e-03	0.000000e+00	0.000000e+00	0.000000e+00	
851	5.746800e-03	0.000000e+00	0.000000e+00	0.000000e+00	
852	5.756800e-03	0.000000e+00	0.000000e+00	0.000000e+00	
853	5.766800e-03	0.000000e+00	0.000000e+00	0.000000e+00	
854	5.776800e-03	0.000000e+00	0.000000e+00	0.000000e+00	
855	5.786800e-03	0.000000e+00	0.000000e+00	0.000000e+00	
856	5.796800e-03	0.000000e+00	0.000000e+00	0.000000e+00	
857	5.806800e-03	0.000000e+00	0.000000e+00	0.000000e+00	
858	5.816800e-03	0.000000e+00	0.000000e+00	0.000000e+00	
859	5.826800e-03	0.000000e+00	0.000000e+00	0.000000e+00	
860	5.836800e-03	0.000000e+00	0.000000e+00	0.000000e+00	
861	5.846800e-03	0.000000e+00	0.000000e+00	0.000000e+00	
862	5.856800e-03	0.000000e+00	0.000000e+00	0.000000e+00	
863	5.866800e-03	0.000000e+00	0.000000e+00	0.000000e+00	
864	5.876800e-03	0.000000e+00	0.000000e+00	0.000000e+00	
865	5.886800e-03	0.000000e+00	0.000000e+00	0.000000e+00	
866	5.896800e-03	0.000000e+00	0.000000e+00	0.000000e+00	

Index   time            v2#branch       v3#branch       v4#branch       
--------------------------------------------------------------------------------
867	5.906800e-03	0.000000e+00	0.000000e+00	0.000000e+00	
868	5.916800e-03	0.000000e+00	0.000000e+00	0.000000e+00	
869	5.926800e-03	0.000000e+00	0.000000e+00	0.000000e+00	
870	5.936800e-03	0.000000e+00	0.000000e+00	0.000000e+00	
871	5.946800e-03	0.000000e+00	0.000000e+00	0.000000e+00	
872	5.956800e-03	0.000000e+00	0.000000e+00	0.000000e+00	
873	5.966800e-03	0.000000e+00	0.000000e+00	0.000000e+00	
874	5.976800e-03	0.000000e+00	0.000000e+00	0.000000e+00	
875	5.986800e-03	0.000000e+00	0.000000e+00	0.000000e+00	
876	5.996800e-03	0.000000e+00	0.000000e+00	0.000000e+00	
877	6.000000e-03	0.000000e+00	0.000000e+00	0.000000e+00	
878	6.000001e-03	0.000000e+00	0.000000e+00	0.000000e+00	
879	6.000003e-03	0.000000e+00	0.000000e+00	0.000000e+00	
880	6.000007e-03	0.000000e+00	0.000000e+00	0.000000e+00	
881	6.000010e-03	0.000000e+00	0.000000e+00	0.000000e+00	
882	6.000011e-03	0.000000e+00	0.000000e+00	0.000000e+00	
883	6.000012e-03	0.000000e+00	0.000000e+00	0.000000e+00	
884	6.000013e-03	0.000000e+00	0.000000e+00	0.000000e+00	
885	6.000013e-03	0.000000e+00	0.000000e+00	0.000000e+00	
886	6.000013e-03	0.000000e+00	0.000000e+00	0.000000e+00	
887	6.000013e-03	0.000000e+00	0.000000e+00	0.000000e+00	
888	6.000013e-03	0.000000e+00	0.000000e+00	0.000000e+00	
889	6.000013e-03	0.000000e+00	0.000000e+00	0.000000e+00	
890	6.000013e-03	0.000000e+00	0.000000e+00	0.000000e+00	
891	6.000013e-03	0.000000e+00	0.000000e+00	0.000000e+00	
892	6.000013e-03	0.000000e+00	0.000000e+00	0.000000e+00	
893	6.000013e-03	0.000000e+00	0.000000e+00	0.000000e+00	
894	6.000014e-03	0.000000e+00	0.000000e+00	0.000000e+00	
895	6.000014e-03	0.000000e+00	0.000000e+00	0.000000e+00	
896	6.000015e-03	0.000000e+00	0.000000e+00	0.000000e+00	
897	6.000016e-03	0.000000e+00	0.000000e+00	0.000000e+00	
898	6.000016e-03	0.000000e+00	0.000000e+00	0.000000e+00	
899	6.000016e-03	0.000000e+00	0.000000e+00	0.000000e+00	
900	6.000017e-03	0.000000e+00	0.000000e+00	0.000000e+00	
901	6.000017e-03	0.000000e+00	0.000000e+00	0.000000e+00	
902	6.000017e-03	0.000000e+00	0.000000e+00	0.000000e+00	
903	6.000017e-03	0.000000e+00	0.000000e+00	0.000000e+00	
904	6.000017e-03	0.000000e+00	0.000000e+00	0.000000e+00	
905	6.000018e-03	0.000000e+00	0.000000e+00	0.000000e+00	
906	6.000019e-03	0.000000e+00	0.000000e+00	0.000000e+00	
907	6.000020e-03	0.000000e+00	0.000000e+00	0.000000e+00	
908	6.000020e-03	0.000000e+00	0.000000e+00	0.000000e+00	
909	6.000021e-03	0.000000e+00	0.000000e+00	0.000000e+00	
910	6.000022e-03	0.000000e+00	0.000000e+00	0.000000e+00	
911	6.000023e-03	0.000000e+00	0.000000e+00	0.000000e+00	
912	6.000027e-03	0.000000e+00	0.000000e+00	0.000000e+00	
913	6.000035e-03	0.000000e+00	0.000000e+00	0.000000e+00	
914	6.000049e-03	0.000000e+00	0.000000e+00	0.000000e+00	
915	6.000079e-03	0.000000e+00	0.000000e+00	0.000000e+00	
916	6.000138e-03	0.000000e+00	0.000000e+00	0.000000e+00	
917	6.000256e-03	0.000000e+00	0.000000e+00	0.000000e+00	
918	6.000492e-03	0.000000e+00	0.000000e+00	0.000000e+00	
919	6.000963e-03	0.000000e+00	0.000000e+00	0.000000e+00	
920	6.001907e-03	0.000000e+00	0.000000e+00	0.000000e+00	
921	6.003795e-03	0.000000e+00	0.000000e+00	0.000000e+00	
922	6.007570e-03	0.000000e+00	0.000000e+00	0.000000e+00	
923	6.015119e-03	0.000000e+00	0.000000e+00	0.000000e+00	
924	6.025119e-03	0.000000e+00	0.000000e+00	0.000000e+00	

Index   time            v2#branch       v3#branch       v4#branch       
--------------------------------------------------------------------------------
925	6.035119e-03	0.000000e+00	0.000000e+00	0.000000e+00	
926	6.045119e-03	0.000000e+00	0.000000e+00	0.000000e+00	
927	6.055119e-03	0.000000e+00	0.000000e+00	0.000000e+00	
928	6.065119e-03	0.000000e+00	0.000000e+00	0.000000e+00	
929	6.075119e-03	0.000000e+00	0.000000e+00	0.000000e+00	
930	6.085119e-03	0.000000e+00	0.000000e+00	0.000000e+00	
931	6.095119e-03	0.000000e+00	0.000000e+00	0.000000e+00	
932	6.105119e-03	0.000000e+00	0.000000e+00	0.000000e+00	
933	6.115119e-03	0.000000e+00	0.000000e+00	0.000000e+00	
934	6.125119e-03	0.000000e+00	0.000000e+00	0.000000e+00	
935	6.135119e-03	0.000000e+00	0.000000e+00	0.000000e+00	
936	6.145119e-03	0.000000e+00	0.000000e+00	0.000000e+00	
937	6.155119e-03	0.000000e+00	0.000000e+00	0.000000e+00	
938	6.165119e-03	0.000000e+00	0.000000e+00	0.000000e+00	
939	6.175119e-03	0.000000e+00	0.000000e+00	0.000000e+00	
940	6.185119e-03	0.000000e+00	0.000000e+00	0.000000e+00	
941	6.195119e-03	0.000000e+00	0.000000e+00	0.000000e+00	
942	6.205119e-03	0.000000e+00	0.000000e+00	0.000000e+00	
943	6.215119e-03	0.000000e+00	0.000000e+00	0.000000e+00	
944	6.225119e-03	0.000000e+00	0.000000e+00	0.000000e+00	
945	6.235119e-03	0.000000e+00	0.000000e+00	0.000000e+00	
946	6.245119e-03	0.000000e+00	0.000000e+00	0.000000e+00	
947	6.255119e-03	0.000000e+00	0.000000e+00	0.000000e+00	
948	6.265119e-03	0.000000e+00	0.000000e+00	0.000000e+00	
949	6.275119e-03	0.000000e+00	0.000000e+00	0.000000e+00	
950	6.285119e-03	0.000000e+00	0.000000e+00	0.000000e+00	
951	6.295119e-03	0.000000e+00	0.000000e+00	0.000000e+00	
952	6.305119e-03	0.000000e+00	0.000000e+00	0.000000e+00	
953	6.315119e-03	0.000000e+00	0.000000e+00	0.000000e+00	
954	6.325119e-03	0.000000e+00	0.000000e+00	0.000000e+00	
955	6.335119e-03	0.000000e+00	0.000000e+00	0.000000e+00	
956	6.345119e-03	0.000000e+00	0.000000e+00	0.000000e+00	
957	6.355119e-03	0.000000e+00	0.000000e+00	0.000000e+00	
958	6.365119e-03	0.000000e+00	0.000000e+00	0.000000e+00	
959	6.375119e-03	0.000000e+00	0.000000e+00	0.000000e+00	
960	6.385119e-03	0.000000e+00	0.000000e+00	0.000000e+00	
961	6.395119e-03	0.000000e+00	0.000000e+00	0.000000e+00	
962	6.405119e-03	0.000000e+00	0.000000e+00	0.000000e+00	
963	6.415119e-03	0.000000e+00	0.000000e+00	0.000000e+00	
964	6.425119e-03	0.000000e+00	0.000000e+00	0.000000e+00	
965	6.435119e-03	0.000000e+00	0.000000e+00	0.000000e+00	
966	6.445119e-03	0.000000e+00	0.000000e+00	0.000000e+00	
967	6.455119e-03	0.000000e+00	0.000000e+00	0.000000e+00	
968	6.465119e-03	0.000000e+00	0.000000e+00	0.000000e+00	
969	6.475119e-03	0.000000e+00	0.000000e+00	0.000000e+00	
970	6.485119e-03	0.000000e+00	0.000000e+00	0.000000e+00	
971	6.495119e-03	0.000000e+00	0.000000e+00	0.000000e+00	
972	6.505119e-03	0.000000e+00	0.000000e+00	0.000000e+00	
973	6.515119e-03	0.000000e+00	0.000000e+00	0.000000e+00	
974	6.525119e-03	0.000000e+00	0.000000e+00	0.000000e+00	
975	6.535119e-03	0.000000e+00	0.000000e+00	0.000000e+00	
976	6.545119e-03	0.000000e+00	0.000000e+00	0.000000e+00	
977	6.555119e-03	0.000000e+00	0.000000e+00	0.000000e+00	
978	6.565119e-03	0.000000e+00	0.000000e+00	0.000000e+00	
979	6.575119e-03	0.000000e+00	0.000000e+00	0.000000e+00	
980	6.585119e-03	0.000000e+00	0.000000e+00	0.000000e+00	
981	6.595119e-03	0.000000e+00	0.000000e+00	0.000000e+00	
982	6.605119e-03	0.000000e+00	0.000000e+00	0.000000e+00	

Index   time            v2#branch       v3#branch       v4#branch       
--------------------------------------------------------------------------------
983	6.615119e-03	0.000000e+00	0.000000e+00	0.000000e+00	
984	6.625119e-03	0.000000e+00	0.000000e+00	0.000000e+00	
985	6.635119e-03	0.000000e+00	0.000000e+00	0.000000e+00	
986	6.645119e-03	0.000000e+00	0.000000e+00	0.000000e+00	
987	6.655119e-03	0.000000e+00	0.000000e+00	0.000000e+00	
988	6.665119e-03	0.000000e+00	0.000000e+00	0.000000e+00	
989	6.675119e-03	0.000000e+00	0.000000e+00	0.000000e+00	
990	6.685119e-03	0.000000e+00	0.000000e+00	0.000000e+00	
991	6.695119e-03	0.000000e+00	0.000000e+00	0.000000e+00	
992	6.705119e-03	0.000000e+00	0.000000e+00	0.000000e+00	
993	6.715119e-03	0.000000e+00	0.000000e+00	0.000000e+00	
994	6.725119e-03	0.000000e+00	0.000000e+00	0.000000e+00	
995	6.735119e-03	0.000000e+00	0.000000e+00	0.000000e+00	
996	6.745119e-03	0.000000e+00	0.000000e+00	0.000000e+00	
997	6.755119e-03	0.000000e+00	0.000000e+00	0.000000e+00	
998	6.765119e-03	0.000000e+00	0.000000e+00	0.000000e+00	
999	6.775119e-03	0.000000e+00	0.000000e+00	0.000000e+00	
1000	6.785119e-03	0.000000e+00	0.000000e+00	0.000000e+00	
1001	6.795119e-03	0.000000e+00	0.000000e+00	0.000000e+00	
1002	6.805119e-03	0.000000e+00	0.000000e+00	0.000000e+00	
1003	6.815119e-03	0.000000e+00	0.000000e+00	0.000000e+00	
1004	6.825119e-03	0.000000e+00	0.000000e+00	0.000000e+00	
1005	6.835119e-03	0.000000e+00	0.000000e+00	0.000000e+00	
1006	6.845119e-03	0.000000e+00	0.000000e+00	0.000000e+00	
1007	6.855119e-03	0.000000e+00	0.000000e+00	0.000000e+00	
1008	6.865119e-03	0.000000e+00	0.000000e+00	0.000000e+00	
1009	6.875119e-03	0.000000e+00	0.000000e+00	0.000000e+00	
1010	6.885119e-03	0.000000e+00	0.000000e+00	0.000000e+00	
1011	6.895119e-03	0.000000e+00	0.000000e+00	0.000000e+00	
1012	6.905119e-03	0.000000e+00	0.000000e+00	0.000000e+00	
1013	6.915119e-03	0.000000e+00	0.000000e+00	0.000000e+00	
1014	6.925119e-03	0.000000e+00	0.000000e+00	0.000000e+00	
1015	6.935119e-03	0.000000e+00	0.000000e+00	0.000000e+00	
1016	6.945119e-03	0.000000e+00	0.000000e+00	0.000000e+00	
1017	6.955119e-03	0.000000e+00	0.000000e+00	0.000000e+00	
1018	6.965119e-03	0.000000e+00	0.000000e+00	0.000000e+00	
1019	6.975119e-03	0.000000e+00	0.000000e+00	0.000000e+00	
1020	6.985119e-03	0.000000e+00	0.000000e+00	0.000000e+00	
1021	6.995119e-03	0.000000e+00	0.000000e+00	0.000000e+00	
1022	7.000010e-03	0.000000e+00	0.000000e+00	0.000000e+00	
1023	7.000011e-03	0.000000e+00	0.000000e+00	0.000000e+00	
1024	7.000013e-03	0.000000e+00	0.000000e+00	0.000000e+00	
1025	7.000017e-03	0.000000e+00	0.000000e+00	0.000000e+00	
1026	7.000019e-03	0.000000e+00	0.000000e+00	0.000000e+00	
1027	7.000019e-03	0.000000e+00	0.000000e+00	0.000000e+00	
1028	7.000019e-03	0.000000e+00	0.000000e+00	0.000000e+00	
1029	7.000020e-03	0.000000e+00	0.000000e+00	0.000000e+00	
1030	7.000020e-03	0.000000e+00	0.000000e+00	0.000000e+00	
1031	7.000020e-03	0.000000e+00	0.000000e+00	0.000000e+00	
1032	7.000020e-03	0.000000e+00	0.000000e+00	0.000000e+00	
1033	7.000020e-03	0.000000e+00	0.000000e+00	0.000000e+00	
1034	7.000020e-03	0.000000e+00	0.000000e+00	0.000000e+00	
1035	7.000020e-03	0.000000e+00	0.000000e+00	0.000000e+00	
1036	7.000020e-03	0.000000e+00	0.000000e+00	0.000000e+00	
1037	7.000020e-03	0.000000e+00	0.000000e+00	0.000000e+00	
1038	7.000020e-03	0.000000e+00	0.000000e+00	0.000000e+00	
1039	7.000020e-03	0.000000e+00	0.000000e+00	0.000000e+00	
1040	7.000021e-03	0.000000e+00	0.000000e+00	0.000000e+00	

Index   time            v2#branch       v3#branch       v4#branch       
--------------------------------------------------------------------------------
1041	7.000021e-03	0.000000e+00	0.000000e+00	0.000000e+00	
1042	7.000022e-03	0.000000e+00	0.000000e+00	0.000000e+00	
1043	7.000023e-03	0.000000e+00	0.000000e+00	0.000000e+00	
1044	7.000023e-03	0.000000e+00	0.000000e+00	0.000000e+00	
1045	7.000023e-03	0.000000e+00	0.000000e+00	0.000000e+00	
1046	7.000023e-03	0.000000e+00	0.000000e+00	0.000000e+00	
1047	7.000023e-03	0.000000e+00	0.000000e+00	0.000000e+00	
1048	7.000023e-03	0.000000e+00	0.000000e+00	0.000000e+00	
1049	7.000023e-03	0.000000e+00	0.000000e+00	0.000000e+00	
1050	7.000023e-03	0.000000e+00	0.000000e+00	0.000000e+00	
1051	7.000023e-03	0.000000e+00	0.000000e+00	0.000000e+00	
1052	7.000023e-03	0.000000e+00	0.000000e+00	0.000000e+00	
1053	7.000024e-03	0.000000e+00	0.000000e+00	0.000000e+00	
1054	7.000024e-03	0.000000e+00	0.000000e+00	0.000000e+00	
1055	7.000025e-03	0.000000e+00	0.000000e+00	0.000000e+00	
1056	7.000027e-03	0.000000e+00	0.000000e+00	0.000000e+00	
1057	7.000031e-03	0.000000e+00	0.000000e+00	0.000000e+00	
1058	7.000039e-03	0.000000e+00	0.000000e+00	0.000000e+00	
1059	7.000056e-03	0.000000e+00	0.000000e+00	0.000000e+00	
1060	7.000089e-03	0.000000e+00	0.000000e+00	0.000000e+00	
1061	7.000154e-03	0.000000e+00	0.000000e+00	0.000000e+00	
1062	7.000285e-03	0.000000e+00	0.000000e+00	0.000000e+00	
1063	7.000547e-03	0.000000e+00	0.000000e+00	0.000000e+00	
1064	7.001072e-03	0.000000e+00	0.000000e+00	0.000000e+00	
1065	7.002120e-03	0.000000e+00	0.000000e+00	0.000000e+00	
1066	7.004217e-03	0.000000e+00	0.000000e+00	0.000000e+00	
1067	7.008412e-03	0.000000e+00	0.000000e+00	0.000000e+00	
1068	7.016800e-03	0.000000e+00	0.000000e+00	0.000000e+00	
1069	7.026800e-03	0.000000e+00	0.000000e+00	0.000000e+00	
1070	7.036800e-03	0.000000e+00	0.000000e+00	0.000000e+00	
1071	7.046800e-03	0.000000e+00	0.000000e+00	0.000000e+00	
1072	7.056800e-03	0.000000e+00	0.000000e+00	0.000000e+00	
1073	7.066800e-03	0.000000e+00	0.000000e+00	0.000000e+00	
1074	7.076800e-03	0.000000e+00	0.000000e+00	0.000000e+00	
1075	7.086800e-03	0.000000e+00	0.000000e+00	0.000000e+00	
1076	7.096800e-03	0.000000e+00	0.000000e+00	0.000000e+00	
1077	7.106800e-03	0.000000e+00	0.000000e+00	0.000000e+00	
1078	7.116800e-03	0.000000e+00	0.000000e+00	0.000000e+00	
1079	7.126800e-03	0.000000e+00	0.000000e+00	0.000000e+00	
1080	7.136800e-03	0.000000e+00	0.000000e+00	0.000000e+00	
1081	7.146800e-03	0.000000e+00	0.000000e+00	0.000000e+00	
1082	7.156800e-03	0.000000e+00	0.000000e+00	0.000000e+00	
1083	7.166800e-03	0.000000e+00	0.000000e+00	0.000000e+00	
1084	7.176800e-03	0.000000e+00	0.000000e+00	0.000000e+00	
1085	7.186800e-03	0.000000e+00	0.000000e+00	0.000000e+00	
1086	7.196800e-03	0.000000e+00	0.000000e+00	0.000000e+00	
1087	7.206800e-03	0.000000e+00	0.000000e+00	0.000000e+00	
1088	7.216800e-03	0.000000e+00	0.000000e+00	0.000000e+00	
1089	7.226800e-03	0.000000e+00	0.000000e+00	0.000000e+00	
1090	7.236800e-03	0.000000e+00	0.000000e+00	0.000000e+00	
1091	7.246800e-03	0.000000e+00	0.000000e+00	0.000000e+00	
1092	7.256800e-03	0.000000e+00	0.000000e+00	0.000000e+00	
1093	7.266800e-03	0.000000e+00	0.000000e+00	0.000000e+00	
1094	7.276800e-03	0.000000e+00	0.000000e+00	0.000000e+00	
1095	7.286800e-03	0.000000e+00	0.000000e+00	0.000000e+00	
1096	7.296800e-03	0.000000e+00	0.000000e+00	0.000000e+00	
1097	7.306800e-03	0.000000e+00	0.000000e+00	0.000000e+00	
1098	7.316800e-03	0.000000e+00	0.000000e+00	0.000000e+00	

Index   time            v2#branch       v3#branch       v4#branch       
--------------------------------------------------------------------------------
1099	7.326800e-03	0.000000e+00	0.000000e+00	0.000000e+00	
1100	7.336800e-03	0.000000e+00	0.000000e+00	0.000000e+00	
1101	7.346800e-03	0.000000e+00	0.000000e+00	0.000000e+00	
1102	7.356800e-03	0.000000e+00	0.000000e+00	0.000000e+00	
1103	7.366800e-03	0.000000e+00	0.000000e+00	0.000000e+00	
1104	7.376800e-03	0.000000e+00	0.000000e+00	0.000000e+00	
1105	7.386800e-03	0.000000e+00	0.000000e+00	0.000000e+00	
1106	7.396800e-03	0.000000e+00	0.000000e+00	0.000000e+00	
1107	7.406800e-03	0.000000e+00	0.000000e+00	0.000000e+00	
1108	7.416800e-03	0.000000e+00	0.000000e+00	0.000000e+00	
1109	7.426800e-03	0.000000e+00	0.000000e+00	0.000000e+00	
1110	7.436800e-03	0.000000e+00	0.000000e+00	0.000000e+00	
1111	7.446800e-03	0.000000e+00	0.000000e+00	0.000000e+00	
1112	7.456800e-03	0.000000e+00	0.000000e+00	0.000000e+00	
1113	7.466800e-03	0.000000e+00	0.000000e+00	0.000000e+00	
1114	7.476800e-03	0.000000e+00	0.000000e+00	0.000000e+00	
1115	7.486800e-03	0.000000e+00	0.000000e+00	0.000000e+00	
1116	7.496800e-03	0.000000e+00	0.000000e+00	0.000000e+00	
1117	7.506800e-03	0.000000e+00	0.000000e+00	0.000000e+00	
1118	7.516800e-03	0.000000e+00	0.000000e+00	0.000000e+00	
1119	7.526800e-03	0.000000e+00	0.000000e+00	0.000000e+00	
1120	7.536800e-03	0.000000e+00	0.000000e+00	0.000000e+00	
1121	7.546800e-03	0.000000e+00	0.000000e+00	0.000000e+00	
1122	7.556800e-03	0.000000e+00	0.000000e+00	0.000000e+00	
1123	7.566800e-03	0.000000e+00	0.000000e+00	0.000000e+00	
1124	7.576800e-03	0.000000e+00	0.000000e+00	0.000000e+00	
1125	7.586800e-03	0.000000e+00	0.000000e+00	0.000000e+00	
1126	7.596800e-03	0.000000e+00	0.000000e+00	0.000000e+00	
1127	7.606800e-03	0.000000e+00	0.000000e+00	0.000000e+00	
1128	7.616800e-03	0.000000e+00	0.000000e+00	0.000000e+00	
1129	7.626800e-03	0.000000e+00	0.000000e+00	0.000000e+00	
1130	7.636800e-03	0.000000e+00	0.000000e+00	0.000000e+00	
1131	7.646800e-03	0.000000e+00	0.000000e+00	0.000000e+00	
1132	7.656800e-03	0.000000e+00	0.000000e+00	0.000000e+00	
1133	7.666800e-03	0.000000e+00	0.000000e+00	0.000000e+00	
1134	7.676800e-03	0.000000e+00	0.000000e+00	0.000000e+00	
1135	7.686800e-03	0.000000e+00	0.000000e+00	0.000000e+00	
1136	7.696800e-03	0.000000e+00	0.000000e+00	0.000000e+00	
1137	7.706800e-03	0.000000e+00	0.000000e+00	0.000000e+00	
1138	7.716800e-03	0.000000e+00	0.000000e+00	0.000000e+00	
1139	7.726800e-03	0.000000e+00	0.000000e+00	0.000000e+00	
1140	7.736800e-03	0.000000e+00	0.000000e+00	0.000000e+00	
1141	7.746800e-03	0.000000e+00	0.000000e+00	0.000000e+00	
1142	7.756800e-03	0.000000e+00	0.000000e+00	0.000000e+00	
1143	7.766800e-03	0.000000e+00	0.000000e+00	0.000000e+00	
1144	7.776800e-03	0.000000e+00	0.000000e+00	0.000000e+00	
1145	7.786800e-03	0.000000e+00	0.000000e+00	0.000000e+00	
1146	7.796800e-03	0.000000e+00	0.000000e+00	0.000000e+00	
1147	7.806800e-03	0.000000e+00	0.000000e+00	0.000000e+00	
1148	7.816800e-03	0.000000e+00	0.000000e+00	0.000000e+00	
1149	7.826800e-03	0.000000e+00	0.000000e+00	0.000000e+00	
1150	7.836800e-03	0.000000e+00	0.000000e+00	0.000000e+00	
1151	7.846800e-03	0.000000e+00	0.000000e+00	0.000000e+00	
1152	7.856800e-03	0.000000e+00	0.000000e+00	0.000000e+00	
1153	7.866800e-03	0.000000e+00	0.000000e+00	0.000000e+00	
1154	7.876800e-03	0.000000e+00	0.000000e+00	0.000000e+00	
1155	7.886800e-03	0.000000e+00	0.000000e+00	0.000000e+00	
1156	7.896800e-03	0.000000e+00	0.000000e+00	0.000000e+00	

Index   time            v2#branch       v3#branch       v4#branch       
--------------------------------------------------------------------------------
1157	7.906800e-03	0.000000e+00	0.000000e+00	0.000000e+00	
1158	7.916800e-03	0.000000e+00	0.000000e+00	0.000000e+00	
1159	7.926800e-03	0.000000e+00	0.000000e+00	0.000000e+00	
1160	7.936800e-03	0.000000e+00	0.000000e+00	0.000000e+00	
1161	7.946800e-03	0.000000e+00	0.000000e+00	0.000000e+00	
1162	7.956800e-03	0.000000e+00	0.000000e+00	0.000000e+00	
1163	7.966800e-03	0.000000e+00	0.000000e+00	0.000000e+00	
1164	7.976800e-03	0.000000e+00	0.000000e+00	0.000000e+00	
1165	7.986800e-03	0.000000e+00	0.000000e+00	0.000000e+00	
1166	7.996800e-03	0.000000e+00	0.000000e+00	0.000000e+00	
1167	8.000000e-03	0.000000e+00	0.000000e+00	0.000000e+00	

                                kicad schematic
                                Transient Analysis  Sun Nov 09 00:17:05  2025
--------------------------------------------------------------------------------
Index   time            v5#branch       v6#branch       v7#branch       
--------------------------------------------------------------------------------
0	0.000000e+00	0.000000e+00	0.000000e+00	0.000000e+00	
1	1.000000e-10	0.000000e+00	0.000000e+00	0.000000e+00	
2	2.000000e-10	0.000000e+00	0.000000e+00	0.000000e+00	
3	4.000000e-10	0.000000e+00	0.000000e+00	0.000000e+00	
4	8.000000e-10	0.000000e+00	0.000000e+00	0.000000e+00	
5	1.600000e-09	0.000000e+00	0.000000e+00	0.000000e+00	
6	3.200000e-09	0.000000e+00	0.000000e+00	0.000000e+00	
7	6.400000e-09	0.000000e+00	0.000000e+00	0.000000e+00	
8	1.000000e-08	0.000000e+00	0.000000e+00	0.000000e+00	
9	1.020000e-08	0.000000e+00	0.000000e+00	0.000000e+00	
10	1.021000e-08	0.000000e+00	0.000000e+00	0.000000e+00	
11	1.023000e-08	0.000000e+00	0.000000e+00	0.000000e+00	
12	1.027000e-08	0.000000e+00	0.000000e+00	0.000000e+00	
13	1.030000e-08	0.000000e+00	0.000000e+00	0.000000e+00	
14	1.030800e-08	0.000000e+00	0.000000e+00	0.000000e+00	
15	1.032400e-08	0.000000e+00	0.000000e+00	0.000000e+00	
16	1.035600e-08	0.000000e+00	0.000000e+00	0.000000e+00	
17	1.042000e-08	0.000000e+00	0.000000e+00	0.000000e+00	
18	1.054800e-08	0.000000e+00	0.000000e+00	0.000000e+00	
19	1.080400e-08	0.000000e+00	0.000000e+00	0.000000e+00	
20	1.131600e-08	0.000000e+00	0.000000e+00	0.000000e+00	
21	1.234000e-08	0.000000e+00	0.000000e+00	0.000000e+00	
22	1.340000e-08	0.000000e+00	0.000000e+00	0.000000e+00	
23	1.349000e-08	0.000000e+00	0.000000e+00	0.000000e+00	
24	1.367000e-08	0.000000e+00	0.000000e+00	0.000000e+00	
25	1.403000e-08	0.000000e+00	0.000000e+00	0.000000e+00	
26	1.430000e-08	0.000000e+00	0.000000e+00	0.000000e+00	
27	1.437200e-08	0.000000e+00	0.000000e+00	0.000000e+00	
28	1.451600e-08	0.000000e+00	0.000000e+00	0.000000e+00	
29	1.480400e-08	0.000000e+00	0.000000e+00	0.000000e+00	
30	1.538000e-08	0.000000e+00	0.000000e+00	0.000000e+00	
31	1.600000e-08	0.000000e+00	0.000000e+00	0.000000e+00	
32	1.609000e-08	0.000000e+00	0.000000e+00	0.000000e+00	
33	1.627000e-08	0.000000e+00	0.000000e+00	0.000000e+00	
34	1.663000e-08	0.000000e+00	0.000000e+00	0.000000e+00	
35	1.690000e-08	0.000000e+00	0.000000e+00	0.000000e+00	
36	1.697200e-08	0.000000e+00	0.000000e+00	0.000000e+00	
37	1.711600e-08	0.000000e+00	0.000000e+00	0.000000e+00	
38	1.740400e-08	0.000000e+00	0.000000e+00	0.000000e+00	
39	1.798000e-08	0.000000e+00	0.000000e+00	0.000000e+00	
40	1.913200e-08	0.000000e+00	0.000000e+00	0.000000e+00	
41	2.143600e-08	0.000000e+00	0.000000e+00	0.000000e+00	
42	2.604400e-08	0.000000e+00	0.000000e+00	0.000000e+00	
43	3.526000e-08	0.000000e+00	0.000000e+00	0.000000e+00	
44	5.369200e-08	0.000000e+00	0.000000e+00	0.000000e+00	
45	9.055600e-08	0.000000e+00	0.000000e+00	0.000000e+00	
46	1.642840e-07	0.000000e+00	0.000000e+00	0.000000e+00	
47	3.117400e-07	0.000000e+00	0.000000e+00	0.000000e+00	
48	6.066520e-07	0.000000e+00	0.000000e+00	0.000000e+00	
49	1.196476e-06	0.000000e+00	0.000000e+00	0.000000e+00	
50	2.376124e-06	0.000000e+00	0.000000e+00	0.000000e+00	
51	4.735420e-06	0.000000e+00	0.000000e+00	0.000000e+00	
52	9.454012e-06	0.000000e+00	0.000000e+00	0.000000e+00	
53	1.889120e-05	0.000000e+00	0.000000e+00	0.000000e+00	
54	2.889120e-05	0.000000e+00	0.000000e+00	0.000000e+00	

Index   time            v5#branch       v6#branch       v7#branch       
--------------------------------------------------------------------------------
55	3.889120e-05	0.000000e+00	0.000000e+00	0.000000e+00	
56	4.889120e-05	0.000000e+00	0.000000e+00	0.000000e+00	
57	5.889120e-05	0.000000e+00	0.000000e+00	0.000000e+00	
58	6.889120e-05	0.000000e+00	0.000000e+00	0.000000e+00	
59	7.889120e-05	0.000000e+00	0.000000e+00	0.000000e+00	
60	8.889120e-05	0.000000e+00	0.000000e+00	0.000000e+00	
61	9.889120e-05	0.000000e+00	0.000000e+00	0.000000e+00	
62	1.088912e-04	0.000000e+00	0.000000e+00	0.000000e+00	
63	1.188912e-04	0.000000e+00	0.000000e+00	0.000000e+00	
64	1.288912e-04	0.000000e+00	0.000000e+00	0.000000e+00	
65	1.388912e-04	0.000000e+00	0.000000e+00	0.000000e+00	
66	1.488912e-04	0.000000e+00	0.000000e+00	0.000000e+00	
67	1.588912e-04	0.000000e+00	0.000000e+00	0.000000e+00	
68	1.688912e-04	0.000000e+00	0.000000e+00	0.000000e+00	
69	1.788912e-04	0.000000e+00	0.000000e+00	0.000000e+00	
70	1.888912e-04	0.000000e+00	0.000000e+00	0.000000e+00	
71	1.988912e-04	0.000000e+00	0.000000e+00	0.000000e+00	
72	2.088912e-04	0.000000e+00	0.000000e+00	0.000000e+00	
73	2.188912e-04	0.000000e+00	0.000000e+00	0.000000e+00	
74	2.288912e-04	0.000000e+00	0.000000e+00	0.000000e+00	
75	2.388912e-04	0.000000e+00	0.000000e+00	0.000000e+00	
76	2.488912e-04	0.000000e+00	0.000000e+00	0.000000e+00	
77	2.588912e-04	0.000000e+00	0.000000e+00	0.000000e+00	
78	2.688912e-04	0.000000e+00	0.000000e+00	0.000000e+00	
79	2.788912e-04	0.000000e+00	0.000000e+00	0.000000e+00	
80	2.888912e-04	0.000000e+00	0.000000e+00	0.000000e+00	
81	2.988912e-04	0.000000e+00	0.000000e+00	0.000000e+00	
82	3.088912e-04	0.000000e+00	0.000000e+00	0.000000e+00	
83	3.188912e-04	0.000000e+00	0.000000e+00	0.000000e+00	
84	3.288912e-04	0.000000e+00	0.000000e+00	0.000000e+00	
85	3.388912e-04	0.000000e+00	0.000000e+00	0.000000e+00	
86	3.488912e-04	0.000000e+00	0.000000e+00	0.000000e+00	
87	3.588912e-04	0.000000e+00	0.000000e+00	0.000000e+00	
88	3.688912e-04	0.000000e+00	0.000000e+00	0.000000e+00	
89	3.788912e-04	0.000000e+00	0.000000e+00	0.000000e+00	
90	3.888912e-04	0.000000e+00	0.000000e+00	0.000000e+00	
91	3.988912e-04	0.000000e+00	0.000000e+00	0.000000e+00	
92	4.088912e-04	0.000000e+00	0.000000e+00	0.000000e+00	
93	4.188912e-04	0.000000e+00	0.000000e+00	0.000000e+00	
94	4.288912e-04	0.000000e+00	0.000000e+00	0.000000e+00	
95	4.388912e-04	0.000000e+00	0.000000e+00	0.000000e+00	
96	4.488912e-04	0.000000e+00	0.000000e+00	0.000000e+00	
97	4.588912e-04	0.000000e+00	0.000000e+00	0.000000e+00	
98	4.688912e-04	0.000000e+00	0.000000e+00	0.000000e+00	
99	4.788912e-04	0.000000e+00	0.000000e+00	0.000000e+00	
100	4.888912e-04	0.000000e+00	0.000000e+00	0.000000e+00	
101	4.988912e-04	0.000000e+00	0.000000e+00	0.000000e+00	
102	5.088912e-04	0.000000e+00	0.000000e+00	0.000000e+00	
103	5.188912e-04	0.000000e+00	0.000000e+00	0.000000e+00	
104	5.288912e-04	0.000000e+00	0.000000e+00	0.000000e+00	
105	5.388912e-04	0.000000e+00	0.000000e+00	0.000000e+00	
106	5.488912e-04	0.000000e+00	0.000000e+00	0.000000e+00	
107	5.588912e-04	0.000000e+00	0.000000e+00	0.000000e+00	
108	5.688912e-04	0.000000e+00	0.000000e+00	0.000000e+00	
109	5.788912e-04	0.000000e+00	0.000000e+00	0.000000e+00	
110	5.888912e-04	0.000000e+00	0.000000e+00	0.000000e+00	
111	5.988912e-04	0.000000e+00	0.000000e+00	0.000000e+00	
112	6.088912e-04	0.000000e+00	0.000000e+00	0.000000e+00	

Index   time            v5#branch       v6#branch       v7#branch       
--------------------------------------------------------------------------------
113	6.188912e-04	0.000000e+00	0.000000e+00	0.000000e+00	
114	6.288912e-04	0.000000e+00	0.000000e+00	0.000000e+00	
115	6.388912e-04	0.000000e+00	0.000000e+00	0.000000e+00	
116	6.488912e-04	0.000000e+00	0.000000e+00	0.000000e+00	
117	6.588912e-04	0.000000e+00	0.000000e+00	0.000000e+00	
118	6.688912e-04	0.000000e+00	0.000000e+00	0.000000e+00	
119	6.788912e-04	0.000000e+00	0.000000e+00	0.000000e+00	
120	6.888912e-04	0.000000e+00	0.000000e+00	0.000000e+00	
121	6.988912e-04	0.000000e+00	0.000000e+00	0.000000e+00	
122	7.088912e-04	0.000000e+00	0.000000e+00	0.000000e+00	
123	7.188912e-04	0.000000e+00	0.000000e+00	0.000000e+00	
124	7.288912e-04	0.000000e+00	0.000000e+00	0.000000e+00	
125	7.388912e-04	0.000000e+00	0.000000e+00	0.000000e+00	
126	7.488912e-04	0.000000e+00	0.000000e+00	0.000000e+00	
127	7.588912e-04	0.000000e+00	0.000000e+00	0.000000e+00	
128	7.688912e-04	0.000000e+00	0.000000e+00	0.000000e+00	
129	7.788912e-04	0.000000e+00	0.000000e+00	0.000000e+00	
130	7.888912e-04	0.000000e+00	0.000000e+00	0.000000e+00	
131	7.988912e-04	0.000000e+00	0.000000e+00	0.000000e+00	
132	8.088912e-04	0.000000e+00	0.000000e+00	0.000000e+00	
133	8.188912e-04	0.000000e+00	0.000000e+00	0.000000e+00	
134	8.288912e-04	0.000000e+00	0.000000e+00	0.000000e+00	
135	8.388912e-04	0.000000e+00	0.000000e+00	0.000000e+00	
136	8.488912e-04	0.000000e+00	0.000000e+00	0.000000e+00	
137	8.588912e-04	0.000000e+00	0.000000e+00	0.000000e+00	
138	8.688912e-04	0.000000e+00	0.000000e+00	0.000000e+00	
139	8.788912e-04	0.000000e+00	0.000000e+00	0.000000e+00	
140	8.888912e-04	0.000000e+00	0.000000e+00	0.000000e+00	
141	8.988912e-04	0.000000e+00	0.000000e+00	0.000000e+00	
142	9.088912e-04	0.000000e+00	0.000000e+00	0.000000e+00	
143	9.188912e-04	0.000000e+00	0.000000e+00	0.000000e+00	
144	9.288912e-04	0.000000e+00	0.000000e+00	0.000000e+00	
145	9.388912e-04	0.000000e+00	0.000000e+00	0.000000e+00	
146	9.488912e-04	0.000000e+00	0.000000e+00	0.000000e+00	
147	9.588912e-04	0.000000e+00	0.000000e+00	0.000000e+00	
148	9.688912e-04	0.000000e+00	0.000000e+00	0.000000e+00	
149	9.788912e-04	0.000000e+00	0.000000e+00	0.000000e+00	
150	9.888912e-04	0.000000e+00	0.000000e+00	0.000000e+00	
151	9.988912e-04	0.000000e+00	0.000000e+00	0.000000e+00	
152	1.000010e-03	0.000000e+00	0.000000e+00	0.000000e+00	
153	1.000011e-03	0.000000e+00	0.000000e+00	0.000000e+00	
154	1.000013e-03	0.000000e+00	0.000000e+00	0.000000e+00	
155	1.000017e-03	0.000000e+00	0.000000e+00	0.000000e+00	
156	1.000019e-03	0.000000e+00	0.000000e+00	0.000000e+00	
157	1.000019e-03	0.000000e+00	0.000000e+00	0.000000e+00	
158	1.000019e-03	0.000000e+00	0.000000e+00	0.000000e+00	
159	1.000020e-03	0.000000e+00	0.000000e+00	0.000000e+00	
160	1.000020e-03	0.000000e+00	0.000000e+00	0.000000e+00	
161	1.000020e-03	0.000000e+00	0.000000e+00	0.000000e+00	
162	1.000020e-03	0.000000e+00	0.000000e+00	0.000000e+00	
163	1.000020e-03	0.000000e+00	0.000000e+00	0.000000e+00	
164	1.000020e-03	0.000000e+00	0.000000e+00	0.000000e+00	
165	1.000020e-03	0.000000e+00	0.000000e+00	0.000000e+00	
166	1.000020e-03	0.000000e+00	0.000000e+00	0.000000e+00	
167	1.000020e-03	0.000000e+00	0.000000e+00	0.000000e+00	
168	1.000020e-03	0.000000e+00	0.000000e+00	0.000000e+00	
169	1.000020e-03	0.000000e+00	0.000000e+00	0.000000e+00	
170	1.000021e-03	0.000000e+00	0.000000e+00	0.000000e+00	

Index   time            v5#branch       v6#branch       v7#branch       
--------------------------------------------------------------------------------
171	1.000021e-03	0.000000e+00	0.000000e+00	0.000000e+00	
172	1.000022e-03	0.000000e+00	0.000000e+00	0.000000e+00	
173	1.000023e-03	0.000000e+00	0.000000e+00	0.000000e+00	
174	1.000023e-03	0.000000e+00	0.000000e+00	0.000000e+00	
175	1.000023e-03	0.000000e+00	0.000000e+00	0.000000e+00	
176	1.000023e-03	0.000000e+00	0.000000e+00	0.000000e+00	
177	1.000023e-03	0.000000e+00	0.000000e+00	0.000000e+00	
178	1.000023e-03	0.000000e+00	0.000000e+00	0.000000e+00	
179	1.000023e-03	0.000000e+00	0.000000e+00	0.000000e+00	
180	1.000023e-03	0.000000e+00	0.000000e+00	0.000000e+00	
181	1.000023e-03	0.000000e+00	0.000000e+00	0.000000e+00	
182	1.000023e-03	0.000000e+00	0.000000e+00	0.000000e+00	
183	1.000024e-03	0.000000e+00	0.000000e+00	0.000000e+00	
184	1.000024e-03	0.000000e+00	0.000000e+00	0.000000e+00	
185	1.000025e-03	0.000000e+00	0.000000e+00	0.000000e+00	
186	1.000027e-03	0.000000e+00	0.000000e+00	0.000000e+00	
187	1.000031e-03	0.000000e+00	0.000000e+00	0.000000e+00	
188	1.000039e-03	0.000000e+00	0.000000e+00	0.000000e+00	
189	1.000056e-03	0.000000e+00	0.000000e+00	0.000000e+00	
190	1.000089e-03	0.000000e+00	0.000000e+00	0.000000e+00	
191	1.000154e-03	0.000000e+00	0.000000e+00	0.000000e+00	
192	1.000285e-03	0.000000e+00	0.000000e+00	0.000000e+00	
193	1.000547e-03	0.000000e+00	0.000000e+00	0.000000e+00	
194	1.001072e-03	0.000000e+00	0.000000e+00	0.000000e+00	
195	1.002120e-03	0.000000e+00	0.000000e+00	0.000000e+00	
196	1.004217e-03	0.000000e+00	0.000000e+00	0.000000e+00	
197	1.008412e-03	0.000000e+00	0.000000e+00	0.000000e+00	
198	1.016800e-03	0.000000e+00	0.000000e+00	0.000000e+00	
199	1.026800e-03	0.000000e+00	0.000000e+00	0.000000e+00	
200	1.036800e-03	0.000000e+00	0.000000e+00	0.000000e+00	
201	1.046800e-03	0.000000e+00	0.000000e+00	0.000000e+00	
202	1.056800e-03	0.000000e+00	0.000000e+00	0.000000e+00	
203	1.066800e-03	0.000000e+00	0.000000e+00	0.000000e+00	
204	1.076800e-03	0.000000e+00	0.000000e+00	0.000000e+00	
205	1.086800e-03	0.000000e+00	0.000000e+00	0.000000e+00	
206	1.096800e-03	0.000000e+00	0.000000e+00	0.000000e+00	
207	1.106800e-03	0.000000e+00	0.000000e+00	0.000000e+00	
208	1.116800e-03	0.000000e+00	0.000000e+00	0.000000e+00	
209	1.126800e-03	0.000000e+00	0.000000e+00	0.000000e+00	
210	1.136800e-03	0.000000e+00	0.000000e+00	0.000000e+00	
211	1.146800e-03	0.000000e+00	0.000000e+00	0.000000e+00	
212	1.156800e-03	0.000000e+00	0.000000e+00	0.000000e+00	
213	1.166800e-03	0.000000e+00	0.000000e+00	0.000000e+00	
214	1.176800e-03	0.000000e+00	0.000000e+00	0.000000e+00	
215	1.186800e-03	0.000000e+00	0.000000e+00	0.000000e+00	
216	1.196800e-03	0.000000e+00	0.000000e+00	0.000000e+00	
217	1.206800e-03	0.000000e+00	0.000000e+00	0.000000e+00	
218	1.216800e-03	0.000000e+00	0.000000e+00	0.000000e+00	
219	1.226800e-03	0.000000e+00	0.000000e+00	0.000000e+00	
220	1.236800e-03	0.000000e+00	0.000000e+00	0.000000e+00	
221	1.246800e-03	0.000000e+00	0.000000e+00	0.000000e+00	
222	1.256800e-03	0.000000e+00	0.000000e+00	0.000000e+00	
223	1.266800e-03	0.000000e+00	0.000000e+00	0.000000e+00	
224	1.276800e-03	0.000000e+00	0.000000e+00	0.000000e+00	
225	1.286800e-03	0.000000e+00	0.000000e+00	0.000000e+00	
226	1.296800e-03	0.000000e+00	0.000000e+00	0.000000e+00	
227	1.306800e-03	0.000000e+00	0.000000e+00	0.000000e+00	
228	1.316800e-03	0.000000e+00	0.000000e+00	0.000000e+00	

Index   time            v5#branch       v6#branch       v7#branch       
--------------------------------------------------------------------------------
229	1.326800e-03	0.000000e+00	0.000000e+00	0.000000e+00	
230	1.336800e-03	0.000000e+00	0.000000e+00	0.000000e+00	
231	1.346800e-03	0.000000e+00	0.000000e+00	0.000000e+00	
232	1.356800e-03	0.000000e+00	0.000000e+00	0.000000e+00	
233	1.366800e-03	0.000000e+00	0.000000e+00	0.000000e+00	
234	1.376800e-03	0.000000e+00	0.000000e+00	0.000000e+00	
235	1.386800e-03	0.000000e+00	0.000000e+00	0.000000e+00	
236	1.396800e-03	0.000000e+00	0.000000e+00	0.000000e+00	
237	1.406800e-03	0.000000e+00	0.000000e+00	0.000000e+00	
238	1.416800e-03	0.000000e+00	0.000000e+00	0.000000e+00	
239	1.426800e-03	0.000000e+00	0.000000e+00	0.000000e+00	
240	1.436800e-03	0.000000e+00	0.000000e+00	0.000000e+00	
241	1.446800e-03	0.000000e+00	0.000000e+00	0.000000e+00	
242	1.456800e-03	0.000000e+00	0.000000e+00	0.000000e+00	
243	1.466800e-03	0.000000e+00	0.000000e+00	0.000000e+00	
244	1.476800e-03	0.000000e+00	0.000000e+00	0.000000e+00	
245	1.486800e-03	0.000000e+00	0.000000e+00	0.000000e+00	
246	1.496800e-03	0.000000e+00	0.000000e+00	0.000000e+00	
247	1.506800e-03	0.000000e+00	0.000000e+00	0.000000e+00	
248	1.516800e-03	0.000000e+00	0.000000e+00	0.000000e+00	
249	1.526800e-03	0.000000e+00	0.000000e+00	0.000000e+00	
250	1.536800e-03	0.000000e+00	0.000000e+00	0.000000e+00	
251	1.546800e-03	0.000000e+00	0.000000e+00	0.000000e+00	
252	1.556800e-03	0.000000e+00	0.000000e+00	0.000000e+00	
253	1.566800e-03	0.000000e+00	0.000000e+00	0.000000e+00	
254	1.576800e-03	0.000000e+00	0.000000e+00	0.000000e+00	
255	1.586800e-03	0.000000e+00	0.000000e+00	0.000000e+00	
256	1.596800e-03	0.000000e+00	0.000000e+00	0.000000e+00	
257	1.606800e-03	0.000000e+00	0.000000e+00	0.000000e+00	
258	1.616800e-03	0.000000e+00	0.000000e+00	0.000000e+00	
259	1.626800e-03	0.000000e+00	0.000000e+00	0.000000e+00	
260	1.636800e-03	0.000000e+00	0.000000e+00	0.000000e+00	
261	1.646800e-03	0.000000e+00	0.000000e+00	0.000000e+00	
262	1.656800e-03	0.000000e+00	0.000000e+00	0.000000e+00	
263	1.666800e-03	0.000000e+00	0.000000e+00	0.000000e+00	
264	1.676800e-03	0.000000e+00	0.000000e+00	0.000000e+00	
265	1.686800e-03	0.000000e+00	0.000000e+00	0.000000e+00	
266	1.696800e-03	0.000000e+00	0.000000e+00	0.000000e+00	
267	1.706800e-03	0.000000e+00	0.000000e+00	0.000000e+00	
268	1.716800e-03	0.000000e+00	0.000000e+00	0.000000e+00	
269	1.726800e-03	0.000000e+00	0.000000e+00	0.000000e+00	
270	1.736800e-03	0.000000e+00	0.000000e+00	0.000000e+00	
271	1.746800e-03	0.000000e+00	0.000000e+00	0.000000e+00	
272	1.756800e-03	0.000000e+00	0.000000e+00	0.000000e+00	
273	1.766800e-03	0.000000e+00	0.000000e+00	0.000000e+00	
274	1.776800e-03	0.000000e+00	0.000000e+00	0.000000e+00	
275	1.786800e-03	0.000000e+00	0.000000e+00	0.000000e+00	
276	1.796800e-03	0.000000e+00	0.000000e+00	0.000000e+00	
277	1.806800e-03	0.000000e+00	0.000000e+00	0.000000e+00	
278	1.816800e-03	0.000000e+00	0.000000e+00	0.000000e+00	
279	1.826800e-03	0.000000e+00	0.000000e+00	0.000000e+00	
280	1.836800e-03	0.000000e+00	0.000000e+00	0.000000e+00	
281	1.846800e-03	0.000000e+00	0.000000e+00	0.000000e+00	
282	1.856800e-03	0.000000e+00	0.000000e+00	0.000000e+00	
283	1.866800e-03	0.000000e+00	0.000000e+00	0.000000e+00	
284	1.876800e-03	0.000000e+00	0.000000e+00	0.000000e+00	
285	1.886800e-03	0.000000e+00	0.000000e+00	0.000000e+00	
286	1.896800e-03	0.000000e+00	0.000000e+00	0.000000e+00	

Index   time            v5#branch       v6#branch       v7#branch       
--------------------------------------------------------------------------------
287	1.906800e-03	0.000000e+00	0.000000e+00	0.000000e+00	
288	1.916800e-03	0.000000e+00	0.000000e+00	0.000000e+00	
289	1.926800e-03	0.000000e+00	0.000000e+00	0.000000e+00	
290	1.936800e-03	0.000000e+00	0.000000e+00	0.000000e+00	
291	1.946800e-03	0.000000e+00	0.000000e+00	0.000000e+00	
292	1.956800e-03	0.000000e+00	0.000000e+00	0.000000e+00	
293	1.966800e-03	0.000000e+00	0.000000e+00	0.000000e+00	
294	1.976800e-03	0.000000e+00	0.000000e+00	0.000000e+00	
295	1.986800e-03	0.000000e+00	0.000000e+00	0.000000e+00	
296	1.996800e-03	0.000000e+00	0.000000e+00	0.000000e+00	
297	2.000000e-03	0.000000e+00	0.000000e+00	0.000000e+00	
298	2.000001e-03	0.000000e+00	0.000000e+00	0.000000e+00	
299	2.000003e-03	0.000000e+00	0.000000e+00	0.000000e+00	
300	2.000007e-03	0.000000e+00	0.000000e+00	0.000000e+00	
301	2.000010e-03	0.000000e+00	0.000000e+00	0.000000e+00	
302	2.000011e-03	0.000000e+00	0.000000e+00	0.000000e+00	
303	2.000012e-03	0.000000e+00	0.000000e+00	0.000000e+00	
304	2.000013e-03	0.000000e+00	0.000000e+00	0.000000e+00	
305	2.000013e-03	0.000000e+00	0.000000e+00	0.000000e+00	
306	2.000013e-03	0.000000e+00	0.000000e+00	0.000000e+00	
307	2.000013e-03	0.000000e+00	0.000000e+00	0.000000e+00	
308	2.000013e-03	0.000000e+00	0.000000e+00	0.000000e+00	
309	2.000013e-03	0.000000e+00	0.000000e+00	0.000000e+00	
310	2.000013e-03	0.000000e+00	0.000000e+00	0.000000e+00	
311	2.000013e-03	0.000000e+00	0.000000e+00	0.000000e+00	
312	2.000013e-03	0.000000e+00	0.000000e+00	0.000000e+00	
313	2.000013e-03	0.000000e+00	0.000000e+00	0.000000e+00	
314	2.000014e-03	0.000000e+00	0.000000e+00	0.000000e+00	
315	2.000014e-03	0.000000e+00	0.000000e+00	0.000000e+00	
316	2.000015e-03	0.000000e+00	0.000000e+00	0.000000e+00	
317	2.000016e-03	0.000000e+00	0.000000e+00	0.000000e+00	
318	2.000016e-03	0.000000e+00	0.000000e+00	0.000000e+00	
319	2.000016e-03	0.000000e+00	0.000000e+00	0.000000e+00	
320	2.000017e-03	0.000000e+00	0.000000e+00	0.000000e+00	
321	2.000017e-03	0.000000e+00	0.000000e+00	0.000000e+00	
322	2.000017e-03	0.000000e+00	0.000000e+00	0.000000e+00	
323	2.000017e-03	0.000000e+00	0.000000e+00	0.000000e+00	
324	2.000017e-03	0.000000e+00	0.000000e+00	0.000000e+00	
325	2.000018e-03	0.000000e+00	0.000000e+00	0.000000e+00	
326	2.000019e-03	0.000000e+00	0.000000e+00	0.000000e+00	
327	2.000020e-03	0.000000e+00	0.000000e+00	0.000000e+00	
328	2.000020e-03	0.000000e+00	0.000000e+00	0.000000e+00	
329	2.000021e-03	0.000000e+00	0.000000e+00	0.000000e+00	
330	2.000022e-03	0.000000e+00	0.000000e+00	0.000000e+00	
331	2.000023e-03	0.000000e+00	0.000000e+00	0.000000e+00	
332	2.000027e-03	0.000000e+00	0.000000e+00	0.000000e+00	
333	2.000035e-03	0.000000e+00	0.000000e+00	0.000000e+00	
334	2.000049e-03	0.000000e+00	0.000000e+00	0.000000e+00	
335	2.000079e-03	0.000000e+00	0.000000e+00	0.000000e+00	
336	2.000138e-03	0.000000e+00	0.000000e+00	0.000000e+00	
337	2.000256e-03	0.000000e+00	0.000000e+00	0.000000e+00	
338	2.000492e-03	0.000000e+00	0.000000e+00	0.000000e+00	
339	2.000963e-03	0.000000e+00	0.000000e+00	0.000000e+00	
340	2.001907e-03	0.000000e+00	0.000000e+00	0.000000e+00	
341	2.003795e-03	0.000000e+00	0.000000e+00	0.000000e+00	
342	2.007570e-03	0.000000e+00	0.000000e+00	0.000000e+00	
343	2.015119e-03	0.000000e+00	0.000000e+00	0.000000e+00	
344	2.025119e-03	0.000000e+00	0.000000e+00	0.000000e+00	

Index   time            v5#branch       v6#branch       v7#branch       
--------------------------------------------------------------------------------
345	2.035119e-03	0.000000e+00	0.000000e+00	0.000000e+00	
346	2.045119e-03	0.000000e+00	0.000000e+00	0.000000e+00	
347	2.055119e-03	0.000000e+00	0.000000e+00	0.000000e+00	
348	2.065119e-03	0.000000e+00	0.000000e+00	0.000000e+00	
349	2.075119e-03	0.000000e+00	0.000000e+00	0.000000e+00	
350	2.085119e-03	0.000000e+00	0.000000e+00	0.000000e+00	
351	2.095119e-03	0.000000e+00	0.000000e+00	0.000000e+00	
352	2.105119e-03	0.000000e+00	0.000000e+00	0.000000e+00	
353	2.115119e-03	0.000000e+00	0.000000e+00	0.000000e+00	
354	2.125119e-03	0.000000e+00	0.000000e+00	0.000000e+00	
355	2.135119e-03	0.000000e+00	0.000000e+00	0.000000e+00	
356	2.145119e-03	0.000000e+00	0.000000e+00	0.000000e+00	
357	2.155119e-03	0.000000e+00	0.000000e+00	0.000000e+00	
358	2.165119e-03	0.000000e+00	0.000000e+00	0.000000e+00	
359	2.175119e-03	0.000000e+00	0.000000e+00	0.000000e+00	
360	2.185119e-03	0.000000e+00	0.000000e+00	0.000000e+00	
361	2.195119e-03	0.000000e+00	0.000000e+00	0.000000e+00	
362	2.205119e-03	0.000000e+00	0.000000e+00	0.000000e+00	
363	2.215119e-03	0.000000e+00	0.000000e+00	0.000000e+00	
364	2.225119e-03	0.000000e+00	0.000000e+00	0.000000e+00	
365	2.235119e-03	0.000000e+00	0.000000e+00	0.000000e+00	
366	2.245119e-03	0.000000e+00	0.000000e+00	0.000000e+00	
367	2.255119e-03	0.000000e+00	0.000000e+00	0.000000e+00	
368	2.265119e-03	0.000000e+00	0.000000e+00	0.000000e+00	
369	2.275119e-03	0.000000e+00	0.000000e+00	0.000000e+00	
370	2.285119e-03	0.000000e+00	0.000000e+00	0.000000e+00	
371	2.295119e-03	0.000000e+00	0.000000e+00	0.000000e+00	
372	2.305119e-03	0.000000e+00	0.000000e+00	0.000000e+00	
373	2.315119e-03	0.000000e+00	0.000000e+00	0.000000e+00	
374	2.325119e-03	0.000000e+00	0.000000e+00	0.000000e+00	
375	2.335119e-03	0.000000e+00	0.000000e+00	0.000000e+00	
376	2.345119e-03	0.000000e+00	0.000000e+00	0.000000e+00	
377	2.355119e-03	0.000000e+00	0.000000e+00	0.000000e+00	
378	2.365119e-03	0.000000e+00	0.000000e+00	0.000000e+00	
379	2.375119e-03	0.000000e+00	0.000000e+00	0.000000e+00	
380	2.385119e-03	0.000000e+00	0.000000e+00	0.000000e+00	
381	2.395119e-03	0.000000e+00	0.000000e+00	0.000000e+00	
382	2.405119e-03	0.000000e+00	0.000000e+00	0.000000e+00	
383	2.415119e-03	0.000000e+00	0.000000e+00	0.000000e+00	
384	2.425119e-03	0.000000e+00	0.000000e+00	0.000000e+00	
385	2.435119e-03	0.000000e+00	0.000000e+00	0.000000e+00	
386	2.445119e-03	0.000000e+00	0.000000e+00	0.000000e+00	
387	2.455119e-03	0.000000e+00	0.000000e+00	0.000000e+00	
388	2.465119e-03	0.000000e+00	0.000000e+00	0.000000e+00	
389	2.475119e-03	0.000000e+00	0.000000e+00	0.000000e+00	
390	2.485119e-03	0.000000e+00	0.000000e+00	0.000000e+00	
391	2.495119e-03	0.000000e+00	0.000000e+00	0.000000e+00	
392	2.505119e-03	0.000000e+00	0.000000e+00	0.000000e+00	
393	2.515119e-03	0.000000e+00	0.000000e+00	0.000000e+00	
394	2.525119e-03	0.000000e+00	0.000000e+00	0.000000e+00	
395	2.535119e-03	0.000000e+00	0.000000e+00	0.000000e+00	
396	2.545119e-03	0.000000e+00	0.000000e+00	0.000000e+00	
397	2.555119e-03	0.000000e+00	0.000000e+00	0.000000e+00	
398	2.565119e-03	0.000000e+00	0.000000e+00	0.000000e+00	
399	2.575119e-03	0.000000e+00	0.000000e+00	0.000000e+00	
400	2.585119e-03	0.000000e+00	0.000000e+00	0.000000e+00	
401	2.595119e-03	0.000000e+00	0.000000e+00	0.000000e+00	
402	2.605119e-03	0.000000e+00	0.000000e+00	0.000000e+00	

Index   time            v5#branch       v6#branch       v7#branch       
--------------------------------------------------------------------------------
403	2.615119e-03	0.000000e+00	0.000000e+00	0.000000e+00	
404	2.625119e-03	0.000000e+00	0.000000e+00	0.000000e+00	
405	2.635119e-03	0.000000e+00	0.000000e+00	0.000000e+00	
406	2.645119e-03	0.000000e+00	0.000000e+00	0.000000e+00	
407	2.655119e-03	0.000000e+00	0.000000e+00	0.000000e+00	
408	2.665119e-03	0.000000e+00	0.000000e+00	0.000000e+00	
409	2.675119e-03	0.000000e+00	0.000000e+00	0.000000e+00	
410	2.685119e-03	0.000000e+00	0.000000e+00	0.000000e+00	
411	2.695119e-03	0.000000e+00	0.000000e+00	0.000000e+00	
412	2.705119e-03	0.000000e+00	0.000000e+00	0.000000e+00	
413	2.715119e-03	0.000000e+00	0.000000e+00	0.000000e+00	
414	2.725119e-03	0.000000e+00	0.000000e+00	0.000000e+00	
415	2.735119e-03	0.000000e+00	0.000000e+00	0.000000e+00	
416	2.745119e-03	0.000000e+00	0.000000e+00	0.000000e+00	
417	2.755119e-03	0.000000e+00	0.000000e+00	0.000000e+00	
418	2.765119e-03	0.000000e+00	0.000000e+00	0.000000e+00	
419	2.775119e-03	0.000000e+00	0.000000e+00	0.000000e+00	
420	2.785119e-03	0.000000e+00	0.000000e+00	0.000000e+00	
421	2.795119e-03	0.000000e+00	0.000000e+00	0.000000e+00	
422	2.805119e-03	0.000000e+00	0.000000e+00	0.000000e+00	
423	2.815119e-03	0.000000e+00	0.000000e+00	0.000000e+00	
424	2.825119e-03	0.000000e+00	0.000000e+00	0.000000e+00	
425	2.835119e-03	0.000000e+00	0.000000e+00	0.000000e+00	
426	2.845119e-03	0.000000e+00	0.000000e+00	0.000000e+00	
427	2.855119e-03	0.000000e+00	0.000000e+00	0.000000e+00	
428	2.865119e-03	0.000000e+00	0.000000e+00	0.000000e+00	
429	2.875119e-03	0.000000e+00	0.000000e+00	0.000000e+00	
430	2.885119e-03	0.000000e+00	0.000000e+00	0.000000e+00	
431	2.895119e-03	0.000000e+00	0.000000e+00	0.000000e+00	
432	2.905119e-03	0.000000e+00	0.000000e+00	0.000000e+00	
433	2.915119e-03	0.000000e+00	0.000000e+00	0.000000e+00	
434	2.925119e-03	0.000000e+00	0.000000e+00	0.000000e+00	
435	2.935119e-03	0.000000e+00	0.000000e+00	0.000000e+00	
436	2.945119e-03	0.000000e+00	0.000000e+00	0.000000e+00	
437	2.955119e-03	0.000000e+00	0.000000e+00	0.000000e+00	
438	2.965119e-03	0.000000e+00	0.000000e+00	0.000000e+00	
439	2.975119e-03	0.000000e+00	0.000000e+00	0.000000e+00	
440	2.985119e-03	0.000000e+00	0.000000e+00	0.000000e+00	
441	2.995119e-03	0.000000e+00	0.000000e+00	0.000000e+00	
442	3.000010e-03	0.000000e+00	0.000000e+00	0.000000e+00	
443	3.000011e-03	0.000000e+00	0.000000e+00	0.000000e+00	
444	3.000013e-03	0.000000e+00	0.000000e+00	0.000000e+00	
445	3.000017e-03	0.000000e+00	0.000000e+00	0.000000e+00	
446	3.000019e-03	0.000000e+00	0.000000e+00	0.000000e+00	
447	3.000019e-03	0.000000e+00	0.000000e+00	0.000000e+00	
448	3.000019e-03	0.000000e+00	0.000000e+00	0.000000e+00	
449	3.000020e-03	0.000000e+00	0.000000e+00	0.000000e+00	
450	3.000020e-03	0.000000e+00	0.000000e+00	0.000000e+00	
451	3.000020e-03	0.000000e+00	0.000000e+00	0.000000e+00	
452	3.000020e-03	0.000000e+00	0.000000e+00	0.000000e+00	
453	3.000020e-03	0.000000e+00	0.000000e+00	0.000000e+00	
454	3.000020e-03	0.000000e+00	0.000000e+00	0.000000e+00	
455	3.000020e-03	0.000000e+00	0.000000e+00	0.000000e+00	
456	3.000020e-03	0.000000e+00	0.000000e+00	0.000000e+00	
457	3.000020e-03	0.000000e+00	0.000000e+00	0.000000e+00	
458	3.000020e-03	0.000000e+00	0.000000e+00	0.000000e+00	
459	3.000020e-03	0.000000e+00	0.000000e+00	0.000000e+00	
460	3.000021e-03	0.000000e+00	0.000000e+00	0.000000e+00	

Index   time            v5#branch       v6#branch       v7#branch       
--------------------------------------------------------------------------------
461	3.000021e-03	0.000000e+00	0.000000e+00	0.000000e+00	
462	3.000022e-03	0.000000e+00	0.000000e+00	0.000000e+00	
463	3.000023e-03	0.000000e+00	0.000000e+00	0.000000e+00	
464	3.000023e-03	0.000000e+00	0.000000e+00	0.000000e+00	
465	3.000023e-03	0.000000e+00	0.000000e+00	0.000000e+00	
466	3.000023e-03	0.000000e+00	0.000000e+00	0.000000e+00	
467	3.000023e-03	0.000000e+00	0.000000e+00	0.000000e+00	
468	3.000023e-03	0.000000e+00	0.000000e+00	0.000000e+00	
469	3.000023e-03	0.000000e+00	0.000000e+00	0.000000e+00	
470	3.000023e-03	0.000000e+00	0.000000e+00	0.000000e+00	
471	3.000023e-03	0.000000e+00	0.000000e+00	0.000000e+00	
472	3.000023e-03	0.000000e+00	0.000000e+00	0.000000e+00	
473	3.000024e-03	0.000000e+00	0.000000e+00	0.000000e+00	
474	3.000024e-03	0.000000e+00	0.000000e+00	0.000000e+00	
475	3.000025e-03	0.000000e+00	0.000000e+00	0.000000e+00	
476	3.000027e-03	0.000000e+00	0.000000e+00	0.000000e+00	
477	3.000031e-03	0.000000e+00	0.000000e+00	0.000000e+00	
478	3.000039e-03	0.000000e+00	0.000000e+00	0.000000e+00	
479	3.000056e-03	0.000000e+00	0.000000e+00	0.000000e+00	
480	3.000089e-03	0.000000e+00	0.000000e+00	0.000000e+00	
481	3.000154e-03	0.000000e+00	0.000000e+00	0.000000e+00	
482	3.000285e-03	0.000000e+00	0.000000e+00	0.000000e+00	
483	3.000547e-03	0.000000e+00	0.000000e+00	0.000000e+00	
484	3.001072e-03	0.000000e+00	0.000000e+00	0.000000e+00	
485	3.002120e-03	0.000000e+00	0.000000e+00	0.000000e+00	
486	3.004217e-03	0.000000e+00	0.000000e+00	0.000000e+00	
487	3.008412e-03	0.000000e+00	0.000000e+00	0.000000e+00	
488	3.016800e-03	0.000000e+00	0.000000e+00	0.000000e+00	
489	3.026800e-03	0.000000e+00	0.000000e+00	0.000000e+00	
490	3.036800e-03	0.000000e+00	0.000000e+00	0.000000e+00	
491	3.046800e-03	0.000000e+00	0.000000e+00	0.000000e+00	
492	3.056800e-03	0.000000e+00	0.000000e+00	0.000000e+00	
493	3.066800e-03	0.000000e+00	0.000000e+00	0.000000e+00	
494	3.076800e-03	0.000000e+00	0.000000e+00	0.000000e+00	
495	3.086800e-03	0.000000e+00	0.000000e+00	0.000000e+00	
496	3.096800e-03	0.000000e+00	0.000000e+00	0.000000e+00	
497	3.106800e-03	0.000000e+00	0.000000e+00	0.000000e+00	
498	3.116800e-03	0.000000e+00	0.000000e+00	0.000000e+00	
499	3.126800e-03	0.000000e+00	0.000000e+00	0.000000e+00	
500	3.136800e-03	0.000000e+00	0.000000e+00	0.000000e+00	
501	3.146800e-03	0.000000e+00	0.000000e+00	0.000000e+00	
502	3.156800e-03	0.000000e+00	0.000000e+00	0.000000e+00	
503	3.166800e-03	0.000000e+00	0.000000e+00	0.000000e+00	
504	3.176800e-03	0.000000e+00	0.000000e+00	0.000000e+00	
505	3.186800e-03	0.000000e+00	0.000000e+00	0.000000e+00	
506	3.196800e-03	0.000000e+00	0.000000e+00	0.000000e+00	
507	3.206800e-03	0.000000e+00	0.000000e+00	0.000000e+00	
508	3.216800e-03	0.000000e+00	0.000000e+00	0.000000e+00	
509	3.226800e-03	0.000000e+00	0.000000e+00	0.000000e+00	
510	3.236800e-03	0.000000e+00	0.000000e+00	0.000000e+00	
511	3.246800e-03	0.000000e+00	0.000000e+00	0.000000e+00	
512	3.256800e-03	0.000000e+00	0.000000e+00	0.000000e+00	
513	3.266800e-03	0.000000e+00	0.000000e+00	0.000000e+00	
514	3.276800e-03	0.000000e+00	0.000000e+00	0.000000e+00	
515	3.286800e-03	0.000000e+00	0.000000e+00	0.000000e+00	
516	3.296800e-03	0.000000e+00	0.000000e+00	0.000000e+00	
517	3.306800e-03	0.000000e+00	0.000000e+00	0.000000e+00	
518	3.316800e-03	0.000000e+00	0.000000e+00	0.000000e+00	

Index   time            v5#branch       v6#branch       v7#branch       
--------------------------------------------------------------------------------
519	3.326800e-03	0.000000e+00	0.000000e+00	0.000000e+00	
520	3.336800e-03	0.000000e+00	0.000000e+00	0.000000e+00	
521	3.346800e-03	0.000000e+00	0.000000e+00	0.000000e+00	
522	3.356800e-03	0.000000e+00	0.000000e+00	0.000000e+00	
523	3.366800e-03	0.000000e+00	0.000000e+00	0.000000e+00	
524	3.376800e-03	0.000000e+00	0.000000e+00	0.000000e+00	
525	3.386800e-03	0.000000e+00	0.000000e+00	0.000000e+00	
526	3.396800e-03	0.000000e+00	0.000000e+00	0.000000e+00	
527	3.406800e-03	0.000000e+00	0.000000e+00	0.000000e+00	
528	3.416800e-03	0.000000e+00	0.000000e+00	0.000000e+00	
529	3.426800e-03	0.000000e+00	0.000000e+00	0.000000e+00	
530	3.436800e-03	0.000000e+00	0.000000e+00	0.000000e+00	
531	3.446800e-03	0.000000e+00	0.000000e+00	0.000000e+00	
532	3.456800e-03	0.000000e+00	0.000000e+00	0.000000e+00	
533	3.466800e-03	0.000000e+00	0.000000e+00	0.000000e+00	
534	3.476800e-03	0.000000e+00	0.000000e+00	0.000000e+00	
535	3.486800e-03	0.000000e+00	0.000000e+00	0.000000e+00	
536	3.496800e-03	0.000000e+00	0.000000e+00	0.000000e+00	
537	3.506800e-03	0.000000e+00	0.000000e+00	0.000000e+00	
538	3.516800e-03	0.000000e+00	0.000000e+00	0.000000e+00	
539	3.526800e-03	0.000000e+00	0.000000e+00	0.000000e+00	
540	3.536800e-03	0.000000e+00	0.000000e+00	0.000000e+00	
541	3.546800e-03	0.000000e+00	0.000000e+00	0.000000e+00	
542	3.556800e-03	0.000000e+00	0.000000e+00	0.000000e+00	
543	3.566800e-03	0.000000e+00	0.000000e+00	0.000000e+00	
544	3.576800e-03	0.000000e+00	0.000000e+00	0.000000e+00	
545	3.586800e-03	0.000000e+00	0.000000e+00	0.000000e+00	
546	3.596800e-03	0.000000e+00	0.000000e+00	0.000000e+00	
547	3.606800e-03	0.000000e+00	0.000000e+00	0.000000e+00	
548	3.616800e-03	0.000000e+00	0.000000e+00	0.000000e+00	
549	3.626800e-03	0.000000e+00	0.000000e+00	0.000000e+00	
550	3.636800e-03	0.000000e+00	0.000000e+00	0.000000e+00	
551	3.646800e-03	0.000000e+00	0.000000e+00	0.000000e+00	
552	3.656800e-03	0.000000e+00	0.000000e+00	0.000000e+00	
553	3.666800e-03	0.000000e+00	0.000000e+00	0.000000e+00	
554	3.676800e-03	0.000000e+00	0.000000e+00	0.000000e+00	
555	3.686800e-03	0.000000e+00	0.000000e+00	0.000000e+00	
556	3.696800e-03	0.000000e+00	0.000000e+00	0.000000e+00	
557	3.706800e-03	0.000000e+00	0.000000e+00	0.000000e+00	
558	3.716800e-03	0.000000e+00	0.000000e+00	0.000000e+00	
559	3.726800e-03	0.000000e+00	0.000000e+00	0.000000e+00	
560	3.736800e-03	0.000000e+00	0.000000e+00	0.000000e+00	
561	3.746800e-03	0.000000e+00	0.000000e+00	0.000000e+00	
562	3.756800e-03	0.000000e+00	0.000000e+00	0.000000e+00	
563	3.766800e-03	0.000000e+00	0.000000e+00	0.000000e+00	
564	3.776800e-03	0.000000e+00	0.000000e+00	0.000000e+00	
565	3.786800e-03	0.000000e+00	0.000000e+00	0.000000e+00	
566	3.796800e-03	0.000000e+00	0.000000e+00	0.000000e+00	
567	3.806800e-03	0.000000e+00	0.000000e+00	0.000000e+00	
568	3.816800e-03	0.000000e+00	0.000000e+00	0.000000e+00	
569	3.826800e-03	0.000000e+00	0.000000e+00	0.000000e+00	
570	3.836800e-03	0.000000e+00	0.000000e+00	0.000000e+00	
571	3.846800e-03	0.000000e+00	0.000000e+00	0.000000e+00	
572	3.856800e-03	0.000000e+00	0.000000e+00	0.000000e+00	
573	3.866800e-03	0.000000e+00	0.000000e+00	0.000000e+00	
574	3.876800e-03	0.000000e+00	0.000000e+00	0.000000e+00	
575	3.886800e-03	0.000000e+00	0.000000e+00	0.000000e+00	
576	3.896800e-03	0.000000e+00	0.000000e+00	0.000000e+00	

Index   time            v5#branch       v6#branch       v7#branch       
--------------------------------------------------------------------------------
577	3.906800e-03	0.000000e+00	0.000000e+00	0.000000e+00	
578	3.916800e-03	0.000000e+00	0.000000e+00	0.000000e+00	
579	3.926800e-03	0.000000e+00	0.000000e+00	0.000000e+00	
580	3.936800e-03	0.000000e+00	0.000000e+00	0.000000e+00	
581	3.946800e-03	0.000000e+00	0.000000e+00	0.000000e+00	
582	3.956800e-03	0.000000e+00	0.000000e+00	0.000000e+00	
583	3.966800e-03	0.000000e+00	0.000000e+00	0.000000e+00	
584	3.976800e-03	0.000000e+00	0.000000e+00	0.000000e+00	
585	3.986800e-03	0.000000e+00	0.000000e+00	0.000000e+00	
586	3.996800e-03	0.000000e+00	0.000000e+00	0.000000e+00	
587	4.000000e-03	0.000000e+00	0.000000e+00	0.000000e+00	
588	4.000001e-03	0.000000e+00	0.000000e+00	0.000000e+00	
589	4.000003e-03	0.000000e+00	0.000000e+00	0.000000e+00	
590	4.000007e-03	0.000000e+00	0.000000e+00	0.000000e+00	
591	4.000010e-03	0.000000e+00	0.000000e+00	0.000000e+00	
592	4.000011e-03	0.000000e+00	0.000000e+00	0.000000e+00	
593	4.000012e-03	0.000000e+00	0.000000e+00	0.000000e+00	
594	4.000013e-03	0.000000e+00	0.000000e+00	0.000000e+00	
595	4.000013e-03	0.000000e+00	0.000000e+00	0.000000e+00	
596	4.000013e-03	0.000000e+00	0.000000e+00	0.000000e+00	
597	4.000013e-03	0.000000e+00	0.000000e+00	0.000000e+00	
598	4.000013e-03	0.000000e+00	0.000000e+00	0.000000e+00	
599	4.000013e-03	0.000000e+00	0.000000e+00	0.000000e+00	
600	4.000013e-03	0.000000e+00	0.000000e+00	0.000000e+00	
601	4.000013e-03	0.000000e+00	0.000000e+00	0.000000e+00	
602	4.000013e-03	0.000000e+00	0.000000e+00	0.000000e+00	
603	4.000013e-03	0.000000e+00	0.000000e+00	0.000000e+00	
604	4.000014e-03	0.000000e+00	0.000000e+00	0.000000e+00	
605	4.000014e-03	0.000000e+00	0.000000e+00	0.000000e+00	
606	4.000015e-03	0.000000e+00	0.000000e+00	0.000000e+00	
607	4.000016e-03	0.000000e+00	0.000000e+00	0.000000e+00	
608	4.000016e-03	0.000000e+00	0.000000e+00	0.000000e+00	
609	4.000016e-03	0.000000e+00	0.000000e+00	0.000000e+00	
610	4.000017e-03	0.000000e+00	0.000000e+00	0.000000e+00	
611	4.000017e-03	0.000000e+00	0.000000e+00	0.000000e+00	
612	4.000017e-03	0.000000e+00	0.000000e+00	0.000000e+00	
613	4.000017e-03	0.000000e+00	0.000000e+00	0.000000e+00	
614	4.000017e-03	0.000000e+00	0.000000e+00	0.000000e+00	
615	4.000018e-03	0.000000e+00	0.000000e+00	0.000000e+00	
616	4.000019e-03	0.000000e+00	0.000000e+00	0.000000e+00	
617	4.000020e-03	0.000000e+00	0.000000e+00	0.000000e+00	
618	4.000020e-03	0.000000e+00	0.000000e+00	0.000000e+00	
619	4.000021e-03	0.000000e+00	0.000000e+00	0.000000e+00	
620	4.000022e-03	0.000000e+00	0.000000e+00	0.000000e+00	
621	4.000023e-03	0.000000e+00	0.000000e+00	0.000000e+00	
622	4.000027e-03	0.000000e+00	0.000000e+00	0.000000e+00	
623	4.000035e-03	0.000000e+00	0.000000e+00	0.000000e+00	
624	4.000049e-03	0.000000e+00	0.000000e+00	0.000000e+00	
625	4.000079e-03	0.000000e+00	0.000000e+00	0.000000e+00	
626	4.000138e-03	0.000000e+00	0.000000e+00	0.000000e+00	
627	4.000256e-03	0.000000e+00	0.000000e+00	0.000000e+00	
628	4.000492e-03	0.000000e+00	0.000000e+00	0.000000e+00	
629	4.000963e-03	0.000000e+00	0.000000e+00	0.000000e+00	
630	4.001907e-03	0.000000e+00	0.000000e+00	0.000000e+00	
631	4.003795e-03	0.000000e+00	0.000000e+00	0.000000e+00	
632	4.007570e-03	0.000000e+00	0.000000e+00	0.000000e+00	
633	4.015119e-03	0.000000e+00	0.000000e+00	0.000000e+00	
634	4.025119e-03	0.000000e+00	0.000000e+00	0.000000e+00	

Index   time            v5#branch       v6#branch       v7#branch       
--------------------------------------------------------------------------------
635	4.035119e-03	0.000000e+00	0.000000e+00	0.000000e+00	
636	4.045119e-03	0.000000e+00	0.000000e+00	0.000000e+00	
637	4.055119e-03	0.000000e+00	0.000000e+00	0.000000e+00	
638	4.065119e-03	0.000000e+00	0.000000e+00	0.000000e+00	
639	4.075119e-03	0.000000e+00	0.000000e+00	0.000000e+00	
640	4.085119e-03	0.000000e+00	0.000000e+00	0.000000e+00	
641	4.095119e-03	0.000000e+00	0.000000e+00	0.000000e+00	
642	4.105119e-03	0.000000e+00	0.000000e+00	0.000000e+00	
643	4.115119e-03	0.000000e+00	0.000000e+00	0.000000e+00	
644	4.125119e-03	0.000000e+00	0.000000e+00	0.000000e+00	
645	4.135119e-03	0.000000e+00	0.000000e+00	0.000000e+00	
646	4.145119e-03	0.000000e+00	0.000000e+00	0.000000e+00	
647	4.155119e-03	0.000000e+00	0.000000e+00	0.000000e+00	
648	4.165119e-03	0.000000e+00	0.000000e+00	0.000000e+00	
649	4.175119e-03	0.000000e+00	0.000000e+00	0.000000e+00	
650	4.185119e-03	0.000000e+00	0.000000e+00	0.000000e+00	
651	4.195119e-03	0.000000e+00	0.000000e+00	0.000000e+00	
652	4.205119e-03	0.000000e+00	0.000000e+00	0.000000e+00	
653	4.215119e-03	0.000000e+00	0.000000e+00	0.000000e+00	
654	4.225119e-03	0.000000e+00	0.000000e+00	0.000000e+00	
655	4.235119e-03	0.000000e+00	0.000000e+00	0.000000e+00	
656	4.245119e-03	0.000000e+00	0.000000e+00	0.000000e+00	
657	4.255119e-03	0.000000e+00	0.000000e+00	0.000000e+00	
658	4.265119e-03	0.000000e+00	0.000000e+00	0.000000e+00	
659	4.275119e-03	0.000000e+00	0.000000e+00	0.000000e+00	
660	4.285119e-03	0.000000e+00	0.000000e+00	0.000000e+00	
661	4.295119e-03	0.000000e+00	0.000000e+00	0.000000e+00	
662	4.305119e-03	0.000000e+00	0.000000e+00	0.000000e+00	
663	4.315119e-03	0.000000e+00	0.000000e+00	0.000000e+00	
664	4.325119e-03	0.000000e+00	0.000000e+00	0.000000e+00	
665	4.335119e-03	0.000000e+00	0.000000e+00	0.000000e+00	
666	4.345119e-03	0.000000e+00	0.000000e+00	0.000000e+00	
667	4.355119e-03	0.000000e+00	0.000000e+00	0.000000e+00	
668	4.365119e-03	0.000000e+00	0.000000e+00	0.000000e+00	
669	4.375119e-03	0.000000e+00	0.000000e+00	0.000000e+00	
670	4.385119e-03	0.000000e+00	0.000000e+00	0.000000e+00	
671	4.395119e-03	0.000000e+00	0.000000e+00	0.000000e+00	
672	4.405119e-03	0.000000e+00	0.000000e+00	0.000000e+00	
673	4.415119e-03	0.000000e+00	0.000000e+00	0.000000e+00	
674	4.425119e-03	0.000000e+00	0.000000e+00	0.000000e+00	
675	4.435119e-03	0.000000e+00	0.000000e+00	0.000000e+00	
676	4.445119e-03	0.000000e+00	0.000000e+00	0.000000e+00	
677	4.455119e-03	0.000000e+00	0.000000e+00	0.000000e+00	
678	4.465119e-03	0.000000e+00	0.000000e+00	0.000000e+00	
679	4.475119e-03	0.000000e+00	0.000000e+00	0.000000e+00	
680	4.485119e-03	0.000000e+00	0.000000e+00	0.000000e+00	
681	4.495119e-03	0.000000e+00	0.000000e+00	0.000000e+00	
682	4.505119e-03	0.000000e+00	0.000000e+00	0.000000e+00	
683	4.515119e-03	0.000000e+00	0.000000e+00	0.000000e+00	
684	4.525119e-03	0.000000e+00	0.000000e+00	0.000000e+00	
685	4.535119e-03	0.000000e+00	0.000000e+00	0.000000e+00	
686	4.545119e-03	0.000000e+00	0.000000e+00	0.000000e+00	
687	4.555119e-03	0.000000e+00	0.000000e+00	0.000000e+00	
688	4.565119e-03	0.000000e+00	0.000000e+00	0.000000e+00	
689	4.575119e-03	0.000000e+00	0.000000e+00	0.000000e+00	
690	4.585119e-03	0.000000e+00	0.000000e+00	0.000000e+00	
691	4.595119e-03	0.000000e+00	0.000000e+00	0.000000e+00	
692	4.605119e-03	0.000000e+00	0.000000e+00	0.000000e+00	

Index   time            v5#branch       v6#branch       v7#branch       
--------------------------------------------------------------------------------
693	4.615119e-03	0.000000e+00	0.000000e+00	0.000000e+00	
694	4.625119e-03	0.000000e+00	0.000000e+00	0.000000e+00	
695	4.635119e-03	0.000000e+00	0.000000e+00	0.000000e+00	
696	4.645119e-03	0.000000e+00	0.000000e+00	0.000000e+00	
697	4.655119e-03	0.000000e+00	0.000000e+00	0.000000e+00	
698	4.665119e-03	0.000000e+00	0.000000e+00	0.000000e+00	
699	4.675119e-03	0.000000e+00	0.000000e+00	0.000000e+00	
700	4.685119e-03	0.000000e+00	0.000000e+00	0.000000e+00	
701	4.695119e-03	0.000000e+00	0.000000e+00	0.000000e+00	
702	4.705119e-03	0.000000e+00	0.000000e+00	0.000000e+00	
703	4.715119e-03	0.000000e+00	0.000000e+00	0.000000e+00	
704	4.725119e-03	0.000000e+00	0.000000e+00	0.000000e+00	
705	4.735119e-03	0.000000e+00	0.000000e+00	0.000000e+00	
706	4.745119e-03	0.000000e+00	0.000000e+00	0.000000e+00	
707	4.755119e-03	0.000000e+00	0.000000e+00	0.000000e+00	
708	4.765119e-03	0.000000e+00	0.000000e+00	0.000000e+00	
709	4.775119e-03	0.000000e+00	0.000000e+00	0.000000e+00	
710	4.785119e-03	0.000000e+00	0.000000e+00	0.000000e+00	
711	4.795119e-03	0.000000e+00	0.000000e+00	0.000000e+00	
712	4.805119e-03	0.000000e+00	0.000000e+00	0.000000e+00	
713	4.815119e-03	0.000000e+00	0.000000e+00	0.000000e+00	
714	4.825119e-03	0.000000e+00	0.000000e+00	0.000000e+00	
715	4.835119e-03	0.000000e+00	0.000000e+00	0.000000e+00	
716	4.845119e-03	0.000000e+00	0.000000e+00	0.000000e+00	
717	4.855119e-03	0.000000e+00	0.000000e+00	0.000000e+00	
718	4.865119e-03	0.000000e+00	0.000000e+00	0.000000e+00	
719	4.875119e-03	0.000000e+00	0.000000e+00	0.000000e+00	
720	4.885119e-03	0.000000e+00	0.000000e+00	0.000000e+00	
721	4.895119e-03	0.000000e+00	0.000000e+00	0.000000e+00	
722	4.905119e-03	0.000000e+00	0.000000e+00	0.000000e+00	
723	4.915119e-03	0.000000e+00	0.000000e+00	0.000000e+00	
724	4.925119e-03	0.000000e+00	0.000000e+00	0.000000e+00	
725	4.935119e-03	0.000000e+00	0.000000e+00	0.000000e+00	
726	4.945119e-03	0.000000e+00	0.000000e+00	0.000000e+00	
727	4.955119e-03	0.000000e+00	0.000000e+00	0.000000e+00	
728	4.965119e-03	0.000000e+00	0.000000e+00	0.000000e+00	
729	4.975119e-03	0.000000e+00	0.000000e+00	0.000000e+00	
730	4.985119e-03	0.000000e+00	0.000000e+00	0.000000e+00	
731	4.995119e-03	0.000000e+00	0.000000e+00	0.000000e+00	
732	5.000010e-03	0.000000e+00	0.000000e+00	0.000000e+00	
733	5.000011e-03	0.000000e+00	0.000000e+00	0.000000e+00	
734	5.000013e-03	0.000000e+00	0.000000e+00	0.000000e+00	
735	5.000017e-03	0.000000e+00	0.000000e+00	0.000000e+00	
736	5.000019e-03	0.000000e+00	0.000000e+00	0.000000e+00	
737	5.000019e-03	0.000000e+00	0.000000e+00	0.000000e+00	
738	5.000019e-03	0.000000e+00	0.000000e+00	0.000000e+00	
739	5.000020e-03	0.000000e+00	0.000000e+00	0.000000e+00	
740	5.000020e-03	0.000000e+00	0.000000e+00	0.000000e+00	
741	5.000020e-03	0.000000e+00	0.000000e+00	0.000000e+00	
742	5.000020e-03	0.000000e+00	0.000000e+00	0.000000e+00	
743	5.000020e-03	0.000000e+00	0.000000e+00	0.000000e+00	
744	5.000020e-03	0.000000e+00	0.000000e+00	0.000000e+00	
745	5.000020e-03	0.000000e+00	0.000000e+00	0.000000e+00	
746	5.000020e-03	0.000000e+00	0.000000e+00	0.000000e+00	
747	5.000020e-03	0.000000e+00	0.000000e+00	0.000000e+00	
748	5.000020e-03	0.000000e+00	0.000000e+00	0.000000e+00	
749	5.000020e-03	0.000000e+00	0.000000e+00	0.000000e+00	
750	5.000021e-03	0.000000e+00	0.000000e+00	0.000000e+00	

Index   time            v5#branch       v6#branch       v7#branch       
--------------------------------------------------------------------------------
751	5.000021e-03	0.000000e+00	0.000000e+00	0.000000e+00	
752	5.000022e-03	0.000000e+00	0.000000e+00	0.000000e+00	
753	5.000023e-03	0.000000e+00	0.000000e+00	0.000000e+00	
754	5.000023e-03	0.000000e+00	0.000000e+00	0.000000e+00	
755	5.000023e-03	0.000000e+00	0.000000e+00	0.000000e+00	
756	5.000023e-03	0.000000e+00	0.000000e+00	0.000000e+00	
757	5.000023e-03	0.000000e+00	0.000000e+00	0.000000e+00	
758	5.000023e-03	0.000000e+00	0.000000e+00	0.000000e+00	
759	5.000023e-03	0.000000e+00	0.000000e+00	0.000000e+00	
760	5.000023e-03	0.000000e+00	0.000000e+00	0.000000e+00	
761	5.000023e-03	0.000000e+00	0.000000e+00	0.000000e+00	
762	5.000023e-03	0.000000e+00	0.000000e+00	0.000000e+00	
763	5.000024e-03	0.000000e+00	0.000000e+00	0.000000e+00	
764	5.000024e-03	0.000000e+00	0.000000e+00	0.000000e+00	
765	5.000025e-03	0.000000e+00	0.000000e+00	0.000000e+00	
766	5.000027e-03	0.000000e+00	0.000000e+00	0.000000e+00	
767	5.000031e-03	0.000000e+00	0.000000e+00	0.000000e+00	
768	5.000039e-03	0.000000e+00	0.000000e+00	0.000000e+00	
769	5.000056e-03	0.000000e+00	0.000000e+00	0.000000e+00	
770	5.000089e-03	0.000000e+00	0.000000e+00	0.000000e+00	
771	5.000154e-03	0.000000e+00	0.000000e+00	0.000000e+00	
772	5.000285e-03	0.000000e+00	0.000000e+00	0.000000e+00	
773	5.000547e-03	0.000000e+00	0.000000e+00	0.000000e+00	
774	5.001072e-03	0.000000e+00	0.000000e+00	0.000000e+00	
775	5.002120e-03	0.000000e+00	0.000000e+00	0.000000e+00	
776	5.004217e-03	0.000000e+00	0.000000e+00	0.000000e+00	
777	5.008412e-03	0.000000e+00	0.000000e+00	0.000000e+00	
778	5.016800e-03	0.000000e+00	0.000000e+00	0.000000e+00	
779	5.026800e-03	0.000000e+00	0.000000e+00	0.000000e+00	
780	5.036800e-03	0.000000e+00	0.000000e+00	0.000000e+00	
781	5.046800e-03	0.000000e+00	0.000000e+00	0.000000e+00	
782	5.056800e-03	0.000000e+00	0.000000e+00	0.000000e+00	
783	5.066800e-03	0.000000e+00	0.000000e+00	0.000000e+00	
784	5.076800e-03	0.000000e+00	0.000000e+00	0.000000e+00	
785	5.086800e-03	0.000000e+00	0.000000e+00	0.000000e+00	
786	5.096800e-03	0.000000e+00	0.000000e+00	0.000000e+00	
787	5.106800e-03	0.000000e+00	0.000000e+00	0.000000e+00	
788	5.116800e-03	0.000000e+00	0.000000e+00	0.000000e+00	
789	5.126800e-03	0.000000e+00	0.000000e+00	0.000000e+00	
790	5.136800e-03	0.000000e+00	0.000000e+00	0.000000e+00	
791	5.146800e-03	0.000000e+00	0.000000e+00	0.000000e+00	
792	5.156800e-03	0.000000e+00	0.000000e+00	0.000000e+00	
793	5.166800e-03	0.000000e+00	0.000000e+00	0.000000e+00	
794	5.176800e-03	0.000000e+00	0.000000e+00	0.000000e+00	
795	5.186800e-03	0.000000e+00	0.000000e+00	0.000000e+00	
796	5.196800e-03	0.000000e+00	0.000000e+00	0.000000e+00	
797	5.206800e-03	0.000000e+00	0.000000e+00	0.000000e+00	
798	5.216800e-03	0.000000e+00	0.000000e+00	0.000000e+00	
799	5.226800e-03	0.000000e+00	0.000000e+00	0.000000e+00	
800	5.236800e-03	0.000000e+00	0.000000e+00	0.000000e+00	
801	5.246800e-03	0.000000e+00	0.000000e+00	0.000000e+00	
802	5.256800e-03	0.000000e+00	0.000000e+00	0.000000e+00	
803	5.266800e-03	0.000000e+00	0.000000e+00	0.000000e+00	
804	5.276800e-03	0.000000e+00	0.000000e+00	0.000000e+00	
805	5.286800e-03	0.000000e+00	0.000000e+00	0.000000e+00	
806	5.296800e-03	0.000000e+00	0.000000e+00	0.000000e+00	
807	5.306800e-03	0.000000e+00	0.000000e+00	0.000000e+00	
808	5.316800e-03	0.000000e+00	0.000000e+00	0.000000e+00	

Index   time            v5#branch       v6#branch       v7#branch       
--------------------------------------------------------------------------------
809	5.326800e-03	0.000000e+00	0.000000e+00	0.000000e+00	
810	5.336800e-03	0.000000e+00	0.000000e+00	0.000000e+00	
811	5.346800e-03	0.000000e+00	0.000000e+00	0.000000e+00	
812	5.356800e-03	0.000000e+00	0.000000e+00	0.000000e+00	
813	5.366800e-03	0.000000e+00	0.000000e+00	0.000000e+00	
814	5.376800e-03	0.000000e+00	0.000000e+00	0.000000e+00	
815	5.386800e-03	0.000000e+00	0.000000e+00	0.000000e+00	
816	5.396800e-03	0.000000e+00	0.000000e+00	0.000000e+00	
817	5.406800e-03	0.000000e+00	0.000000e+00	0.000000e+00	
818	5.416800e-03	0.000000e+00	0.000000e+00	0.000000e+00	
819	5.426800e-03	0.000000e+00	0.000000e+00	0.000000e+00	
820	5.436800e-03	0.000000e+00	0.000000e+00	0.000000e+00	
821	5.446800e-03	0.000000e+00	0.000000e+00	0.000000e+00	
822	5.456800e-03	0.000000e+00	0.000000e+00	0.000000e+00	
823	5.466800e-03	0.000000e+00	0.000000e+00	0.000000e+00	
824	5.476800e-03	0.000000e+00	0.000000e+00	0.000000e+00	
825	5.486800e-03	0.000000e+00	0.000000e+00	0.000000e+00	
826	5.496800e-03	0.000000e+00	0.000000e+00	0.000000e+00	
827	5.506800e-03	0.000000e+00	0.000000e+00	0.000000e+00	
828	5.516800e-03	0.000000e+00	0.000000e+00	0.000000e+00	
829	5.526800e-03	0.000000e+00	0.000000e+00	0.000000e+00	
830	5.536800e-03	0.000000e+00	0.000000e+00	0.000000e+00	
831	5.546800e-03	0.000000e+00	0.000000e+00	0.000000e+00	
832	5.556800e-03	0.000000e+00	0.000000e+00	0.000000e+00	
833	5.566800e-03	0.000000e+00	0.000000e+00	0.000000e+00	
834	5.576800e-03	0.000000e+00	0.000000e+00	0.000000e+00	
835	5.586800e-03	0.000000e+00	0.000000e+00	0.000000e+00	
836	5.596800e-03	0.000000e+00	0.000000e+00	0.000000e+00	
837	5.606800e-03	0.000000e+00	0.000000e+00	0.000000e+00	
838	5.616800e-03	0.000000e+00	0.000000e+00	0.000000e+00	
839	5.626800e-03	0.000000e+00	0.000000e+00	0.000000e+00	
840	5.636800e-03	0.000000e+00	0.000000e+00	0.000000e+00	
841	5.646800e-03	0.000000e+00	0.000000e+00	0.000000e+00	
842	5.656800e-03	0.000000e+00	0.000000e+00	0.000000e+00	
843	5.666800e-03	0.000000e+00	0.000000e+00	0.000000e+00	
844	5.676800e-03	0.000000e+00	0.000000e+00	0.000000e+00	
845	5.686800e-03	0.000000e+00	0.000000e+00	0.000000e+00	
846	5.696800e-03	0.000000e+00	0.000000e+00	0.000000e+00	
847	5.706800e-03	0.000000e+00	0.000000e+00	0.000000e+00	
848	5.716800e-03	0.000000e+00	0.000000e+00	0.000000e+00	
849	5.726800e-03	0.000000e+00	0.000000e+00	0.000000e+00	
850	5.736800e-03	0.000000e+00	0.000000e+00	0.000000e+00	
851	5.746800e-03	0.000000e+00	0.000000e+00	0.000000e+00	
852	5.756800e-03	0.000000e+00	0.000000e+00	0.000000e+00	
853	5.766800e-03	0.000000e+00	0.000000e+00	0.000000e+00	
854	5.776800e-03	0.000000e+00	0.000000e+00	0.000000e+00	
855	5.786800e-03	0.000000e+00	0.000000e+00	0.000000e+00	
856	5.796800e-03	0.000000e+00	0.000000e+00	0.000000e+00	
857	5.806800e-03	0.000000e+00	0.000000e+00	0.000000e+00	
858	5.816800e-03	0.000000e+00	0.000000e+00	0.000000e+00	
859	5.826800e-03	0.000000e+00	0.000000e+00	0.000000e+00	
860	5.836800e-03	0.000000e+00	0.000000e+00	0.000000e+00	
861	5.846800e-03	0.000000e+00	0.000000e+00	0.000000e+00	
862	5.856800e-03	0.000000e+00	0.000000e+00	0.000000e+00	
863	5.866800e-03	0.000000e+00	0.000000e+00	0.000000e+00	
864	5.876800e-03	0.000000e+00	0.000000e+00	0.000000e+00	
865	5.886800e-03	0.000000e+00	0.000000e+00	0.000000e+00	
866	5.896800e-03	0.000000e+00	0.000000e+00	0.000000e+00	

Index   time            v5#branch       v6#branch       v7#branch       
--------------------------------------------------------------------------------
867	5.906800e-03	0.000000e+00	0.000000e+00	0.000000e+00	
868	5.916800e-03	0.000000e+00	0.000000e+00	0.000000e+00	
869	5.926800e-03	0.000000e+00	0.000000e+00	0.000000e+00	
870	5.936800e-03	0.000000e+00	0.000000e+00	0.000000e+00	
871	5.946800e-03	0.000000e+00	0.000000e+00	0.000000e+00	
872	5.956800e-03	0.000000e+00	0.000000e+00	0.000000e+00	
873	5.966800e-03	0.000000e+00	0.000000e+00	0.000000e+00	
874	5.976800e-03	0.000000e+00	0.000000e+00	0.000000e+00	
875	5.986800e-03	0.000000e+00	0.000000e+00	0.000000e+00	
876	5.996800e-03	0.000000e+00	0.000000e+00	0.000000e+00	
877	6.000000e-03	0.000000e+00	0.000000e+00	0.000000e+00	
878	6.000001e-03	0.000000e+00	0.000000e+00	0.000000e+00	
879	6.000003e-03	0.000000e+00	0.000000e+00	0.000000e+00	
880	6.000007e-03	0.000000e+00	0.000000e+00	0.000000e+00	
881	6.000010e-03	0.000000e+00	0.000000e+00	0.000000e+00	
882	6.000011e-03	0.000000e+00	0.000000e+00	0.000000e+00	
883	6.000012e-03	0.000000e+00	0.000000e+00	0.000000e+00	
884	6.000013e-03	0.000000e+00	0.000000e+00	0.000000e+00	
885	6.000013e-03	0.000000e+00	0.000000e+00	0.000000e+00	
886	6.000013e-03	0.000000e+00	0.000000e+00	0.000000e+00	
887	6.000013e-03	0.000000e+00	0.000000e+00	0.000000e+00	
888	6.000013e-03	0.000000e+00	0.000000e+00	0.000000e+00	
889	6.000013e-03	0.000000e+00	0.000000e+00	0.000000e+00	
890	6.000013e-03	0.000000e+00	0.000000e+00	0.000000e+00	
891	6.000013e-03	0.000000e+00	0.000000e+00	0.000000e+00	
892	6.000013e-03	0.000000e+00	0.000000e+00	0.000000e+00	
893	6.000013e-03	0.000000e+00	0.000000e+00	0.000000e+00	
894	6.000014e-03	0.000000e+00	0.000000e+00	0.000000e+00	
895	6.000014e-03	0.000000e+00	0.000000e+00	0.000000e+00	
896	6.000015e-03	0.000000e+00	0.000000e+00	0.000000e+00	
897	6.000016e-03	0.000000e+00	0.000000e+00	0.000000e+00	
898	6.000016e-03	0.000000e+00	0.000000e+00	0.000000e+00	
899	6.000016e-03	0.000000e+00	0.000000e+00	0.000000e+00	
900	6.000017e-03	0.000000e+00	0.000000e+00	0.000000e+00	
901	6.000017e-03	0.000000e+00	0.000000e+00	0.000000e+00	
902	6.000017e-03	0.000000e+00	0.000000e+00	0.000000e+00	
903	6.000017e-03	0.000000e+00	0.000000e+00	0.000000e+00	
904	6.000017e-03	0.000000e+00	0.000000e+00	0.000000e+00	
905	6.000018e-03	0.000000e+00	0.000000e+00	0.000000e+00	
906	6.000019e-03	0.000000e+00	0.000000e+00	0.000000e+00	
907	6.000020e-03	0.000000e+00	0.000000e+00	0.000000e+00	
908	6.000020e-03	0.000000e+00	0.000000e+00	0.000000e+00	
909	6.000021e-03	0.000000e+00	0.000000e+00	0.000000e+00	
910	6.000022e-03	0.000000e+00	0.000000e+00	0.000000e+00	
911	6.000023e-03	0.000000e+00	0.000000e+00	0.000000e+00	
912	6.000027e-03	0.000000e+00	0.000000e+00	0.000000e+00	
913	6.000035e-03	0.000000e+00	0.000000e+00	0.000000e+00	
914	6.000049e-03	0.000000e+00	0.000000e+00	0.000000e+00	
915	6.000079e-03	0.000000e+00	0.000000e+00	0.000000e+00	
916	6.000138e-03	0.000000e+00	0.000000e+00	0.000000e+00	
917	6.000256e-03	0.000000e+00	0.000000e+00	0.000000e+00	
918	6.000492e-03	0.000000e+00	0.000000e+00	0.000000e+00	
919	6.000963e-03	0.000000e+00	0.000000e+00	0.000000e+00	
920	6.001907e-03	0.000000e+00	0.000000e+00	0.000000e+00	
921	6.003795e-03	0.000000e+00	0.000000e+00	0.000000e+00	
922	6.007570e-03	0.000000e+00	0.000000e+00	0.000000e+00	
923	6.015119e-03	0.000000e+00	0.000000e+00	0.000000e+00	
924	6.025119e-03	0.000000e+00	0.000000e+00	0.000000e+00	

Index   time            v5#branch       v6#branch       v7#branch       
--------------------------------------------------------------------------------
925	6.035119e-03	0.000000e+00	0.000000e+00	0.000000e+00	
926	6.045119e-03	0.000000e+00	0.000000e+00	0.000000e+00	
927	6.055119e-03	0.000000e+00	0.000000e+00	0.000000e+00	
928	6.065119e-03	0.000000e+00	0.000000e+00	0.000000e+00	
929	6.075119e-03	0.000000e+00	0.000000e+00	0.000000e+00	
930	6.085119e-03	0.000000e+00	0.000000e+00	0.000000e+00	
931	6.095119e-03	0.000000e+00	0.000000e+00	0.000000e+00	
932	6.105119e-03	0.000000e+00	0.000000e+00	0.000000e+00	
933	6.115119e-03	0.000000e+00	0.000000e+00	0.000000e+00	
934	6.125119e-03	0.000000e+00	0.000000e+00	0.000000e+00	
935	6.135119e-03	0.000000e+00	0.000000e+00	0.000000e+00	
936	6.145119e-03	0.000000e+00	0.000000e+00	0.000000e+00	
937	6.155119e-03	0.000000e+00	0.000000e+00	0.000000e+00	
938	6.165119e-03	0.000000e+00	0.000000e+00	0.000000e+00	
939	6.175119e-03	0.000000e+00	0.000000e+00	0.000000e+00	
940	6.185119e-03	0.000000e+00	0.000000e+00	0.000000e+00	
941	6.195119e-03	0.000000e+00	0.000000e+00	0.000000e+00	
942	6.205119e-03	0.000000e+00	0.000000e+00	0.000000e+00	
943	6.215119e-03	0.000000e+00	0.000000e+00	0.000000e+00	
944	6.225119e-03	0.000000e+00	0.000000e+00	0.000000e+00	
945	6.235119e-03	0.000000e+00	0.000000e+00	0.000000e+00	
946	6.245119e-03	0.000000e+00	0.000000e+00	0.000000e+00	
947	6.255119e-03	0.000000e+00	0.000000e+00	0.000000e+00	
948	6.265119e-03	0.000000e+00	0.000000e+00	0.000000e+00	
949	6.275119e-03	0.000000e+00	0.000000e+00	0.000000e+00	
950	6.285119e-03	0.000000e+00	0.000000e+00	0.000000e+00	
951	6.295119e-03	0.000000e+00	0.000000e+00	0.000000e+00	
952	6.305119e-03	0.000000e+00	0.000000e+00	0.000000e+00	
953	6.315119e-03	0.000000e+00	0.000000e+00	0.000000e+00	
954	6.325119e-03	0.000000e+00	0.000000e+00	0.000000e+00	
955	6.335119e-03	0.000000e+00	0.000000e+00	0.000000e+00	
956	6.345119e-03	0.000000e+00	0.000000e+00	0.000000e+00	
957	6.355119e-03	0.000000e+00	0.000000e+00	0.000000e+00	
958	6.365119e-03	0.000000e+00	0.000000e+00	0.000000e+00	
959	6.375119e-03	0.000000e+00	0.000000e+00	0.000000e+00	
960	6.385119e-03	0.000000e+00	0.000000e+00	0.000000e+00	
961	6.395119e-03	0.000000e+00	0.000000e+00	0.000000e+00	
962	6.405119e-03	0.000000e+00	0.000000e+00	0.000000e+00	
963	6.415119e-03	0.000000e+00	0.000000e+00	0.000000e+00	
964	6.425119e-03	0.000000e+00	0.000000e+00	0.000000e+00	
965	6.435119e-03	0.000000e+00	0.000000e+00	0.000000e+00	
966	6.445119e-03	0.000000e+00	0.000000e+00	0.000000e+00	
967	6.455119e-03	0.000000e+00	0.000000e+00	0.000000e+00	
968	6.465119e-03	0.000000e+00	0.000000e+00	0.000000e+00	
969	6.475119e-03	0.000000e+00	0.000000e+00	0.000000e+00	
970	6.485119e-03	0.000000e+00	0.000000e+00	0.000000e+00	
971	6.495119e-03	0.000000e+00	0.000000e+00	0.000000e+00	
972	6.505119e-03	0.000000e+00	0.000000e+00	0.000000e+00	
973	6.515119e-03	0.000000e+00	0.000000e+00	0.000000e+00	
974	6.525119e-03	0.000000e+00	0.000000e+00	0.000000e+00	
975	6.535119e-03	0.000000e+00	0.000000e+00	0.000000e+00	
976	6.545119e-03	0.000000e+00	0.000000e+00	0.000000e+00	
977	6.555119e-03	0.000000e+00	0.000000e+00	0.000000e+00	
978	6.565119e-03	0.000000e+00	0.000000e+00	0.000000e+00	
979	6.575119e-03	0.000000e+00	0.000000e+00	0.000000e+00	
980	6.585119e-03	0.000000e+00	0.000000e+00	0.000000e+00	
981	6.595119e-03	0.000000e+00	0.000000e+00	0.000000e+00	
982	6.605119e-03	0.000000e+00	0.000000e+00	0.000000e+00	

Index   time            v5#branch       v6#branch       v7#branch       
--------------------------------------------------------------------------------
983	6.615119e-03	0.000000e+00	0.000000e+00	0.000000e+00	
984	6.625119e-03	0.000000e+00	0.000000e+00	0.000000e+00	
985	6.635119e-03	0.000000e+00	0.000000e+00	0.000000e+00	
986	6.645119e-03	0.000000e+00	0.000000e+00	0.000000e+00	
987	6.655119e-03	0.000000e+00	0.000000e+00	0.000000e+00	
988	6.665119e-03	0.000000e+00	0.000000e+00	0.000000e+00	
989	6.675119e-03	0.000000e+00	0.000000e+00	0.000000e+00	
990	6.685119e-03	0.000000e+00	0.000000e+00	0.000000e+00	
991	6.695119e-03	0.000000e+00	0.000000e+00	0.000000e+00	
992	6.705119e-03	0.000000e+00	0.000000e+00	0.000000e+00	
993	6.715119e-03	0.000000e+00	0.000000e+00	0.000000e+00	
994	6.725119e-03	0.000000e+00	0.000000e+00	0.000000e+00	
995	6.735119e-03	0.000000e+00	0.000000e+00	0.000000e+00	
996	6.745119e-03	0.000000e+00	0.000000e+00	0.000000e+00	
997	6.755119e-03	0.000000e+00	0.000000e+00	0.000000e+00	
998	6.765119e-03	0.000000e+00	0.000000e+00	0.000000e+00	
999	6.775119e-03	0.000000e+00	0.000000e+00	0.000000e+00	
1000	6.785119e-03	0.000000e+00	0.000000e+00	0.000000e+00	
1001	6.795119e-03	0.000000e+00	0.000000e+00	0.000000e+00	
1002	6.805119e-03	0.000000e+00	0.000000e+00	0.000000e+00	
1003	6.815119e-03	0.000000e+00	0.000000e+00	0.000000e+00	
1004	6.825119e-03	0.000000e+00	0.000000e+00	0.000000e+00	
1005	6.835119e-03	0.000000e+00	0.000000e+00	0.000000e+00	
1006	6.845119e-03	0.000000e+00	0.000000e+00	0.000000e+00	
1007	6.855119e-03	0.000000e+00	0.000000e+00	0.000000e+00	
1008	6.865119e-03	0.000000e+00	0.000000e+00	0.000000e+00	
1009	6.875119e-03	0.000000e+00	0.000000e+00	0.000000e+00	
1010	6.885119e-03	0.000000e+00	0.000000e+00	0.000000e+00	
1011	6.895119e-03	0.000000e+00	0.000000e+00	0.000000e+00	
1012	6.905119e-03	0.000000e+00	0.000000e+00	0.000000e+00	
1013	6.915119e-03	0.000000e+00	0.000000e+00	0.000000e+00	
1014	6.925119e-03	0.000000e+00	0.000000e+00	0.000000e+00	
1015	6.935119e-03	0.000000e+00	0.000000e+00	0.000000e+00	
1016	6.945119e-03	0.000000e+00	0.000000e+00	0.000000e+00	
1017	6.955119e-03	0.000000e+00	0.000000e+00	0.000000e+00	
1018	6.965119e-03	0.000000e+00	0.000000e+00	0.000000e+00	
1019	6.975119e-03	0.000000e+00	0.000000e+00	0.000000e+00	
1020	6.985119e-03	0.000000e+00	0.000000e+00	0.000000e+00	
1021	6.995119e-03	0.000000e+00	0.000000e+00	0.000000e+00	
1022	7.000010e-03	0.000000e+00	0.000000e+00	0.000000e+00	
1023	7.000011e-03	0.000000e+00	0.000000e+00	0.000000e+00	
1024	7.000013e-03	0.000000e+00	0.000000e+00	0.000000e+00	
1025	7.000017e-03	0.000000e+00	0.000000e+00	0.000000e+00	
1026	7.000019e-03	0.000000e+00	0.000000e+00	0.000000e+00	
1027	7.000019e-03	0.000000e+00	0.000000e+00	0.000000e+00	
1028	7.000019e-03	0.000000e+00	0.000000e+00	0.000000e+00	
1029	7.000020e-03	0.000000e+00	0.000000e+00	0.000000e+00	
1030	7.000020e-03	0.000000e+00	0.000000e+00	0.000000e+00	
1031	7.000020e-03	0.000000e+00	0.000000e+00	0.000000e+00	
1032	7.000020e-03	0.000000e+00	0.000000e+00	0.000000e+00	
1033	7.000020e-03	0.000000e+00	0.000000e+00	0.000000e+00	
1034	7.000020e-03	0.000000e+00	0.000000e+00	0.000000e+00	
1035	7.000020e-03	0.000000e+00	0.000000e+00	0.000000e+00	
1036	7.000020e-03	0.000000e+00	0.000000e+00	0.000000e+00	
1037	7.000020e-03	0.000000e+00	0.000000e+00	0.000000e+00	
1038	7.000020e-03	0.000000e+00	0.000000e+00	0.000000e+00	
1039	7.000020e-03	0.000000e+00	0.000000e+00	0.000000e+00	
1040	7.000021e-03	0.000000e+00	0.000000e+00	0.000000e+00	

Index   time            v5#branch       v6#branch       v7#branch       
--------------------------------------------------------------------------------
1041	7.000021e-03	0.000000e+00	0.000000e+00	0.000000e+00	
1042	7.000022e-03	0.000000e+00	0.000000e+00	0.000000e+00	
1043	7.000023e-03	0.000000e+00	0.000000e+00	0.000000e+00	
1044	7.000023e-03	0.000000e+00	0.000000e+00	0.000000e+00	
1045	7.000023e-03	0.000000e+00	0.000000e+00	0.000000e+00	
1046	7.000023e-03	0.000000e+00	0.000000e+00	0.000000e+00	
1047	7.000023e-03	0.000000e+00	0.000000e+00	0.000000e+00	
1048	7.000023e-03	0.000000e+00	0.000000e+00	0.000000e+00	
1049	7.000023e-03	0.000000e+00	0.000000e+00	0.000000e+00	
1050	7.000023e-03	0.000000e+00	0.000000e+00	0.000000e+00	
1051	7.000023e-03	0.000000e+00	0.000000e+00	0.000000e+00	
1052	7.000023e-03	0.000000e+00	0.000000e+00	0.000000e+00	
1053	7.000024e-03	0.000000e+00	0.000000e+00	0.000000e+00	
1054	7.000024e-03	0.000000e+00	0.000000e+00	0.000000e+00	
1055	7.000025e-03	0.000000e+00	0.000000e+00	0.000000e+00	
1056	7.000027e-03	0.000000e+00	0.000000e+00	0.000000e+00	
1057	7.000031e-03	0.000000e+00	0.000000e+00	0.000000e+00	
1058	7.000039e-03	0.000000e+00	0.000000e+00	0.000000e+00	
1059	7.000056e-03	0.000000e+00	0.000000e+00	0.000000e+00	
1060	7.000089e-03	0.000000e+00	0.000000e+00	0.000000e+00	
1061	7.000154e-03	0.000000e+00	0.000000e+00	0.000000e+00	
1062	7.000285e-03	0.000000e+00	0.000000e+00	0.000000e+00	
1063	7.000547e-03	0.000000e+00	0.000000e+00	0.000000e+00	
1064	7.001072e-03	0.000000e+00	0.000000e+00	0.000000e+00	
1065	7.002120e-03	0.000000e+00	0.000000e+00	0.000000e+00	
1066	7.004217e-03	0.000000e+00	0.000000e+00	0.000000e+00	
1067	7.008412e-03	0.000000e+00	0.000000e+00	0.000000e+00	
1068	7.016800e-03	0.000000e+00	0.000000e+00	0.000000e+00	
1069	7.026800e-03	0.000000e+00	0.000000e+00	0.000000e+00	
1070	7.036800e-03	0.000000e+00	0.000000e+00	0.000000e+00	
1071	7.046800e-03	0.000000e+00	0.000000e+00	0.000000e+00	
1072	7.056800e-03	0.000000e+00	0.000000e+00	0.000000e+00	
1073	7.066800e-03	0.000000e+00	0.000000e+00	0.000000e+00	
1074	7.076800e-03	0.000000e+00	0.000000e+00	0.000000e+00	
1075	7.086800e-03	0.000000e+00	0.000000e+00	0.000000e+00	
1076	7.096800e-03	0.000000e+00	0.000000e+00	0.000000e+00	
1077	7.106800e-03	0.000000e+00	0.000000e+00	0.000000e+00	
1078	7.116800e-03	0.000000e+00	0.000000e+00	0.000000e+00	
1079	7.126800e-03	0.000000e+00	0.000000e+00	0.000000e+00	
1080	7.136800e-03	0.000000e+00	0.000000e+00	0.000000e+00	
1081	7.146800e-03	0.000000e+00	0.000000e+00	0.000000e+00	
1082	7.156800e-03	0.000000e+00	0.000000e+00	0.000000e+00	
1083	7.166800e-03	0.000000e+00	0.000000e+00	0.000000e+00	
1084	7.176800e-03	0.000000e+00	0.000000e+00	0.000000e+00	
1085	7.186800e-03	0.000000e+00	0.000000e+00	0.000000e+00	
1086	7.196800e-03	0.000000e+00	0.000000e+00	0.000000e+00	
1087	7.206800e-03	0.000000e+00	0.000000e+00	0.000000e+00	
1088	7.216800e-03	0.000000e+00	0.000000e+00	0.000000e+00	
1089	7.226800e-03	0.000000e+00	0.000000e+00	0.000000e+00	
1090	7.236800e-03	0.000000e+00	0.000000e+00	0.000000e+00	
1091	7.246800e-03	0.000000e+00	0.000000e+00	0.000000e+00	
1092	7.256800e-03	0.000000e+00	0.000000e+00	0.000000e+00	
1093	7.266800e-03	0.000000e+00	0.000000e+00	0.000000e+00	
1094	7.276800e-03	0.000000e+00	0.000000e+00	0.000000e+00	
1095	7.286800e-03	0.000000e+00	0.000000e+00	0.000000e+00	
1096	7.296800e-03	0.000000e+00	0.000000e+00	0.000000e+00	
1097	7.306800e-03	0.000000e+00	0.000000e+00	0.000000e+00	
1098	7.316800e-03	0.000000e+00	0.000000e+00	0.000000e+00	

Index   time            v5#branch       v6#branch       v7#branch       
--------------------------------------------------------------------------------
1099	7.326800e-03	0.000000e+00	0.000000e+00	0.000000e+00	
1100	7.336800e-03	0.000000e+00	0.000000e+00	0.000000e+00	
1101	7.346800e-03	0.000000e+00	0.000000e+00	0.000000e+00	
1102	7.356800e-03	0.000000e+00	0.000000e+00	0.000000e+00	
1103	7.366800e-03	0.000000e+00	0.000000e+00	0.000000e+00	
1104	7.376800e-03	0.000000e+00	0.000000e+00	0.000000e+00	
1105	7.386800e-03	0.000000e+00	0.000000e+00	0.000000e+00	
1106	7.396800e-03	0.000000e+00	0.000000e+00	0.000000e+00	
1107	7.406800e-03	0.000000e+00	0.000000e+00	0.000000e+00	
1108	7.416800e-03	0.000000e+00	0.000000e+00	0.000000e+00	
1109	7.426800e-03	0.000000e+00	0.000000e+00	0.000000e+00	
1110	7.436800e-03	0.000000e+00	0.000000e+00	0.000000e+00	
1111	7.446800e-03	0.000000e+00	0.000000e+00	0.000000e+00	
1112	7.456800e-03	0.000000e+00	0.000000e+00	0.000000e+00	
1113	7.466800e-03	0.000000e+00	0.000000e+00	0.000000e+00	
1114	7.476800e-03	0.000000e+00	0.000000e+00	0.000000e+00	
1115	7.486800e-03	0.000000e+00	0.000000e+00	0.000000e+00	
1116	7.496800e-03	0.000000e+00	0.000000e+00	0.000000e+00	
1117	7.506800e-03	0.000000e+00	0.000000e+00	0.000000e+00	
1118	7.516800e-03	0.000000e+00	0.000000e+00	0.000000e+00	
1119	7.526800e-03	0.000000e+00	0.000000e+00	0.000000e+00	
1120	7.536800e-03	0.000000e+00	0.000000e+00	0.000000e+00	
1121	7.546800e-03	0.000000e+00	0.000000e+00	0.000000e+00	
1122	7.556800e-03	0.000000e+00	0.000000e+00	0.000000e+00	
1123	7.566800e-03	0.000000e+00	0.000000e+00	0.000000e+00	
1124	7.576800e-03	0.000000e+00	0.000000e+00	0.000000e+00	
1125	7.586800e-03	0.000000e+00	0.000000e+00	0.000000e+00	
1126	7.596800e-03	0.000000e+00	0.000000e+00	0.000000e+00	
1127	7.606800e-03	0.000000e+00	0.000000e+00	0.000000e+00	
1128	7.616800e-03	0.000000e+00	0.000000e+00	0.000000e+00	
1129	7.626800e-03	0.000000e+00	0.000000e+00	0.000000e+00	
1130	7.636800e-03	0.000000e+00	0.000000e+00	0.000000e+00	
1131	7.646800e-03	0.000000e+00	0.000000e+00	0.000000e+00	
1132	7.656800e-03	0.000000e+00	0.000000e+00	0.000000e+00	
1133	7.666800e-03	0.000000e+00	0.000000e+00	0.000000e+00	
1134	7.676800e-03	0.000000e+00	0.000000e+00	0.000000e+00	
1135	7.686800e-03	0.000000e+00	0.000000e+00	0.000000e+00	
1136	7.696800e-03	0.000000e+00	0.000000e+00	0.000000e+00	
1137	7.706800e-03	0.000000e+00	0.000000e+00	0.000000e+00	
1138	7.716800e-03	0.000000e+00	0.000000e+00	0.000000e+00	
1139	7.726800e-03	0.000000e+00	0.000000e+00	0.000000e+00	
1140	7.736800e-03	0.000000e+00	0.000000e+00	0.000000e+00	
1141	7.746800e-03	0.000000e+00	0.000000e+00	0.000000e+00	
1142	7.756800e-03	0.000000e+00	0.000000e+00	0.000000e+00	
1143	7.766800e-03	0.000000e+00	0.000000e+00	0.000000e+00	
1144	7.776800e-03	0.000000e+00	0.000000e+00	0.000000e+00	
1145	7.786800e-03	0.000000e+00	0.000000e+00	0.000000e+00	
1146	7.796800e-03	0.000000e+00	0.000000e+00	0.000000e+00	
1147	7.806800e-03	0.000000e+00	0.000000e+00	0.000000e+00	
1148	7.816800e-03	0.000000e+00	0.000000e+00	0.000000e+00	
1149	7.826800e-03	0.000000e+00	0.000000e+00	0.000000e+00	
1150	7.836800e-03	0.000000e+00	0.000000e+00	0.000000e+00	
1151	7.846800e-03	0.000000e+00	0.000000e+00	0.000000e+00	
1152	7.856800e-03	0.000000e+00	0.000000e+00	0.000000e+00	
1153	7.866800e-03	0.000000e+00	0.000000e+00	0.000000e+00	
1154	7.876800e-03	0.000000e+00	0.000000e+00	0.000000e+00	
1155	7.886800e-03	0.000000e+00	0.000000e+00	0.000000e+00	
1156	7.896800e-03	0.000000e+00	0.000000e+00	0.000000e+00	

Index   time            v5#branch       v6#branch       v7#branch       
--------------------------------------------------------------------------------
1157	7.906800e-03	0.000000e+00	0.000000e+00	0.000000e+00	
1158	7.916800e-03	0.000000e+00	0.000000e+00	0.000000e+00	
1159	7.926800e-03	0.000000e+00	0.000000e+00	0.000000e+00	
1160	7.936800e-03	0.000000e+00	0.000000e+00	0.000000e+00	
1161	7.946800e-03	0.000000e+00	0.000000e+00	0.000000e+00	
1162	7.956800e-03	0.000000e+00	0.000000e+00	0.000000e+00	
1163	7.966800e-03	0.000000e+00	0.000000e+00	0.000000e+00	
1164	7.976800e-03	0.000000e+00	0.000000e+00	0.000000e+00	
1165	7.986800e-03	0.000000e+00	0.000000e+00	0.000000e+00	
1166	7.996800e-03	0.000000e+00	0.000000e+00	0.000000e+00	
1167	8.000000e-03	0.000000e+00	0.000000e+00	0.000000e+00	

                                kicad schematic
                                Transient Analysis  Sun Nov 09 00:17:05  2025
--------------------------------------------------------------------------------
Index   time            v8#branch       v9#branch       v10#branch      
--------------------------------------------------------------------------------
0	0.000000e+00	0.000000e+00	0.000000e+00	0.000000e+00	
1	1.000000e-10	0.000000e+00	0.000000e+00	0.000000e+00	
2	2.000000e-10	0.000000e+00	0.000000e+00	0.000000e+00	
3	4.000000e-10	0.000000e+00	0.000000e+00	0.000000e+00	
4	8.000000e-10	0.000000e+00	0.000000e+00	0.000000e+00	
5	1.600000e-09	0.000000e+00	0.000000e+00	0.000000e+00	
6	3.200000e-09	0.000000e+00	0.000000e+00	0.000000e+00	
7	6.400000e-09	0.000000e+00	0.000000e+00	0.000000e+00	
8	1.000000e-08	0.000000e+00	0.000000e+00	0.000000e+00	
9	1.020000e-08	0.000000e+00	0.000000e+00	0.000000e+00	
10	1.021000e-08	0.000000e+00	0.000000e+00	0.000000e+00	
11	1.023000e-08	0.000000e+00	0.000000e+00	0.000000e+00	
12	1.027000e-08	0.000000e+00	0.000000e+00	0.000000e+00	
13	1.030000e-08	0.000000e+00	0.000000e+00	0.000000e+00	
14	1.030800e-08	0.000000e+00	0.000000e+00	0.000000e+00	
15	1.032400e-08	0.000000e+00	0.000000e+00	0.000000e+00	
16	1.035600e-08	0.000000e+00	0.000000e+00	0.000000e+00	
17	1.042000e-08	0.000000e+00	0.000000e+00	0.000000e+00	
18	1.054800e-08	0.000000e+00	0.000000e+00	0.000000e+00	
19	1.080400e-08	0.000000e+00	0.000000e+00	0.000000e+00	
20	1.131600e-08	0.000000e+00	0.000000e+00	0.000000e+00	
21	1.234000e-08	0.000000e+00	0.000000e+00	0.000000e+00	
22	1.340000e-08	0.000000e+00	0.000000e+00	0.000000e+00	
23	1.349000e-08	0.000000e+00	0.000000e+00	0.000000e+00	
24	1.367000e-08	0.000000e+00	0.000000e+00	0.000000e+00	
25	1.403000e-08	0.000000e+00	0.000000e+00	0.000000e+00	
26	1.430000e-08	0.000000e+00	0.000000e+00	0.000000e+00	
27	1.437200e-08	0.000000e+00	0.000000e+00	0.000000e+00	
28	1.451600e-08	0.000000e+00	0.000000e+00	0.000000e+00	
29	1.480400e-08	0.000000e+00	0.000000e+00	0.000000e+00	
30	1.538000e-08	0.000000e+00	0.000000e+00	0.000000e+00	
31	1.600000e-08	0.000000e+00	0.000000e+00	0.000000e+00	
32	1.609000e-08	0.000000e+00	0.000000e+00	0.000000e+00	
33	1.627000e-08	0.000000e+00	0.000000e+00	0.000000e+00	
34	1.663000e-08	0.000000e+00	0.000000e+00	0.000000e+00	
35	1.690000e-08	0.000000e+00	0.000000e+00	0.000000e+00	
36	1.697200e-08	0.000000e+00	0.000000e+00	0.000000e+00	
37	1.711600e-08	0.000000e+00	0.000000e+00	0.000000e+00	
38	1.740400e-08	0.000000e+00	0.000000e+00	0.000000e+00	
39	1.798000e-08	0.000000e+00	0.000000e+00	0.000000e+00	
40	1.913200e-08	0.000000e+00	0.000000e+00	0.000000e+00	
41	2.143600e-08	0.000000e+00	0.000000e+00	0.000000e+00	
42	2.604400e-08	0.000000e+00	0.000000e+00	0.000000e+00	
43	3.526000e-08	0.000000e+00	0.000000e+00	0.000000e+00	
44	5.369200e-08	0.000000e+00	0.000000e+00	0.000000e+00	
45	9.055600e-08	0.000000e+00	0.000000e+00	0.000000e+00	
46	1.642840e-07	0.000000e+00	0.000000e+00	0.000000e+00	
47	3.117400e-07	0.000000e+00	0.000000e+00	0.000000e+00	
48	6.066520e-07	0.000000e+00	0.000000e+00	0.000000e+00	
49	1.196476e-06	0.000000e+00	0.000000e+00	0.000000e+00	
50	2.376124e-06	0.000000e+00	0.000000e+00	0.000000e+00	
51	4.735420e-06	0.000000e+00	0.000000e+00	0.000000e+00	
52	9.454012e-06	0.000000e+00	0.000000e+00	0.000000e+00	
53	1.889120e-05	0.000000e+00	0.000000e+00	0.000000e+00	
54	2.889120e-05	0.000000e+00	0.000000e+00	0.000000e+00	

Index   time            v8#branch       v9#branch       v10#branch      
--------------------------------------------------------------------------------
55	3.889120e-05	0.000000e+00	0.000000e+00	0.000000e+00	
56	4.889120e-05	0.000000e+00	0.000000e+00	0.000000e+00	
57	5.889120e-05	0.000000e+00	0.000000e+00	0.000000e+00	
58	6.889120e-05	0.000000e+00	0.000000e+00	0.000000e+00	
59	7.889120e-05	0.000000e+00	0.000000e+00	0.000000e+00	
60	8.889120e-05	0.000000e+00	0.000000e+00	0.000000e+00	
61	9.889120e-05	0.000000e+00	0.000000e+00	0.000000e+00	
62	1.088912e-04	0.000000e+00	0.000000e+00	0.000000e+00	
63	1.188912e-04	0.000000e+00	0.000000e+00	0.000000e+00	
64	1.288912e-04	0.000000e+00	0.000000e+00	0.000000e+00	
65	1.388912e-04	0.000000e+00	0.000000e+00	0.000000e+00	
66	1.488912e-04	0.000000e+00	0.000000e+00	0.000000e+00	
67	1.588912e-04	0.000000e+00	0.000000e+00	0.000000e+00	
68	1.688912e-04	0.000000e+00	0.000000e+00	0.000000e+00	
69	1.788912e-04	0.000000e+00	0.000000e+00	0.000000e+00	
70	1.888912e-04	0.000000e+00	0.000000e+00	0.000000e+00	
71	1.988912e-04	0.000000e+00	0.000000e+00	0.000000e+00	
72	2.088912e-04	0.000000e+00	0.000000e+00	0.000000e+00	
73	2.188912e-04	0.000000e+00	0.000000e+00	0.000000e+00	
74	2.288912e-04	0.000000e+00	0.000000e+00	0.000000e+00	
75	2.388912e-04	0.000000e+00	0.000000e+00	0.000000e+00	
76	2.488912e-04	0.000000e+00	0.000000e+00	0.000000e+00	
77	2.588912e-04	0.000000e+00	0.000000e+00	0.000000e+00	
78	2.688912e-04	0.000000e+00	0.000000e+00	0.000000e+00	
79	2.788912e-04	0.000000e+00	0.000000e+00	0.000000e+00	
80	2.888912e-04	0.000000e+00	0.000000e+00	0.000000e+00	
81	2.988912e-04	0.000000e+00	0.000000e+00	0.000000e+00	
82	3.088912e-04	0.000000e+00	0.000000e+00	0.000000e+00	
83	3.188912e-04	0.000000e+00	0.000000e+00	0.000000e+00	
84	3.288912e-04	0.000000e+00	0.000000e+00	0.000000e+00	
85	3.388912e-04	0.000000e+00	0.000000e+00	0.000000e+00	
86	3.488912e-04	0.000000e+00	0.000000e+00	0.000000e+00	
87	3.588912e-04	0.000000e+00	0.000000e+00	0.000000e+00	
88	3.688912e-04	0.000000e+00	0.000000e+00	0.000000e+00	
89	3.788912e-04	0.000000e+00	0.000000e+00	0.000000e+00	
90	3.888912e-04	0.000000e+00	0.000000e+00	0.000000e+00	
91	3.988912e-04	0.000000e+00	0.000000e+00	0.000000e+00	
92	4.088912e-04	0.000000e+00	0.000000e+00	0.000000e+00	
93	4.188912e-04	0.000000e+00	0.000000e+00	0.000000e+00	
94	4.288912e-04	0.000000e+00	0.000000e+00	0.000000e+00	
95	4.388912e-04	0.000000e+00	0.000000e+00	0.000000e+00	
96	4.488912e-04	0.000000e+00	0.000000e+00	0.000000e+00	
97	4.588912e-04	0.000000e+00	0.000000e+00	0.000000e+00	
98	4.688912e-04	0.000000e+00	0.000000e+00	0.000000e+00	
99	4.788912e-04	0.000000e+00	0.000000e+00	0.000000e+00	
100	4.888912e-04	0.000000e+00	0.000000e+00	0.000000e+00	
101	4.988912e-04	0.000000e+00	0.000000e+00	0.000000e+00	
102	5.088912e-04	0.000000e+00	0.000000e+00	0.000000e+00	
103	5.188912e-04	0.000000e+00	0.000000e+00	0.000000e+00	
104	5.288912e-04	0.000000e+00	0.000000e+00	0.000000e+00	
105	5.388912e-04	0.000000e+00	0.000000e+00	0.000000e+00	
106	5.488912e-04	0.000000e+00	0.000000e+00	0.000000e+00	
107	5.588912e-04	0.000000e+00	0.000000e+00	0.000000e+00	
108	5.688912e-04	0.000000e+00	0.000000e+00	0.000000e+00	
109	5.788912e-04	0.000000e+00	0.000000e+00	0.000000e+00	
110	5.888912e-04	0.000000e+00	0.000000e+00	0.000000e+00	
111	5.988912e-04	0.000000e+00	0.000000e+00	0.000000e+00	
112	6.088912e-04	0.000000e+00	0.000000e+00	0.000000e+00	

Index   time            v8#branch       v9#branch       v10#branch      
--------------------------------------------------------------------------------
113	6.188912e-04	0.000000e+00	0.000000e+00	0.000000e+00	
114	6.288912e-04	0.000000e+00	0.000000e+00	0.000000e+00	
115	6.388912e-04	0.000000e+00	0.000000e+00	0.000000e+00	
116	6.488912e-04	0.000000e+00	0.000000e+00	0.000000e+00	
117	6.588912e-04	0.000000e+00	0.000000e+00	0.000000e+00	
118	6.688912e-04	0.000000e+00	0.000000e+00	0.000000e+00	
119	6.788912e-04	0.000000e+00	0.000000e+00	0.000000e+00	
120	6.888912e-04	0.000000e+00	0.000000e+00	0.000000e+00	
121	6.988912e-04	0.000000e+00	0.000000e+00	0.000000e+00	
122	7.088912e-04	0.000000e+00	0.000000e+00	0.000000e+00	
123	7.188912e-04	0.000000e+00	0.000000e+00	0.000000e+00	
124	7.288912e-04	0.000000e+00	0.000000e+00	0.000000e+00	
125	7.388912e-04	0.000000e+00	0.000000e+00	0.000000e+00	
126	7.488912e-04	0.000000e+00	0.000000e+00	0.000000e+00	
127	7.588912e-04	0.000000e+00	0.000000e+00	0.000000e+00	
128	7.688912e-04	0.000000e+00	0.000000e+00	0.000000e+00	
129	7.788912e-04	0.000000e+00	0.000000e+00	0.000000e+00	
130	7.888912e-04	0.000000e+00	0.000000e+00	0.000000e+00	
131	7.988912e-04	0.000000e+00	0.000000e+00	0.000000e+00	
132	8.088912e-04	0.000000e+00	0.000000e+00	0.000000e+00	
133	8.188912e-04	0.000000e+00	0.000000e+00	0.000000e+00	
134	8.288912e-04	0.000000e+00	0.000000e+00	0.000000e+00	
135	8.388912e-04	0.000000e+00	0.000000e+00	0.000000e+00	
136	8.488912e-04	0.000000e+00	0.000000e+00	0.000000e+00	
137	8.588912e-04	0.000000e+00	0.000000e+00	0.000000e+00	
138	8.688912e-04	0.000000e+00	0.000000e+00	0.000000e+00	
139	8.788912e-04	0.000000e+00	0.000000e+00	0.000000e+00	
140	8.888912e-04	0.000000e+00	0.000000e+00	0.000000e+00	
141	8.988912e-04	0.000000e+00	0.000000e+00	0.000000e+00	
142	9.088912e-04	0.000000e+00	0.000000e+00	0.000000e+00	
143	9.188912e-04	0.000000e+00	0.000000e+00	0.000000e+00	
144	9.288912e-04	0.000000e+00	0.000000e+00	0.000000e+00	
145	9.388912e-04	0.000000e+00	0.000000e+00	0.000000e+00	
146	9.488912e-04	0.000000e+00	0.000000e+00	0.000000e+00	
147	9.588912e-04	0.000000e+00	0.000000e+00	0.000000e+00	
148	9.688912e-04	0.000000e+00	0.000000e+00	0.000000e+00	
149	9.788912e-04	0.000000e+00	0.000000e+00	0.000000e+00	
150	9.888912e-04	0.000000e+00	0.000000e+00	0.000000e+00	
151	9.988912e-04	0.000000e+00	0.000000e+00	0.000000e+00	
152	1.000010e-03	0.000000e+00	0.000000e+00	0.000000e+00	
153	1.000011e-03	0.000000e+00	0.000000e+00	0.000000e+00	
154	1.000013e-03	0.000000e+00	0.000000e+00	0.000000e+00	
155	1.000017e-03	0.000000e+00	0.000000e+00	0.000000e+00	
156	1.000019e-03	0.000000e+00	0.000000e+00	0.000000e+00	
157	1.000019e-03	0.000000e+00	0.000000e+00	0.000000e+00	
158	1.000019e-03	0.000000e+00	0.000000e+00	0.000000e+00	
159	1.000020e-03	0.000000e+00	0.000000e+00	0.000000e+00	
160	1.000020e-03	0.000000e+00	0.000000e+00	0.000000e+00	
161	1.000020e-03	0.000000e+00	0.000000e+00	0.000000e+00	
162	1.000020e-03	0.000000e+00	0.000000e+00	0.000000e+00	
163	1.000020e-03	0.000000e+00	0.000000e+00	0.000000e+00	
164	1.000020e-03	0.000000e+00	0.000000e+00	0.000000e+00	
165	1.000020e-03	0.000000e+00	0.000000e+00	0.000000e+00	
166	1.000020e-03	0.000000e+00	0.000000e+00	0.000000e+00	
167	1.000020e-03	0.000000e+00	0.000000e+00	0.000000e+00	
168	1.000020e-03	0.000000e+00	0.000000e+00	0.000000e+00	
169	1.000020e-03	0.000000e+00	0.000000e+00	0.000000e+00	
170	1.000021e-03	0.000000e+00	0.000000e+00	0.000000e+00	

Index   time            v8#branch       v9#branch       v10#branch      
--------------------------------------------------------------------------------
171	1.000021e-03	0.000000e+00	0.000000e+00	0.000000e+00	
172	1.000022e-03	0.000000e+00	0.000000e+00	0.000000e+00	
173	1.000023e-03	0.000000e+00	0.000000e+00	0.000000e+00	
174	1.000023e-03	0.000000e+00	0.000000e+00	0.000000e+00	
175	1.000023e-03	0.000000e+00	0.000000e+00	0.000000e+00	
176	1.000023e-03	0.000000e+00	0.000000e+00	0.000000e+00	
177	1.000023e-03	0.000000e+00	0.000000e+00	0.000000e+00	
178	1.000023e-03	0.000000e+00	0.000000e+00	0.000000e+00	
179	1.000023e-03	0.000000e+00	0.000000e+00	0.000000e+00	
180	1.000023e-03	0.000000e+00	0.000000e+00	0.000000e+00	
181	1.000023e-03	0.000000e+00	0.000000e+00	0.000000e+00	
182	1.000023e-03	0.000000e+00	0.000000e+00	0.000000e+00	
183	1.000024e-03	0.000000e+00	0.000000e+00	0.000000e+00	
184	1.000024e-03	0.000000e+00	0.000000e+00	0.000000e+00	
185	1.000025e-03	0.000000e+00	0.000000e+00	0.000000e+00	
186	1.000027e-03	0.000000e+00	0.000000e+00	0.000000e+00	
187	1.000031e-03	0.000000e+00	0.000000e+00	0.000000e+00	
188	1.000039e-03	0.000000e+00	0.000000e+00	0.000000e+00	
189	1.000056e-03	0.000000e+00	0.000000e+00	0.000000e+00	
190	1.000089e-03	0.000000e+00	0.000000e+00	0.000000e+00	
191	1.000154e-03	0.000000e+00	0.000000e+00	0.000000e+00	
192	1.000285e-03	0.000000e+00	0.000000e+00	0.000000e+00	
193	1.000547e-03	0.000000e+00	0.000000e+00	0.000000e+00	
194	1.001072e-03	0.000000e+00	0.000000e+00	0.000000e+00	
195	1.002120e-03	0.000000e+00	0.000000e+00	0.000000e+00	
196	1.004217e-03	0.000000e+00	0.000000e+00	0.000000e+00	
197	1.008412e-03	0.000000e+00	0.000000e+00	0.000000e+00	
198	1.016800e-03	0.000000e+00	0.000000e+00	0.000000e+00	
199	1.026800e-03	0.000000e+00	0.000000e+00	0.000000e+00	
200	1.036800e-03	0.000000e+00	0.000000e+00	0.000000e+00	
201	1.046800e-03	0.000000e+00	0.000000e+00	0.000000e+00	
202	1.056800e-03	0.000000e+00	0.000000e+00	0.000000e+00	
203	1.066800e-03	0.000000e+00	0.000000e+00	0.000000e+00	
204	1.076800e-03	0.000000e+00	0.000000e+00	0.000000e+00	
205	1.086800e-03	0.000000e+00	0.000000e+00	0.000000e+00	
206	1.096800e-03	0.000000e+00	0.000000e+00	0.000000e+00	
207	1.106800e-03	0.000000e+00	0.000000e+00	0.000000e+00	
208	1.116800e-03	0.000000e+00	0.000000e+00	0.000000e+00	
209	1.126800e-03	0.000000e+00	0.000000e+00	0.000000e+00	
210	1.136800e-03	0.000000e+00	0.000000e+00	0.000000e+00	
211	1.146800e-03	0.000000e+00	0.000000e+00	0.000000e+00	
212	1.156800e-03	0.000000e+00	0.000000e+00	0.000000e+00	
213	1.166800e-03	0.000000e+00	0.000000e+00	0.000000e+00	
214	1.176800e-03	0.000000e+00	0.000000e+00	0.000000e+00	
215	1.186800e-03	0.000000e+00	0.000000e+00	0.000000e+00	
216	1.196800e-03	0.000000e+00	0.000000e+00	0.000000e+00	
217	1.206800e-03	0.000000e+00	0.000000e+00	0.000000e+00	
218	1.216800e-03	0.000000e+00	0.000000e+00	0.000000e+00	
219	1.226800e-03	0.000000e+00	0.000000e+00	0.000000e+00	
220	1.236800e-03	0.000000e+00	0.000000e+00	0.000000e+00	
221	1.246800e-03	0.000000e+00	0.000000e+00	0.000000e+00	
222	1.256800e-03	0.000000e+00	0.000000e+00	0.000000e+00	
223	1.266800e-03	0.000000e+00	0.000000e+00	0.000000e+00	
224	1.276800e-03	0.000000e+00	0.000000e+00	0.000000e+00	
225	1.286800e-03	0.000000e+00	0.000000e+00	0.000000e+00	
226	1.296800e-03	0.000000e+00	0.000000e+00	0.000000e+00	
227	1.306800e-03	0.000000e+00	0.000000e+00	0.000000e+00	
228	1.316800e-03	0.000000e+00	0.000000e+00	0.000000e+00	

Index   time            v8#branch       v9#branch       v10#branch      
--------------------------------------------------------------------------------
229	1.326800e-03	0.000000e+00	0.000000e+00	0.000000e+00	
230	1.336800e-03	0.000000e+00	0.000000e+00	0.000000e+00	
231	1.346800e-03	0.000000e+00	0.000000e+00	0.000000e+00	
232	1.356800e-03	0.000000e+00	0.000000e+00	0.000000e+00	
233	1.366800e-03	0.000000e+00	0.000000e+00	0.000000e+00	
234	1.376800e-03	0.000000e+00	0.000000e+00	0.000000e+00	
235	1.386800e-03	0.000000e+00	0.000000e+00	0.000000e+00	
236	1.396800e-03	0.000000e+00	0.000000e+00	0.000000e+00	
237	1.406800e-03	0.000000e+00	0.000000e+00	0.000000e+00	
238	1.416800e-03	0.000000e+00	0.000000e+00	0.000000e+00	
239	1.426800e-03	0.000000e+00	0.000000e+00	0.000000e+00	
240	1.436800e-03	0.000000e+00	0.000000e+00	0.000000e+00	
241	1.446800e-03	0.000000e+00	0.000000e+00	0.000000e+00	
242	1.456800e-03	0.000000e+00	0.000000e+00	0.000000e+00	
243	1.466800e-03	0.000000e+00	0.000000e+00	0.000000e+00	
244	1.476800e-03	0.000000e+00	0.000000e+00	0.000000e+00	
245	1.486800e-03	0.000000e+00	0.000000e+00	0.000000e+00	
246	1.496800e-03	0.000000e+00	0.000000e+00	0.000000e+00	
247	1.506800e-03	0.000000e+00	0.000000e+00	0.000000e+00	
248	1.516800e-03	0.000000e+00	0.000000e+00	0.000000e+00	
249	1.526800e-03	0.000000e+00	0.000000e+00	0.000000e+00	
250	1.536800e-03	0.000000e+00	0.000000e+00	0.000000e+00	
251	1.546800e-03	0.000000e+00	0.000000e+00	0.000000e+00	
252	1.556800e-03	0.000000e+00	0.000000e+00	0.000000e+00	
253	1.566800e-03	0.000000e+00	0.000000e+00	0.000000e+00	
254	1.576800e-03	0.000000e+00	0.000000e+00	0.000000e+00	
255	1.586800e-03	0.000000e+00	0.000000e+00	0.000000e+00	
256	1.596800e-03	0.000000e+00	0.000000e+00	0.000000e+00	
257	1.606800e-03	0.000000e+00	0.000000e+00	0.000000e+00	
258	1.616800e-03	0.000000e+00	0.000000e+00	0.000000e+00	
259	1.626800e-03	0.000000e+00	0.000000e+00	0.000000e+00	
260	1.636800e-03	0.000000e+00	0.000000e+00	0.000000e+00	
261	1.646800e-03	0.000000e+00	0.000000e+00	0.000000e+00	
262	1.656800e-03	0.000000e+00	0.000000e+00	0.000000e+00	
263	1.666800e-03	0.000000e+00	0.000000e+00	0.000000e+00	
264	1.676800e-03	0.000000e+00	0.000000e+00	0.000000e+00	
265	1.686800e-03	0.000000e+00	0.000000e+00	0.000000e+00	
266	1.696800e-03	0.000000e+00	0.000000e+00	0.000000e+00	
267	1.706800e-03	0.000000e+00	0.000000e+00	0.000000e+00	
268	1.716800e-03	0.000000e+00	0.000000e+00	0.000000e+00	
269	1.726800e-03	0.000000e+00	0.000000e+00	0.000000e+00	
270	1.736800e-03	0.000000e+00	0.000000e+00	0.000000e+00	
271	1.746800e-03	0.000000e+00	0.000000e+00	0.000000e+00	
272	1.756800e-03	0.000000e+00	0.000000e+00	0.000000e+00	
273	1.766800e-03	0.000000e+00	0.000000e+00	0.000000e+00	
274	1.776800e-03	0.000000e+00	0.000000e+00	0.000000e+00	
275	1.786800e-03	0.000000e+00	0.000000e+00	0.000000e+00	
276	1.796800e-03	0.000000e+00	0.000000e+00	0.000000e+00	
277	1.806800e-03	0.000000e+00	0.000000e+00	0.000000e+00	
278	1.816800e-03	0.000000e+00	0.000000e+00	0.000000e+00	
279	1.826800e-03	0.000000e+00	0.000000e+00	0.000000e+00	
280	1.836800e-03	0.000000e+00	0.000000e+00	0.000000e+00	
281	1.846800e-03	0.000000e+00	0.000000e+00	0.000000e+00	
282	1.856800e-03	0.000000e+00	0.000000e+00	0.000000e+00	
283	1.866800e-03	0.000000e+00	0.000000e+00	0.000000e+00	
284	1.876800e-03	0.000000e+00	0.000000e+00	0.000000e+00	
285	1.886800e-03	0.000000e+00	0.000000e+00	0.000000e+00	
286	1.896800e-03	0.000000e+00	0.000000e+00	0.000000e+00	

Index   time            v8#branch       v9#branch       v10#branch      
--------------------------------------------------------------------------------
287	1.906800e-03	0.000000e+00	0.000000e+00	0.000000e+00	
288	1.916800e-03	0.000000e+00	0.000000e+00	0.000000e+00	
289	1.926800e-03	0.000000e+00	0.000000e+00	0.000000e+00	
290	1.936800e-03	0.000000e+00	0.000000e+00	0.000000e+00	
291	1.946800e-03	0.000000e+00	0.000000e+00	0.000000e+00	
292	1.956800e-03	0.000000e+00	0.000000e+00	0.000000e+00	
293	1.966800e-03	0.000000e+00	0.000000e+00	0.000000e+00	
294	1.976800e-03	0.000000e+00	0.000000e+00	0.000000e+00	
295	1.986800e-03	0.000000e+00	0.000000e+00	0.000000e+00	
296	1.996800e-03	0.000000e+00	0.000000e+00	0.000000e+00	
297	2.000000e-03	0.000000e+00	0.000000e+00	0.000000e+00	
298	2.000001e-03	0.000000e+00	0.000000e+00	0.000000e+00	
299	2.000003e-03	0.000000e+00	0.000000e+00	0.000000e+00	
300	2.000007e-03	0.000000e+00	0.000000e+00	0.000000e+00	
301	2.000010e-03	0.000000e+00	0.000000e+00	0.000000e+00	
302	2.000011e-03	0.000000e+00	0.000000e+00	0.000000e+00	
303	2.000012e-03	0.000000e+00	0.000000e+00	0.000000e+00	
304	2.000013e-03	0.000000e+00	0.000000e+00	0.000000e+00	
305	2.000013e-03	0.000000e+00	0.000000e+00	0.000000e+00	
306	2.000013e-03	0.000000e+00	0.000000e+00	0.000000e+00	
307	2.000013e-03	0.000000e+00	0.000000e+00	0.000000e+00	
308	2.000013e-03	0.000000e+00	0.000000e+00	0.000000e+00	
309	2.000013e-03	0.000000e+00	0.000000e+00	0.000000e+00	
310	2.000013e-03	0.000000e+00	0.000000e+00	0.000000e+00	
311	2.000013e-03	0.000000e+00	0.000000e+00	0.000000e+00	
312	2.000013e-03	0.000000e+00	0.000000e+00	0.000000e+00	
313	2.000013e-03	0.000000e+00	0.000000e+00	0.000000e+00	
314	2.000014e-03	0.000000e+00	0.000000e+00	0.000000e+00	
315	2.000014e-03	0.000000e+00	0.000000e+00	0.000000e+00	
316	2.000015e-03	0.000000e+00	0.000000e+00	0.000000e+00	
317	2.000016e-03	0.000000e+00	0.000000e+00	0.000000e+00	
318	2.000016e-03	0.000000e+00	0.000000e+00	0.000000e+00	
319	2.000016e-03	0.000000e+00	0.000000e+00	0.000000e+00	
320	2.000017e-03	0.000000e+00	0.000000e+00	0.000000e+00	
321	2.000017e-03	0.000000e+00	0.000000e+00	0.000000e+00	
322	2.000017e-03	0.000000e+00	0.000000e+00	0.000000e+00	
323	2.000017e-03	0.000000e+00	0.000000e+00	0.000000e+00	
324	2.000017e-03	0.000000e+00	0.000000e+00	0.000000e+00	
325	2.000018e-03	0.000000e+00	0.000000e+00	0.000000e+00	
326	2.000019e-03	0.000000e+00	0.000000e+00	0.000000e+00	
327	2.000020e-03	0.000000e+00	0.000000e+00	0.000000e+00	
328	2.000020e-03	0.000000e+00	0.000000e+00	0.000000e+00	
329	2.000021e-03	0.000000e+00	0.000000e+00	0.000000e+00	
330	2.000022e-03	0.000000e+00	0.000000e+00	0.000000e+00	
331	2.000023e-03	0.000000e+00	0.000000e+00	0.000000e+00	
332	2.000027e-03	0.000000e+00	0.000000e+00	0.000000e+00	
333	2.000035e-03	0.000000e+00	0.000000e+00	0.000000e+00	
334	2.000049e-03	0.000000e+00	0.000000e+00	0.000000e+00	
335	2.000079e-03	0.000000e+00	0.000000e+00	0.000000e+00	
336	2.000138e-03	0.000000e+00	0.000000e+00	0.000000e+00	
337	2.000256e-03	0.000000e+00	0.000000e+00	0.000000e+00	
338	2.000492e-03	0.000000e+00	0.000000e+00	0.000000e+00	
339	2.000963e-03	0.000000e+00	0.000000e+00	0.000000e+00	
340	2.001907e-03	0.000000e+00	0.000000e+00	0.000000e+00	
341	2.003795e-03	0.000000e+00	0.000000e+00	0.000000e+00	
342	2.007570e-03	0.000000e+00	0.000000e+00	0.000000e+00	
343	2.015119e-03	0.000000e+00	0.000000e+00	0.000000e+00	
344	2.025119e-03	0.000000e+00	0.000000e+00	0.000000e+00	

Index   time            v8#branch       v9#branch       v10#branch      
--------------------------------------------------------------------------------
345	2.035119e-03	0.000000e+00	0.000000e+00	0.000000e+00	
346	2.045119e-03	0.000000e+00	0.000000e+00	0.000000e+00	
347	2.055119e-03	0.000000e+00	0.000000e+00	0.000000e+00	
348	2.065119e-03	0.000000e+00	0.000000e+00	0.000000e+00	
349	2.075119e-03	0.000000e+00	0.000000e+00	0.000000e+00	
350	2.085119e-03	0.000000e+00	0.000000e+00	0.000000e+00	
351	2.095119e-03	0.000000e+00	0.000000e+00	0.000000e+00	
352	2.105119e-03	0.000000e+00	0.000000e+00	0.000000e+00	
353	2.115119e-03	0.000000e+00	0.000000e+00	0.000000e+00	
354	2.125119e-03	0.000000e+00	0.000000e+00	0.000000e+00	
355	2.135119e-03	0.000000e+00	0.000000e+00	0.000000e+00	
356	2.145119e-03	0.000000e+00	0.000000e+00	0.000000e+00	
357	2.155119e-03	0.000000e+00	0.000000e+00	0.000000e+00	
358	2.165119e-03	0.000000e+00	0.000000e+00	0.000000e+00	
359	2.175119e-03	0.000000e+00	0.000000e+00	0.000000e+00	
360	2.185119e-03	0.000000e+00	0.000000e+00	0.000000e+00	
361	2.195119e-03	0.000000e+00	0.000000e+00	0.000000e+00	
362	2.205119e-03	0.000000e+00	0.000000e+00	0.000000e+00	
363	2.215119e-03	0.000000e+00	0.000000e+00	0.000000e+00	
364	2.225119e-03	0.000000e+00	0.000000e+00	0.000000e+00	
365	2.235119e-03	0.000000e+00	0.000000e+00	0.000000e+00	
366	2.245119e-03	0.000000e+00	0.000000e+00	0.000000e+00	
367	2.255119e-03	0.000000e+00	0.000000e+00	0.000000e+00	
368	2.265119e-03	0.000000e+00	0.000000e+00	0.000000e+00	
369	2.275119e-03	0.000000e+00	0.000000e+00	0.000000e+00	
370	2.285119e-03	0.000000e+00	0.000000e+00	0.000000e+00	
371	2.295119e-03	0.000000e+00	0.000000e+00	0.000000e+00	
372	2.305119e-03	0.000000e+00	0.000000e+00	0.000000e+00	
373	2.315119e-03	0.000000e+00	0.000000e+00	0.000000e+00	
374	2.325119e-03	0.000000e+00	0.000000e+00	0.000000e+00	
375	2.335119e-03	0.000000e+00	0.000000e+00	0.000000e+00	
376	2.345119e-03	0.000000e+00	0.000000e+00	0.000000e+00	
377	2.355119e-03	0.000000e+00	0.000000e+00	0.000000e+00	
378	2.365119e-03	0.000000e+00	0.000000e+00	0.000000e+00	
379	2.375119e-03	0.000000e+00	0.000000e+00	0.000000e+00	
380	2.385119e-03	0.000000e+00	0.000000e+00	0.000000e+00	
381	2.395119e-03	0.000000e+00	0.000000e+00	0.000000e+00	
382	2.405119e-03	0.000000e+00	0.000000e+00	0.000000e+00	
383	2.415119e-03	0.000000e+00	0.000000e+00	0.000000e+00	
384	2.425119e-03	0.000000e+00	0.000000e+00	0.000000e+00	
385	2.435119e-03	0.000000e+00	0.000000e+00	0.000000e+00	
386	2.445119e-03	0.000000e+00	0.000000e+00	0.000000e+00	
387	2.455119e-03	0.000000e+00	0.000000e+00	0.000000e+00	
388	2.465119e-03	0.000000e+00	0.000000e+00	0.000000e+00	
389	2.475119e-03	0.000000e+00	0.000000e+00	0.000000e+00	
390	2.485119e-03	0.000000e+00	0.000000e+00	0.000000e+00	
391	2.495119e-03	0.000000e+00	0.000000e+00	0.000000e+00	
392	2.505119e-03	0.000000e+00	0.000000e+00	0.000000e+00	
393	2.515119e-03	0.000000e+00	0.000000e+00	0.000000e+00	
394	2.525119e-03	0.000000e+00	0.000000e+00	0.000000e+00	
395	2.535119e-03	0.000000e+00	0.000000e+00	0.000000e+00	
396	2.545119e-03	0.000000e+00	0.000000e+00	0.000000e+00	
397	2.555119e-03	0.000000e+00	0.000000e+00	0.000000e+00	
398	2.565119e-03	0.000000e+00	0.000000e+00	0.000000e+00	
399	2.575119e-03	0.000000e+00	0.000000e+00	0.000000e+00	
400	2.585119e-03	0.000000e+00	0.000000e+00	0.000000e+00	
401	2.595119e-03	0.000000e+00	0.000000e+00	0.000000e+00	
402	2.605119e-03	0.000000e+00	0.000000e+00	0.000000e+00	

Index   time            v8#branch       v9#branch       v10#branch      
--------------------------------------------------------------------------------
403	2.615119e-03	0.000000e+00	0.000000e+00	0.000000e+00	
404	2.625119e-03	0.000000e+00	0.000000e+00	0.000000e+00	
405	2.635119e-03	0.000000e+00	0.000000e+00	0.000000e+00	
406	2.645119e-03	0.000000e+00	0.000000e+00	0.000000e+00	
407	2.655119e-03	0.000000e+00	0.000000e+00	0.000000e+00	
408	2.665119e-03	0.000000e+00	0.000000e+00	0.000000e+00	
409	2.675119e-03	0.000000e+00	0.000000e+00	0.000000e+00	
410	2.685119e-03	0.000000e+00	0.000000e+00	0.000000e+00	
411	2.695119e-03	0.000000e+00	0.000000e+00	0.000000e+00	
412	2.705119e-03	0.000000e+00	0.000000e+00	0.000000e+00	
413	2.715119e-03	0.000000e+00	0.000000e+00	0.000000e+00	
414	2.725119e-03	0.000000e+00	0.000000e+00	0.000000e+00	
415	2.735119e-03	0.000000e+00	0.000000e+00	0.000000e+00	
416	2.745119e-03	0.000000e+00	0.000000e+00	0.000000e+00	
417	2.755119e-03	0.000000e+00	0.000000e+00	0.000000e+00	
418	2.765119e-03	0.000000e+00	0.000000e+00	0.000000e+00	
419	2.775119e-03	0.000000e+00	0.000000e+00	0.000000e+00	
420	2.785119e-03	0.000000e+00	0.000000e+00	0.000000e+00	
421	2.795119e-03	0.000000e+00	0.000000e+00	0.000000e+00	
422	2.805119e-03	0.000000e+00	0.000000e+00	0.000000e+00	
423	2.815119e-03	0.000000e+00	0.000000e+00	0.000000e+00	
424	2.825119e-03	0.000000e+00	0.000000e+00	0.000000e+00	
425	2.835119e-03	0.000000e+00	0.000000e+00	0.000000e+00	
426	2.845119e-03	0.000000e+00	0.000000e+00	0.000000e+00	
427	2.855119e-03	0.000000e+00	0.000000e+00	0.000000e+00	
428	2.865119e-03	0.000000e+00	0.000000e+00	0.000000e+00	
429	2.875119e-03	0.000000e+00	0.000000e+00	0.000000e+00	
430	2.885119e-03	0.000000e+00	0.000000e+00	0.000000e+00	
431	2.895119e-03	0.000000e+00	0.000000e+00	0.000000e+00	
432	2.905119e-03	0.000000e+00	0.000000e+00	0.000000e+00	
433	2.915119e-03	0.000000e+00	0.000000e+00	0.000000e+00	
434	2.925119e-03	0.000000e+00	0.000000e+00	0.000000e+00	
435	2.935119e-03	0.000000e+00	0.000000e+00	0.000000e+00	
436	2.945119e-03	0.000000e+00	0.000000e+00	0.000000e+00	
437	2.955119e-03	0.000000e+00	0.000000e+00	0.000000e+00	
438	2.965119e-03	0.000000e+00	0.000000e+00	0.000000e+00	
439	2.975119e-03	0.000000e+00	0.000000e+00	0.000000e+00	
440	2.985119e-03	0.000000e+00	0.000000e+00	0.000000e+00	
441	2.995119e-03	0.000000e+00	0.000000e+00	0.000000e+00	
442	3.000010e-03	0.000000e+00	0.000000e+00	0.000000e+00	
443	3.000011e-03	0.000000e+00	0.000000e+00	0.000000e+00	
444	3.000013e-03	0.000000e+00	0.000000e+00	0.000000e+00	
445	3.000017e-03	0.000000e+00	0.000000e+00	0.000000e+00	
446	3.000019e-03	0.000000e+00	0.000000e+00	0.000000e+00	
447	3.000019e-03	0.000000e+00	0.000000e+00	0.000000e+00	
448	3.000019e-03	0.000000e+00	0.000000e+00	0.000000e+00	
449	3.000020e-03	0.000000e+00	0.000000e+00	0.000000e+00	
450	3.000020e-03	0.000000e+00	0.000000e+00	0.000000e+00	
451	3.000020e-03	0.000000e+00	0.000000e+00	0.000000e+00	
452	3.000020e-03	0.000000e+00	0.000000e+00	0.000000e+00	
453	3.000020e-03	0.000000e+00	0.000000e+00	0.000000e+00	
454	3.000020e-03	0.000000e+00	0.000000e+00	0.000000e+00	
455	3.000020e-03	0.000000e+00	0.000000e+00	0.000000e+00	
456	3.000020e-03	0.000000e+00	0.000000e+00	0.000000e+00	
457	3.000020e-03	0.000000e+00	0.000000e+00	0.000000e+00	
458	3.000020e-03	0.000000e+00	0.000000e+00	0.000000e+00	
459	3.000020e-03	0.000000e+00	0.000000e+00	0.000000e+00	
460	3.000021e-03	0.000000e+00	0.000000e+00	0.000000e+00	

Index   time            v8#branch       v9#branch       v10#branch      
--------------------------------------------------------------------------------
461	3.000021e-03	0.000000e+00	0.000000e+00	0.000000e+00	
462	3.000022e-03	0.000000e+00	0.000000e+00	0.000000e+00	
463	3.000023e-03	0.000000e+00	0.000000e+00	0.000000e+00	
464	3.000023e-03	0.000000e+00	0.000000e+00	0.000000e+00	
465	3.000023e-03	0.000000e+00	0.000000e+00	0.000000e+00	
466	3.000023e-03	0.000000e+00	0.000000e+00	0.000000e+00	
467	3.000023e-03	0.000000e+00	0.000000e+00	0.000000e+00	
468	3.000023e-03	0.000000e+00	0.000000e+00	0.000000e+00	
469	3.000023e-03	0.000000e+00	0.000000e+00	0.000000e+00	
470	3.000023e-03	0.000000e+00	0.000000e+00	0.000000e+00	
471	3.000023e-03	0.000000e+00	0.000000e+00	0.000000e+00	
472	3.000023e-03	0.000000e+00	0.000000e+00	0.000000e+00	
473	3.000024e-03	0.000000e+00	0.000000e+00	0.000000e+00	
474	3.000024e-03	0.000000e+00	0.000000e+00	0.000000e+00	
475	3.000025e-03	0.000000e+00	0.000000e+00	0.000000e+00	
476	3.000027e-03	0.000000e+00	0.000000e+00	0.000000e+00	
477	3.000031e-03	0.000000e+00	0.000000e+00	0.000000e+00	
478	3.000039e-03	0.000000e+00	0.000000e+00	0.000000e+00	
479	3.000056e-03	0.000000e+00	0.000000e+00	0.000000e+00	
480	3.000089e-03	0.000000e+00	0.000000e+00	0.000000e+00	
481	3.000154e-03	0.000000e+00	0.000000e+00	0.000000e+00	
482	3.000285e-03	0.000000e+00	0.000000e+00	0.000000e+00	
483	3.000547e-03	0.000000e+00	0.000000e+00	0.000000e+00	
484	3.001072e-03	0.000000e+00	0.000000e+00	0.000000e+00	
485	3.002120e-03	0.000000e+00	0.000000e+00	0.000000e+00	
486	3.004217e-03	0.000000e+00	0.000000e+00	0.000000e+00	
487	3.008412e-03	0.000000e+00	0.000000e+00	0.000000e+00	
488	3.016800e-03	0.000000e+00	0.000000e+00	0.000000e+00	
489	3.026800e-03	0.000000e+00	0.000000e+00	0.000000e+00	
490	3.036800e-03	0.000000e+00	0.000000e+00	0.000000e+00	
491	3.046800e-03	0.000000e+00	0.000000e+00	0.000000e+00	
492	3.056800e-03	0.000000e+00	0.000000e+00	0.000000e+00	
493	3.066800e-03	0.000000e+00	0.000000e+00	0.000000e+00	
494	3.076800e-03	0.000000e+00	0.000000e+00	0.000000e+00	
495	3.086800e-03	0.000000e+00	0.000000e+00	0.000000e+00	
496	3.096800e-03	0.000000e+00	0.000000e+00	0.000000e+00	
497	3.106800e-03	0.000000e+00	0.000000e+00	0.000000e+00	
498	3.116800e-03	0.000000e+00	0.000000e+00	0.000000e+00	
499	3.126800e-03	0.000000e+00	0.000000e+00	0.000000e+00	
500	3.136800e-03	0.000000e+00	0.000000e+00	0.000000e+00	
501	3.146800e-03	0.000000e+00	0.000000e+00	0.000000e+00	
502	3.156800e-03	0.000000e+00	0.000000e+00	0.000000e+00	
503	3.166800e-03	0.000000e+00	0.000000e+00	0.000000e+00	
504	3.176800e-03	0.000000e+00	0.000000e+00	0.000000e+00	
505	3.186800e-03	0.000000e+00	0.000000e+00	0.000000e+00	
506	3.196800e-03	0.000000e+00	0.000000e+00	0.000000e+00	
507	3.206800e-03	0.000000e+00	0.000000e+00	0.000000e+00	
508	3.216800e-03	0.000000e+00	0.000000e+00	0.000000e+00	
509	3.226800e-03	0.000000e+00	0.000000e+00	0.000000e+00	
510	3.236800e-03	0.000000e+00	0.000000e+00	0.000000e+00	
511	3.246800e-03	0.000000e+00	0.000000e+00	0.000000e+00	
512	3.256800e-03	0.000000e+00	0.000000e+00	0.000000e+00	
513	3.266800e-03	0.000000e+00	0.000000e+00	0.000000e+00	
514	3.276800e-03	0.000000e+00	0.000000e+00	0.000000e+00	
515	3.286800e-03	0.000000e+00	0.000000e+00	0.000000e+00	
516	3.296800e-03	0.000000e+00	0.000000e+00	0.000000e+00	
517	3.306800e-03	0.000000e+00	0.000000e+00	0.000000e+00	
518	3.316800e-03	0.000000e+00	0.000000e+00	0.000000e+00	

Index   time            v8#branch       v9#branch       v10#branch      
--------------------------------------------------------------------------------
519	3.326800e-03	0.000000e+00	0.000000e+00	0.000000e+00	
520	3.336800e-03	0.000000e+00	0.000000e+00	0.000000e+00	
521	3.346800e-03	0.000000e+00	0.000000e+00	0.000000e+00	
522	3.356800e-03	0.000000e+00	0.000000e+00	0.000000e+00	
523	3.366800e-03	0.000000e+00	0.000000e+00	0.000000e+00	
524	3.376800e-03	0.000000e+00	0.000000e+00	0.000000e+00	
525	3.386800e-03	0.000000e+00	0.000000e+00	0.000000e+00	
526	3.396800e-03	0.000000e+00	0.000000e+00	0.000000e+00	
527	3.406800e-03	0.000000e+00	0.000000e+00	0.000000e+00	
528	3.416800e-03	0.000000e+00	0.000000e+00	0.000000e+00	
529	3.426800e-03	0.000000e+00	0.000000e+00	0.000000e+00	
530	3.436800e-03	0.000000e+00	0.000000e+00	0.000000e+00	
531	3.446800e-03	0.000000e+00	0.000000e+00	0.000000e+00	
532	3.456800e-03	0.000000e+00	0.000000e+00	0.000000e+00	
533	3.466800e-03	0.000000e+00	0.000000e+00	0.000000e+00	
534	3.476800e-03	0.000000e+00	0.000000e+00	0.000000e+00	
535	3.486800e-03	0.000000e+00	0.000000e+00	0.000000e+00	
536	3.496800e-03	0.000000e+00	0.000000e+00	0.000000e+00	
537	3.506800e-03	0.000000e+00	0.000000e+00	0.000000e+00	
538	3.516800e-03	0.000000e+00	0.000000e+00	0.000000e+00	
539	3.526800e-03	0.000000e+00	0.000000e+00	0.000000e+00	
540	3.536800e-03	0.000000e+00	0.000000e+00	0.000000e+00	
541	3.546800e-03	0.000000e+00	0.000000e+00	0.000000e+00	
542	3.556800e-03	0.000000e+00	0.000000e+00	0.000000e+00	
543	3.566800e-03	0.000000e+00	0.000000e+00	0.000000e+00	
544	3.576800e-03	0.000000e+00	0.000000e+00	0.000000e+00	
545	3.586800e-03	0.000000e+00	0.000000e+00	0.000000e+00	
546	3.596800e-03	0.000000e+00	0.000000e+00	0.000000e+00	
547	3.606800e-03	0.000000e+00	0.000000e+00	0.000000e+00	
548	3.616800e-03	0.000000e+00	0.000000e+00	0.000000e+00	
549	3.626800e-03	0.000000e+00	0.000000e+00	0.000000e+00	
550	3.636800e-03	0.000000e+00	0.000000e+00	0.000000e+00	
551	3.646800e-03	0.000000e+00	0.000000e+00	0.000000e+00	
552	3.656800e-03	0.000000e+00	0.000000e+00	0.000000e+00	
553	3.666800e-03	0.000000e+00	0.000000e+00	0.000000e+00	
554	3.676800e-03	0.000000e+00	0.000000e+00	0.000000e+00	
555	3.686800e-03	0.000000e+00	0.000000e+00	0.000000e+00	
556	3.696800e-03	0.000000e+00	0.000000e+00	0.000000e+00	
557	3.706800e-03	0.000000e+00	0.000000e+00	0.000000e+00	
558	3.716800e-03	0.000000e+00	0.000000e+00	0.000000e+00	
559	3.726800e-03	0.000000e+00	0.000000e+00	0.000000e+00	
560	3.736800e-03	0.000000e+00	0.000000e+00	0.000000e+00	
561	3.746800e-03	0.000000e+00	0.000000e+00	0.000000e+00	
562	3.756800e-03	0.000000e+00	0.000000e+00	0.000000e+00	
563	3.766800e-03	0.000000e+00	0.000000e+00	0.000000e+00	
564	3.776800e-03	0.000000e+00	0.000000e+00	0.000000e+00	
565	3.786800e-03	0.000000e+00	0.000000e+00	0.000000e+00	
566	3.796800e-03	0.000000e+00	0.000000e+00	0.000000e+00	
567	3.806800e-03	0.000000e+00	0.000000e+00	0.000000e+00	
568	3.816800e-03	0.000000e+00	0.000000e+00	0.000000e+00	
569	3.826800e-03	0.000000e+00	0.000000e+00	0.000000e+00	
570	3.836800e-03	0.000000e+00	0.000000e+00	0.000000e+00	
571	3.846800e-03	0.000000e+00	0.000000e+00	0.000000e+00	
572	3.856800e-03	0.000000e+00	0.000000e+00	0.000000e+00	
573	3.866800e-03	0.000000e+00	0.000000e+00	0.000000e+00	
574	3.876800e-03	0.000000e+00	0.000000e+00	0.000000e+00	
575	3.886800e-03	0.000000e+00	0.000000e+00	0.000000e+00	
576	3.896800e-03	0.000000e+00	0.000000e+00	0.000000e+00	

Index   time            v8#branch       v9#branch       v10#branch      
--------------------------------------------------------------------------------
577	3.906800e-03	0.000000e+00	0.000000e+00	0.000000e+00	
578	3.916800e-03	0.000000e+00	0.000000e+00	0.000000e+00	
579	3.926800e-03	0.000000e+00	0.000000e+00	0.000000e+00	
580	3.936800e-03	0.000000e+00	0.000000e+00	0.000000e+00	
581	3.946800e-03	0.000000e+00	0.000000e+00	0.000000e+00	
582	3.956800e-03	0.000000e+00	0.000000e+00	0.000000e+00	
583	3.966800e-03	0.000000e+00	0.000000e+00	0.000000e+00	
584	3.976800e-03	0.000000e+00	0.000000e+00	0.000000e+00	
585	3.986800e-03	0.000000e+00	0.000000e+00	0.000000e+00	
586	3.996800e-03	0.000000e+00	0.000000e+00	0.000000e+00	
587	4.000000e-03	0.000000e+00	0.000000e+00	0.000000e+00	
588	4.000001e-03	0.000000e+00	0.000000e+00	0.000000e+00	
589	4.000003e-03	0.000000e+00	0.000000e+00	0.000000e+00	
590	4.000007e-03	0.000000e+00	0.000000e+00	0.000000e+00	
591	4.000010e-03	0.000000e+00	0.000000e+00	0.000000e+00	
592	4.000011e-03	0.000000e+00	0.000000e+00	0.000000e+00	
593	4.000012e-03	0.000000e+00	0.000000e+00	0.000000e+00	
594	4.000013e-03	0.000000e+00	0.000000e+00	0.000000e+00	
595	4.000013e-03	0.000000e+00	0.000000e+00	0.000000e+00	
596	4.000013e-03	0.000000e+00	0.000000e+00	0.000000e+00	
597	4.000013e-03	0.000000e+00	0.000000e+00	0.000000e+00	
598	4.000013e-03	0.000000e+00	0.000000e+00	0.000000e+00	
599	4.000013e-03	0.000000e+00	0.000000e+00	0.000000e+00	
600	4.000013e-03	0.000000e+00	0.000000e+00	0.000000e+00	
601	4.000013e-03	0.000000e+00	0.000000e+00	0.000000e+00	
602	4.000013e-03	0.000000e+00	0.000000e+00	0.000000e+00	
603	4.000013e-03	0.000000e+00	0.000000e+00	0.000000e+00	
604	4.000014e-03	0.000000e+00	0.000000e+00	0.000000e+00	
605	4.000014e-03	0.000000e+00	0.000000e+00	0.000000e+00	
606	4.000015e-03	0.000000e+00	0.000000e+00	0.000000e+00	
607	4.000016e-03	0.000000e+00	0.000000e+00	0.000000e+00	
608	4.000016e-03	0.000000e+00	0.000000e+00	0.000000e+00	
609	4.000016e-03	0.000000e+00	0.000000e+00	0.000000e+00	
610	4.000017e-03	0.000000e+00	0.000000e+00	0.000000e+00	
611	4.000017e-03	0.000000e+00	0.000000e+00	0.000000e+00	
612	4.000017e-03	0.000000e+00	0.000000e+00	0.000000e+00	
613	4.000017e-03	0.000000e+00	0.000000e+00	0.000000e+00	
614	4.000017e-03	0.000000e+00	0.000000e+00	0.000000e+00	
615	4.000018e-03	0.000000e+00	0.000000e+00	0.000000e+00	
616	4.000019e-03	0.000000e+00	0.000000e+00	0.000000e+00	
617	4.000020e-03	0.000000e+00	0.000000e+00	0.000000e+00	
618	4.000020e-03	0.000000e+00	0.000000e+00	0.000000e+00	
619	4.000021e-03	0.000000e+00	0.000000e+00	0.000000e+00	
620	4.000022e-03	0.000000e+00	0.000000e+00	0.000000e+00	
621	4.000023e-03	0.000000e+00	0.000000e+00	0.000000e+00	
622	4.000027e-03	0.000000e+00	0.000000e+00	0.000000e+00	
623	4.000035e-03	0.000000e+00	0.000000e+00	0.000000e+00	
624	4.000049e-03	0.000000e+00	0.000000e+00	0.000000e+00	
625	4.000079e-03	0.000000e+00	0.000000e+00	0.000000e+00	
626	4.000138e-03	0.000000e+00	0.000000e+00	0.000000e+00	
627	4.000256e-03	0.000000e+00	0.000000e+00	0.000000e+00	
628	4.000492e-03	0.000000e+00	0.000000e+00	0.000000e+00	
629	4.000963e-03	0.000000e+00	0.000000e+00	0.000000e+00	
630	4.001907e-03	0.000000e+00	0.000000e+00	0.000000e+00	
631	4.003795e-03	0.000000e+00	0.000000e+00	0.000000e+00	
632	4.007570e-03	0.000000e+00	0.000000e+00	0.000000e+00	
633	4.015119e-03	0.000000e+00	0.000000e+00	0.000000e+00	
634	4.025119e-03	0.000000e+00	0.000000e+00	0.000000e+00	

Index   time            v8#branch       v9#branch       v10#branch      
--------------------------------------------------------------------------------
635	4.035119e-03	0.000000e+00	0.000000e+00	0.000000e+00	
636	4.045119e-03	0.000000e+00	0.000000e+00	0.000000e+00	
637	4.055119e-03	0.000000e+00	0.000000e+00	0.000000e+00	
638	4.065119e-03	0.000000e+00	0.000000e+00	0.000000e+00	
639	4.075119e-03	0.000000e+00	0.000000e+00	0.000000e+00	
640	4.085119e-03	0.000000e+00	0.000000e+00	0.000000e+00	
641	4.095119e-03	0.000000e+00	0.000000e+00	0.000000e+00	
642	4.105119e-03	0.000000e+00	0.000000e+00	0.000000e+00	
643	4.115119e-03	0.000000e+00	0.000000e+00	0.000000e+00	
644	4.125119e-03	0.000000e+00	0.000000e+00	0.000000e+00	
645	4.135119e-03	0.000000e+00	0.000000e+00	0.000000e+00	
646	4.145119e-03	0.000000e+00	0.000000e+00	0.000000e+00	
647	4.155119e-03	0.000000e+00	0.000000e+00	0.000000e+00	
648	4.165119e-03	0.000000e+00	0.000000e+00	0.000000e+00	
649	4.175119e-03	0.000000e+00	0.000000e+00	0.000000e+00	
650	4.185119e-03	0.000000e+00	0.000000e+00	0.000000e+00	
651	4.195119e-03	0.000000e+00	0.000000e+00	0.000000e+00	
652	4.205119e-03	0.000000e+00	0.000000e+00	0.000000e+00	
653	4.215119e-03	0.000000e+00	0.000000e+00	0.000000e+00	
654	4.225119e-03	0.000000e+00	0.000000e+00	0.000000e+00	
655	4.235119e-03	0.000000e+00	0.000000e+00	0.000000e+00	
656	4.245119e-03	0.000000e+00	0.000000e+00	0.000000e+00	
657	4.255119e-03	0.000000e+00	0.000000e+00	0.000000e+00	
658	4.265119e-03	0.000000e+00	0.000000e+00	0.000000e+00	
659	4.275119e-03	0.000000e+00	0.000000e+00	0.000000e+00	
660	4.285119e-03	0.000000e+00	0.000000e+00	0.000000e+00	
661	4.295119e-03	0.000000e+00	0.000000e+00	0.000000e+00	
662	4.305119e-03	0.000000e+00	0.000000e+00	0.000000e+00	
663	4.315119e-03	0.000000e+00	0.000000e+00	0.000000e+00	
664	4.325119e-03	0.000000e+00	0.000000e+00	0.000000e+00	
665	4.335119e-03	0.000000e+00	0.000000e+00	0.000000e+00	
666	4.345119e-03	0.000000e+00	0.000000e+00	0.000000e+00	
667	4.355119e-03	0.000000e+00	0.000000e+00	0.000000e+00	
668	4.365119e-03	0.000000e+00	0.000000e+00	0.000000e+00	
669	4.375119e-03	0.000000e+00	0.000000e+00	0.000000e+00	
670	4.385119e-03	0.000000e+00	0.000000e+00	0.000000e+00	
671	4.395119e-03	0.000000e+00	0.000000e+00	0.000000e+00	
672	4.405119e-03	0.000000e+00	0.000000e+00	0.000000e+00	
673	4.415119e-03	0.000000e+00	0.000000e+00	0.000000e+00	
674	4.425119e-03	0.000000e+00	0.000000e+00	0.000000e+00	
675	4.435119e-03	0.000000e+00	0.000000e+00	0.000000e+00	
676	4.445119e-03	0.000000e+00	0.000000e+00	0.000000e+00	
677	4.455119e-03	0.000000e+00	0.000000e+00	0.000000e+00	
678	4.465119e-03	0.000000e+00	0.000000e+00	0.000000e+00	
679	4.475119e-03	0.000000e+00	0.000000e+00	0.000000e+00	
680	4.485119e-03	0.000000e+00	0.000000e+00	0.000000e+00	
681	4.495119e-03	0.000000e+00	0.000000e+00	0.000000e+00	
682	4.505119e-03	0.000000e+00	0.000000e+00	0.000000e+00	
683	4.515119e-03	0.000000e+00	0.000000e+00	0.000000e+00	
684	4.525119e-03	0.000000e+00	0.000000e+00	0.000000e+00	
685	4.535119e-03	0.000000e+00	0.000000e+00	0.000000e+00	
686	4.545119e-03	0.000000e+00	0.000000e+00	0.000000e+00	
687	4.555119e-03	0.000000e+00	0.000000e+00	0.000000e+00	
688	4.565119e-03	0.000000e+00	0.000000e+00	0.000000e+00	
689	4.575119e-03	0.000000e+00	0.000000e+00	0.000000e+00	
690	4.585119e-03	0.000000e+00	0.000000e+00	0.000000e+00	
691	4.595119e-03	0.000000e+00	0.000000e+00	0.000000e+00	
692	4.605119e-03	0.000000e+00	0.000000e+00	0.000000e+00	

Index   time            v8#branch       v9#branch       v10#branch      
--------------------------------------------------------------------------------
693	4.615119e-03	0.000000e+00	0.000000e+00	0.000000e+00	
694	4.625119e-03	0.000000e+00	0.000000e+00	0.000000e+00	
695	4.635119e-03	0.000000e+00	0.000000e+00	0.000000e+00	
696	4.645119e-03	0.000000e+00	0.000000e+00	0.000000e+00	
697	4.655119e-03	0.000000e+00	0.000000e+00	0.000000e+00	
698	4.665119e-03	0.000000e+00	0.000000e+00	0.000000e+00	
699	4.675119e-03	0.000000e+00	0.000000e+00	0.000000e+00	
700	4.685119e-03	0.000000e+00	0.000000e+00	0.000000e+00	
701	4.695119e-03	0.000000e+00	0.000000e+00	0.000000e+00	
702	4.705119e-03	0.000000e+00	0.000000e+00	0.000000e+00	
703	4.715119e-03	0.000000e+00	0.000000e+00	0.000000e+00	
704	4.725119e-03	0.000000e+00	0.000000e+00	0.000000e+00	
705	4.735119e-03	0.000000e+00	0.000000e+00	0.000000e+00	
706	4.745119e-03	0.000000e+00	0.000000e+00	0.000000e+00	
707	4.755119e-03	0.000000e+00	0.000000e+00	0.000000e+00	
708	4.765119e-03	0.000000e+00	0.000000e+00	0.000000e+00	
709	4.775119e-03	0.000000e+00	0.000000e+00	0.000000e+00	
710	4.785119e-03	0.000000e+00	0.000000e+00	0.000000e+00	
711	4.795119e-03	0.000000e+00	0.000000e+00	0.000000e+00	
712	4.805119e-03	0.000000e+00	0.000000e+00	0.000000e+00	
713	4.815119e-03	0.000000e+00	0.000000e+00	0.000000e+00	
714	4.825119e-03	0.000000e+00	0.000000e+00	0.000000e+00	
715	4.835119e-03	0.000000e+00	0.000000e+00	0.000000e+00	
716	4.845119e-03	0.000000e+00	0.000000e+00	0.000000e+00	
717	4.855119e-03	0.000000e+00	0.000000e+00	0.000000e+00	
718	4.865119e-03	0.000000e+00	0.000000e+00	0.000000e+00	
719	4.875119e-03	0.000000e+00	0.000000e+00	0.000000e+00	
720	4.885119e-03	0.000000e+00	0.000000e+00	0.000000e+00	
721	4.895119e-03	0.000000e+00	0.000000e+00	0.000000e+00	
722	4.905119e-03	0.000000e+00	0.000000e+00	0.000000e+00	
723	4.915119e-03	0.000000e+00	0.000000e+00	0.000000e+00	
724	4.925119e-03	0.000000e+00	0.000000e+00	0.000000e+00	
725	4.935119e-03	0.000000e+00	0.000000e+00	0.000000e+00	
726	4.945119e-03	0.000000e+00	0.000000e+00	0.000000e+00	
727	4.955119e-03	0.000000e+00	0.000000e+00	0.000000e+00	
728	4.965119e-03	0.000000e+00	0.000000e+00	0.000000e+00	
729	4.975119e-03	0.000000e+00	0.000000e+00	0.000000e+00	
730	4.985119e-03	0.000000e+00	0.000000e+00	0.000000e+00	
731	4.995119e-03	0.000000e+00	0.000000e+00	0.000000e+00	
732	5.000010e-03	0.000000e+00	0.000000e+00	0.000000e+00	
733	5.000011e-03	0.000000e+00	0.000000e+00	0.000000e+00	
734	5.000013e-03	0.000000e+00	0.000000e+00	0.000000e+00	
735	5.000017e-03	0.000000e+00	0.000000e+00	0.000000e+00	
736	5.000019e-03	0.000000e+00	0.000000e+00	0.000000e+00	
737	5.000019e-03	0.000000e+00	0.000000e+00	0.000000e+00	
738	5.000019e-03	0.000000e+00	0.000000e+00	0.000000e+00	
739	5.000020e-03	0.000000e+00	0.000000e+00	0.000000e+00	
740	5.000020e-03	0.000000e+00	0.000000e+00	0.000000e+00	
741	5.000020e-03	0.000000e+00	0.000000e+00	0.000000e+00	
742	5.000020e-03	0.000000e+00	0.000000e+00	0.000000e+00	
743	5.000020e-03	0.000000e+00	0.000000e+00	0.000000e+00	
744	5.000020e-03	0.000000e+00	0.000000e+00	0.000000e+00	
745	5.000020e-03	0.000000e+00	0.000000e+00	0.000000e+00	
746	5.000020e-03	0.000000e+00	0.000000e+00	0.000000e+00	
747	5.000020e-03	0.000000e+00	0.000000e+00	0.000000e+00	
748	5.000020e-03	0.000000e+00	0.000000e+00	0.000000e+00	
749	5.000020e-03	0.000000e+00	0.000000e+00	0.000000e+00	
750	5.000021e-03	0.000000e+00	0.000000e+00	0.000000e+00	

Index   time            v8#branch       v9#branch       v10#branch      
--------------------------------------------------------------------------------
751	5.000021e-03	0.000000e+00	0.000000e+00	0.000000e+00	
752	5.000022e-03	0.000000e+00	0.000000e+00	0.000000e+00	
753	5.000023e-03	0.000000e+00	0.000000e+00	0.000000e+00	
754	5.000023e-03	0.000000e+00	0.000000e+00	0.000000e+00	
755	5.000023e-03	0.000000e+00	0.000000e+00	0.000000e+00	
756	5.000023e-03	0.000000e+00	0.000000e+00	0.000000e+00	
757	5.000023e-03	0.000000e+00	0.000000e+00	0.000000e+00	
758	5.000023e-03	0.000000e+00	0.000000e+00	0.000000e+00	
759	5.000023e-03	0.000000e+00	0.000000e+00	0.000000e+00	
760	5.000023e-03	0.000000e+00	0.000000e+00	0.000000e+00	
761	5.000023e-03	0.000000e+00	0.000000e+00	0.000000e+00	
762	5.000023e-03	0.000000e+00	0.000000e+00	0.000000e+00	
763	5.000024e-03	0.000000e+00	0.000000e+00	0.000000e+00	
764	5.000024e-03	0.000000e+00	0.000000e+00	0.000000e+00	
765	5.000025e-03	0.000000e+00	0.000000e+00	0.000000e+00	
766	5.000027e-03	0.000000e+00	0.000000e+00	0.000000e+00	
767	5.000031e-03	0.000000e+00	0.000000e+00	0.000000e+00	
768	5.000039e-03	0.000000e+00	0.000000e+00	0.000000e+00	
769	5.000056e-03	0.000000e+00	0.000000e+00	0.000000e+00	
770	5.000089e-03	0.000000e+00	0.000000e+00	0.000000e+00	
771	5.000154e-03	0.000000e+00	0.000000e+00	0.000000e+00	
772	5.000285e-03	0.000000e+00	0.000000e+00	0.000000e+00	
773	5.000547e-03	0.000000e+00	0.000000e+00	0.000000e+00	
774	5.001072e-03	0.000000e+00	0.000000e+00	0.000000e+00	
775	5.002120e-03	0.000000e+00	0.000000e+00	0.000000e+00	
776	5.004217e-03	0.000000e+00	0.000000e+00	0.000000e+00	
777	5.008412e-03	0.000000e+00	0.000000e+00	0.000000e+00	
778	5.016800e-03	0.000000e+00	0.000000e+00	0.000000e+00	
779	5.026800e-03	0.000000e+00	0.000000e+00	0.000000e+00	
780	5.036800e-03	0.000000e+00	0.000000e+00	0.000000e+00	
781	5.046800e-03	0.000000e+00	0.000000e+00	0.000000e+00	
782	5.056800e-03	0.000000e+00	0.000000e+00	0.000000e+00	
783	5.066800e-03	0.000000e+00	0.000000e+00	0.000000e+00	
784	5.076800e-03	0.000000e+00	0.000000e+00	0.000000e+00	
785	5.086800e-03	0.000000e+00	0.000000e+00	0.000000e+00	
786	5.096800e-03	0.000000e+00	0.000000e+00	0.000000e+00	
787	5.106800e-03	0.000000e+00	0.000000e+00	0.000000e+00	
788	5.116800e-03	0.000000e+00	0.000000e+00	0.000000e+00	
789	5.126800e-03	0.000000e+00	0.000000e+00	0.000000e+00	
790	5.136800e-03	0.000000e+00	0.000000e+00	0.000000e+00	
791	5.146800e-03	0.000000e+00	0.000000e+00	0.000000e+00	
792	5.156800e-03	0.000000e+00	0.000000e+00	0.000000e+00	
793	5.166800e-03	0.000000e+00	0.000000e+00	0.000000e+00	
794	5.176800e-03	0.000000e+00	0.000000e+00	0.000000e+00	
795	5.186800e-03	0.000000e+00	0.000000e+00	0.000000e+00	
796	5.196800e-03	0.000000e+00	0.000000e+00	0.000000e+00	
797	5.206800e-03	0.000000e+00	0.000000e+00	0.000000e+00	
798	5.216800e-03	0.000000e+00	0.000000e+00	0.000000e+00	
799	5.226800e-03	0.000000e+00	0.000000e+00	0.000000e+00	
800	5.236800e-03	0.000000e+00	0.000000e+00	0.000000e+00	
801	5.246800e-03	0.000000e+00	0.000000e+00	0.000000e+00	
802	5.256800e-03	0.000000e+00	0.000000e+00	0.000000e+00	
803	5.266800e-03	0.000000e+00	0.000000e+00	0.000000e+00	
804	5.276800e-03	0.000000e+00	0.000000e+00	0.000000e+00	
805	5.286800e-03	0.000000e+00	0.000000e+00	0.000000e+00	
806	5.296800e-03	0.000000e+00	0.000000e+00	0.000000e+00	
807	5.306800e-03	0.000000e+00	0.000000e+00	0.000000e+00	
808	5.316800e-03	0.000000e+00	0.000000e+00	0.000000e+00	

Index   time            v8#branch       v9#branch       v10#branch      
--------------------------------------------------------------------------------
809	5.326800e-03	0.000000e+00	0.000000e+00	0.000000e+00	
810	5.336800e-03	0.000000e+00	0.000000e+00	0.000000e+00	
811	5.346800e-03	0.000000e+00	0.000000e+00	0.000000e+00	
812	5.356800e-03	0.000000e+00	0.000000e+00	0.000000e+00	
813	5.366800e-03	0.000000e+00	0.000000e+00	0.000000e+00	
814	5.376800e-03	0.000000e+00	0.000000e+00	0.000000e+00	
815	5.386800e-03	0.000000e+00	0.000000e+00	0.000000e+00	
816	5.396800e-03	0.000000e+00	0.000000e+00	0.000000e+00	
817	5.406800e-03	0.000000e+00	0.000000e+00	0.000000e+00	
818	5.416800e-03	0.000000e+00	0.000000e+00	0.000000e+00	
819	5.426800e-03	0.000000e+00	0.000000e+00	0.000000e+00	
820	5.436800e-03	0.000000e+00	0.000000e+00	0.000000e+00	
821	5.446800e-03	0.000000e+00	0.000000e+00	0.000000e+00	
822	5.456800e-03	0.000000e+00	0.000000e+00	0.000000e+00	
823	5.466800e-03	0.000000e+00	0.000000e+00	0.000000e+00	
824	5.476800e-03	0.000000e+00	0.000000e+00	0.000000e+00	
825	5.486800e-03	0.000000e+00	0.000000e+00	0.000000e+00	
826	5.496800e-03	0.000000e+00	0.000000e+00	0.000000e+00	
827	5.506800e-03	0.000000e+00	0.000000e+00	0.000000e+00	
828	5.516800e-03	0.000000e+00	0.000000e+00	0.000000e+00	
829	5.526800e-03	0.000000e+00	0.000000e+00	0.000000e+00	
830	5.536800e-03	0.000000e+00	0.000000e+00	0.000000e+00	
831	5.546800e-03	0.000000e+00	0.000000e+00	0.000000e+00	
832	5.556800e-03	0.000000e+00	0.000000e+00	0.000000e+00	
833	5.566800e-03	0.000000e+00	0.000000e+00	0.000000e+00	
834	5.576800e-03	0.000000e+00	0.000000e+00	0.000000e+00	
835	5.586800e-03	0.000000e+00	0.000000e+00	0.000000e+00	
836	5.596800e-03	0.000000e+00	0.000000e+00	0.000000e+00	
837	5.606800e-03	0.000000e+00	0.000000e+00	0.000000e+00	
838	5.616800e-03	0.000000e+00	0.000000e+00	0.000000e+00	
839	5.626800e-03	0.000000e+00	0.000000e+00	0.000000e+00	
840	5.636800e-03	0.000000e+00	0.000000e+00	0.000000e+00	
841	5.646800e-03	0.000000e+00	0.000000e+00	0.000000e+00	
842	5.656800e-03	0.000000e+00	0.000000e+00	0.000000e+00	
843	5.666800e-03	0.000000e+00	0.000000e+00	0.000000e+00	
844	5.676800e-03	0.000000e+00	0.000000e+00	0.000000e+00	
845	5.686800e-03	0.000000e+00	0.000000e+00	0.000000e+00	
846	5.696800e-03	0.000000e+00	0.000000e+00	0.000000e+00	
847	5.706800e-03	0.000000e+00	0.000000e+00	0.000000e+00	
848	5.716800e-03	0.000000e+00	0.000000e+00	0.000000e+00	
849	5.726800e-03	0.000000e+00	0.000000e+00	0.000000e+00	
850	5.736800e-03	0.000000e+00	0.000000e+00	0.000000e+00	
851	5.746800e-03	0.000000e+00	0.000000e+00	0.000000e+00	
852	5.756800e-03	0.000000e+00	0.000000e+00	0.000000e+00	
853	5.766800e-03	0.000000e+00	0.000000e+00	0.000000e+00	
854	5.776800e-03	0.000000e+00	0.000000e+00	0.000000e+00	
855	5.786800e-03	0.000000e+00	0.000000e+00	0.000000e+00	
856	5.796800e-03	0.000000e+00	0.000000e+00	0.000000e+00	
857	5.806800e-03	0.000000e+00	0.000000e+00	0.000000e+00	
858	5.816800e-03	0.000000e+00	0.000000e+00	0.000000e+00	
859	5.826800e-03	0.000000e+00	0.000000e+00	0.000000e+00	
860	5.836800e-03	0.000000e+00	0.000000e+00	0.000000e+00	
861	5.846800e-03	0.000000e+00	0.000000e+00	0.000000e+00	
862	5.856800e-03	0.000000e+00	0.000000e+00	0.000000e+00	
863	5.866800e-03	0.000000e+00	0.000000e+00	0.000000e+00	
864	5.876800e-03	0.000000e+00	0.000000e+00	0.000000e+00	
865	5.886800e-03	0.000000e+00	0.000000e+00	0.000000e+00	
866	5.896800e-03	0.000000e+00	0.000000e+00	0.000000e+00	

Index   time            v8#branch       v9#branch       v10#branch      
--------------------------------------------------------------------------------
867	5.906800e-03	0.000000e+00	0.000000e+00	0.000000e+00	
868	5.916800e-03	0.000000e+00	0.000000e+00	0.000000e+00	
869	5.926800e-03	0.000000e+00	0.000000e+00	0.000000e+00	
870	5.936800e-03	0.000000e+00	0.000000e+00	0.000000e+00	
871	5.946800e-03	0.000000e+00	0.000000e+00	0.000000e+00	
872	5.956800e-03	0.000000e+00	0.000000e+00	0.000000e+00	
873	5.966800e-03	0.000000e+00	0.000000e+00	0.000000e+00	
874	5.976800e-03	0.000000e+00	0.000000e+00	0.000000e+00	
875	5.986800e-03	0.000000e+00	0.000000e+00	0.000000e+00	
876	5.996800e-03	0.000000e+00	0.000000e+00	0.000000e+00	
877	6.000000e-03	0.000000e+00	0.000000e+00	0.000000e+00	
878	6.000001e-03	0.000000e+00	0.000000e+00	0.000000e+00	
879	6.000003e-03	0.000000e+00	0.000000e+00	0.000000e+00	
880	6.000007e-03	0.000000e+00	0.000000e+00	0.000000e+00	
881	6.000010e-03	0.000000e+00	0.000000e+00	0.000000e+00	
882	6.000011e-03	0.000000e+00	0.000000e+00	0.000000e+00	
883	6.000012e-03	0.000000e+00	0.000000e+00	0.000000e+00	
884	6.000013e-03	0.000000e+00	0.000000e+00	0.000000e+00	
885	6.000013e-03	0.000000e+00	0.000000e+00	0.000000e+00	
886	6.000013e-03	0.000000e+00	0.000000e+00	0.000000e+00	
887	6.000013e-03	0.000000e+00	0.000000e+00	0.000000e+00	
888	6.000013e-03	0.000000e+00	0.000000e+00	0.000000e+00	
889	6.000013e-03	0.000000e+00	0.000000e+00	0.000000e+00	
890	6.000013e-03	0.000000e+00	0.000000e+00	0.000000e+00	
891	6.000013e-03	0.000000e+00	0.000000e+00	0.000000e+00	
892	6.000013e-03	0.000000e+00	0.000000e+00	0.000000e+00	
893	6.000013e-03	0.000000e+00	0.000000e+00	0.000000e+00	
894	6.000014e-03	0.000000e+00	0.000000e+00	0.000000e+00	
895	6.000014e-03	0.000000e+00	0.000000e+00	0.000000e+00	
896	6.000015e-03	0.000000e+00	0.000000e+00	0.000000e+00	
897	6.000016e-03	0.000000e+00	0.000000e+00	0.000000e+00	
898	6.000016e-03	0.000000e+00	0.000000e+00	0.000000e+00	
899	6.000016e-03	0.000000e+00	0.000000e+00	0.000000e+00	
900	6.000017e-03	0.000000e+00	0.000000e+00	0.000000e+00	
901	6.000017e-03	0.000000e+00	0.000000e+00	0.000000e+00	
902	6.000017e-03	0.000000e+00	0.000000e+00	0.000000e+00	
903	6.000017e-03	0.000000e+00	0.000000e+00	0.000000e+00	
904	6.000017e-03	0.000000e+00	0.000000e+00	0.000000e+00	
905	6.000018e-03	0.000000e+00	0.000000e+00	0.000000e+00	
906	6.000019e-03	0.000000e+00	0.000000e+00	0.000000e+00	
907	6.000020e-03	0.000000e+00	0.000000e+00	0.000000e+00	
908	6.000020e-03	0.000000e+00	0.000000e+00	0.000000e+00	
909	6.000021e-03	0.000000e+00	0.000000e+00	0.000000e+00	
910	6.000022e-03	0.000000e+00	0.000000e+00	0.000000e+00	
911	6.000023e-03	0.000000e+00	0.000000e+00	0.000000e+00	
912	6.000027e-03	0.000000e+00	0.000000e+00	0.000000e+00	
913	6.000035e-03	0.000000e+00	0.000000e+00	0.000000e+00	
914	6.000049e-03	0.000000e+00	0.000000e+00	0.000000e+00	
915	6.000079e-03	0.000000e+00	0.000000e+00	0.000000e+00	
916	6.000138e-03	0.000000e+00	0.000000e+00	0.000000e+00	
917	6.000256e-03	0.000000e+00	0.000000e+00	0.000000e+00	
918	6.000492e-03	0.000000e+00	0.000000e+00	0.000000e+00	
919	6.000963e-03	0.000000e+00	0.000000e+00	0.000000e+00	
920	6.001907e-03	0.000000e+00	0.000000e+00	0.000000e+00	
921	6.003795e-03	0.000000e+00	0.000000e+00	0.000000e+00	
922	6.007570e-03	0.000000e+00	0.000000e+00	0.000000e+00	
923	6.015119e-03	0.000000e+00	0.000000e+00	0.000000e+00	
924	6.025119e-03	0.000000e+00	0.000000e+00	0.000000e+00	

Index   time            v8#branch       v9#branch       v10#branch      
--------------------------------------------------------------------------------
925	6.035119e-03	0.000000e+00	0.000000e+00	0.000000e+00	
926	6.045119e-03	0.000000e+00	0.000000e+00	0.000000e+00	
927	6.055119e-03	0.000000e+00	0.000000e+00	0.000000e+00	
928	6.065119e-03	0.000000e+00	0.000000e+00	0.000000e+00	
929	6.075119e-03	0.000000e+00	0.000000e+00	0.000000e+00	
930	6.085119e-03	0.000000e+00	0.000000e+00	0.000000e+00	
931	6.095119e-03	0.000000e+00	0.000000e+00	0.000000e+00	
932	6.105119e-03	0.000000e+00	0.000000e+00	0.000000e+00	
933	6.115119e-03	0.000000e+00	0.000000e+00	0.000000e+00	
934	6.125119e-03	0.000000e+00	0.000000e+00	0.000000e+00	
935	6.135119e-03	0.000000e+00	0.000000e+00	0.000000e+00	
936	6.145119e-03	0.000000e+00	0.000000e+00	0.000000e+00	
937	6.155119e-03	0.000000e+00	0.000000e+00	0.000000e+00	
938	6.165119e-03	0.000000e+00	0.000000e+00	0.000000e+00	
939	6.175119e-03	0.000000e+00	0.000000e+00	0.000000e+00	
940	6.185119e-03	0.000000e+00	0.000000e+00	0.000000e+00	
941	6.195119e-03	0.000000e+00	0.000000e+00	0.000000e+00	
942	6.205119e-03	0.000000e+00	0.000000e+00	0.000000e+00	
943	6.215119e-03	0.000000e+00	0.000000e+00	0.000000e+00	
944	6.225119e-03	0.000000e+00	0.000000e+00	0.000000e+00	
945	6.235119e-03	0.000000e+00	0.000000e+00	0.000000e+00	
946	6.245119e-03	0.000000e+00	0.000000e+00	0.000000e+00	
947	6.255119e-03	0.000000e+00	0.000000e+00	0.000000e+00	
948	6.265119e-03	0.000000e+00	0.000000e+00	0.000000e+00	
949	6.275119e-03	0.000000e+00	0.000000e+00	0.000000e+00	
950	6.285119e-03	0.000000e+00	0.000000e+00	0.000000e+00	
951	6.295119e-03	0.000000e+00	0.000000e+00	0.000000e+00	
952	6.305119e-03	0.000000e+00	0.000000e+00	0.000000e+00	
953	6.315119e-03	0.000000e+00	0.000000e+00	0.000000e+00	
954	6.325119e-03	0.000000e+00	0.000000e+00	0.000000e+00	
955	6.335119e-03	0.000000e+00	0.000000e+00	0.000000e+00	
956	6.345119e-03	0.000000e+00	0.000000e+00	0.000000e+00	
957	6.355119e-03	0.000000e+00	0.000000e+00	0.000000e+00	
958	6.365119e-03	0.000000e+00	0.000000e+00	0.000000e+00	
959	6.375119e-03	0.000000e+00	0.000000e+00	0.000000e+00	
960	6.385119e-03	0.000000e+00	0.000000e+00	0.000000e+00	
961	6.395119e-03	0.000000e+00	0.000000e+00	0.000000e+00	
962	6.405119e-03	0.000000e+00	0.000000e+00	0.000000e+00	
963	6.415119e-03	0.000000e+00	0.000000e+00	0.000000e+00	
964	6.425119e-03	0.000000e+00	0.000000e+00	0.000000e+00	
965	6.435119e-03	0.000000e+00	0.000000e+00	0.000000e+00	
966	6.445119e-03	0.000000e+00	0.000000e+00	0.000000e+00	
967	6.455119e-03	0.000000e+00	0.000000e+00	0.000000e+00	
968	6.465119e-03	0.000000e+00	0.000000e+00	0.000000e+00	
969	6.475119e-03	0.000000e+00	0.000000e+00	0.000000e+00	
970	6.485119e-03	0.000000e+00	0.000000e+00	0.000000e+00	
971	6.495119e-03	0.000000e+00	0.000000e+00	0.000000e+00	
972	6.505119e-03	0.000000e+00	0.000000e+00	0.000000e+00	
973	6.515119e-03	0.000000e+00	0.000000e+00	0.000000e+00	
974	6.525119e-03	0.000000e+00	0.000000e+00	0.000000e+00	
975	6.535119e-03	0.000000e+00	0.000000e+00	0.000000e+00	
976	6.545119e-03	0.000000e+00	0.000000e+00	0.000000e+00	
977	6.555119e-03	0.000000e+00	0.000000e+00	0.000000e+00	
978	6.565119e-03	0.000000e+00	0.000000e+00	0.000000e+00	
979	6.575119e-03	0.000000e+00	0.000000e+00	0.000000e+00	
980	6.585119e-03	0.000000e+00	0.000000e+00	0.000000e+00	
981	6.595119e-03	0.000000e+00	0.000000e+00	0.000000e+00	
982	6.605119e-03	0.000000e+00	0.000000e+00	0.000000e+00	

Index   time            v8#branch       v9#branch       v10#branch      
--------------------------------------------------------------------------------
983	6.615119e-03	0.000000e+00	0.000000e+00	0.000000e+00	
984	6.625119e-03	0.000000e+00	0.000000e+00	0.000000e+00	
985	6.635119e-03	0.000000e+00	0.000000e+00	0.000000e+00	
986	6.645119e-03	0.000000e+00	0.000000e+00	0.000000e+00	
987	6.655119e-03	0.000000e+00	0.000000e+00	0.000000e+00	
988	6.665119e-03	0.000000e+00	0.000000e+00	0.000000e+00	
989	6.675119e-03	0.000000e+00	0.000000e+00	0.000000e+00	
990	6.685119e-03	0.000000e+00	0.000000e+00	0.000000e+00	
991	6.695119e-03	0.000000e+00	0.000000e+00	0.000000e+00	
992	6.705119e-03	0.000000e+00	0.000000e+00	0.000000e+00	
993	6.715119e-03	0.000000e+00	0.000000e+00	0.000000e+00	
994	6.725119e-03	0.000000e+00	0.000000e+00	0.000000e+00	
995	6.735119e-03	0.000000e+00	0.000000e+00	0.000000e+00	
996	6.745119e-03	0.000000e+00	0.000000e+00	0.000000e+00	
997	6.755119e-03	0.000000e+00	0.000000e+00	0.000000e+00	
998	6.765119e-03	0.000000e+00	0.000000e+00	0.000000e+00	
999	6.775119e-03	0.000000e+00	0.000000e+00	0.000000e+00	
1000	6.785119e-03	0.000000e+00	0.000000e+00	0.000000e+00	
1001	6.795119e-03	0.000000e+00	0.000000e+00	0.000000e+00	
1002	6.805119e-03	0.000000e+00	0.000000e+00	0.000000e+00	
1003	6.815119e-03	0.000000e+00	0.000000e+00	0.000000e+00	
1004	6.825119e-03	0.000000e+00	0.000000e+00	0.000000e+00	
1005	6.835119e-03	0.000000e+00	0.000000e+00	0.000000e+00	
1006	6.845119e-03	0.000000e+00	0.000000e+00	0.000000e+00	
1007	6.855119e-03	0.000000e+00	0.000000e+00	0.000000e+00	
1008	6.865119e-03	0.000000e+00	0.000000e+00	0.000000e+00	
1009	6.875119e-03	0.000000e+00	0.000000e+00	0.000000e+00	
1010	6.885119e-03	0.000000e+00	0.000000e+00	0.000000e+00	
1011	6.895119e-03	0.000000e+00	0.000000e+00	0.000000e+00	
1012	6.905119e-03	0.000000e+00	0.000000e+00	0.000000e+00	
1013	6.915119e-03	0.000000e+00	0.000000e+00	0.000000e+00	
1014	6.925119e-03	0.000000e+00	0.000000e+00	0.000000e+00	
1015	6.935119e-03	0.000000e+00	0.000000e+00	0.000000e+00	
1016	6.945119e-03	0.000000e+00	0.000000e+00	0.000000e+00	
1017	6.955119e-03	0.000000e+00	0.000000e+00	0.000000e+00	
1018	6.965119e-03	0.000000e+00	0.000000e+00	0.000000e+00	
1019	6.975119e-03	0.000000e+00	0.000000e+00	0.000000e+00	
1020	6.985119e-03	0.000000e+00	0.000000e+00	0.000000e+00	
1021	6.995119e-03	0.000000e+00	0.000000e+00	0.000000e+00	
1022	7.000010e-03	0.000000e+00	0.000000e+00	0.000000e+00	
1023	7.000011e-03	0.000000e+00	0.000000e+00	0.000000e+00	
1024	7.000013e-03	0.000000e+00	0.000000e+00	0.000000e+00	
1025	7.000017e-03	0.000000e+00	0.000000e+00	0.000000e+00	
1026	7.000019e-03	0.000000e+00	0.000000e+00	0.000000e+00	
1027	7.000019e-03	0.000000e+00	0.000000e+00	0.000000e+00	
1028	7.000019e-03	0.000000e+00	0.000000e+00	0.000000e+00	
1029	7.000020e-03	0.000000e+00	0.000000e+00	0.000000e+00	
1030	7.000020e-03	0.000000e+00	0.000000e+00	0.000000e+00	
1031	7.000020e-03	0.000000e+00	0.000000e+00	0.000000e+00	
1032	7.000020e-03	0.000000e+00	0.000000e+00	0.000000e+00	
1033	7.000020e-03	0.000000e+00	0.000000e+00	0.000000e+00	
1034	7.000020e-03	0.000000e+00	0.000000e+00	0.000000e+00	
1035	7.000020e-03	0.000000e+00	0.000000e+00	0.000000e+00	
1036	7.000020e-03	0.000000e+00	0.000000e+00	0.000000e+00	
1037	7.000020e-03	0.000000e+00	0.000000e+00	0.000000e+00	
1038	7.000020e-03	0.000000e+00	0.000000e+00	0.000000e+00	
1039	7.000020e-03	0.000000e+00	0.000000e+00	0.000000e+00	
1040	7.000021e-03	0.000000e+00	0.000000e+00	0.000000e+00	

Index   time            v8#branch       v9#branch       v10#branch      
--------------------------------------------------------------------------------
1041	7.000021e-03	0.000000e+00	0.000000e+00	0.000000e+00	
1042	7.000022e-03	0.000000e+00	0.000000e+00	0.000000e+00	
1043	7.000023e-03	0.000000e+00	0.000000e+00	0.000000e+00	
1044	7.000023e-03	0.000000e+00	0.000000e+00	0.000000e+00	
1045	7.000023e-03	0.000000e+00	0.000000e+00	0.000000e+00	
1046	7.000023e-03	0.000000e+00	0.000000e+00	0.000000e+00	
1047	7.000023e-03	0.000000e+00	0.000000e+00	0.000000e+00	
1048	7.000023e-03	0.000000e+00	0.000000e+00	0.000000e+00	
1049	7.000023e-03	0.000000e+00	0.000000e+00	0.000000e+00	
1050	7.000023e-03	0.000000e+00	0.000000e+00	0.000000e+00	
1051	7.000023e-03	0.000000e+00	0.000000e+00	0.000000e+00	
1052	7.000023e-03	0.000000e+00	0.000000e+00	0.000000e+00	
1053	7.000024e-03	0.000000e+00	0.000000e+00	0.000000e+00	
1054	7.000024e-03	0.000000e+00	0.000000e+00	0.000000e+00	
1055	7.000025e-03	0.000000e+00	0.000000e+00	0.000000e+00	
1056	7.000027e-03	0.000000e+00	0.000000e+00	0.000000e+00	
1057	7.000031e-03	0.000000e+00	0.000000e+00	0.000000e+00	
1058	7.000039e-03	0.000000e+00	0.000000e+00	0.000000e+00	
1059	7.000056e-03	0.000000e+00	0.000000e+00	0.000000e+00	
1060	7.000089e-03	0.000000e+00	0.000000e+00	0.000000e+00	
1061	7.000154e-03	0.000000e+00	0.000000e+00	0.000000e+00	
1062	7.000285e-03	0.000000e+00	0.000000e+00	0.000000e+00	
1063	7.000547e-03	0.000000e+00	0.000000e+00	0.000000e+00	
1064	7.001072e-03	0.000000e+00	0.000000e+00	0.000000e+00	
1065	7.002120e-03	0.000000e+00	0.000000e+00	0.000000e+00	
1066	7.004217e-03	0.000000e+00	0.000000e+00	0.000000e+00	
1067	7.008412e-03	0.000000e+00	0.000000e+00	0.000000e+00	
1068	7.016800e-03	0.000000e+00	0.000000e+00	0.000000e+00	
1069	7.026800e-03	0.000000e+00	0.000000e+00	0.000000e+00	
1070	7.036800e-03	0.000000e+00	0.000000e+00	0.000000e+00	
1071	7.046800e-03	0.000000e+00	0.000000e+00	0.000000e+00	
1072	7.056800e-03	0.000000e+00	0.000000e+00	0.000000e+00	
1073	7.066800e-03	0.000000e+00	0.000000e+00	0.000000e+00	
1074	7.076800e-03	0.000000e+00	0.000000e+00	0.000000e+00	
1075	7.086800e-03	0.000000e+00	0.000000e+00	0.000000e+00	
1076	7.096800e-03	0.000000e+00	0.000000e+00	0.000000e+00	
1077	7.106800e-03	0.000000e+00	0.000000e+00	0.000000e+00	
1078	7.116800e-03	0.000000e+00	0.000000e+00	0.000000e+00	
1079	7.126800e-03	0.000000e+00	0.000000e+00	0.000000e+00	
1080	7.136800e-03	0.000000e+00	0.000000e+00	0.000000e+00	
1081	7.146800e-03	0.000000e+00	0.000000e+00	0.000000e+00	
1082	7.156800e-03	0.000000e+00	0.000000e+00	0.000000e+00	
1083	7.166800e-03	0.000000e+00	0.000000e+00	0.000000e+00	
1084	7.176800e-03	0.000000e+00	0.000000e+00	0.000000e+00	
1085	7.186800e-03	0.000000e+00	0.000000e+00	0.000000e+00	
1086	7.196800e-03	0.000000e+00	0.000000e+00	0.000000e+00	
1087	7.206800e-03	0.000000e+00	0.000000e+00	0.000000e+00	
1088	7.216800e-03	0.000000e+00	0.000000e+00	0.000000e+00	
1089	7.226800e-03	0.000000e+00	0.000000e+00	0.000000e+00	
1090	7.236800e-03	0.000000e+00	0.000000e+00	0.000000e+00	
1091	7.246800e-03	0.000000e+00	0.000000e+00	0.000000e+00	
1092	7.256800e-03	0.000000e+00	0.000000e+00	0.000000e+00	
1093	7.266800e-03	0.000000e+00	0.000000e+00	0.000000e+00	
1094	7.276800e-03	0.000000e+00	0.000000e+00	0.000000e+00	
1095	7.286800e-03	0.000000e+00	0.000000e+00	0.000000e+00	
1096	7.296800e-03	0.000000e+00	0.000000e+00	0.000000e+00	
1097	7.306800e-03	0.000000e+00	0.000000e+00	0.000000e+00	
1098	7.316800e-03	0.000000e+00	0.000000e+00	0.000000e+00	

Index   time            v8#branch       v9#branch       v10#branch      
--------------------------------------------------------------------------------
1099	7.326800e-03	0.000000e+00	0.000000e+00	0.000000e+00	
1100	7.336800e-03	0.000000e+00	0.000000e+00	0.000000e+00	
1101	7.346800e-03	0.000000e+00	0.000000e+00	0.000000e+00	
1102	7.356800e-03	0.000000e+00	0.000000e+00	0.000000e+00	
1103	7.366800e-03	0.000000e+00	0.000000e+00	0.000000e+00	
1104	7.376800e-03	0.000000e+00	0.000000e+00	0.000000e+00	
1105	7.386800e-03	0.000000e+00	0.000000e+00	0.000000e+00	
1106	7.396800e-03	0.000000e+00	0.000000e+00	0.000000e+00	
1107	7.406800e-03	0.000000e+00	0.000000e+00	0.000000e+00	
1108	7.416800e-03	0.000000e+00	0.000000e+00	0.000000e+00	
1109	7.426800e-03	0.000000e+00	0.000000e+00	0.000000e+00	
1110	7.436800e-03	0.000000e+00	0.000000e+00	0.000000e+00	
1111	7.446800e-03	0.000000e+00	0.000000e+00	0.000000e+00	
1112	7.456800e-03	0.000000e+00	0.000000e+00	0.000000e+00	
1113	7.466800e-03	0.000000e+00	0.000000e+00	0.000000e+00	
1114	7.476800e-03	0.000000e+00	0.000000e+00	0.000000e+00	
1115	7.486800e-03	0.000000e+00	0.000000e+00	0.000000e+00	
1116	7.496800e-03	0.000000e+00	0.000000e+00	0.000000e+00	
1117	7.506800e-03	0.000000e+00	0.000000e+00	0.000000e+00	
1118	7.516800e-03	0.000000e+00	0.000000e+00	0.000000e+00	
1119	7.526800e-03	0.000000e+00	0.000000e+00	0.000000e+00	
1120	7.536800e-03	0.000000e+00	0.000000e+00	0.000000e+00	
1121	7.546800e-03	0.000000e+00	0.000000e+00	0.000000e+00	
1122	7.556800e-03	0.000000e+00	0.000000e+00	0.000000e+00	
1123	7.566800e-03	0.000000e+00	0.000000e+00	0.000000e+00	
1124	7.576800e-03	0.000000e+00	0.000000e+00	0.000000e+00	
1125	7.586800e-03	0.000000e+00	0.000000e+00	0.000000e+00	
1126	7.596800e-03	0.000000e+00	0.000000e+00	0.000000e+00	
1127	7.606800e-03	0.000000e+00	0.000000e+00	0.000000e+00	
1128	7.616800e-03	0.000000e+00	0.000000e+00	0.000000e+00	
1129	7.626800e-03	0.000000e+00	0.000000e+00	0.000000e+00	
1130	7.636800e-03	0.000000e+00	0.000000e+00	0.000000e+00	
1131	7.646800e-03	0.000000e+00	0.000000e+00	0.000000e+00	
1132	7.656800e-03	0.000000e+00	0.000000e+00	0.000000e+00	
1133	7.666800e-03	0.000000e+00	0.000000e+00	0.000000e+00	
1134	7.676800e-03	0.000000e+00	0.000000e+00	0.000000e+00	
1135	7.686800e-03	0.000000e+00	0.000000e+00	0.000000e+00	
1136	7.696800e-03	0.000000e+00	0.000000e+00	0.000000e+00	
1137	7.706800e-03	0.000000e+00	0.000000e+00	0.000000e+00	
1138	7.716800e-03	0.000000e+00	0.000000e+00	0.000000e+00	
1139	7.726800e-03	0.000000e+00	0.000000e+00	0.000000e+00	
1140	7.736800e-03	0.000000e+00	0.000000e+00	0.000000e+00	
1141	7.746800e-03	0.000000e+00	0.000000e+00	0.000000e+00	
1142	7.756800e-03	0.000000e+00	0.000000e+00	0.000000e+00	
1143	7.766800e-03	0.000000e+00	0.000000e+00	0.000000e+00	
1144	7.776800e-03	0.000000e+00	0.000000e+00	0.000000e+00	
1145	7.786800e-03	0.000000e+00	0.000000e+00	0.000000e+00	
1146	7.796800e-03	0.000000e+00	0.000000e+00	0.000000e+00	
1147	7.806800e-03	0.000000e+00	0.000000e+00	0.000000e+00	
1148	7.816800e-03	0.000000e+00	0.000000e+00	0.000000e+00	
1149	7.826800e-03	0.000000e+00	0.000000e+00	0.000000e+00	
1150	7.836800e-03	0.000000e+00	0.000000e+00	0.000000e+00	
1151	7.846800e-03	0.000000e+00	0.000000e+00	0.000000e+00	
1152	7.856800e-03	0.000000e+00	0.000000e+00	0.000000e+00	
1153	7.866800e-03	0.000000e+00	0.000000e+00	0.000000e+00	
1154	7.876800e-03	0.000000e+00	0.000000e+00	0.000000e+00	
1155	7.886800e-03	0.000000e+00	0.000000e+00	0.000000e+00	
1156	7.896800e-03	0.000000e+00	0.000000e+00	0.000000e+00	

Index   time            v8#branch       v9#branch       v10#branch      
--------------------------------------------------------------------------------
1157	7.906800e-03	0.000000e+00	0.000000e+00	0.000000e+00	
1158	7.916800e-03	0.000000e+00	0.000000e+00	0.000000e+00	
1159	7.926800e-03	0.000000e+00	0.000000e+00	0.000000e+00	
1160	7.936800e-03	0.000000e+00	0.000000e+00	0.000000e+00	
1161	7.946800e-03	0.000000e+00	0.000000e+00	0.000000e+00	
1162	7.956800e-03	0.000000e+00	0.000000e+00	0.000000e+00	
1163	7.966800e-03	0.000000e+00	0.000000e+00	0.000000e+00	
1164	7.976800e-03	0.000000e+00	0.000000e+00	0.000000e+00	
1165	7.986800e-03	0.000000e+00	0.000000e+00	0.000000e+00	
1166	7.996800e-03	0.000000e+00	0.000000e+00	0.000000e+00	
1167	8.000000e-03	0.000000e+00	0.000000e+00	0.000000e+00	

                                kicad schematic
                                Transient Analysis  Sun Nov 09 00:17:05  2025
--------------------------------------------------------------------------------
Index   time            v11#branch      v12#branch      
--------------------------------------------------------------------------------
0	0.000000e+00	0.000000e+00	0.000000e+00	
1	1.000000e-10	0.000000e+00	0.000000e+00	
2	2.000000e-10	0.000000e+00	0.000000e+00	
3	4.000000e-10	0.000000e+00	0.000000e+00	
4	8.000000e-10	0.000000e+00	0.000000e+00	
5	1.600000e-09	0.000000e+00	0.000000e+00	
6	3.200000e-09	0.000000e+00	0.000000e+00	
7	6.400000e-09	0.000000e+00	0.000000e+00	
8	1.000000e-08	0.000000e+00	0.000000e+00	
9	1.020000e-08	0.000000e+00	0.000000e+00	
10	1.021000e-08	0.000000e+00	0.000000e+00	
11	1.023000e-08	0.000000e+00	0.000000e+00	
12	1.027000e-08	0.000000e+00	0.000000e+00	
13	1.030000e-08	0.000000e+00	0.000000e+00	
14	1.030800e-08	0.000000e+00	0.000000e+00	
15	1.032400e-08	0.000000e+00	0.000000e+00	
16	1.035600e-08	0.000000e+00	0.000000e+00	
17	1.042000e-08	0.000000e+00	0.000000e+00	
18	1.054800e-08	0.000000e+00	0.000000e+00	
19	1.080400e-08	0.000000e+00	0.000000e+00	
20	1.131600e-08	0.000000e+00	0.000000e+00	
21	1.234000e-08	0.000000e+00	0.000000e+00	
22	1.340000e-08	0.000000e+00	0.000000e+00	
23	1.349000e-08	0.000000e+00	0.000000e+00	
24	1.367000e-08	0.000000e+00	0.000000e+00	
25	1.403000e-08	0.000000e+00	0.000000e+00	
26	1.430000e-08	0.000000e+00	0.000000e+00	
27	1.437200e-08	0.000000e+00	0.000000e+00	
28	1.451600e-08	0.000000e+00	0.000000e+00	
29	1.480400e-08	0.000000e+00	0.000000e+00	
30	1.538000e-08	0.000000e+00	0.000000e+00	
31	1.600000e-08	0.000000e+00	0.000000e+00	
32	1.609000e-08	0.000000e+00	0.000000e+00	
33	1.627000e-08	0.000000e+00	0.000000e+00	
34	1.663000e-08	0.000000e+00	0.000000e+00	
35	1.690000e-08	0.000000e+00	0.000000e+00	
36	1.697200e-08	0.000000e+00	0.000000e+00	
37	1.711600e-08	0.000000e+00	0.000000e+00	
38	1.740400e-08	0.000000e+00	0.000000e+00	
39	1.798000e-08	0.000000e+00	0.000000e+00	
40	1.913200e-08	0.000000e+00	0.000000e+00	
41	2.143600e-08	0.000000e+00	0.000000e+00	
42	2.604400e-08	0.000000e+00	0.000000e+00	
43	3.526000e-08	0.000000e+00	0.000000e+00	
44	5.369200e-08	0.000000e+00	0.000000e+00	
45	9.055600e-08	0.000000e+00	0.000000e+00	
46	1.642840e-07	0.000000e+00	0.000000e+00	
47	3.117400e-07	0.000000e+00	0.000000e+00	
48	6.066520e-07	0.000000e+00	0.000000e+00	
49	1.196476e-06	0.000000e+00	0.000000e+00	
50	2.376124e-06	0.000000e+00	0.000000e+00	
51	4.735420e-06	0.000000e+00	0.000000e+00	
52	9.454012e-06	0.000000e+00	0.000000e+00	
53	1.889120e-05	0.000000e+00	0.000000e+00	
54	2.889120e-05	0.000000e+00	0.000000e+00	

Index   time            v11#branch      v12#branch      
--------------------------------------------------------------------------------
55	3.889120e-05	0.000000e+00	0.000000e+00	
56	4.889120e-05	0.000000e+00	0.000000e+00	
57	5.889120e-05	0.000000e+00	0.000000e+00	
58	6.889120e-05	0.000000e+00	0.000000e+00	
59	7.889120e-05	0.000000e+00	0.000000e+00	
60	8.889120e-05	0.000000e+00	0.000000e+00	
61	9.889120e-05	0.000000e+00	0.000000e+00	
62	1.088912e-04	0.000000e+00	0.000000e+00	
63	1.188912e-04	0.000000e+00	0.000000e+00	
64	1.288912e-04	0.000000e+00	0.000000e+00	
65	1.388912e-04	0.000000e+00	0.000000e+00	
66	1.488912e-04	0.000000e+00	0.000000e+00	
67	1.588912e-04	0.000000e+00	0.000000e+00	
68	1.688912e-04	0.000000e+00	0.000000e+00	
69	1.788912e-04	0.000000e+00	0.000000e+00	
70	1.888912e-04	0.000000e+00	0.000000e+00	
71	1.988912e-04	0.000000e+00	0.000000e+00	
72	2.088912e-04	0.000000e+00	0.000000e+00	
73	2.188912e-04	0.000000e+00	0.000000e+00	
74	2.288912e-04	0.000000e+00	0.000000e+00	
75	2.388912e-04	0.000000e+00	0.000000e+00	
76	2.488912e-04	0.000000e+00	0.000000e+00	
77	2.588912e-04	0.000000e+00	0.000000e+00	
78	2.688912e-04	0.000000e+00	0.000000e+00	
79	2.788912e-04	0.000000e+00	0.000000e+00	
80	2.888912e-04	0.000000e+00	0.000000e+00	
81	2.988912e-04	0.000000e+00	0.000000e+00	
82	3.088912e-04	0.000000e+00	0.000000e+00	
83	3.188912e-04	0.000000e+00	0.000000e+00	
84	3.288912e-04	0.000000e+00	0.000000e+00	
85	3.388912e-04	0.000000e+00	0.000000e+00	
86	3.488912e-04	0.000000e+00	0.000000e+00	
87	3.588912e-04	0.000000e+00	0.000000e+00	
88	3.688912e-04	0.000000e+00	0.000000e+00	
89	3.788912e-04	0.000000e+00	0.000000e+00	
90	3.888912e-04	0.000000e+00	0.000000e+00	
91	3.988912e-04	0.000000e+00	0.000000e+00	
92	4.088912e-04	0.000000e+00	0.000000e+00	
93	4.188912e-04	0.000000e+00	0.000000e+00	
94	4.288912e-04	0.000000e+00	0.000000e+00	
95	4.388912e-04	0.000000e+00	0.000000e+00	
96	4.488912e-04	0.000000e+00	0.000000e+00	
97	4.588912e-04	0.000000e+00	0.000000e+00	
98	4.688912e-04	0.000000e+00	0.000000e+00	
99	4.788912e-04	0.000000e+00	0.000000e+00	
100	4.888912e-04	0.000000e+00	0.000000e+00	
101	4.988912e-04	0.000000e+00	0.000000e+00	
102	5.088912e-04	0.000000e+00	0.000000e+00	
103	5.188912e-04	0.000000e+00	0.000000e+00	
104	5.288912e-04	0.000000e+00	0.000000e+00	
105	5.388912e-04	0.000000e+00	0.000000e+00	
106	5.488912e-04	0.000000e+00	0.000000e+00	
107	5.588912e-04	0.000000e+00	0.000000e+00	
108	5.688912e-04	0.000000e+00	0.000000e+00	
109	5.788912e-04	0.000000e+00	0.000000e+00	
110	5.888912e-04	0.000000e+00	0.000000e+00	
111	5.988912e-04	0.000000e+00	0.000000e+00	
112	6.088912e-04	0.000000e+00	0.000000e+00	

Index   time            v11#branch      v12#branch      
--------------------------------------------------------------------------------
113	6.188912e-04	0.000000e+00	0.000000e+00	
114	6.288912e-04	0.000000e+00	0.000000e+00	
115	6.388912e-04	0.000000e+00	0.000000e+00	
116	6.488912e-04	0.000000e+00	0.000000e+00	
117	6.588912e-04	0.000000e+00	0.000000e+00	
118	6.688912e-04	0.000000e+00	0.000000e+00	
119	6.788912e-04	0.000000e+00	0.000000e+00	
120	6.888912e-04	0.000000e+00	0.000000e+00	
121	6.988912e-04	0.000000e+00	0.000000e+00	
122	7.088912e-04	0.000000e+00	0.000000e+00	
123	7.188912e-04	0.000000e+00	0.000000e+00	
124	7.288912e-04	0.000000e+00	0.000000e+00	
125	7.388912e-04	0.000000e+00	0.000000e+00	
126	7.488912e-04	0.000000e+00	0.000000e+00	
127	7.588912e-04	0.000000e+00	0.000000e+00	
128	7.688912e-04	0.000000e+00	0.000000e+00	
129	7.788912e-04	0.000000e+00	0.000000e+00	
130	7.888912e-04	0.000000e+00	0.000000e+00	
131	7.988912e-04	0.000000e+00	0.000000e+00	
132	8.088912e-04	0.000000e+00	0.000000e+00	
133	8.188912e-04	0.000000e+00	0.000000e+00	
134	8.288912e-04	0.000000e+00	0.000000e+00	
135	8.388912e-04	0.000000e+00	0.000000e+00	
136	8.488912e-04	0.000000e+00	0.000000e+00	
137	8.588912e-04	0.000000e+00	0.000000e+00	
138	8.688912e-04	0.000000e+00	0.000000e+00	
139	8.788912e-04	0.000000e+00	0.000000e+00	
140	8.888912e-04	0.000000e+00	0.000000e+00	
141	8.988912e-04	0.000000e+00	0.000000e+00	
142	9.088912e-04	0.000000e+00	0.000000e+00	
143	9.188912e-04	0.000000e+00	0.000000e+00	
144	9.288912e-04	0.000000e+00	0.000000e+00	
145	9.388912e-04	0.000000e+00	0.000000e+00	
146	9.488912e-04	0.000000e+00	0.000000e+00	
147	9.588912e-04	0.000000e+00	0.000000e+00	
148	9.688912e-04	0.000000e+00	0.000000e+00	
149	9.788912e-04	0.000000e+00	0.000000e+00	
150	9.888912e-04	0.000000e+00	0.000000e+00	
151	9.988912e-04	0.000000e+00	0.000000e+00	
152	1.000010e-03	0.000000e+00	0.000000e+00	
153	1.000011e-03	0.000000e+00	0.000000e+00	
154	1.000013e-03	0.000000e+00	0.000000e+00	
155	1.000017e-03	0.000000e+00	0.000000e+00	
156	1.000019e-03	0.000000e+00	0.000000e+00	
157	1.000019e-03	0.000000e+00	0.000000e+00	
158	1.000019e-03	0.000000e+00	0.000000e+00	
159	1.000020e-03	0.000000e+00	0.000000e+00	
160	1.000020e-03	0.000000e+00	0.000000e+00	
161	1.000020e-03	0.000000e+00	0.000000e+00	
162	1.000020e-03	0.000000e+00	0.000000e+00	
163	1.000020e-03	0.000000e+00	0.000000e+00	
164	1.000020e-03	0.000000e+00	0.000000e+00	
165	1.000020e-03	0.000000e+00	0.000000e+00	
166	1.000020e-03	0.000000e+00	0.000000e+00	
167	1.000020e-03	0.000000e+00	0.000000e+00	
168	1.000020e-03	0.000000e+00	0.000000e+00	
169	1.000020e-03	0.000000e+00	0.000000e+00	
170	1.000021e-03	0.000000e+00	0.000000e+00	

Index   time            v11#branch      v12#branch      
--------------------------------------------------------------------------------
171	1.000021e-03	0.000000e+00	0.000000e+00	
172	1.000022e-03	0.000000e+00	0.000000e+00	
173	1.000023e-03	0.000000e+00	0.000000e+00	
174	1.000023e-03	0.000000e+00	0.000000e+00	
175	1.000023e-03	0.000000e+00	0.000000e+00	
176	1.000023e-03	0.000000e+00	0.000000e+00	
177	1.000023e-03	0.000000e+00	0.000000e+00	
178	1.000023e-03	0.000000e+00	0.000000e+00	
179	1.000023e-03	0.000000e+00	0.000000e+00	
180	1.000023e-03	0.000000e+00	0.000000e+00	
181	1.000023e-03	0.000000e+00	0.000000e+00	
182	1.000023e-03	0.000000e+00	0.000000e+00	
183	1.000024e-03	0.000000e+00	0.000000e+00	
184	1.000024e-03	0.000000e+00	0.000000e+00	
185	1.000025e-03	0.000000e+00	0.000000e+00	
186	1.000027e-03	0.000000e+00	0.000000e+00	
187	1.000031e-03	0.000000e+00	0.000000e+00	
188	1.000039e-03	0.000000e+00	0.000000e+00	
189	1.000056e-03	0.000000e+00	0.000000e+00	
190	1.000089e-03	0.000000e+00	0.000000e+00	
191	1.000154e-03	0.000000e+00	0.000000e+00	
192	1.000285e-03	0.000000e+00	0.000000e+00	
193	1.000547e-03	0.000000e+00	0.000000e+00	
194	1.001072e-03	0.000000e+00	0.000000e+00	
195	1.002120e-03	0.000000e+00	0.000000e+00	
196	1.004217e-03	0.000000e+00	0.000000e+00	
197	1.008412e-03	0.000000e+00	0.000000e+00	
198	1.016800e-03	0.000000e+00	0.000000e+00	
199	1.026800e-03	0.000000e+00	0.000000e+00	
200	1.036800e-03	0.000000e+00	0.000000e+00	
201	1.046800e-03	0.000000e+00	0.000000e+00	
202	1.056800e-03	0.000000e+00	0.000000e+00	
203	1.066800e-03	0.000000e+00	0.000000e+00	
204	1.076800e-03	0.000000e+00	0.000000e+00	
205	1.086800e-03	0.000000e+00	0.000000e+00	
206	1.096800e-03	0.000000e+00	0.000000e+00	
207	1.106800e-03	0.000000e+00	0.000000e+00	
208	1.116800e-03	0.000000e+00	0.000000e+00	
209	1.126800e-03	0.000000e+00	0.000000e+00	
210	1.136800e-03	0.000000e+00	0.000000e+00	
211	1.146800e-03	0.000000e+00	0.000000e+00	
212	1.156800e-03	0.000000e+00	0.000000e+00	
213	1.166800e-03	0.000000e+00	0.000000e+00	
214	1.176800e-03	0.000000e+00	0.000000e+00	
215	1.186800e-03	0.000000e+00	0.000000e+00	
216	1.196800e-03	0.000000e+00	0.000000e+00	
217	1.206800e-03	0.000000e+00	0.000000e+00	
218	1.216800e-03	0.000000e+00	0.000000e+00	
219	1.226800e-03	0.000000e+00	0.000000e+00	
220	1.236800e-03	0.000000e+00	0.000000e+00	
221	1.246800e-03	0.000000e+00	0.000000e+00	
222	1.256800e-03	0.000000e+00	0.000000e+00	
223	1.266800e-03	0.000000e+00	0.000000e+00	
224	1.276800e-03	0.000000e+00	0.000000e+00	
225	1.286800e-03	0.000000e+00	0.000000e+00	
226	1.296800e-03	0.000000e+00	0.000000e+00	
227	1.306800e-03	0.000000e+00	0.000000e+00	
228	1.316800e-03	0.000000e+00	0.000000e+00	

Index   time            v11#branch      v12#branch      
--------------------------------------------------------------------------------
229	1.326800e-03	0.000000e+00	0.000000e+00	
230	1.336800e-03	0.000000e+00	0.000000e+00	
231	1.346800e-03	0.000000e+00	0.000000e+00	
232	1.356800e-03	0.000000e+00	0.000000e+00	
233	1.366800e-03	0.000000e+00	0.000000e+00	
234	1.376800e-03	0.000000e+00	0.000000e+00	
235	1.386800e-03	0.000000e+00	0.000000e+00	
236	1.396800e-03	0.000000e+00	0.000000e+00	
237	1.406800e-03	0.000000e+00	0.000000e+00	
238	1.416800e-03	0.000000e+00	0.000000e+00	
239	1.426800e-03	0.000000e+00	0.000000e+00	
240	1.436800e-03	0.000000e+00	0.000000e+00	
241	1.446800e-03	0.000000e+00	0.000000e+00	
242	1.456800e-03	0.000000e+00	0.000000e+00	
243	1.466800e-03	0.000000e+00	0.000000e+00	
244	1.476800e-03	0.000000e+00	0.000000e+00	
245	1.486800e-03	0.000000e+00	0.000000e+00	
246	1.496800e-03	0.000000e+00	0.000000e+00	
247	1.506800e-03	0.000000e+00	0.000000e+00	
248	1.516800e-03	0.000000e+00	0.000000e+00	
249	1.526800e-03	0.000000e+00	0.000000e+00	
250	1.536800e-03	0.000000e+00	0.000000e+00	
251	1.546800e-03	0.000000e+00	0.000000e+00	
252	1.556800e-03	0.000000e+00	0.000000e+00	
253	1.566800e-03	0.000000e+00	0.000000e+00	
254	1.576800e-03	0.000000e+00	0.000000e+00	
255	1.586800e-03	0.000000e+00	0.000000e+00	
256	1.596800e-03	0.000000e+00	0.000000e+00	
257	1.606800e-03	0.000000e+00	0.000000e+00	
258	1.616800e-03	0.000000e+00	0.000000e+00	
259	1.626800e-03	0.000000e+00	0.000000e+00	
260	1.636800e-03	0.000000e+00	0.000000e+00	
261	1.646800e-03	0.000000e+00	0.000000e+00	
262	1.656800e-03	0.000000e+00	0.000000e+00	
263	1.666800e-03	0.000000e+00	0.000000e+00	
264	1.676800e-03	0.000000e+00	0.000000e+00	
265	1.686800e-03	0.000000e+00	0.000000e+00	
266	1.696800e-03	0.000000e+00	0.000000e+00	
267	1.706800e-03	0.000000e+00	0.000000e+00	
268	1.716800e-03	0.000000e+00	0.000000e+00	
269	1.726800e-03	0.000000e+00	0.000000e+00	
270	1.736800e-03	0.000000e+00	0.000000e+00	
271	1.746800e-03	0.000000e+00	0.000000e+00	
272	1.756800e-03	0.000000e+00	0.000000e+00	
273	1.766800e-03	0.000000e+00	0.000000e+00	
274	1.776800e-03	0.000000e+00	0.000000e+00	
275	1.786800e-03	0.000000e+00	0.000000e+00	
276	1.796800e-03	0.000000e+00	0.000000e+00	
277	1.806800e-03	0.000000e+00	0.000000e+00	
278	1.816800e-03	0.000000e+00	0.000000e+00	
279	1.826800e-03	0.000000e+00	0.000000e+00	
280	1.836800e-03	0.000000e+00	0.000000e+00	
281	1.846800e-03	0.000000e+00	0.000000e+00	
282	1.856800e-03	0.000000e+00	0.000000e+00	
283	1.866800e-03	0.000000e+00	0.000000e+00	
284	1.876800e-03	0.000000e+00	0.000000e+00	
285	1.886800e-03	0.000000e+00	0.000000e+00	
286	1.896800e-03	0.000000e+00	0.000000e+00	

Index   time            v11#branch      v12#branch      
--------------------------------------------------------------------------------
287	1.906800e-03	0.000000e+00	0.000000e+00	
288	1.916800e-03	0.000000e+00	0.000000e+00	
289	1.926800e-03	0.000000e+00	0.000000e+00	
290	1.936800e-03	0.000000e+00	0.000000e+00	
291	1.946800e-03	0.000000e+00	0.000000e+00	
292	1.956800e-03	0.000000e+00	0.000000e+00	
293	1.966800e-03	0.000000e+00	0.000000e+00	
294	1.976800e-03	0.000000e+00	0.000000e+00	
295	1.986800e-03	0.000000e+00	0.000000e+00	
296	1.996800e-03	0.000000e+00	0.000000e+00	
297	2.000000e-03	0.000000e+00	0.000000e+00	
298	2.000001e-03	0.000000e+00	0.000000e+00	
299	2.000003e-03	0.000000e+00	0.000000e+00	
300	2.000007e-03	0.000000e+00	0.000000e+00	
301	2.000010e-03	0.000000e+00	0.000000e+00	
302	2.000011e-03	0.000000e+00	0.000000e+00	
303	2.000012e-03	0.000000e+00	0.000000e+00	
304	2.000013e-03	0.000000e+00	0.000000e+00	
305	2.000013e-03	0.000000e+00	0.000000e+00	
306	2.000013e-03	0.000000e+00	0.000000e+00	
307	2.000013e-03	0.000000e+00	0.000000e+00	
308	2.000013e-03	0.000000e+00	0.000000e+00	
309	2.000013e-03	0.000000e+00	0.000000e+00	
310	2.000013e-03	0.000000e+00	0.000000e+00	
311	2.000013e-03	0.000000e+00	0.000000e+00	
312	2.000013e-03	0.000000e+00	0.000000e+00	
313	2.000013e-03	0.000000e+00	0.000000e+00	
314	2.000014e-03	0.000000e+00	0.000000e+00	
315	2.000014e-03	0.000000e+00	0.000000e+00	
316	2.000015e-03	0.000000e+00	0.000000e+00	
317	2.000016e-03	0.000000e+00	0.000000e+00	
318	2.000016e-03	0.000000e+00	0.000000e+00	
319	2.000016e-03	0.000000e+00	0.000000e+00	
320	2.000017e-03	0.000000e+00	0.000000e+00	
321	2.000017e-03	0.000000e+00	0.000000e+00	
322	2.000017e-03	0.000000e+00	0.000000e+00	
323	2.000017e-03	0.000000e+00	0.000000e+00	
324	2.000017e-03	0.000000e+00	0.000000e+00	
325	2.000018e-03	0.000000e+00	0.000000e+00	
326	2.000019e-03	0.000000e+00	0.000000e+00	
327	2.000020e-03	0.000000e+00	0.000000e+00	
328	2.000020e-03	0.000000e+00	0.000000e+00	
329	2.000021e-03	0.000000e+00	0.000000e+00	
330	2.000022e-03	0.000000e+00	0.000000e+00	
331	2.000023e-03	0.000000e+00	0.000000e+00	
332	2.000027e-03	0.000000e+00	0.000000e+00	
333	2.000035e-03	0.000000e+00	0.000000e+00	
334	2.000049e-03	0.000000e+00	0.000000e+00	
335	2.000079e-03	0.000000e+00	0.000000e+00	
336	2.000138e-03	0.000000e+00	0.000000e+00	
337	2.000256e-03	0.000000e+00	0.000000e+00	
338	2.000492e-03	0.000000e+00	0.000000e+00	
339	2.000963e-03	0.000000e+00	0.000000e+00	
340	2.001907e-03	0.000000e+00	0.000000e+00	
341	2.003795e-03	0.000000e+00	0.000000e+00	
342	2.007570e-03	0.000000e+00	0.000000e+00	
343	2.015119e-03	0.000000e+00	0.000000e+00	
344	2.025119e-03	0.000000e+00	0.000000e+00	

Index   time            v11#branch      v12#branch      
--------------------------------------------------------------------------------
345	2.035119e-03	0.000000e+00	0.000000e+00	
346	2.045119e-03	0.000000e+00	0.000000e+00	
347	2.055119e-03	0.000000e+00	0.000000e+00	
348	2.065119e-03	0.000000e+00	0.000000e+00	
349	2.075119e-03	0.000000e+00	0.000000e+00	
350	2.085119e-03	0.000000e+00	0.000000e+00	
351	2.095119e-03	0.000000e+00	0.000000e+00	
352	2.105119e-03	0.000000e+00	0.000000e+00	
353	2.115119e-03	0.000000e+00	0.000000e+00	
354	2.125119e-03	0.000000e+00	0.000000e+00	
355	2.135119e-03	0.000000e+00	0.000000e+00	
356	2.145119e-03	0.000000e+00	0.000000e+00	
357	2.155119e-03	0.000000e+00	0.000000e+00	
358	2.165119e-03	0.000000e+00	0.000000e+00	
359	2.175119e-03	0.000000e+00	0.000000e+00	
360	2.185119e-03	0.000000e+00	0.000000e+00	
361	2.195119e-03	0.000000e+00	0.000000e+00	
362	2.205119e-03	0.000000e+00	0.000000e+00	
363	2.215119e-03	0.000000e+00	0.000000e+00	
364	2.225119e-03	0.000000e+00	0.000000e+00	
365	2.235119e-03	0.000000e+00	0.000000e+00	
366	2.245119e-03	0.000000e+00	0.000000e+00	
367	2.255119e-03	0.000000e+00	0.000000e+00	
368	2.265119e-03	0.000000e+00	0.000000e+00	
369	2.275119e-03	0.000000e+00	0.000000e+00	
370	2.285119e-03	0.000000e+00	0.000000e+00	
371	2.295119e-03	0.000000e+00	0.000000e+00	
372	2.305119e-03	0.000000e+00	0.000000e+00	
373	2.315119e-03	0.000000e+00	0.000000e+00	
374	2.325119e-03	0.000000e+00	0.000000e+00	
375	2.335119e-03	0.000000e+00	0.000000e+00	
376	2.345119e-03	0.000000e+00	0.000000e+00	
377	2.355119e-03	0.000000e+00	0.000000e+00	
378	2.365119e-03	0.000000e+00	0.000000e+00	
379	2.375119e-03	0.000000e+00	0.000000e+00	
380	2.385119e-03	0.000000e+00	0.000000e+00	
381	2.395119e-03	0.000000e+00	0.000000e+00	
382	2.405119e-03	0.000000e+00	0.000000e+00	
383	2.415119e-03	0.000000e+00	0.000000e+00	
384	2.425119e-03	0.000000e+00	0.000000e+00	
385	2.435119e-03	0.000000e+00	0.000000e+00	
386	2.445119e-03	0.000000e+00	0.000000e+00	
387	2.455119e-03	0.000000e+00	0.000000e+00	
388	2.465119e-03	0.000000e+00	0.000000e+00	
389	2.475119e-03	0.000000e+00	0.000000e+00	
390	2.485119e-03	0.000000e+00	0.000000e+00	
391	2.495119e-03	0.000000e+00	0.000000e+00	
392	2.505119e-03	0.000000e+00	0.000000e+00	
393	2.515119e-03	0.000000e+00	0.000000e+00	
394	2.525119e-03	0.000000e+00	0.000000e+00	
395	2.535119e-03	0.000000e+00	0.000000e+00	
396	2.545119e-03	0.000000e+00	0.000000e+00	
397	2.555119e-03	0.000000e+00	0.000000e+00	
398	2.565119e-03	0.000000e+00	0.000000e+00	
399	2.575119e-03	0.000000e+00	0.000000e+00	
400	2.585119e-03	0.000000e+00	0.000000e+00	
401	2.595119e-03	0.000000e+00	0.000000e+00	
402	2.605119e-03	0.000000e+00	0.000000e+00	

Index   time            v11#branch      v12#branch      
--------------------------------------------------------------------------------
403	2.615119e-03	0.000000e+00	0.000000e+00	
404	2.625119e-03	0.000000e+00	0.000000e+00	
405	2.635119e-03	0.000000e+00	0.000000e+00	
406	2.645119e-03	0.000000e+00	0.000000e+00	
407	2.655119e-03	0.000000e+00	0.000000e+00	
408	2.665119e-03	0.000000e+00	0.000000e+00	
409	2.675119e-03	0.000000e+00	0.000000e+00	
410	2.685119e-03	0.000000e+00	0.000000e+00	
411	2.695119e-03	0.000000e+00	0.000000e+00	
412	2.705119e-03	0.000000e+00	0.000000e+00	
413	2.715119e-03	0.000000e+00	0.000000e+00	
414	2.725119e-03	0.000000e+00	0.000000e+00	
415	2.735119e-03	0.000000e+00	0.000000e+00	
416	2.745119e-03	0.000000e+00	0.000000e+00	
417	2.755119e-03	0.000000e+00	0.000000e+00	
418	2.765119e-03	0.000000e+00	0.000000e+00	
419	2.775119e-03	0.000000e+00	0.000000e+00	
420	2.785119e-03	0.000000e+00	0.000000e+00	
421	2.795119e-03	0.000000e+00	0.000000e+00	
422	2.805119e-03	0.000000e+00	0.000000e+00	
423	2.815119e-03	0.000000e+00	0.000000e+00	
424	2.825119e-03	0.000000e+00	0.000000e+00	
425	2.835119e-03	0.000000e+00	0.000000e+00	
426	2.845119e-03	0.000000e+00	0.000000e+00	
427	2.855119e-03	0.000000e+00	0.000000e+00	
428	2.865119e-03	0.000000e+00	0.000000e+00	
429	2.875119e-03	0.000000e+00	0.000000e+00	
430	2.885119e-03	0.000000e+00	0.000000e+00	
431	2.895119e-03	0.000000e+00	0.000000e+00	
432	2.905119e-03	0.000000e+00	0.000000e+00	
433	2.915119e-03	0.000000e+00	0.000000e+00	
434	2.925119e-03	0.000000e+00	0.000000e+00	
435	2.935119e-03	0.000000e+00	0.000000e+00	
436	2.945119e-03	0.000000e+00	0.000000e+00	
437	2.955119e-03	0.000000e+00	0.000000e+00	
438	2.965119e-03	0.000000e+00	0.000000e+00	
439	2.975119e-03	0.000000e+00	0.000000e+00	
440	2.985119e-03	0.000000e+00	0.000000e+00	
441	2.995119e-03	0.000000e+00	0.000000e+00	
442	3.000010e-03	0.000000e+00	0.000000e+00	
443	3.000011e-03	0.000000e+00	0.000000e+00	
444	3.000013e-03	0.000000e+00	0.000000e+00	
445	3.000017e-03	0.000000e+00	0.000000e+00	
446	3.000019e-03	0.000000e+00	0.000000e+00	
447	3.000019e-03	0.000000e+00	0.000000e+00	
448	3.000019e-03	0.000000e+00	0.000000e+00	
449	3.000020e-03	0.000000e+00	0.000000e+00	
450	3.000020e-03	0.000000e+00	0.000000e+00	
451	3.000020e-03	0.000000e+00	0.000000e+00	
452	3.000020e-03	0.000000e+00	0.000000e+00	
453	3.000020e-03	0.000000e+00	0.000000e+00	
454	3.000020e-03	0.000000e+00	0.000000e+00	
455	3.000020e-03	0.000000e+00	0.000000e+00	
456	3.000020e-03	0.000000e+00	0.000000e+00	
457	3.000020e-03	0.000000e+00	0.000000e+00	
458	3.000020e-03	0.000000e+00	0.000000e+00	
459	3.000020e-03	0.000000e+00	0.000000e+00	
460	3.000021e-03	0.000000e+00	0.000000e+00	

Index   time            v11#branch      v12#branch      
--------------------------------------------------------------------------------
461	3.000021e-03	0.000000e+00	0.000000e+00	
462	3.000022e-03	0.000000e+00	0.000000e+00	
463	3.000023e-03	0.000000e+00	0.000000e+00	
464	3.000023e-03	0.000000e+00	0.000000e+00	
465	3.000023e-03	0.000000e+00	0.000000e+00	
466	3.000023e-03	0.000000e+00	0.000000e+00	
467	3.000023e-03	0.000000e+00	0.000000e+00	
468	3.000023e-03	0.000000e+00	0.000000e+00	
469	3.000023e-03	0.000000e+00	0.000000e+00	
470	3.000023e-03	0.000000e+00	0.000000e+00	
471	3.000023e-03	0.000000e+00	0.000000e+00	
472	3.000023e-03	0.000000e+00	0.000000e+00	
473	3.000024e-03	0.000000e+00	0.000000e+00	
474	3.000024e-03	0.000000e+00	0.000000e+00	
475	3.000025e-03	0.000000e+00	0.000000e+00	
476	3.000027e-03	0.000000e+00	0.000000e+00	
477	3.000031e-03	0.000000e+00	0.000000e+00	
478	3.000039e-03	0.000000e+00	0.000000e+00	
479	3.000056e-03	0.000000e+00	0.000000e+00	
480	3.000089e-03	0.000000e+00	0.000000e+00	
481	3.000154e-03	0.000000e+00	0.000000e+00	
482	3.000285e-03	0.000000e+00	0.000000e+00	
483	3.000547e-03	0.000000e+00	0.000000e+00	
484	3.001072e-03	0.000000e+00	0.000000e+00	
485	3.002120e-03	0.000000e+00	0.000000e+00	
486	3.004217e-03	0.000000e+00	0.000000e+00	
487	3.008412e-03	0.000000e+00	0.000000e+00	
488	3.016800e-03	0.000000e+00	0.000000e+00	
489	3.026800e-03	0.000000e+00	0.000000e+00	
490	3.036800e-03	0.000000e+00	0.000000e+00	
491	3.046800e-03	0.000000e+00	0.000000e+00	
492	3.056800e-03	0.000000e+00	0.000000e+00	
493	3.066800e-03	0.000000e+00	0.000000e+00	
494	3.076800e-03	0.000000e+00	0.000000e+00	
495	3.086800e-03	0.000000e+00	0.000000e+00	
496	3.096800e-03	0.000000e+00	0.000000e+00	
497	3.106800e-03	0.000000e+00	0.000000e+00	
498	3.116800e-03	0.000000e+00	0.000000e+00	
499	3.126800e-03	0.000000e+00	0.000000e+00	
500	3.136800e-03	0.000000e+00	0.000000e+00	
501	3.146800e-03	0.000000e+00	0.000000e+00	
502	3.156800e-03	0.000000e+00	0.000000e+00	
503	3.166800e-03	0.000000e+00	0.000000e+00	
504	3.176800e-03	0.000000e+00	0.000000e+00	
505	3.186800e-03	0.000000e+00	0.000000e+00	
506	3.196800e-03	0.000000e+00	0.000000e+00	
507	3.206800e-03	0.000000e+00	0.000000e+00	
508	3.216800e-03	0.000000e+00	0.000000e+00	
509	3.226800e-03	0.000000e+00	0.000000e+00	
510	3.236800e-03	0.000000e+00	0.000000e+00	
511	3.246800e-03	0.000000e+00	0.000000e+00	
512	3.256800e-03	0.000000e+00	0.000000e+00	
513	3.266800e-03	0.000000e+00	0.000000e+00	
514	3.276800e-03	0.000000e+00	0.000000e+00	
515	3.286800e-03	0.000000e+00	0.000000e+00	
516	3.296800e-03	0.000000e+00	0.000000e+00	
517	3.306800e-03	0.000000e+00	0.000000e+00	
518	3.316800e-03	0.000000e+00	0.000000e+00	

Index   time            v11#branch      v12#branch      
--------------------------------------------------------------------------------
519	3.326800e-03	0.000000e+00	0.000000e+00	
520	3.336800e-03	0.000000e+00	0.000000e+00	
521	3.346800e-03	0.000000e+00	0.000000e+00	
522	3.356800e-03	0.000000e+00	0.000000e+00	
523	3.366800e-03	0.000000e+00	0.000000e+00	
524	3.376800e-03	0.000000e+00	0.000000e+00	
525	3.386800e-03	0.000000e+00	0.000000e+00	
526	3.396800e-03	0.000000e+00	0.000000e+00	
527	3.406800e-03	0.000000e+00	0.000000e+00	
528	3.416800e-03	0.000000e+00	0.000000e+00	
529	3.426800e-03	0.000000e+00	0.000000e+00	
530	3.436800e-03	0.000000e+00	0.000000e+00	
531	3.446800e-03	0.000000e+00	0.000000e+00	
532	3.456800e-03	0.000000e+00	0.000000e+00	
533	3.466800e-03	0.000000e+00	0.000000e+00	
534	3.476800e-03	0.000000e+00	0.000000e+00	
535	3.486800e-03	0.000000e+00	0.000000e+00	
536	3.496800e-03	0.000000e+00	0.000000e+00	
537	3.506800e-03	0.000000e+00	0.000000e+00	
538	3.516800e-03	0.000000e+00	0.000000e+00	
539	3.526800e-03	0.000000e+00	0.000000e+00	
540	3.536800e-03	0.000000e+00	0.000000e+00	
541	3.546800e-03	0.000000e+00	0.000000e+00	
542	3.556800e-03	0.000000e+00	0.000000e+00	
543	3.566800e-03	0.000000e+00	0.000000e+00	
544	3.576800e-03	0.000000e+00	0.000000e+00	
545	3.586800e-03	0.000000e+00	0.000000e+00	
546	3.596800e-03	0.000000e+00	0.000000e+00	
547	3.606800e-03	0.000000e+00	0.000000e+00	
548	3.616800e-03	0.000000e+00	0.000000e+00	
549	3.626800e-03	0.000000e+00	0.000000e+00	
550	3.636800e-03	0.000000e+00	0.000000e+00	
551	3.646800e-03	0.000000e+00	0.000000e+00	
552	3.656800e-03	0.000000e+00	0.000000e+00	
553	3.666800e-03	0.000000e+00	0.000000e+00	
554	3.676800e-03	0.000000e+00	0.000000e+00	
555	3.686800e-03	0.000000e+00	0.000000e+00	
556	3.696800e-03	0.000000e+00	0.000000e+00	
557	3.706800e-03	0.000000e+00	0.000000e+00	
558	3.716800e-03	0.000000e+00	0.000000e+00	
559	3.726800e-03	0.000000e+00	0.000000e+00	
560	3.736800e-03	0.000000e+00	0.000000e+00	
561	3.746800e-03	0.000000e+00	0.000000e+00	
562	3.756800e-03	0.000000e+00	0.000000e+00	
563	3.766800e-03	0.000000e+00	0.000000e+00	
564	3.776800e-03	0.000000e+00	0.000000e+00	
565	3.786800e-03	0.000000e+00	0.000000e+00	
566	3.796800e-03	0.000000e+00	0.000000e+00	
567	3.806800e-03	0.000000e+00	0.000000e+00	
568	3.816800e-03	0.000000e+00	0.000000e+00	
569	3.826800e-03	0.000000e+00	0.000000e+00	
570	3.836800e-03	0.000000e+00	0.000000e+00	
571	3.846800e-03	0.000000e+00	0.000000e+00	
572	3.856800e-03	0.000000e+00	0.000000e+00	
573	3.866800e-03	0.000000e+00	0.000000e+00	
574	3.876800e-03	0.000000e+00	0.000000e+00	
575	3.886800e-03	0.000000e+00	0.000000e+00	
576	3.896800e-03	0.000000e+00	0.000000e+00	

Index   time            v11#branch      v12#branch      
--------------------------------------------------------------------------------
577	3.906800e-03	0.000000e+00	0.000000e+00	
578	3.916800e-03	0.000000e+00	0.000000e+00	
579	3.926800e-03	0.000000e+00	0.000000e+00	
580	3.936800e-03	0.000000e+00	0.000000e+00	
581	3.946800e-03	0.000000e+00	0.000000e+00	
582	3.956800e-03	0.000000e+00	0.000000e+00	
583	3.966800e-03	0.000000e+00	0.000000e+00	
584	3.976800e-03	0.000000e+00	0.000000e+00	
585	3.986800e-03	0.000000e+00	0.000000e+00	
586	3.996800e-03	0.000000e+00	0.000000e+00	
587	4.000000e-03	0.000000e+00	0.000000e+00	
588	4.000001e-03	0.000000e+00	0.000000e+00	
589	4.000003e-03	0.000000e+00	0.000000e+00	
590	4.000007e-03	0.000000e+00	0.000000e+00	
591	4.000010e-03	0.000000e+00	0.000000e+00	
592	4.000011e-03	0.000000e+00	0.000000e+00	
593	4.000012e-03	0.000000e+00	0.000000e+00	
594	4.000013e-03	0.000000e+00	0.000000e+00	
595	4.000013e-03	0.000000e+00	0.000000e+00	
596	4.000013e-03	0.000000e+00	0.000000e+00	
597	4.000013e-03	0.000000e+00	0.000000e+00	
598	4.000013e-03	0.000000e+00	0.000000e+00	
599	4.000013e-03	0.000000e+00	0.000000e+00	
600	4.000013e-03	0.000000e+00	0.000000e+00	
601	4.000013e-03	0.000000e+00	0.000000e+00	
602	4.000013e-03	0.000000e+00	0.000000e+00	
603	4.000013e-03	0.000000e+00	0.000000e+00	
604	4.000014e-03	0.000000e+00	0.000000e+00	
605	4.000014e-03	0.000000e+00	0.000000e+00	
606	4.000015e-03	0.000000e+00	0.000000e+00	
607	4.000016e-03	0.000000e+00	0.000000e+00	
608	4.000016e-03	0.000000e+00	0.000000e+00	
609	4.000016e-03	0.000000e+00	0.000000e+00	
610	4.000017e-03	0.000000e+00	0.000000e+00	
611	4.000017e-03	0.000000e+00	0.000000e+00	
612	4.000017e-03	0.000000e+00	0.000000e+00	
613	4.000017e-03	0.000000e+00	0.000000e+00	
614	4.000017e-03	0.000000e+00	0.000000e+00	
615	4.000018e-03	0.000000e+00	0.000000e+00	
616	4.000019e-03	0.000000e+00	0.000000e+00	
617	4.000020e-03	0.000000e+00	0.000000e+00	
618	4.000020e-03	0.000000e+00	0.000000e+00	
619	4.000021e-03	0.000000e+00	0.000000e+00	
620	4.000022e-03	0.000000e+00	0.000000e+00	
621	4.000023e-03	0.000000e+00	0.000000e+00	
622	4.000027e-03	0.000000e+00	0.000000e+00	
623	4.000035e-03	0.000000e+00	0.000000e+00	
624	4.000049e-03	0.000000e+00	0.000000e+00	
625	4.000079e-03	0.000000e+00	0.000000e+00	
626	4.000138e-03	0.000000e+00	0.000000e+00	
627	4.000256e-03	0.000000e+00	0.000000e+00	
628	4.000492e-03	0.000000e+00	0.000000e+00	
629	4.000963e-03	0.000000e+00	0.000000e+00	
630	4.001907e-03	0.000000e+00	0.000000e+00	
631	4.003795e-03	0.000000e+00	0.000000e+00	
632	4.007570e-03	0.000000e+00	0.000000e+00	
633	4.015119e-03	0.000000e+00	0.000000e+00	
634	4.025119e-03	0.000000e+00	0.000000e+00	

Index   time            v11#branch      v12#branch      
--------------------------------------------------------------------------------
635	4.035119e-03	0.000000e+00	0.000000e+00	
636	4.045119e-03	0.000000e+00	0.000000e+00	
637	4.055119e-03	0.000000e+00	0.000000e+00	
638	4.065119e-03	0.000000e+00	0.000000e+00	
639	4.075119e-03	0.000000e+00	0.000000e+00	
640	4.085119e-03	0.000000e+00	0.000000e+00	
641	4.095119e-03	0.000000e+00	0.000000e+00	
642	4.105119e-03	0.000000e+00	0.000000e+00	
643	4.115119e-03	0.000000e+00	0.000000e+00	
644	4.125119e-03	0.000000e+00	0.000000e+00	
645	4.135119e-03	0.000000e+00	0.000000e+00	
646	4.145119e-03	0.000000e+00	0.000000e+00	
647	4.155119e-03	0.000000e+00	0.000000e+00	
648	4.165119e-03	0.000000e+00	0.000000e+00	
649	4.175119e-03	0.000000e+00	0.000000e+00	
650	4.185119e-03	0.000000e+00	0.000000e+00	
651	4.195119e-03	0.000000e+00	0.000000e+00	
652	4.205119e-03	0.000000e+00	0.000000e+00	
653	4.215119e-03	0.000000e+00	0.000000e+00	
654	4.225119e-03	0.000000e+00	0.000000e+00	
655	4.235119e-03	0.000000e+00	0.000000e+00	
656	4.245119e-03	0.000000e+00	0.000000e+00	
657	4.255119e-03	0.000000e+00	0.000000e+00	
658	4.265119e-03	0.000000e+00	0.000000e+00	
659	4.275119e-03	0.000000e+00	0.000000e+00	
660	4.285119e-03	0.000000e+00	0.000000e+00	
661	4.295119e-03	0.000000e+00	0.000000e+00	
662	4.305119e-03	0.000000e+00	0.000000e+00	
663	4.315119e-03	0.000000e+00	0.000000e+00	
664	4.325119e-03	0.000000e+00	0.000000e+00	
665	4.335119e-03	0.000000e+00	0.000000e+00	
666	4.345119e-03	0.000000e+00	0.000000e+00	
667	4.355119e-03	0.000000e+00	0.000000e+00	
668	4.365119e-03	0.000000e+00	0.000000e+00	
669	4.375119e-03	0.000000e+00	0.000000e+00	
670	4.385119e-03	0.000000e+00	0.000000e+00	
671	4.395119e-03	0.000000e+00	0.000000e+00	
672	4.405119e-03	0.000000e+00	0.000000e+00	
673	4.415119e-03	0.000000e+00	0.000000e+00	
674	4.425119e-03	0.000000e+00	0.000000e+00	
675	4.435119e-03	0.000000e+00	0.000000e+00	
676	4.445119e-03	0.000000e+00	0.000000e+00	
677	4.455119e-03	0.000000e+00	0.000000e+00	
678	4.465119e-03	0.000000e+00	0.000000e+00	
679	4.475119e-03	0.000000e+00	0.000000e+00	
680	4.485119e-03	0.000000e+00	0.000000e+00	
681	4.495119e-03	0.000000e+00	0.000000e+00	
682	4.505119e-03	0.000000e+00	0.000000e+00	
683	4.515119e-03	0.000000e+00	0.000000e+00	
684	4.525119e-03	0.000000e+00	0.000000e+00	
685	4.535119e-03	0.000000e+00	0.000000e+00	
686	4.545119e-03	0.000000e+00	0.000000e+00	
687	4.555119e-03	0.000000e+00	0.000000e+00	
688	4.565119e-03	0.000000e+00	0.000000e+00	
689	4.575119e-03	0.000000e+00	0.000000e+00	
690	4.585119e-03	0.000000e+00	0.000000e+00	
691	4.595119e-03	0.000000e+00	0.000000e+00	
692	4.605119e-03	0.000000e+00	0.000000e+00	

Index   time            v11#branch      v12#branch      
--------------------------------------------------------------------------------
693	4.615119e-03	0.000000e+00	0.000000e+00	
694	4.625119e-03	0.000000e+00	0.000000e+00	
695	4.635119e-03	0.000000e+00	0.000000e+00	
696	4.645119e-03	0.000000e+00	0.000000e+00	
697	4.655119e-03	0.000000e+00	0.000000e+00	
698	4.665119e-03	0.000000e+00	0.000000e+00	
699	4.675119e-03	0.000000e+00	0.000000e+00	
700	4.685119e-03	0.000000e+00	0.000000e+00	
701	4.695119e-03	0.000000e+00	0.000000e+00	
702	4.705119e-03	0.000000e+00	0.000000e+00	
703	4.715119e-03	0.000000e+00	0.000000e+00	
704	4.725119e-03	0.000000e+00	0.000000e+00	
705	4.735119e-03	0.000000e+00	0.000000e+00	
706	4.745119e-03	0.000000e+00	0.000000e+00	
707	4.755119e-03	0.000000e+00	0.000000e+00	
708	4.765119e-03	0.000000e+00	0.000000e+00	
709	4.775119e-03	0.000000e+00	0.000000e+00	
710	4.785119e-03	0.000000e+00	0.000000e+00	
711	4.795119e-03	0.000000e+00	0.000000e+00	
712	4.805119e-03	0.000000e+00	0.000000e+00	
713	4.815119e-03	0.000000e+00	0.000000e+00	
714	4.825119e-03	0.000000e+00	0.000000e+00	
715	4.835119e-03	0.000000e+00	0.000000e+00	
716	4.845119e-03	0.000000e+00	0.000000e+00	
717	4.855119e-03	0.000000e+00	0.000000e+00	
718	4.865119e-03	0.000000e+00	0.000000e+00	
719	4.875119e-03	0.000000e+00	0.000000e+00	
720	4.885119e-03	0.000000e+00	0.000000e+00	
721	4.895119e-03	0.000000e+00	0.000000e+00	
722	4.905119e-03	0.000000e+00	0.000000e+00	
723	4.915119e-03	0.000000e+00	0.000000e+00	
724	4.925119e-03	0.000000e+00	0.000000e+00	
725	4.935119e-03	0.000000e+00	0.000000e+00	
726	4.945119e-03	0.000000e+00	0.000000e+00	
727	4.955119e-03	0.000000e+00	0.000000e+00	
728	4.965119e-03	0.000000e+00	0.000000e+00	
729	4.975119e-03	0.000000e+00	0.000000e+00	
730	4.985119e-03	0.000000e+00	0.000000e+00	
731	4.995119e-03	0.000000e+00	0.000000e+00	
732	5.000010e-03	0.000000e+00	0.000000e+00	
733	5.000011e-03	0.000000e+00	0.000000e+00	
734	5.000013e-03	0.000000e+00	0.000000e+00	
735	5.000017e-03	0.000000e+00	0.000000e+00	
736	5.000019e-03	0.000000e+00	0.000000e+00	
737	5.000019e-03	0.000000e+00	0.000000e+00	
738	5.000019e-03	0.000000e+00	0.000000e+00	
739	5.000020e-03	0.000000e+00	0.000000e+00	
740	5.000020e-03	0.000000e+00	0.000000e+00	
741	5.000020e-03	0.000000e+00	0.000000e+00	
742	5.000020e-03	0.000000e+00	0.000000e+00	
743	5.000020e-03	0.000000e+00	0.000000e+00	
744	5.000020e-03	0.000000e+00	0.000000e+00	
745	5.000020e-03	0.000000e+00	0.000000e+00	
746	5.000020e-03	0.000000e+00	0.000000e+00	
747	5.000020e-03	0.000000e+00	0.000000e+00	
748	5.000020e-03	0.000000e+00	0.000000e+00	
749	5.000020e-03	0.000000e+00	0.000000e+00	
750	5.000021e-03	0.000000e+00	0.000000e+00	

Index   time            v11#branch      v12#branch      
--------------------------------------------------------------------------------
751	5.000021e-03	0.000000e+00	0.000000e+00	
752	5.000022e-03	0.000000e+00	0.000000e+00	
753	5.000023e-03	0.000000e+00	0.000000e+00	
754	5.000023e-03	0.000000e+00	0.000000e+00	
755	5.000023e-03	0.000000e+00	0.000000e+00	
756	5.000023e-03	0.000000e+00	0.000000e+00	
757	5.000023e-03	0.000000e+00	0.000000e+00	
758	5.000023e-03	0.000000e+00	0.000000e+00	
759	5.000023e-03	0.000000e+00	0.000000e+00	
760	5.000023e-03	0.000000e+00	0.000000e+00	
761	5.000023e-03	0.000000e+00	0.000000e+00	
762	5.000023e-03	0.000000e+00	0.000000e+00	
763	5.000024e-03	0.000000e+00	0.000000e+00	
764	5.000024e-03	0.000000e+00	0.000000e+00	
765	5.000025e-03	0.000000e+00	0.000000e+00	
766	5.000027e-03	0.000000e+00	0.000000e+00	
767	5.000031e-03	0.000000e+00	0.000000e+00	
768	5.000039e-03	0.000000e+00	0.000000e+00	
769	5.000056e-03	0.000000e+00	0.000000e+00	
770	5.000089e-03	0.000000e+00	0.000000e+00	
771	5.000154e-03	0.000000e+00	0.000000e+00	
772	5.000285e-03	0.000000e+00	0.000000e+00	
773	5.000547e-03	0.000000e+00	0.000000e+00	
774	5.001072e-03	0.000000e+00	0.000000e+00	
775	5.002120e-03	0.000000e+00	0.000000e+00	
776	5.004217e-03	0.000000e+00	0.000000e+00	
777	5.008412e-03	0.000000e+00	0.000000e+00	
778	5.016800e-03	0.000000e+00	0.000000e+00	
779	5.026800e-03	0.000000e+00	0.000000e+00	
780	5.036800e-03	0.000000e+00	0.000000e+00	
781	5.046800e-03	0.000000e+00	0.000000e+00	
782	5.056800e-03	0.000000e+00	0.000000e+00	
783	5.066800e-03	0.000000e+00	0.000000e+00	
784	5.076800e-03	0.000000e+00	0.000000e+00	
785	5.086800e-03	0.000000e+00	0.000000e+00	
786	5.096800e-03	0.000000e+00	0.000000e+00	
787	5.106800e-03	0.000000e+00	0.000000e+00	
788	5.116800e-03	0.000000e+00	0.000000e+00	
789	5.126800e-03	0.000000e+00	0.000000e+00	
790	5.136800e-03	0.000000e+00	0.000000e+00	
791	5.146800e-03	0.000000e+00	0.000000e+00	
792	5.156800e-03	0.000000e+00	0.000000e+00	
793	5.166800e-03	0.000000e+00	0.000000e+00	
794	5.176800e-03	0.000000e+00	0.000000e+00	
795	5.186800e-03	0.000000e+00	0.000000e+00	
796	5.196800e-03	0.000000e+00	0.000000e+00	
797	5.206800e-03	0.000000e+00	0.000000e+00	
798	5.216800e-03	0.000000e+00	0.000000e+00	
799	5.226800e-03	0.000000e+00	0.000000e+00	
800	5.236800e-03	0.000000e+00	0.000000e+00	
801	5.246800e-03	0.000000e+00	0.000000e+00	
802	5.256800e-03	0.000000e+00	0.000000e+00	
803	5.266800e-03	0.000000e+00	0.000000e+00	
804	5.276800e-03	0.000000e+00	0.000000e+00	
805	5.286800e-03	0.000000e+00	0.000000e+00	
806	5.296800e-03	0.000000e+00	0.000000e+00	
807	5.306800e-03	0.000000e+00	0.000000e+00	
808	5.316800e-03	0.000000e+00	0.000000e+00	

Index   time            v11#branch      v12#branch      
--------------------------------------------------------------------------------
809	5.326800e-03	0.000000e+00	0.000000e+00	
810	5.336800e-03	0.000000e+00	0.000000e+00	
811	5.346800e-03	0.000000e+00	0.000000e+00	
812	5.356800e-03	0.000000e+00	0.000000e+00	
813	5.366800e-03	0.000000e+00	0.000000e+00	
814	5.376800e-03	0.000000e+00	0.000000e+00	
815	5.386800e-03	0.000000e+00	0.000000e+00	
816	5.396800e-03	0.000000e+00	0.000000e+00	
817	5.406800e-03	0.000000e+00	0.000000e+00	
818	5.416800e-03	0.000000e+00	0.000000e+00	
819	5.426800e-03	0.000000e+00	0.000000e+00	
820	5.436800e-03	0.000000e+00	0.000000e+00	
821	5.446800e-03	0.000000e+00	0.000000e+00	
822	5.456800e-03	0.000000e+00	0.000000e+00	
823	5.466800e-03	0.000000e+00	0.000000e+00	
824	5.476800e-03	0.000000e+00	0.000000e+00	
825	5.486800e-03	0.000000e+00	0.000000e+00	
826	5.496800e-03	0.000000e+00	0.000000e+00	
827	5.506800e-03	0.000000e+00	0.000000e+00	
828	5.516800e-03	0.000000e+00	0.000000e+00	
829	5.526800e-03	0.000000e+00	0.000000e+00	
830	5.536800e-03	0.000000e+00	0.000000e+00	
831	5.546800e-03	0.000000e+00	0.000000e+00	
832	5.556800e-03	0.000000e+00	0.000000e+00	
833	5.566800e-03	0.000000e+00	0.000000e+00	
834	5.576800e-03	0.000000e+00	0.000000e+00	
835	5.586800e-03	0.000000e+00	0.000000e+00	
836	5.596800e-03	0.000000e+00	0.000000e+00	
837	5.606800e-03	0.000000e+00	0.000000e+00	
838	5.616800e-03	0.000000e+00	0.000000e+00	
839	5.626800e-03	0.000000e+00	0.000000e+00	
840	5.636800e-03	0.000000e+00	0.000000e+00	
841	5.646800e-03	0.000000e+00	0.000000e+00	
842	5.656800e-03	0.000000e+00	0.000000e+00	
843	5.666800e-03	0.000000e+00	0.000000e+00	
844	5.676800e-03	0.000000e+00	0.000000e+00	
845	5.686800e-03	0.000000e+00	0.000000e+00	
846	5.696800e-03	0.000000e+00	0.000000e+00	
847	5.706800e-03	0.000000e+00	0.000000e+00	
848	5.716800e-03	0.000000e+00	0.000000e+00	
849	5.726800e-03	0.000000e+00	0.000000e+00	
850	5.736800e-03	0.000000e+00	0.000000e+00	
851	5.746800e-03	0.000000e+00	0.000000e+00	
852	5.756800e-03	0.000000e+00	0.000000e+00	
853	5.766800e-03	0.000000e+00	0.000000e+00	
854	5.776800e-03	0.000000e+00	0.000000e+00	
855	5.786800e-03	0.000000e+00	0.000000e+00	
856	5.796800e-03	0.000000e+00	0.000000e+00	
857	5.806800e-03	0.000000e+00	0.000000e+00	
858	5.816800e-03	0.000000e+00	0.000000e+00	
859	5.826800e-03	0.000000e+00	0.000000e+00	
860	5.836800e-03	0.000000e+00	0.000000e+00	
861	5.846800e-03	0.000000e+00	0.000000e+00	
862	5.856800e-03	0.000000e+00	0.000000e+00	
863	5.866800e-03	0.000000e+00	0.000000e+00	
864	5.876800e-03	0.000000e+00	0.000000e+00	
865	5.886800e-03	0.000000e+00	0.000000e+00	
866	5.896800e-03	0.000000e+00	0.000000e+00	

Index   time            v11#branch      v12#branch      
--------------------------------------------------------------------------------
867	5.906800e-03	0.000000e+00	0.000000e+00	
868	5.916800e-03	0.000000e+00	0.000000e+00	
869	5.926800e-03	0.000000e+00	0.000000e+00	
870	5.936800e-03	0.000000e+00	0.000000e+00	
871	5.946800e-03	0.000000e+00	0.000000e+00	
872	5.956800e-03	0.000000e+00	0.000000e+00	
873	5.966800e-03	0.000000e+00	0.000000e+00	
874	5.976800e-03	0.000000e+00	0.000000e+00	
875	5.986800e-03	0.000000e+00	0.000000e+00	
876	5.996800e-03	0.000000e+00	0.000000e+00	
877	6.000000e-03	0.000000e+00	0.000000e+00	
878	6.000001e-03	0.000000e+00	0.000000e+00	
879	6.000003e-03	0.000000e+00	0.000000e+00	
880	6.000007e-03	0.000000e+00	0.000000e+00	
881	6.000010e-03	0.000000e+00	0.000000e+00	
882	6.000011e-03	0.000000e+00	0.000000e+00	
883	6.000012e-03	0.000000e+00	0.000000e+00	
884	6.000013e-03	0.000000e+00	0.000000e+00	
885	6.000013e-03	0.000000e+00	0.000000e+00	
886	6.000013e-03	0.000000e+00	0.000000e+00	
887	6.000013e-03	0.000000e+00	0.000000e+00	
888	6.000013e-03	0.000000e+00	0.000000e+00	
889	6.000013e-03	0.000000e+00	0.000000e+00	
890	6.000013e-03	0.000000e+00	0.000000e+00	
891	6.000013e-03	0.000000e+00	0.000000e+00	
892	6.000013e-03	0.000000e+00	0.000000e+00	
893	6.000013e-03	0.000000e+00	0.000000e+00	
894	6.000014e-03	0.000000e+00	0.000000e+00	
895	6.000014e-03	0.000000e+00	0.000000e+00	
896	6.000015e-03	0.000000e+00	0.000000e+00	
897	6.000016e-03	0.000000e+00	0.000000e+00	
898	6.000016e-03	0.000000e+00	0.000000e+00	
899	6.000016e-03	0.000000e+00	0.000000e+00	
900	6.000017e-03	0.000000e+00	0.000000e+00	
901	6.000017e-03	0.000000e+00	0.000000e+00	
902	6.000017e-03	0.000000e+00	0.000000e+00	
903	6.000017e-03	0.000000e+00	0.000000e+00	
904	6.000017e-03	0.000000e+00	0.000000e+00	
905	6.000018e-03	0.000000e+00	0.000000e+00	
906	6.000019e-03	0.000000e+00	0.000000e+00	
907	6.000020e-03	0.000000e+00	0.000000e+00	
908	6.000020e-03	0.000000e+00	0.000000e+00	
909	6.000021e-03	0.000000e+00	0.000000e+00	
910	6.000022e-03	0.000000e+00	0.000000e+00	
911	6.000023e-03	0.000000e+00	0.000000e+00	
912	6.000027e-03	0.000000e+00	0.000000e+00	
913	6.000035e-03	0.000000e+00	0.000000e+00	
914	6.000049e-03	0.000000e+00	0.000000e+00	
915	6.000079e-03	0.000000e+00	0.000000e+00	
916	6.000138e-03	0.000000e+00	0.000000e+00	
917	6.000256e-03	0.000000e+00	0.000000e+00	
918	6.000492e-03	0.000000e+00	0.000000e+00	
919	6.000963e-03	0.000000e+00	0.000000e+00	
920	6.001907e-03	0.000000e+00	0.000000e+00	
921	6.003795e-03	0.000000e+00	0.000000e+00	
922	6.007570e-03	0.000000e+00	0.000000e+00	
923	6.015119e-03	0.000000e+00	0.000000e+00	
924	6.025119e-03	0.000000e+00	0.000000e+00	

Index   time            v11#branch      v12#branch      
--------------------------------------------------------------------------------
925	6.035119e-03	0.000000e+00	0.000000e+00	
926	6.045119e-03	0.000000e+00	0.000000e+00	
927	6.055119e-03	0.000000e+00	0.000000e+00	
928	6.065119e-03	0.000000e+00	0.000000e+00	
929	6.075119e-03	0.000000e+00	0.000000e+00	
930	6.085119e-03	0.000000e+00	0.000000e+00	
931	6.095119e-03	0.000000e+00	0.000000e+00	
932	6.105119e-03	0.000000e+00	0.000000e+00	
933	6.115119e-03	0.000000e+00	0.000000e+00	
934	6.125119e-03	0.000000e+00	0.000000e+00	
935	6.135119e-03	0.000000e+00	0.000000e+00	
936	6.145119e-03	0.000000e+00	0.000000e+00	
937	6.155119e-03	0.000000e+00	0.000000e+00	
938	6.165119e-03	0.000000e+00	0.000000e+00	
939	6.175119e-03	0.000000e+00	0.000000e+00	
940	6.185119e-03	0.000000e+00	0.000000e+00	
941	6.195119e-03	0.000000e+00	0.000000e+00	
942	6.205119e-03	0.000000e+00	0.000000e+00	
943	6.215119e-03	0.000000e+00	0.000000e+00	
944	6.225119e-03	0.000000e+00	0.000000e+00	
945	6.235119e-03	0.000000e+00	0.000000e+00	
946	6.245119e-03	0.000000e+00	0.000000e+00	
947	6.255119e-03	0.000000e+00	0.000000e+00	
948	6.265119e-03	0.000000e+00	0.000000e+00	
949	6.275119e-03	0.000000e+00	0.000000e+00	
950	6.285119e-03	0.000000e+00	0.000000e+00	
951	6.295119e-03	0.000000e+00	0.000000e+00	
952	6.305119e-03	0.000000e+00	0.000000e+00	
953	6.315119e-03	0.000000e+00	0.000000e+00	
954	6.325119e-03	0.000000e+00	0.000000e+00	
955	6.335119e-03	0.000000e+00	0.000000e+00	
956	6.345119e-03	0.000000e+00	0.000000e+00	
957	6.355119e-03	0.000000e+00	0.000000e+00	
958	6.365119e-03	0.000000e+00	0.000000e+00	
959	6.375119e-03	0.000000e+00	0.000000e+00	
960	6.385119e-03	0.000000e+00	0.000000e+00	
961	6.395119e-03	0.000000e+00	0.000000e+00	
962	6.405119e-03	0.000000e+00	0.000000e+00	
963	6.415119e-03	0.000000e+00	0.000000e+00	
964	6.425119e-03	0.000000e+00	0.000000e+00	
965	6.435119e-03	0.000000e+00	0.000000e+00	
966	6.445119e-03	0.000000e+00	0.000000e+00	
967	6.455119e-03	0.000000e+00	0.000000e+00	
968	6.465119e-03	0.000000e+00	0.000000e+00	
969	6.475119e-03	0.000000e+00	0.000000e+00	
970	6.485119e-03	0.000000e+00	0.000000e+00	
971	6.495119e-03	0.000000e+00	0.000000e+00	
972	6.505119e-03	0.000000e+00	0.000000e+00	
973	6.515119e-03	0.000000e+00	0.000000e+00	
974	6.525119e-03	0.000000e+00	0.000000e+00	
975	6.535119e-03	0.000000e+00	0.000000e+00	
976	6.545119e-03	0.000000e+00	0.000000e+00	
977	6.555119e-03	0.000000e+00	0.000000e+00	
978	6.565119e-03	0.000000e+00	0.000000e+00	
979	6.575119e-03	0.000000e+00	0.000000e+00	
980	6.585119e-03	0.000000e+00	0.000000e+00	
981	6.595119e-03	0.000000e+00	0.000000e+00	
982	6.605119e-03	0.000000e+00	0.000000e+00	

Index   time            v11#branch      v12#branch      
--------------------------------------------------------------------------------
983	6.615119e-03	0.000000e+00	0.000000e+00	
984	6.625119e-03	0.000000e+00	0.000000e+00	
985	6.635119e-03	0.000000e+00	0.000000e+00	
986	6.645119e-03	0.000000e+00	0.000000e+00	
987	6.655119e-03	0.000000e+00	0.000000e+00	
988	6.665119e-03	0.000000e+00	0.000000e+00	
989	6.675119e-03	0.000000e+00	0.000000e+00	
990	6.685119e-03	0.000000e+00	0.000000e+00	
991	6.695119e-03	0.000000e+00	0.000000e+00	
992	6.705119e-03	0.000000e+00	0.000000e+00	
993	6.715119e-03	0.000000e+00	0.000000e+00	
994	6.725119e-03	0.000000e+00	0.000000e+00	
995	6.735119e-03	0.000000e+00	0.000000e+00	
996	6.745119e-03	0.000000e+00	0.000000e+00	
997	6.755119e-03	0.000000e+00	0.000000e+00	
998	6.765119e-03	0.000000e+00	0.000000e+00	
999	6.775119e-03	0.000000e+00	0.000000e+00	
1000	6.785119e-03	0.000000e+00	0.000000e+00	
1001	6.795119e-03	0.000000e+00	0.000000e+00	
1002	6.805119e-03	0.000000e+00	0.000000e+00	
1003	6.815119e-03	0.000000e+00	0.000000e+00	
1004	6.825119e-03	0.000000e+00	0.000000e+00	
1005	6.835119e-03	0.000000e+00	0.000000e+00	
1006	6.845119e-03	0.000000e+00	0.000000e+00	
1007	6.855119e-03	0.000000e+00	0.000000e+00	
1008	6.865119e-03	0.000000e+00	0.000000e+00	
1009	6.875119e-03	0.000000e+00	0.000000e+00	
1010	6.885119e-03	0.000000e+00	0.000000e+00	
1011	6.895119e-03	0.000000e+00	0.000000e+00	
1012	6.905119e-03	0.000000e+00	0.000000e+00	
1013	6.915119e-03	0.000000e+00	0.000000e+00	
1014	6.925119e-03	0.000000e+00	0.000000e+00	
1015	6.935119e-03	0.000000e+00	0.000000e+00	
1016	6.945119e-03	0.000000e+00	0.000000e+00	
1017	6.955119e-03	0.000000e+00	0.000000e+00	
1018	6.965119e-03	0.000000e+00	0.000000e+00	
1019	6.975119e-03	0.000000e+00	0.000000e+00	
1020	6.985119e-03	0.000000e+00	0.000000e+00	
1021	6.995119e-03	0.000000e+00	0.000000e+00	
1022	7.000010e-03	0.000000e+00	0.000000e+00	
1023	7.000011e-03	0.000000e+00	0.000000e+00	
1024	7.000013e-03	0.000000e+00	0.000000e+00	
1025	7.000017e-03	0.000000e+00	0.000000e+00	
1026	7.000019e-03	0.000000e+00	0.000000e+00	
1027	7.000019e-03	0.000000e+00	0.000000e+00	
1028	7.000019e-03	0.000000e+00	0.000000e+00	
1029	7.000020e-03	0.000000e+00	0.000000e+00	
1030	7.000020e-03	0.000000e+00	0.000000e+00	
1031	7.000020e-03	0.000000e+00	0.000000e+00	
1032	7.000020e-03	0.000000e+00	0.000000e+00	
1033	7.000020e-03	0.000000e+00	0.000000e+00	
1034	7.000020e-03	0.000000e+00	0.000000e+00	
1035	7.000020e-03	0.000000e+00	0.000000e+00	
1036	7.000020e-03	0.000000e+00	0.000000e+00	
1037	7.000020e-03	0.000000e+00	0.000000e+00	
1038	7.000020e-03	0.000000e+00	0.000000e+00	
1039	7.000020e-03	0.000000e+00	0.000000e+00	
1040	7.000021e-03	0.000000e+00	0.000000e+00	

Index   time            v11#branch      v12#branch      
--------------------------------------------------------------------------------
1041	7.000021e-03	0.000000e+00	0.000000e+00	
1042	7.000022e-03	0.000000e+00	0.000000e+00	
1043	7.000023e-03	0.000000e+00	0.000000e+00	
1044	7.000023e-03	0.000000e+00	0.000000e+00	
1045	7.000023e-03	0.000000e+00	0.000000e+00	
1046	7.000023e-03	0.000000e+00	0.000000e+00	
1047	7.000023e-03	0.000000e+00	0.000000e+00	
1048	7.000023e-03	0.000000e+00	0.000000e+00	
1049	7.000023e-03	0.000000e+00	0.000000e+00	
1050	7.000023e-03	0.000000e+00	0.000000e+00	
1051	7.000023e-03	0.000000e+00	0.000000e+00	
1052	7.000023e-03	0.000000e+00	0.000000e+00	
1053	7.000024e-03	0.000000e+00	0.000000e+00	
1054	7.000024e-03	0.000000e+00	0.000000e+00	
1055	7.000025e-03	0.000000e+00	0.000000e+00	
1056	7.000027e-03	0.000000e+00	0.000000e+00	
1057	7.000031e-03	0.000000e+00	0.000000e+00	
1058	7.000039e-03	0.000000e+00	0.000000e+00	
1059	7.000056e-03	0.000000e+00	0.000000e+00	
1060	7.000089e-03	0.000000e+00	0.000000e+00	
1061	7.000154e-03	0.000000e+00	0.000000e+00	
1062	7.000285e-03	0.000000e+00	0.000000e+00	
1063	7.000547e-03	0.000000e+00	0.000000e+00	
1064	7.001072e-03	0.000000e+00	0.000000e+00	
1065	7.002120e-03	0.000000e+00	0.000000e+00	
1066	7.004217e-03	0.000000e+00	0.000000e+00	
1067	7.008412e-03	0.000000e+00	0.000000e+00	
1068	7.016800e-03	0.000000e+00	0.000000e+00	
1069	7.026800e-03	0.000000e+00	0.000000e+00	
1070	7.036800e-03	0.000000e+00	0.000000e+00	
1071	7.046800e-03	0.000000e+00	0.000000e+00	
1072	7.056800e-03	0.000000e+00	0.000000e+00	
1073	7.066800e-03	0.000000e+00	0.000000e+00	
1074	7.076800e-03	0.000000e+00	0.000000e+00	
1075	7.086800e-03	0.000000e+00	0.000000e+00	
1076	7.096800e-03	0.000000e+00	0.000000e+00	
1077	7.106800e-03	0.000000e+00	0.000000e+00	
1078	7.116800e-03	0.000000e+00	0.000000e+00	
1079	7.126800e-03	0.000000e+00	0.000000e+00	
1080	7.136800e-03	0.000000e+00	0.000000e+00	
1081	7.146800e-03	0.000000e+00	0.000000e+00	
1082	7.156800e-03	0.000000e+00	0.000000e+00	
1083	7.166800e-03	0.000000e+00	0.000000e+00	
1084	7.176800e-03	0.000000e+00	0.000000e+00	
1085	7.186800e-03	0.000000e+00	0.000000e+00	
1086	7.196800e-03	0.000000e+00	0.000000e+00	
1087	7.206800e-03	0.000000e+00	0.000000e+00	
1088	7.216800e-03	0.000000e+00	0.000000e+00	
1089	7.226800e-03	0.000000e+00	0.000000e+00	
1090	7.236800e-03	0.000000e+00	0.000000e+00	
1091	7.246800e-03	0.000000e+00	0.000000e+00	
1092	7.256800e-03	0.000000e+00	0.000000e+00	
1093	7.266800e-03	0.000000e+00	0.000000e+00	
1094	7.276800e-03	0.000000e+00	0.000000e+00	
1095	7.286800e-03	0.000000e+00	0.000000e+00	
1096	7.296800e-03	0.000000e+00	0.000000e+00	
1097	7.306800e-03	0.000000e+00	0.000000e+00	
1098	7.316800e-03	0.000000e+00	0.000000e+00	

Index   time            v11#branch      v12#branch      
--------------------------------------------------------------------------------
1099	7.326800e-03	0.000000e+00	0.000000e+00	
1100	7.336800e-03	0.000000e+00	0.000000e+00	
1101	7.346800e-03	0.000000e+00	0.000000e+00	
1102	7.356800e-03	0.000000e+00	0.000000e+00	
1103	7.366800e-03	0.000000e+00	0.000000e+00	
1104	7.376800e-03	0.000000e+00	0.000000e+00	
1105	7.386800e-03	0.000000e+00	0.000000e+00	
1106	7.396800e-03	0.000000e+00	0.000000e+00	
1107	7.406800e-03	0.000000e+00	0.000000e+00	
1108	7.416800e-03	0.000000e+00	0.000000e+00	
1109	7.426800e-03	0.000000e+00	0.000000e+00	
1110	7.436800e-03	0.000000e+00	0.000000e+00	
1111	7.446800e-03	0.000000e+00	0.000000e+00	
1112	7.456800e-03	0.000000e+00	0.000000e+00	
1113	7.466800e-03	0.000000e+00	0.000000e+00	
1114	7.476800e-03	0.000000e+00	0.000000e+00	
1115	7.486800e-03	0.000000e+00	0.000000e+00	
1116	7.496800e-03	0.000000e+00	0.000000e+00	
1117	7.506800e-03	0.000000e+00	0.000000e+00	
1118	7.516800e-03	0.000000e+00	0.000000e+00	
1119	7.526800e-03	0.000000e+00	0.000000e+00	
1120	7.536800e-03	0.000000e+00	0.000000e+00	
1121	7.546800e-03	0.000000e+00	0.000000e+00	
1122	7.556800e-03	0.000000e+00	0.000000e+00	
1123	7.566800e-03	0.000000e+00	0.000000e+00	
1124	7.576800e-03	0.000000e+00	0.000000e+00	
1125	7.586800e-03	0.000000e+00	0.000000e+00	
1126	7.596800e-03	0.000000e+00	0.000000e+00	
1127	7.606800e-03	0.000000e+00	0.000000e+00	
1128	7.616800e-03	0.000000e+00	0.000000e+00	
1129	7.626800e-03	0.000000e+00	0.000000e+00	
1130	7.636800e-03	0.000000e+00	0.000000e+00	
1131	7.646800e-03	0.000000e+00	0.000000e+00	
1132	7.656800e-03	0.000000e+00	0.000000e+00	
1133	7.666800e-03	0.000000e+00	0.000000e+00	
1134	7.676800e-03	0.000000e+00	0.000000e+00	
1135	7.686800e-03	0.000000e+00	0.000000e+00	
1136	7.696800e-03	0.000000e+00	0.000000e+00	
1137	7.706800e-03	0.000000e+00	0.000000e+00	
1138	7.716800e-03	0.000000e+00	0.000000e+00	
1139	7.726800e-03	0.000000e+00	0.000000e+00	
1140	7.736800e-03	0.000000e+00	0.000000e+00	
1141	7.746800e-03	0.000000e+00	0.000000e+00	
1142	7.756800e-03	0.000000e+00	0.000000e+00	
1143	7.766800e-03	0.000000e+00	0.000000e+00	
1144	7.776800e-03	0.000000e+00	0.000000e+00	
1145	7.786800e-03	0.000000e+00	0.000000e+00	
1146	7.796800e-03	0.000000e+00	0.000000e+00	
1147	7.806800e-03	0.000000e+00	0.000000e+00	
1148	7.816800e-03	0.000000e+00	0.000000e+00	
1149	7.826800e-03	0.000000e+00	0.000000e+00	
1150	7.836800e-03	0.000000e+00	0.000000e+00	
1151	7.846800e-03	0.000000e+00	0.000000e+00	
1152	7.856800e-03	0.000000e+00	0.000000e+00	
1153	7.866800e-03	0.000000e+00	0.000000e+00	
1154	7.876800e-03	0.000000e+00	0.000000e+00	
1155	7.886800e-03	0.000000e+00	0.000000e+00	
1156	7.896800e-03	0.000000e+00	0.000000e+00	

Index   time            v11#branch      v12#branch      
--------------------------------------------------------------------------------
1157	7.906800e-03	0.000000e+00	0.000000e+00	
1158	7.916800e-03	0.000000e+00	0.000000e+00	
1159	7.926800e-03	0.000000e+00	0.000000e+00	
1160	7.936800e-03	0.000000e+00	0.000000e+00	
1161	7.946800e-03	0.000000e+00	0.000000e+00	
1162	7.956800e-03	0.000000e+00	0.000000e+00	
1163	7.966800e-03	0.000000e+00	0.000000e+00	
1164	7.976800e-03	0.000000e+00	0.000000e+00	
1165	7.986800e-03	0.000000e+00	0.000000e+00	
1166	7.996800e-03	0.000000e+00	0.000000e+00	
1167	8.000000e-03	0.000000e+00	0.000000e+00	
