                                kicad schematic
                                Transient Analysis  Mon Nov 03 10:54:37  2025
--------------------------------------------------------------------------------
Index   time            V(1/s2)         V(2/b2)         V(3/a2)         
--------------------------------------------------------------------------------
0	0.000000e+00	0.000000e+00	0.000000e+00	0.000000e+00	
1	1.000000e-10	0.000000e+00	5.000000e-02	5.000000e-02	
2	2.000000e-10	0.000000e+00	1.000000e-01	1.000000e-01	
3	4.000000e-10	0.000000e+00	2.000000e-01	2.000000e-01	
4	8.000000e-10	0.000000e+00	4.000000e-01	4.000000e-01	
5	1.600000e-09	0.000000e+00	8.000000e-01	8.000000e-01	
6	3.200000e-09	0.000000e+00	1.600000e+00	1.600000e+00	
7	6.400000e-09	0.000000e+00	3.200000e+00	3.200000e+00	
8	7.200000e-09	0.000000e+00	3.600000e+00	3.600000e+00	
9	7.210000e-09	0.000000e+00	3.605000e+00	3.605000e+00	
10	7.230000e-09	0.000000e+00	3.615000e+00	3.615000e+00	
11	7.270000e-09	0.000000e+00	3.635000e+00	3.635000e+00	
12	7.300000e-09	0.000000e+00	3.650000e+00	3.650000e+00	
13	7.308000e-09	0.000000e+00	3.654000e+00	3.654000e+00	
14	7.324000e-09	0.000000e+00	3.662000e+00	3.662000e+00	
15	7.356000e-09	0.000000e+00	3.678000e+00	3.678000e+00	
16	7.420000e-09	0.000000e+00	3.710000e+00	3.710000e+00	
17	7.548000e-09	0.000000e+00	3.774000e+00	3.774000e+00	
18	7.804000e-09	0.000000e+00	3.902000e+00	3.902000e+00	
19	8.200000e-09	0.000000e+00	4.100000e+00	4.100000e+00	
20	8.210000e-09	5.000000e-02	4.105000e+00	4.105000e+00	
21	8.230000e-09	1.500000e-01	4.115000e+00	4.115000e+00	
22	8.270000e-09	3.500000e-01	4.135000e+00	4.135000e+00	
23	8.300000e-09	5.000000e-01	4.150000e+00	4.150000e+00	
24	8.308000e-09	5.000000e-01	4.154000e+00	4.154000e+00	
25	8.324000e-09	5.000000e-01	4.162000e+00	4.162000e+00	
26	8.356000e-09	5.000000e-01	4.178000e+00	4.178000e+00	
27	8.420000e-09	5.000000e-01	4.210000e+00	4.210000e+00	
28	8.548000e-09	5.000000e-01	4.274000e+00	4.274000e+00	
29	8.804000e-09	5.000000e-01	4.402000e+00	4.402000e+00	
30	9.200000e-09	5.000000e-01	4.600000e+00	4.600000e+00	
31	9.210000e-09	5.000000e-01	4.605000e+00	4.605000e+00	
32	9.230000e-09	5.000000e-01	4.615000e+00	4.615000e+00	
33	9.270000e-09	5.000000e-01	4.635000e+00	4.635000e+00	
34	9.300000e-09	5.000000e-01	4.650000e+00	4.650000e+00	
35	9.308000e-09	5.000000e-01	4.654000e+00	4.654000e+00	
36	9.324000e-09	5.000000e-01	4.662000e+00	4.662000e+00	
37	9.356000e-09	5.000000e-01	4.678000e+00	4.678000e+00	
38	9.420000e-09	5.000000e-01	4.710000e+00	4.710000e+00	
39	9.548000e-09	5.000000e-01	4.774000e+00	4.774000e+00	
40	9.804000e-09	5.000000e-01	4.902000e+00	4.902000e+00	
41	1.000000e-08	5.000000e-01	5.000000e+00	5.000000e+00	
42	1.005120e-08	5.000000e-01	5.000000e+00	5.000000e+00	
43	1.015360e-08	5.000000e-01	5.000000e+00	5.000000e+00	
44	1.035840e-08	5.000000e-01	5.000000e+00	5.000000e+00	
45	1.076800e-08	5.000000e-01	5.000000e+00	5.000000e+00	
46	1.140000e-08	5.000000e-01	5.000000e+00	5.000000e+00	
47	1.148192e-08	5.000000e-01	5.000000e+00	5.000000e+00	
48	1.164576e-08	5.000000e-01	5.000000e+00	5.000000e+00	
49	1.197344e-08	5.000000e-01	5.000000e+00	5.000000e+00	
50	1.230000e-08	5.000000e-01	5.000000e+00	5.000000e+00	
51	1.236554e-08	5.000000e-01	5.000000e+00	5.000000e+00	
52	1.240000e-08	5.000000e-01	5.000000e+00	5.000000e+00	
53	1.241311e-08	5.655360e-01	5.000000e+00	5.000000e+00	
54	1.243932e-08	6.966080e-01	5.000000e+00	5.000000e+00	

Index   time            V(1/s2)         V(2/b2)         V(3/a2)         
--------------------------------------------------------------------------------
55	1.249175e-08	9.587520e-01	5.000000e+00	5.000000e+00	
56	1.259661e-08	1.483040e+00	5.000000e+00	5.000000e+00	
57	1.280632e-08	2.531616e+00	5.000000e+00	5.000000e+00	
58	1.322575e-08	4.628768e+00	5.000000e+00	5.000000e+00	
59	1.330000e-08	5.000000e+00	5.000000e+00	5.000000e+00	
60	1.338389e-08	5.000000e+00	5.000000e+00	5.000000e+00	
61	1.340000e-08	5.000000e+00	5.000000e+00	5.000000e+00	
62	1.341678e-08	5.000000e+00	5.000000e+00	5.000000e+00	
63	1.345033e-08	5.000000e+00	5.000000e+00	5.000000e+00	
64	1.351744e-08	5.000000e+00	5.000000e+00	5.000000e+00	
65	1.365166e-08	5.000000e+00	5.000000e+00	5.000000e+00	
66	1.392009e-08	5.000000e+00	5.000000e+00	5.000000e+00	
67	1.430000e-08	5.000000e+00	5.000000e+00	5.000000e+00	
68	1.435369e-08	5.000000e+00	5.000000e+00	5.000000e+00	
69	1.440000e-08	5.000000e+00	5.000000e+00	5.000000e+00	
70	1.441074e-08	5.000000e+00	5.000000e+00	5.000000e+00	
71	1.443221e-08	5.000000e+00	5.000000e+00	5.000000e+00	
72	1.447516e-08	5.000000e+00	5.000000e+00	5.000000e+00	
73	1.456106e-08	5.000000e+00	5.000000e+00	5.000000e+00	
74	1.473286e-08	5.000000e+00	5.000000e+00	5.000000e+00	
75	1.507646e-08	5.000000e+00	5.000000e+00	5.000000e+00	
76	1.530000e-08	5.000000e+00	5.000000e+00	5.000000e+00	
77	1.536872e-08	5.000000e+00	5.000000e+00	5.000000e+00	
78	1.550616e-08	5.000000e+00	5.000000e+00	5.000000e+00	
79	1.578104e-08	5.000000e+00	5.000000e+00	5.000000e+00	
80	1.633079e-08	5.000000e+00	5.000000e+00	5.000000e+00	
81	1.743030e-08	5.000000e+00	5.000000e+00	5.000000e+00	
82	1.962933e-08	5.000000e+00	5.000000e+00	5.000000e+00	
83	2.402737e-08	5.000000e+00	5.000000e+00	5.000000e+00	
84	3.282347e-08	5.000000e+00	5.000000e+00	5.000000e+00	
85	5.041565e-08	5.000000e+00	5.000000e+00	5.000000e+00	
86	8.560002e-08	5.000000e+00	5.000000e+00	5.000000e+00	
87	1.559688e-07	5.000000e+00	5.000000e+00	5.000000e+00	
88	2.967063e-07	5.000000e+00	5.000000e+00	5.000000e+00	
89	5.781812e-07	5.000000e+00	5.000000e+00	5.000000e+00	
90	1.141131e-06	5.000000e+00	5.000000e+00	5.000000e+00	
91	2.267031e-06	5.000000e+00	5.000000e+00	5.000000e+00	
92	4.518831e-06	5.000000e+00	5.000000e+00	5.000000e+00	
93	9.022431e-06	5.000000e+00	5.000000e+00	5.000000e+00	
94	1.802963e-05	5.000000e+00	5.000000e+00	5.000000e+00	
95	3.604403e-05	5.000000e+00	5.000000e+00	5.000000e+00	
96	7.207283e-05	5.000000e+00	5.000000e+00	5.000000e+00	
97	1.441304e-04	5.000000e+00	5.000000e+00	5.000000e+00	
98	2.441304e-04	5.000000e+00	5.000000e+00	5.000000e+00	
99	3.441304e-04	5.000000e+00	5.000000e+00	5.000000e+00	
100	4.441304e-04	5.000000e+00	5.000000e+00	5.000000e+00	
101	5.441304e-04	5.000000e+00	5.000000e+00	5.000000e+00	
102	6.441304e-04	5.000000e+00	5.000000e+00	5.000000e+00	
103	7.441304e-04	5.000000e+00	5.000000e+00	5.000000e+00	
104	8.441304e-04	5.000000e+00	5.000000e+00	5.000000e+00	
105	9.441304e-04	5.000000e+00	5.000000e+00	5.000000e+00	
106	1.000010e-03	5.000000e+00	5.000000e+00	5.000000e+00	
107	1.000011e-03	5.000000e+00	5.000000e+00	5.000000e+00	
108	1.000013e-03	5.000000e+00	5.000000e+00	5.000000e+00	
109	1.000017e-03	5.000000e+00	5.000000e+00	5.000000e+00	
110	1.000020e-03	5.000000e+00	5.000000e+00	5.000000e+00	
111	1.000021e-03	5.000000e+00	5.000000e+00	5.000000e+00	
112	1.000021e-03	5.000000e+00	5.000000e+00	5.000000e+00	

Index   time            V(1/s2)         V(2/b2)         V(3/a2)         
--------------------------------------------------------------------------------
113	1.000021e-03	5.000000e+00	5.000000e+00	5.000000e+00	
114	1.000021e-03	5.000000e+00	5.000000e+00	5.000000e+00	
115	1.000022e-03	5.000000e+00	5.000000e+00	5.000000e+00	
116	1.000022e-03	5.000000e+00	5.000000e+00	5.000000e+00	
117	1.000022e-03	5.000000e+00	5.000000e+00	5.000000e+00	
118	1.000022e-03	5.000000e+00	5.000000e+00	5.000000e+00	
119	1.000022e-03	5.000000e+00	5.000000e+00	5.000000e+00	
120	1.000023e-03	5.000000e+00	5.000000e+00	5.000000e+00	
121	1.000023e-03	5.000000e+00	5.000000e+00	5.000000e+00	
122	1.000023e-03	4.800000e+00	5.000000e+00	5.000000e+00	
123	1.000023e-03	4.400000e+00	5.000000e+00	5.000000e+00	
124	1.000023e-03	3.600000e+00	5.000000e+00	5.000000e+00	
125	1.000024e-03	2.000000e+00	5.000000e+00	5.000000e+00	
126	1.000024e-03	5.000000e-01	5.000000e+00	5.000000e+00	
127	1.000024e-03	5.000000e-01	5.000000e+00	5.000000e+00	
128	1.000024e-03	5.000000e-01	5.000000e+00	5.000000e+00	
129	1.000024e-03	5.000000e-01	5.000000e+00	5.000000e+00	
130	1.000025e-03	5.000000e-01	5.000000e+00	5.000000e+00	
131	1.000025e-03	5.000000e-01	5.000000e+00	5.000000e+00	
132	1.000025e-03	5.000000e-01	5.000000e+00	5.000000e+00	
133	1.000025e-03	5.000000e-01	5.000000e+00	5.000000e+00	
134	1.000025e-03	5.000000e-01	5.000000e+00	5.000000e+00	
135	1.000025e-03	5.000000e-01	5.000000e+00	5.000000e+00	
136	1.000025e-03	5.000000e-01	5.000000e+00	5.000000e+00	
137	1.000025e-03	5.000000e-01	5.000000e+00	5.000000e+00	
138	1.000025e-03	5.000000e-01	5.000000e+00	5.000000e+00	
139	1.000025e-03	5.000000e-01	5.000000e+00	5.000000e+00	
140	1.000025e-03	5.000000e-01	5.000000e+00	5.000000e+00	
141	1.000026e-03	5.000000e-01	5.000000e+00	5.000000e+00	
142	1.000026e-03	5.000000e-01	5.000000e+00	5.000000e+00	
143	1.000026e-03	4.500000e-01	5.000000e+00	5.000000e+00	
144	1.000026e-03	3.500000e-01	5.000000e+00	5.000000e+00	
145	1.000026e-03	1.500000e-01	5.000000e+00	5.000000e+00	
146	1.000026e-03	0.000000e+00	5.000000e+00	5.000000e+00	
147	1.000026e-03	0.000000e+00	5.000000e+00	5.000000e+00	
148	1.000026e-03	0.000000e+00	5.000000e+00	5.000000e+00	
149	1.000026e-03	0.000000e+00	5.000000e+00	5.000000e+00	
150	1.000026e-03	0.000000e+00	5.000000e+00	5.000000e+00	
151	1.000026e-03	0.000000e+00	5.000000e+00	5.000000e+00	
152	1.000027e-03	0.000000e+00	5.000000e+00	5.000000e+00	
153	1.000027e-03	0.000000e+00	5.000000e+00	5.000000e+00	
154	1.000028e-03	0.000000e+00	5.000000e+00	5.000000e+00	
155	1.000030e-03	0.000000e+00	5.000000e+00	5.000000e+00	
156	1.000034e-03	0.000000e+00	5.000000e+00	5.000000e+00	
157	1.000042e-03	0.000000e+00	5.000000e+00	5.000000e+00	
158	1.000059e-03	0.000000e+00	5.000000e+00	5.000000e+00	
159	1.000092e-03	0.000000e+00	5.000000e+00	5.000000e+00	
160	1.000157e-03	0.000000e+00	5.000000e+00	5.000000e+00	
161	1.000288e-03	0.000000e+00	5.000000e+00	5.000000e+00	
162	1.000550e-03	0.000000e+00	5.000000e+00	5.000000e+00	
163	1.001075e-03	0.000000e+00	5.000000e+00	5.000000e+00	
164	1.002123e-03	0.000000e+00	5.000000e+00	5.000000e+00	
165	1.004220e-03	0.000000e+00	5.000000e+00	5.000000e+00	
166	1.008415e-03	0.000000e+00	5.000000e+00	5.000000e+00	
167	1.016803e-03	0.000000e+00	5.000000e+00	5.000000e+00	
168	1.033581e-03	0.000000e+00	5.000000e+00	5.000000e+00	
169	1.067135e-03	0.000000e+00	5.000000e+00	5.000000e+00	
170	1.134244e-03	0.000000e+00	5.000000e+00	5.000000e+00	

Index   time            V(1/s2)         V(2/b2)         V(3/a2)         
--------------------------------------------------------------------------------
171	1.234244e-03	0.000000e+00	5.000000e+00	5.000000e+00	
172	1.334244e-03	0.000000e+00	5.000000e+00	5.000000e+00	
173	1.434244e-03	0.000000e+00	5.000000e+00	5.000000e+00	
174	1.534244e-03	0.000000e+00	5.000000e+00	5.000000e+00	
175	1.634244e-03	0.000000e+00	5.000000e+00	5.000000e+00	
176	1.734244e-03	0.000000e+00	5.000000e+00	5.000000e+00	
177	1.834244e-03	0.000000e+00	5.000000e+00	5.000000e+00	
178	1.934244e-03	0.000000e+00	5.000000e+00	5.000000e+00	
179	2.000000e-03	0.000000e+00	5.000000e+00	5.000000e+00	
180	2.000001e-03	0.000000e+00	5.000000e+00	5.000000e+00	
181	2.000003e-03	0.000000e+00	5.000000e+00	5.000000e+00	
182	2.000007e-03	0.000000e+00	5.000000e+00	5.000000e+00	
183	2.000007e-03	0.000000e+00	5.000000e+00	5.000000e+00	
184	2.000007e-03	0.000000e+00	5.000000e+00	5.000000e+00	
185	2.000007e-03	0.000000e+00	5.000000e+00	5.000000e+00	
186	2.000007e-03	0.000000e+00	5.000000e+00	5.000000e+00	
187	2.000007e-03	0.000000e+00	5.000000e+00	5.000000e+00	
188	2.000007e-03	0.000000e+00	5.000000e+00	5.000000e+00	
189	2.000007e-03	0.000000e+00	5.000000e+00	5.000000e+00	
190	2.000007e-03	0.000000e+00	5.000000e+00	5.000000e+00	
191	2.000007e-03	0.000000e+00	5.000000e+00	5.000000e+00	
192	2.000008e-03	0.000000e+00	5.000000e+00	5.000000e+00	
193	2.000008e-03	0.000000e+00	5.000000e+00	5.000000e+00	
194	2.000009e-03	0.000000e+00	5.000000e+00	5.000000e+00	
195	2.000009e-03	5.000000e-02	5.000000e+00	5.000000e+00	
196	2.000009e-03	1.500000e-01	5.000000e+00	5.000000e+00	
197	2.000009e-03	3.500000e-01	5.000000e+00	5.000000e+00	
198	2.000009e-03	5.000000e-01	5.000000e+00	5.000000e+00	
199	2.000009e-03	5.000000e-01	5.000000e+00	5.000000e+00	
200	2.000009e-03	5.000000e-01	5.000000e+00	5.000000e+00	
201	2.000009e-03	5.000000e-01	5.000000e+00	5.000000e+00	
202	2.000009e-03	5.000000e-01	5.000000e+00	5.000000e+00	
203	2.000009e-03	5.000000e-01	5.000000e+00	5.000000e+00	
204	2.000010e-03	5.000000e-01	5.000000e+00	5.000000e+00	
205	2.000010e-03	5.000000e-01	5.000000e+00	5.000000e+00	
206	2.000010e-03	5.000000e-01	4.974400e+00	4.974400e+00	
207	2.000010e-03	5.000000e-01	4.923200e+00	4.923200e+00	
208	2.000010e-03	5.000000e-01	4.820800e+00	4.820800e+00	
209	2.000011e-03	5.000000e-01	4.616000e+00	4.616000e+00	
210	2.000012e-03	5.000000e-01	4.206400e+00	4.206400e+00	
211	2.000012e-03	5.000000e-01	4.000000e+00	4.000000e+00	
212	2.000012e-03	5.000000e-01	3.955000e+00	3.955000e+00	
213	2.000012e-03	5.000000e-01	3.865000e+00	3.865000e+00	
214	2.000013e-03	5.000000e-01	3.685000e+00	3.685000e+00	
215	2.000013e-03	5.000000e-01	3.550000e+00	3.550000e+00	
216	2.000013e-03	5.000000e-01	3.514000e+00	3.514000e+00	
217	2.000013e-03	5.000000e-01	3.500000e+00	3.500000e+00	
218	2.000013e-03	5.720000e-01	3.492800e+00	3.492800e+00	
219	2.000013e-03	7.160000e-01	3.478400e+00	3.478400e+00	
220	2.000013e-03	1.004000e+00	3.449600e+00	3.449600e+00	
221	2.000013e-03	1.580000e+00	3.392000e+00	3.392000e+00	
222	2.000013e-03	2.732000e+00	3.276800e+00	3.276800e+00	
223	2.000014e-03	5.000000e+00	3.050000e+00	3.050000e+00	
224	2.000014e-03	5.000000e+00	3.026960e+00	3.026960e+00	
225	2.000014e-03	5.000000e+00	2.980880e+00	2.980880e+00	
226	2.000014e-03	5.000000e+00	2.888720e+00	2.888720e+00	
227	2.000015e-03	5.000000e+00	2.704400e+00	2.704400e+00	
228	2.000015e-03	5.000000e+00	2.335760e+00	2.335760e+00	

Index   time            V(1/s2)         V(2/b2)         V(3/a2)         
--------------------------------------------------------------------------------
229	2.000017e-03	5.000000e+00	1.598480e+00	1.598480e+00	
230	2.000020e-03	5.000000e+00	1.239200e-01	1.239200e-01	
231	2.000020e-03	5.000000e+00	0.000000e+00	0.000000e+00	
232	2.000020e-03	5.000000e+00	0.000000e+00	0.000000e+00	
233	2.000021e-03	5.000000e+00	0.000000e+00	0.000000e+00	
234	2.000022e-03	5.000000e+00	0.000000e+00	0.000000e+00	
235	2.000022e-03	4.550000e+00	0.000000e+00	0.000000e+00	
236	2.000022e-03	3.650000e+00	0.000000e+00	0.000000e+00	
237	2.000022e-03	1.850000e+00	0.000000e+00	0.000000e+00	
238	2.000023e-03	5.000000e-01	0.000000e+00	0.000000e+00	
239	2.000023e-03	5.000000e-01	0.000000e+00	0.000000e+00	
240	2.000023e-03	5.000000e-01	0.000000e+00	0.000000e+00	
241	2.000023e-03	5.000000e-01	0.000000e+00	0.000000e+00	
242	2.000024e-03	5.000000e-01	0.000000e+00	0.000000e+00	
243	2.000024e-03	5.000000e-01	0.000000e+00	0.000000e+00	
244	2.000024e-03	5.000000e-01	0.000000e+00	0.000000e+00	
245	2.000024e-03	5.000000e-01	0.000000e+00	0.000000e+00	
246	2.000024e-03	5.000000e-01	0.000000e+00	0.000000e+00	
247	2.000024e-03	5.000000e-01	0.000000e+00	0.000000e+00	
248	2.000025e-03	5.000000e-01	0.000000e+00	0.000000e+00	
249	2.000025e-03	5.000000e-01	0.000000e+00	0.000000e+00	
250	2.000025e-03	5.320000e-01	0.000000e+00	0.000000e+00	
251	2.000025e-03	5.960000e-01	0.000000e+00	0.000000e+00	
252	2.000025e-03	7.240000e-01	0.000000e+00	0.000000e+00	
253	2.000025e-03	9.800000e-01	0.000000e+00	0.000000e+00	
254	2.000025e-03	1.492000e+00	0.000000e+00	0.000000e+00	
255	2.000025e-03	2.516000e+00	0.000000e+00	0.000000e+00	
256	2.000026e-03	4.564000e+00	0.000000e+00	0.000000e+00	
257	2.000026e-03	5.000000e+00	0.000000e+00	0.000000e+00	
258	2.000026e-03	5.000000e+00	0.000000e+00	0.000000e+00	
259	2.000026e-03	5.000000e+00	0.000000e+00	0.000000e+00	
260	2.000026e-03	5.000000e+00	0.000000e+00	0.000000e+00	
261	2.000027e-03	5.000000e+00	0.000000e+00	0.000000e+00	
262	2.000028e-03	5.000000e+00	0.000000e+00	0.000000e+00	
263	2.000028e-03	5.000000e+00	0.000000e+00	0.000000e+00	
264	2.000028e-03	5.000000e+00	0.000000e+00	0.000000e+00	
265	2.000028e-03	5.000000e+00	0.000000e+00	0.000000e+00	
266	2.000028e-03	5.000000e+00	0.000000e+00	0.000000e+00	
267	2.000028e-03	5.000000e+00	0.000000e+00	0.000000e+00	
268	2.000028e-03	5.000000e+00	0.000000e+00	0.000000e+00	
269	2.000028e-03	5.000000e+00	0.000000e+00	0.000000e+00	
270	2.000028e-03	5.000000e+00	0.000000e+00	0.000000e+00	
271	2.000028e-03	5.000000e+00	0.000000e+00	0.000000e+00	
272	2.000028e-03	5.000000e+00	0.000000e+00	0.000000e+00	
273	2.000029e-03	5.000000e+00	0.000000e+00	0.000000e+00	
274	2.000030e-03	5.000000e+00	0.000000e+00	0.000000e+00	
275	2.000032e-03	5.000000e+00	0.000000e+00	0.000000e+00	
276	2.000036e-03	5.000000e+00	0.000000e+00	0.000000e+00	
277	2.000044e-03	5.000000e+00	0.000000e+00	0.000000e+00	
278	2.000061e-03	5.000000e+00	0.000000e+00	0.000000e+00	
279	2.000093e-03	5.000000e+00	0.000000e+00	0.000000e+00	
280	2.000159e-03	5.000000e+00	0.000000e+00	0.000000e+00	
281	2.000290e-03	5.000000e+00	0.000000e+00	0.000000e+00	
282	2.000552e-03	5.000000e+00	0.000000e+00	0.000000e+00	
283	2.001076e-03	5.000000e+00	0.000000e+00	0.000000e+00	
284	2.002125e-03	5.000000e+00	0.000000e+00	0.000000e+00	
285	2.004222e-03	5.000000e+00	0.000000e+00	0.000000e+00	
286	2.008416e-03	5.000000e+00	0.000000e+00	0.000000e+00	

Index   time            V(1/s2)         V(2/b2)         V(3/a2)         
--------------------------------------------------------------------------------
287	2.016805e-03	5.000000e+00	0.000000e+00	0.000000e+00	
288	2.033582e-03	5.000000e+00	0.000000e+00	0.000000e+00	
289	2.067137e-03	5.000000e+00	0.000000e+00	0.000000e+00	
290	2.134246e-03	5.000000e+00	0.000000e+00	0.000000e+00	
291	2.234246e-03	5.000000e+00	0.000000e+00	0.000000e+00	
292	2.334246e-03	5.000000e+00	0.000000e+00	0.000000e+00	
293	2.434246e-03	5.000000e+00	0.000000e+00	0.000000e+00	
294	2.534246e-03	5.000000e+00	0.000000e+00	0.000000e+00	
295	2.634246e-03	5.000000e+00	0.000000e+00	0.000000e+00	
296	2.734246e-03	5.000000e+00	0.000000e+00	0.000000e+00	
297	2.834246e-03	5.000000e+00	0.000000e+00	0.000000e+00	
298	2.934246e-03	5.000000e+00	0.000000e+00	0.000000e+00	
299	3.000010e-03	5.000000e+00	0.000000e+00	0.000000e+00	
300	3.000011e-03	5.000000e+00	0.000000e+00	0.000000e+00	
301	3.000013e-03	5.000000e+00	0.000000e+00	0.000000e+00	
302	3.000017e-03	5.000000e+00	0.000000e+00	0.000000e+00	
303	3.000020e-03	5.000000e+00	0.000000e+00	0.000000e+00	
304	3.000021e-03	5.000000e+00	0.000000e+00	0.000000e+00	
305	3.000021e-03	5.000000e+00	0.000000e+00	0.000000e+00	
306	3.000021e-03	5.000000e+00	0.000000e+00	0.000000e+00	
307	3.000021e-03	5.000000e+00	0.000000e+00	0.000000e+00	
308	3.000022e-03	5.000000e+00	0.000000e+00	0.000000e+00	
309	3.000022e-03	5.000000e+00	0.000000e+00	0.000000e+00	
310	3.000022e-03	5.000000e+00	0.000000e+00	0.000000e+00	
311	3.000022e-03	5.000000e+00	0.000000e+00	0.000000e+00	
312	3.000022e-03	5.000000e+00	0.000000e+00	0.000000e+00	
313	3.000023e-03	5.000000e+00	0.000000e+00	0.000000e+00	
314	3.000023e-03	5.000000e+00	0.000000e+00	0.000000e+00	
315	3.000023e-03	4.800000e+00	0.000000e+00	0.000000e+00	
316	3.000023e-03	4.400000e+00	0.000000e+00	0.000000e+00	
317	3.000023e-03	3.600000e+00	0.000000e+00	0.000000e+00	
318	3.000024e-03	2.000000e+00	0.000000e+00	0.000000e+00	
319	3.000024e-03	5.000000e-01	0.000000e+00	0.000000e+00	
320	3.000024e-03	5.000000e-01	0.000000e+00	0.000000e+00	
321	3.000024e-03	5.000000e-01	0.000000e+00	0.000000e+00	
322	3.000024e-03	5.000000e-01	0.000000e+00	0.000000e+00	
323	3.000025e-03	5.000000e-01	0.000000e+00	0.000000e+00	
324	3.000025e-03	5.000000e-01	0.000000e+00	0.000000e+00	
325	3.000025e-03	5.000000e-01	0.000000e+00	0.000000e+00	
326	3.000025e-03	5.000000e-01	0.000000e+00	0.000000e+00	
327	3.000025e-03	5.000000e-01	0.000000e+00	0.000000e+00	
328	3.000025e-03	5.000000e-01	0.000000e+00	0.000000e+00	
329	3.000025e-03	5.000000e-01	0.000000e+00	0.000000e+00	
330	3.000025e-03	5.000000e-01	0.000000e+00	0.000000e+00	
331	3.000025e-03	5.000000e-01	0.000000e+00	0.000000e+00	
332	3.000025e-03	5.000000e-01	0.000000e+00	0.000000e+00	
333	3.000025e-03	5.000000e-01	0.000000e+00	0.000000e+00	
334	3.000026e-03	5.000000e-01	0.000000e+00	0.000000e+00	
335	3.000026e-03	5.000000e-01	0.000000e+00	0.000000e+00	
336	3.000026e-03	4.500000e-01	0.000000e+00	0.000000e+00	
337	3.000026e-03	3.500000e-01	0.000000e+00	0.000000e+00	
338	3.000026e-03	1.500000e-01	0.000000e+00	0.000000e+00	
339	3.000026e-03	0.000000e+00	0.000000e+00	0.000000e+00	
340	3.000026e-03	0.000000e+00	0.000000e+00	0.000000e+00	
341	3.000026e-03	0.000000e+00	0.000000e+00	0.000000e+00	
342	3.000026e-03	0.000000e+00	0.000000e+00	0.000000e+00	
343	3.000026e-03	0.000000e+00	0.000000e+00	0.000000e+00	
344	3.000026e-03	0.000000e+00	0.000000e+00	0.000000e+00	

Index   time            V(1/s2)         V(2/b2)         V(3/a2)         
--------------------------------------------------------------------------------
345	3.000027e-03	0.000000e+00	0.000000e+00	0.000000e+00	
346	3.000027e-03	0.000000e+00	0.000000e+00	0.000000e+00	
347	3.000028e-03	0.000000e+00	0.000000e+00	0.000000e+00	
348	3.000030e-03	0.000000e+00	0.000000e+00	0.000000e+00	
349	3.000034e-03	0.000000e+00	0.000000e+00	0.000000e+00	
350	3.000042e-03	0.000000e+00	0.000000e+00	0.000000e+00	
351	3.000059e-03	0.000000e+00	0.000000e+00	0.000000e+00	
352	3.000092e-03	0.000000e+00	0.000000e+00	0.000000e+00	
353	3.000157e-03	0.000000e+00	0.000000e+00	0.000000e+00	
354	3.000288e-03	0.000000e+00	0.000000e+00	0.000000e+00	
355	3.000550e-03	0.000000e+00	0.000000e+00	0.000000e+00	
356	3.001075e-03	0.000000e+00	0.000000e+00	0.000000e+00	
357	3.002123e-03	0.000000e+00	0.000000e+00	0.000000e+00	
358	3.004220e-03	0.000000e+00	0.000000e+00	0.000000e+00	
359	3.008415e-03	0.000000e+00	0.000000e+00	0.000000e+00	
360	3.016803e-03	0.000000e+00	0.000000e+00	0.000000e+00	
361	3.033581e-03	0.000000e+00	0.000000e+00	0.000000e+00	
362	3.067135e-03	0.000000e+00	0.000000e+00	0.000000e+00	
363	3.134244e-03	0.000000e+00	0.000000e+00	0.000000e+00	
364	3.234244e-03	0.000000e+00	0.000000e+00	0.000000e+00	
365	3.334244e-03	0.000000e+00	0.000000e+00	0.000000e+00	
366	3.434244e-03	0.000000e+00	0.000000e+00	0.000000e+00	
367	3.534244e-03	0.000000e+00	0.000000e+00	0.000000e+00	
368	3.634244e-03	0.000000e+00	0.000000e+00	0.000000e+00	
369	3.734244e-03	0.000000e+00	0.000000e+00	0.000000e+00	
370	3.834244e-03	0.000000e+00	0.000000e+00	0.000000e+00	
371	3.934244e-03	0.000000e+00	0.000000e+00	0.000000e+00	
372	4.000000e-03	0.000000e+00	0.000000e+00	0.000000e+00	
373	4.000001e-03	0.000000e+00	5.000000e-01	5.000000e-01	
374	4.000003e-03	0.000000e+00	1.500000e+00	1.500000e+00	
375	4.000007e-03	0.000000e+00	3.500000e+00	3.500000e+00	
376	4.000008e-03	0.000000e+00	4.000000e+00	4.000000e+00	
377	4.000008e-03	5.000000e-02	4.005000e+00	4.005000e+00	
378	4.000008e-03	1.500000e-01	4.015000e+00	4.015000e+00	
379	4.000008e-03	3.500000e-01	4.035000e+00	4.035000e+00	
380	4.000008e-03	5.000000e-01	4.050000e+00	4.050000e+00	
381	4.000008e-03	5.000000e-01	4.054000e+00	4.054000e+00	
382	4.000008e-03	5.000000e-01	4.062000e+00	4.062000e+00	
383	4.000008e-03	5.000000e-01	4.078000e+00	4.078000e+00	
384	4.000008e-03	5.000000e-01	4.110000e+00	4.110000e+00	
385	4.000008e-03	5.000000e-01	4.174000e+00	4.174000e+00	
386	4.000009e-03	5.000000e-01	4.302000e+00	4.302000e+00	
387	4.000009e-03	5.000000e-01	4.558000e+00	4.558000e+00	
388	4.000010e-03	5.000000e-01	5.000000e+00	5.000000e+00	
389	4.000010e-03	5.000000e-01	5.000000e+00	5.000000e+00	
390	4.000010e-03	5.000000e-01	5.000000e+00	5.000000e+00	
391	4.000010e-03	5.000000e-01	5.000000e+00	5.000000e+00	
392	4.000010e-03	5.000000e-01	5.000000e+00	5.000000e+00	
393	4.000010e-03	5.000000e-01	5.000000e+00	5.000000e+00	
394	4.000011e-03	5.000000e-01	5.000000e+00	5.000000e+00	
395	4.000011e-03	5.000000e-01	5.000000e+00	5.000000e+00	
396	4.000011e-03	5.000000e-01	5.000000e+00	5.000000e+00	
397	4.000012e-03	5.000000e-01	5.000000e+00	5.000000e+00	
398	4.000012e-03	5.000000e-01	5.000000e+00	5.000000e+00	
399	4.000012e-03	5.000000e-01	5.000000e+00	5.000000e+00	
400	4.000013e-03	5.000000e-01	5.000000e+00	5.000000e+00	
401	4.000013e-03	5.000000e-01	5.000000e+00	5.000000e+00	
402	4.000013e-03	5.000000e-01	5.000000e+00	5.000000e+00	

Index   time            V(1/s2)         V(2/b2)         V(3/a2)         
--------------------------------------------------------------------------------
403	4.000013e-03	5.000000e-01	5.000000e+00	5.000000e+00	
404	4.000013e-03	5.720000e-01	5.000000e+00	5.000000e+00	
405	4.000013e-03	7.160000e-01	5.000000e+00	5.000000e+00	
406	4.000013e-03	1.004000e+00	5.000000e+00	5.000000e+00	
407	4.000013e-03	1.580000e+00	5.000000e+00	5.000000e+00	
408	4.000013e-03	2.732000e+00	5.000000e+00	5.000000e+00	
409	4.000014e-03	5.000000e+00	5.000000e+00	5.000000e+00	
410	4.000014e-03	5.000000e+00	5.000000e+00	5.000000e+00	
411	4.000014e-03	5.000000e+00	5.000000e+00	5.000000e+00	
412	4.000014e-03	5.000000e+00	5.000000e+00	5.000000e+00	
413	4.000014e-03	5.000000e+00	5.000000e+00	5.000000e+00	
414	4.000014e-03	5.000000e+00	5.000000e+00	5.000000e+00	
415	4.000014e-03	5.000000e+00	5.000000e+00	5.000000e+00	
416	4.000014e-03	5.000000e+00	5.000000e+00	5.000000e+00	
417	4.000015e-03	5.000000e+00	5.000000e+00	5.000000e+00	
418	4.000015e-03	5.000000e+00	5.000000e+00	5.000000e+00	
419	4.000015e-03	5.000000e+00	5.000000e+00	5.000000e+00	
420	4.000015e-03	5.000000e+00	5.000000e+00	5.000000e+00	
421	4.000015e-03	5.000000e+00	5.000000e+00	5.000000e+00	
422	4.000016e-03	5.000000e+00	5.000000e+00	5.000000e+00	
423	4.000017e-03	5.000000e+00	5.000000e+00	5.000000e+00	
424	4.000019e-03	5.000000e+00	5.000000e+00	5.000000e+00	
425	4.000020e-03	5.000000e+00	5.000000e+00	5.000000e+00	
426	4.000020e-03	5.000000e+00	5.000000e+00	5.000000e+00	
427	4.000021e-03	5.000000e+00	5.000000e+00	5.000000e+00	
428	4.000022e-03	5.000000e+00	5.000000e+00	5.000000e+00	
429	4.000022e-03	5.000000e+00	5.000000e+00	5.000000e+00	
430	4.000022e-03	5.000000e+00	5.000000e+00	5.000000e+00	
431	4.000022e-03	5.000000e+00	5.000000e+00	5.000000e+00	
432	4.000023e-03	5.000000e+00	5.000000e+00	5.000000e+00	
433	4.000023e-03	5.000000e+00	5.000000e+00	5.000000e+00	
434	4.000023e-03	5.000000e+00	5.000000e+00	5.000000e+00	
435	4.000023e-03	5.000000e+00	5.000000e+00	5.000000e+00	
436	4.000024e-03	5.000000e+00	5.000000e+00	5.000000e+00	
437	4.000024e-03	5.000000e+00	5.000000e+00	5.000000e+00	
438	4.000024e-03	5.000000e+00	5.000000e+00	5.000000e+00	
439	4.000024e-03	5.000000e+00	5.000000e+00	5.000000e+00	
440	4.000024e-03	5.000000e+00	5.000000e+00	5.000000e+00	
441	4.000025e-03	5.000000e+00	5.000000e+00	5.000000e+00	
442	4.000025e-03	5.000000e+00	5.000000e+00	5.000000e+00	
443	4.000025e-03	5.000000e+00	5.000000e+00	5.000000e+00	
444	4.000025e-03	5.000000e+00	5.000000e+00	5.000000e+00	
445	4.000025e-03	5.000000e+00	5.000000e+00	5.000000e+00	
446	4.000025e-03	5.000000e+00	5.000000e+00	5.000000e+00	
447	4.000025e-03	5.000000e+00	5.000000e+00	5.000000e+00	
448	4.000025e-03	5.000000e+00	5.000000e+00	5.000000e+00	
449	4.000026e-03	5.000000e+00	5.000000e+00	5.000000e+00	
450	4.000026e-03	5.000000e+00	5.000000e+00	5.000000e+00	
451	4.000026e-03	5.000000e+00	5.000000e+00	5.000000e+00	
452	4.000026e-03	5.000000e+00	5.000000e+00	5.000000e+00	
453	4.000026e-03	5.000000e+00	5.000000e+00	5.000000e+00	
454	4.000027e-03	5.000000e+00	5.000000e+00	5.000000e+00	
455	4.000027e-03	5.000000e+00	5.000000e+00	5.000000e+00	
456	4.000027e-03	5.000000e+00	5.000000e+00	5.000000e+00	
457	4.000027e-03	5.000000e+00	5.000000e+00	5.000000e+00	
458	4.000027e-03	5.000000e+00	5.000000e+00	5.000000e+00	
459	4.000027e-03	5.000000e+00	5.000000e+00	5.000000e+00	
460	4.000027e-03	5.000000e+00	5.000000e+00	5.000000e+00	

Index   time            V(1/s2)         V(2/b2)         V(3/a2)         
--------------------------------------------------------------------------------
461	4.000027e-03	5.000000e+00	5.000000e+00	5.000000e+00	
462	4.000027e-03	5.000000e+00	5.000000e+00	5.000000e+00	
463	4.000027e-03	5.000000e+00	5.000000e+00	5.000000e+00	
464	4.000027e-03	5.000000e+00	5.000000e+00	5.000000e+00	
465	4.000028e-03	5.000000e+00	5.000000e+00	5.000000e+00	
466	4.000029e-03	5.000000e+00	5.000000e+00	5.000000e+00	
467	4.000031e-03	5.000000e+00	5.000000e+00	5.000000e+00	
468	4.000035e-03	5.000000e+00	5.000000e+00	5.000000e+00	
469	4.000043e-03	5.000000e+00	5.000000e+00	5.000000e+00	
470	4.000059e-03	5.000000e+00	5.000000e+00	5.000000e+00	
471	4.000092e-03	5.000000e+00	5.000000e+00	5.000000e+00	
472	4.000158e-03	5.000000e+00	5.000000e+00	5.000000e+00	
473	4.000289e-03	5.000000e+00	5.000000e+00	5.000000e+00	
474	4.000551e-03	5.000000e+00	5.000000e+00	5.000000e+00	
475	4.001075e-03	5.000000e+00	5.000000e+00	5.000000e+00	
476	4.002124e-03	5.000000e+00	5.000000e+00	5.000000e+00	
477	4.004221e-03	5.000000e+00	5.000000e+00	5.000000e+00	
478	4.008415e-03	5.000000e+00	5.000000e+00	5.000000e+00	
479	4.016804e-03	5.000000e+00	5.000000e+00	5.000000e+00	
480	4.033581e-03	5.000000e+00	5.000000e+00	5.000000e+00	
481	4.067136e-03	5.000000e+00	5.000000e+00	5.000000e+00	
482	4.134244e-03	5.000000e+00	5.000000e+00	5.000000e+00	
483	4.234244e-03	5.000000e+00	5.000000e+00	5.000000e+00	
484	4.334244e-03	5.000000e+00	5.000000e+00	5.000000e+00	
485	4.434244e-03	5.000000e+00	5.000000e+00	5.000000e+00	
486	4.534244e-03	5.000000e+00	5.000000e+00	5.000000e+00	
487	4.634244e-03	5.000000e+00	5.000000e+00	5.000000e+00	
488	4.734244e-03	5.000000e+00	5.000000e+00	5.000000e+00	
489	4.834244e-03	5.000000e+00	5.000000e+00	5.000000e+00	
490	4.934244e-03	5.000000e+00	5.000000e+00	5.000000e+00	
491	5.000010e-03	5.000000e+00	5.000000e+00	5.000000e+00	
492	5.000011e-03	5.000000e+00	5.000000e+00	5.000000e+00	
493	5.000013e-03	5.000000e+00	5.000000e+00	5.000000e+00	
494	5.000017e-03	5.000000e+00	5.000000e+00	5.000000e+00	
495	5.000020e-03	5.000000e+00	5.000000e+00	5.000000e+00	
496	5.000021e-03	5.000000e+00	5.000000e+00	5.000000e+00	
497	5.000021e-03	5.000000e+00	5.000000e+00	5.000000e+00	
498	5.000021e-03	5.000000e+00	5.000000e+00	5.000000e+00	
499	5.000021e-03	5.000000e+00	5.000000e+00	5.000000e+00	
500	5.000022e-03	5.000000e+00	5.000000e+00	5.000000e+00	
501	5.000022e-03	5.000000e+00	5.000000e+00	5.000000e+00	
502	5.000022e-03	5.000000e+00	5.000000e+00	5.000000e+00	
503	5.000022e-03	5.000000e+00	5.000000e+00	5.000000e+00	
504	5.000022e-03	5.000000e+00	5.000000e+00	5.000000e+00	
505	5.000023e-03	5.000000e+00	5.000000e+00	5.000000e+00	
506	5.000023e-03	5.000000e+00	5.000000e+00	5.000000e+00	
507	5.000023e-03	4.800000e+00	5.000000e+00	5.000000e+00	
508	5.000023e-03	4.400000e+00	5.000000e+00	5.000000e+00	
509	5.000023e-03	3.600000e+00	5.000000e+00	5.000000e+00	
510	5.000024e-03	2.000000e+00	5.000000e+00	5.000000e+00	
511	5.000024e-03	5.000000e-01	5.000000e+00	5.000000e+00	
512	5.000024e-03	5.000000e-01	5.000000e+00	5.000000e+00	
513	5.000024e-03	5.000000e-01	5.000000e+00	5.000000e+00	
514	5.000024e-03	5.000000e-01	5.000000e+00	5.000000e+00	
515	5.000025e-03	5.000000e-01	5.000000e+00	5.000000e+00	
516	5.000025e-03	5.000000e-01	5.000000e+00	5.000000e+00	
517	5.000025e-03	5.000000e-01	5.000000e+00	5.000000e+00	
518	5.000025e-03	5.000000e-01	5.000000e+00	5.000000e+00	

Index   time            V(1/s2)         V(2/b2)         V(3/a2)         
--------------------------------------------------------------------------------
519	5.000025e-03	5.000000e-01	5.000000e+00	5.000000e+00	
520	5.000025e-03	5.000000e-01	5.000000e+00	5.000000e+00	
521	5.000025e-03	5.000000e-01	5.000000e+00	5.000000e+00	
522	5.000025e-03	5.000000e-01	5.000000e+00	5.000000e+00	
523	5.000025e-03	5.000000e-01	5.000000e+00	5.000000e+00	
524	5.000025e-03	5.000000e-01	5.000000e+00	5.000000e+00	
525	5.000025e-03	5.000000e-01	5.000000e+00	5.000000e+00	
526	5.000026e-03	5.000000e-01	5.000000e+00	5.000000e+00	
527	5.000026e-03	5.000000e-01	5.000000e+00	5.000000e+00	
528	5.000026e-03	4.500000e-01	5.000000e+00	5.000000e+00	
529	5.000026e-03	3.500000e-01	5.000000e+00	5.000000e+00	
530	5.000026e-03	1.500000e-01	5.000000e+00	5.000000e+00	
531	5.000026e-03	1.997902e-09	5.000000e+00	5.000000e+00	
532	5.000026e-03	0.000000e+00	5.000000e+00	5.000000e+00	
533	5.000026e-03	0.000000e+00	5.000000e+00	5.000000e+00	
534	5.000026e-03	0.000000e+00	5.000000e+00	5.000000e+00	
535	5.000026e-03	0.000000e+00	5.000000e+00	5.000000e+00	
536	5.000026e-03	0.000000e+00	5.000000e+00	5.000000e+00	
537	5.000027e-03	0.000000e+00	5.000000e+00	5.000000e+00	
538	5.000027e-03	0.000000e+00	5.000000e+00	5.000000e+00	
539	5.000028e-03	0.000000e+00	5.000000e+00	5.000000e+00	
540	5.000030e-03	0.000000e+00	5.000000e+00	5.000000e+00	
541	5.000034e-03	0.000000e+00	5.000000e+00	5.000000e+00	
542	5.000042e-03	0.000000e+00	5.000000e+00	5.000000e+00	
543	5.000059e-03	0.000000e+00	5.000000e+00	5.000000e+00	
544	5.000092e-03	0.000000e+00	5.000000e+00	5.000000e+00	
545	5.000157e-03	0.000000e+00	5.000000e+00	5.000000e+00	
546	5.000288e-03	0.000000e+00	5.000000e+00	5.000000e+00	
547	5.000550e-03	0.000000e+00	5.000000e+00	5.000000e+00	
548	5.001075e-03	0.000000e+00	5.000000e+00	5.000000e+00	
549	5.002123e-03	0.000000e+00	5.000000e+00	5.000000e+00	
550	5.004220e-03	0.000000e+00	5.000000e+00	5.000000e+00	
551	5.008415e-03	0.000000e+00	5.000000e+00	5.000000e+00	
552	5.016803e-03	0.000000e+00	5.000000e+00	5.000000e+00	
553	5.033581e-03	0.000000e+00	5.000000e+00	5.000000e+00	
554	5.067135e-03	0.000000e+00	5.000000e+00	5.000000e+00	
555	5.134244e-03	0.000000e+00	5.000000e+00	5.000000e+00	
556	5.234244e-03	0.000000e+00	5.000000e+00	5.000000e+00	
557	5.334244e-03	0.000000e+00	5.000000e+00	5.000000e+00	
558	5.434244e-03	0.000000e+00	5.000000e+00	5.000000e+00	
559	5.534244e-03	0.000000e+00	5.000000e+00	5.000000e+00	
560	5.634244e-03	0.000000e+00	5.000000e+00	5.000000e+00	
561	5.734244e-03	0.000000e+00	5.000000e+00	5.000000e+00	
562	5.834244e-03	0.000000e+00	5.000000e+00	5.000000e+00	
563	5.934244e-03	0.000000e+00	5.000000e+00	5.000000e+00	
564	6.000000e-03	0.000000e+00	5.000000e+00	5.000000e+00	
565	6.000001e-03	0.000000e+00	5.000000e+00	5.000000e+00	
566	6.000003e-03	0.000000e+00	5.000000e+00	5.000000e+00	
567	6.000007e-03	0.000000e+00	5.000000e+00	5.000000e+00	
568	6.000009e-03	0.000000e+00	5.000000e+00	5.000000e+00	
569	6.000009e-03	5.000000e-02	5.000000e+00	5.000000e+00	
570	6.000009e-03	1.500000e-01	5.000000e+00	5.000000e+00	
571	6.000009e-03	3.500000e-01	5.000000e+00	5.000000e+00	
572	6.000009e-03	5.000000e-01	5.000000e+00	5.000000e+00	
573	6.000009e-03	5.000000e-01	5.000000e+00	5.000000e+00	
574	6.000009e-03	5.000000e-01	5.000000e+00	5.000000e+00	
575	6.000009e-03	5.000000e-01	5.000000e+00	5.000000e+00	
576	6.000009e-03	5.000000e-01	5.000000e+00	5.000000e+00	

Index   time            V(1/s2)         V(2/b2)         V(3/a2)         
--------------------------------------------------------------------------------
577	6.000009e-03	5.000000e-01	5.000000e+00	5.000000e+00	
578	6.000010e-03	5.000000e-01	5.000000e+00	5.000000e+00	
579	6.000010e-03	5.000000e-01	5.000000e+00	5.000000e+00	
580	6.000010e-03	5.000000e-01	4.974400e+00	4.974400e+00	
581	6.000010e-03	5.000000e-01	4.923200e+00	4.923200e+00	
582	6.000010e-03	5.000000e-01	4.820800e+00	4.820800e+00	
583	6.000011e-03	5.000000e-01	4.616000e+00	4.616000e+00	
584	6.000012e-03	5.000000e-01	4.206400e+00	4.206400e+00	
585	6.000012e-03	5.000000e-01	4.000000e+00	4.000000e+00	
586	6.000012e-03	5.000000e-01	3.955000e+00	3.955000e+00	
587	6.000012e-03	5.000000e-01	3.865000e+00	3.865000e+00	
588	6.000013e-03	5.000000e-01	3.685000e+00	3.685000e+00	
589	6.000013e-03	5.000000e-01	3.550000e+00	3.550000e+00	
590	6.000013e-03	5.000000e-01	3.514000e+00	3.514000e+00	
591	6.000013e-03	5.000000e-01	3.500000e+00	3.500000e+00	
592	6.000013e-03	5.720000e-01	3.492800e+00	3.492800e+00	
593	6.000013e-03	7.160000e-01	3.478400e+00	3.478400e+00	
594	6.000013e-03	1.004000e+00	3.449600e+00	3.449600e+00	
595	6.000013e-03	1.580000e+00	3.392000e+00	3.392000e+00	
596	6.000013e-03	2.732000e+00	3.276800e+00	3.276800e+00	
597	6.000014e-03	5.000000e+00	3.050000e+00	3.050000e+00	
598	6.000014e-03	5.000000e+00	3.026960e+00	3.026960e+00	
599	6.000014e-03	5.000000e+00	2.980880e+00	2.980880e+00	
600	6.000014e-03	5.000000e+00	2.888720e+00	2.888720e+00	
601	6.000015e-03	5.000000e+00	2.704400e+00	2.704400e+00	
602	6.000015e-03	5.000000e+00	2.335760e+00	2.335760e+00	
603	6.000017e-03	5.000000e+00	1.598480e+00	1.598480e+00	
604	6.000020e-03	5.000000e+00	1.239200e-01	1.239200e-01	
605	6.000020e-03	5.000000e+00	0.000000e+00	0.000000e+00	
606	6.000020e-03	5.000000e+00	0.000000e+00	0.000000e+00	
607	6.000021e-03	5.000000e+00	0.000000e+00	0.000000e+00	
608	6.000022e-03	5.000000e+00	0.000000e+00	0.000000e+00	
609	6.000022e-03	4.550000e+00	0.000000e+00	0.000000e+00	
610	6.000022e-03	3.650000e+00	0.000000e+00	0.000000e+00	
611	6.000022e-03	1.850000e+00	0.000000e+00	0.000000e+00	
612	6.000023e-03	5.000000e-01	0.000000e+00	0.000000e+00	
613	6.000023e-03	5.000000e-01	0.000000e+00	0.000000e+00	
614	6.000023e-03	5.000000e-01	0.000000e+00	0.000000e+00	
615	6.000023e-03	5.000000e-01	0.000000e+00	0.000000e+00	
616	6.000024e-03	5.000000e-01	0.000000e+00	0.000000e+00	
617	6.000024e-03	5.000000e-01	0.000000e+00	0.000000e+00	
618	6.000024e-03	5.000000e-01	0.000000e+00	0.000000e+00	
619	6.000024e-03	5.000000e-01	0.000000e+00	0.000000e+00	
620	6.000024e-03	5.000000e-01	0.000000e+00	0.000000e+00	
621	6.000024e-03	5.000000e-01	0.000000e+00	0.000000e+00	
622	6.000025e-03	5.000000e-01	0.000000e+00	0.000000e+00	
623	6.000025e-03	5.000000e-01	0.000000e+00	0.000000e+00	
624	6.000025e-03	5.320000e-01	0.000000e+00	0.000000e+00	
625	6.000025e-03	5.960000e-01	0.000000e+00	0.000000e+00	
626	6.000025e-03	7.240000e-01	0.000000e+00	0.000000e+00	
627	6.000025e-03	9.800000e-01	0.000000e+00	0.000000e+00	
628	6.000025e-03	1.492000e+00	0.000000e+00	0.000000e+00	
629	6.000025e-03	2.516000e+00	0.000000e+00	0.000000e+00	
630	6.000026e-03	4.564000e+00	0.000000e+00	0.000000e+00	
631	6.000026e-03	5.000000e+00	0.000000e+00	0.000000e+00	
632	6.000026e-03	5.000000e+00	0.000000e+00	0.000000e+00	
633	6.000026e-03	5.000000e+00	0.000000e+00	0.000000e+00	
634	6.000026e-03	5.000000e+00	0.000000e+00	0.000000e+00	

Index   time            V(1/s2)         V(2/b2)         V(3/a2)         
--------------------------------------------------------------------------------
635	6.000027e-03	5.000000e+00	0.000000e+00	0.000000e+00	
636	6.000028e-03	5.000000e+00	0.000000e+00	0.000000e+00	
637	6.000028e-03	5.000000e+00	0.000000e+00	0.000000e+00	
638	6.000028e-03	5.000000e+00	0.000000e+00	0.000000e+00	
639	6.000028e-03	5.000000e+00	0.000000e+00	0.000000e+00	
640	6.000028e-03	5.000000e+00	0.000000e+00	0.000000e+00	
641	6.000028e-03	5.000000e+00	0.000000e+00	0.000000e+00	
642	6.000028e-03	5.000000e+00	0.000000e+00	0.000000e+00	
643	6.000028e-03	5.000000e+00	0.000000e+00	0.000000e+00	
644	6.000028e-03	5.000000e+00	0.000000e+00	0.000000e+00	
645	6.000028e-03	5.000000e+00	0.000000e+00	0.000000e+00	
646	6.000028e-03	5.000000e+00	0.000000e+00	0.000000e+00	
647	6.000029e-03	5.000000e+00	0.000000e+00	0.000000e+00	
648	6.000030e-03	5.000000e+00	0.000000e+00	0.000000e+00	
649	6.000032e-03	5.000000e+00	0.000000e+00	0.000000e+00	
650	6.000036e-03	5.000000e+00	0.000000e+00	0.000000e+00	
651	6.000044e-03	5.000000e+00	0.000000e+00	0.000000e+00	
652	6.000061e-03	5.000000e+00	0.000000e+00	0.000000e+00	
653	6.000093e-03	5.000000e+00	0.000000e+00	0.000000e+00	
654	6.000159e-03	5.000000e+00	0.000000e+00	0.000000e+00	
655	6.000290e-03	5.000000e+00	0.000000e+00	0.000000e+00	
656	6.000552e-03	5.000000e+00	0.000000e+00	0.000000e+00	
657	6.001076e-03	5.000000e+00	0.000000e+00	0.000000e+00	
658	6.002125e-03	5.000000e+00	0.000000e+00	0.000000e+00	
659	6.004222e-03	5.000000e+00	0.000000e+00	0.000000e+00	
660	6.008416e-03	5.000000e+00	0.000000e+00	0.000000e+00	
661	6.016805e-03	5.000000e+00	0.000000e+00	0.000000e+00	
662	6.033582e-03	5.000000e+00	0.000000e+00	0.000000e+00	
663	6.067137e-03	5.000000e+00	0.000000e+00	0.000000e+00	
664	6.134246e-03	5.000000e+00	0.000000e+00	0.000000e+00	
665	6.234246e-03	5.000000e+00	0.000000e+00	0.000000e+00	
666	6.334246e-03	5.000000e+00	0.000000e+00	0.000000e+00	
667	6.434246e-03	5.000000e+00	0.000000e+00	0.000000e+00	
668	6.534246e-03	5.000000e+00	0.000000e+00	0.000000e+00	
669	6.634246e-03	5.000000e+00	0.000000e+00	0.000000e+00	
670	6.734246e-03	5.000000e+00	0.000000e+00	0.000000e+00	
671	6.834246e-03	5.000000e+00	0.000000e+00	0.000000e+00	
672	6.934246e-03	5.000000e+00	0.000000e+00	0.000000e+00	
673	7.000010e-03	5.000000e+00	0.000000e+00	0.000000e+00	
674	7.000011e-03	5.000000e+00	0.000000e+00	0.000000e+00	
675	7.000013e-03	5.000000e+00	0.000000e+00	0.000000e+00	
676	7.000017e-03	5.000000e+00	0.000000e+00	0.000000e+00	
677	7.000020e-03	5.000000e+00	0.000000e+00	0.000000e+00	
678	7.000021e-03	5.000000e+00	0.000000e+00	0.000000e+00	
679	7.000021e-03	5.000000e+00	0.000000e+00	0.000000e+00	
680	7.000021e-03	5.000000e+00	0.000000e+00	0.000000e+00	
681	7.000021e-03	5.000000e+00	0.000000e+00	0.000000e+00	
682	7.000022e-03	5.000000e+00	0.000000e+00	0.000000e+00	
683	7.000022e-03	5.000000e+00	0.000000e+00	0.000000e+00	
684	7.000022e-03	5.000000e+00	0.000000e+00	0.000000e+00	
685	7.000022e-03	5.000000e+00	0.000000e+00	0.000000e+00	
686	7.000022e-03	5.000000e+00	0.000000e+00	0.000000e+00	
687	7.000023e-03	5.000000e+00	0.000000e+00	0.000000e+00	
688	7.000023e-03	5.000000e+00	0.000000e+00	0.000000e+00	
689	7.000023e-03	4.800000e+00	0.000000e+00	0.000000e+00	
690	7.000023e-03	4.400000e+00	0.000000e+00	0.000000e+00	
691	7.000023e-03	3.600000e+00	0.000000e+00	0.000000e+00	
692	7.000024e-03	2.000000e+00	0.000000e+00	0.000000e+00	

Index   time            V(1/s2)         V(2/b2)         V(3/a2)         
--------------------------------------------------------------------------------
693	7.000024e-03	5.000000e-01	0.000000e+00	0.000000e+00	
694	7.000024e-03	5.000000e-01	0.000000e+00	0.000000e+00	
695	7.000024e-03	5.000000e-01	0.000000e+00	0.000000e+00	
696	7.000024e-03	5.000000e-01	0.000000e+00	0.000000e+00	
697	7.000025e-03	5.000000e-01	0.000000e+00	0.000000e+00	
698	7.000025e-03	5.000000e-01	0.000000e+00	0.000000e+00	
699	7.000025e-03	5.000000e-01	0.000000e+00	0.000000e+00	
700	7.000025e-03	5.000000e-01	0.000000e+00	0.000000e+00	
701	7.000025e-03	5.000000e-01	0.000000e+00	0.000000e+00	
702	7.000025e-03	5.000000e-01	0.000000e+00	0.000000e+00	
703	7.000025e-03	5.000000e-01	0.000000e+00	0.000000e+00	
704	7.000025e-03	5.000000e-01	0.000000e+00	0.000000e+00	
705	7.000025e-03	5.000000e-01	0.000000e+00	0.000000e+00	
706	7.000025e-03	5.000000e-01	0.000000e+00	0.000000e+00	
707	7.000025e-03	5.000000e-01	0.000000e+00	0.000000e+00	
708	7.000026e-03	5.000000e-01	0.000000e+00	0.000000e+00	
709	7.000026e-03	5.000000e-01	0.000000e+00	0.000000e+00	
710	7.000026e-03	4.500000e-01	0.000000e+00	0.000000e+00	
711	7.000026e-03	3.500000e-01	0.000000e+00	0.000000e+00	
712	7.000026e-03	1.500000e-01	0.000000e+00	0.000000e+00	
713	7.000026e-03	1.997902e-09	0.000000e+00	0.000000e+00	
714	7.000026e-03	0.000000e+00	0.000000e+00	0.000000e+00	
715	7.000026e-03	0.000000e+00	0.000000e+00	0.000000e+00	
716	7.000026e-03	0.000000e+00	0.000000e+00	0.000000e+00	
717	7.000026e-03	0.000000e+00	0.000000e+00	0.000000e+00	
718	7.000026e-03	0.000000e+00	0.000000e+00	0.000000e+00	
719	7.000027e-03	0.000000e+00	0.000000e+00	0.000000e+00	
720	7.000027e-03	0.000000e+00	0.000000e+00	0.000000e+00	
721	7.000028e-03	0.000000e+00	0.000000e+00	0.000000e+00	
722	7.000030e-03	0.000000e+00	0.000000e+00	0.000000e+00	
723	7.000034e-03	0.000000e+00	0.000000e+00	0.000000e+00	
724	7.000042e-03	0.000000e+00	0.000000e+00	0.000000e+00	
725	7.000059e-03	0.000000e+00	0.000000e+00	0.000000e+00	
726	7.000092e-03	0.000000e+00	0.000000e+00	0.000000e+00	
727	7.000157e-03	0.000000e+00	0.000000e+00	0.000000e+00	
728	7.000288e-03	0.000000e+00	0.000000e+00	0.000000e+00	
729	7.000550e-03	0.000000e+00	0.000000e+00	0.000000e+00	
730	7.001075e-03	0.000000e+00	0.000000e+00	0.000000e+00	
731	7.002123e-03	0.000000e+00	0.000000e+00	0.000000e+00	
732	7.004220e-03	0.000000e+00	0.000000e+00	0.000000e+00	
733	7.008415e-03	0.000000e+00	0.000000e+00	0.000000e+00	
734	7.016803e-03	0.000000e+00	0.000000e+00	0.000000e+00	
735	7.033581e-03	0.000000e+00	0.000000e+00	0.000000e+00	
736	7.067135e-03	0.000000e+00	0.000000e+00	0.000000e+00	
737	7.134244e-03	0.000000e+00	0.000000e+00	0.000000e+00	
738	7.234244e-03	0.000000e+00	0.000000e+00	0.000000e+00	
739	7.334244e-03	0.000000e+00	0.000000e+00	0.000000e+00	
740	7.434244e-03	0.000000e+00	0.000000e+00	0.000000e+00	
741	7.534244e-03	0.000000e+00	0.000000e+00	0.000000e+00	
742	7.634244e-03	0.000000e+00	0.000000e+00	0.000000e+00	
743	7.734244e-03	0.000000e+00	0.000000e+00	0.000000e+00	
744	7.834244e-03	0.000000e+00	0.000000e+00	0.000000e+00	
745	7.934244e-03	0.000000e+00	0.000000e+00	0.000000e+00	
746	8.000000e-03	0.000000e+00	0.000000e+00	0.000000e+00	
747	8.000001e-03	0.000000e+00	5.000000e-01	5.000000e-01	
748	8.000003e-03	0.000000e+00	1.500000e+00	1.500000e+00	
749	8.000007e-03	0.000000e+00	3.500000e+00	3.500000e+00	
750	8.000007e-03	0.000000e+00	3.505000e+00	3.505000e+00	

Index   time            V(1/s2)         V(2/b2)         V(3/a2)         
--------------------------------------------------------------------------------
751	8.000007e-03	0.000000e+00	3.515000e+00	3.515000e+00	
752	8.000007e-03	0.000000e+00	3.535000e+00	3.535000e+00	
753	8.000007e-03	0.000000e+00	3.550000e+00	3.550000e+00	
754	8.000007e-03	0.000000e+00	3.554000e+00	3.554000e+00	
755	8.000007e-03	0.000000e+00	3.562000e+00	3.562000e+00	
756	8.000007e-03	0.000000e+00	3.578000e+00	3.578000e+00	
757	8.000007e-03	0.000000e+00	3.610000e+00	3.610000e+00	
758	8.000007e-03	0.000000e+00	3.674000e+00	3.674000e+00	
759	8.000008e-03	0.000000e+00	3.802000e+00	3.802000e+00	
760	8.000008e-03	0.000000e+00	4.000000e+00	4.000000e+00	
761	8.000008e-03	5.000000e-02	4.005000e+00	4.005000e+00	
762	8.000008e-03	1.500000e-01	4.015000e+00	4.015000e+00	
763	8.000008e-03	3.500000e-01	4.035000e+00	4.035000e+00	
764	8.000008e-03	5.000000e-01	4.050000e+00	4.050000e+00	
765	8.000008e-03	5.000000e-01	4.054000e+00	4.054000e+00	
766	8.000008e-03	5.000000e-01	4.062000e+00	4.062000e+00	
767	8.000008e-03	5.000000e-01	4.078000e+00	4.078000e+00	
768	8.000008e-03	5.000000e-01	4.110000e+00	4.110000e+00	
769	8.000008e-03	5.000000e-01	4.174000e+00	4.174000e+00	
770	8.000009e-03	5.000000e-01	4.302000e+00	4.302000e+00	
771	8.000009e-03	5.000000e-01	4.558000e+00	4.558000e+00	
772	8.000010e-03	5.000000e-01	5.000000e+00	5.000000e+00	
773	8.000010e-03	5.000000e-01	5.000000e+00	5.000000e+00	
774	8.000010e-03	5.000000e-01	5.000000e+00	5.000000e+00	
775	8.000011e-03	5.000000e-01	5.000000e+00	5.000000e+00	
776	8.000011e-03	5.000000e-01	5.000000e+00	5.000000e+00	
777	8.000011e-03	5.000000e-01	5.000000e+00	5.000000e+00	
778	8.000011e-03	5.000000e-01	5.000000e+00	5.000000e+00	
779	8.000011e-03	5.000000e-01	5.000000e+00	5.000000e+00	
780	8.000011e-03	5.000000e-01	5.000000e+00	5.000000e+00	
781	8.000011e-03	5.000000e-01	5.000000e+00	5.000000e+00	
782	8.000011e-03	5.000000e-01	5.000000e+00	5.000000e+00	
783	8.000011e-03	5.000000e-01	5.000000e+00	5.000000e+00	
784	8.000011e-03	5.000000e-01	5.000000e+00	5.000000e+00	
785	8.000011e-03	5.000000e-01	5.000000e+00	5.000000e+00	
786	8.000012e-03	5.000000e-01	5.000000e+00	5.000000e+00	
787	8.000012e-03	5.000000e-01	5.000000e+00	5.000000e+00	
788	8.000012e-03	5.000000e-01	5.000000e+00	5.000000e+00	
789	8.000012e-03	5.000000e-01	5.000000e+00	5.000000e+00	
790	8.000012e-03	5.000000e-01	5.000000e+00	5.000000e+00	
791	8.000013e-03	5.000000e-01	5.000000e+00	5.000000e+00	
792	8.000013e-03	5.000000e-01	5.000000e+00	5.000000e+00	
793	8.000013e-03	5.000000e-01	5.000000e+00	5.000000e+00	
794	8.000013e-03	5.000000e-01	5.000000e+00	5.000000e+00	
795	8.000013e-03	5.819200e-01	5.000000e+00	5.000000e+00	
796	8.000013e-03	7.457600e-01	5.000000e+00	5.000000e+00	
797	8.000013e-03	1.073440e+00	5.000000e+00	5.000000e+00	
798	8.000013e-03	1.728800e+00	5.000000e+00	5.000000e+00	
799	8.000014e-03	3.039520e+00	5.000000e+00	5.000000e+00	
800	8.000014e-03	5.000000e+00	5.000000e+00	5.000000e+00	
801	8.000014e-03	5.000000e+00	5.000000e+00	5.000000e+00	
802	8.000014e-03	5.000000e+00	5.000000e+00	5.000000e+00	
803	8.000014e-03	5.000000e+00	5.000000e+00	5.000000e+00	
804	8.000014e-03	5.000000e+00	5.000000e+00	5.000000e+00	
805	8.000014e-03	5.000000e+00	5.000000e+00	5.000000e+00	
806	8.000014e-03	5.000000e+00	5.000000e+00	5.000000e+00	
807	8.000014e-03	5.000000e+00	5.000000e+00	5.000000e+00	
808	8.000015e-03	5.000000e+00	5.000000e+00	5.000000e+00	

Index   time            V(1/s2)         V(2/b2)         V(3/a2)         
--------------------------------------------------------------------------------
809	8.000015e-03	5.000000e+00	5.000000e+00	5.000000e+00	
810	8.000015e-03	5.000000e+00	5.000000e+00	5.000000e+00	
811	8.000015e-03	5.000000e+00	5.000000e+00	5.000000e+00	
812	8.000015e-03	5.000000e+00	5.000000e+00	5.000000e+00	
813	8.000015e-03	5.000000e+00	5.000000e+00	5.000000e+00	
814	8.000015e-03	5.000000e+00	5.000000e+00	5.000000e+00	
815	8.000015e-03	5.000000e+00	5.000000e+00	5.000000e+00	
816	8.000015e-03	5.000000e+00	5.000000e+00	5.000000e+00	
817	8.000016e-03	5.000000e+00	5.000000e+00	5.000000e+00	
818	8.000016e-03	5.000000e+00	5.000000e+00	5.000000e+00	
819	8.000016e-03	5.000000e+00	5.000000e+00	5.000000e+00	
820	8.000016e-03	5.000000e+00	5.000000e+00	5.000000e+00	
821	8.000017e-03	5.000000e+00	5.000000e+00	5.000000e+00	
822	8.000017e-03	5.000000e+00	5.000000e+00	5.000000e+00	
823	8.000019e-03	5.000000e+00	5.000000e+00	5.000000e+00	
824	8.000020e-03	5.000000e+00	5.000000e+00	5.000000e+00	
825	8.000020e-03	5.000000e+00	5.000000e+00	5.000000e+00	
826	8.000021e-03	5.000000e+00	5.000000e+00	5.000000e+00	
827	8.000021e-03	5.000000e+00	5.000000e+00	5.000000e+00	
828	8.000021e-03	5.000000e+00	5.000000e+00	5.000000e+00	
829	8.000021e-03	5.000000e+00	5.000000e+00	5.000000e+00	
830	8.000022e-03	5.000000e+00	5.000000e+00	5.000000e+00	
831	8.000022e-03	5.000000e+00	5.000000e+00	5.000000e+00	
832	8.000022e-03	5.000000e+00	5.000000e+00	5.000000e+00	
833	8.000022e-03	5.000000e+00	5.000000e+00	5.000000e+00	
834	8.000022e-03	5.000000e+00	5.000000e+00	5.000000e+00	
835	8.000022e-03	5.000000e+00	5.000000e+00	5.000000e+00	
836	8.000022e-03	5.000000e+00	5.000000e+00	5.000000e+00	
837	8.000022e-03	5.000000e+00	5.000000e+00	5.000000e+00	
838	8.000023e-03	5.000000e+00	5.000000e+00	5.000000e+00	
839	8.000023e-03	5.000000e+00	5.000000e+00	5.000000e+00	
840	8.000023e-03	5.000000e+00	5.000000e+00	5.000000e+00	
841	8.000023e-03	5.000000e+00	5.000000e+00	5.000000e+00	
842	8.000023e-03	5.000000e+00	5.000000e+00	5.000000e+00	
843	8.000024e-03	5.000000e+00	5.000000e+00	5.000000e+00	
844	8.000024e-03	5.000000e+00	5.000000e+00	5.000000e+00	
845	8.000024e-03	5.000000e+00	5.000000e+00	5.000000e+00	
846	8.000024e-03	5.000000e+00	5.000000e+00	5.000000e+00	
847	8.000024e-03	5.000000e+00	5.000000e+00	5.000000e+00	
848	8.000024e-03	5.000000e+00	5.000000e+00	5.000000e+00	
849	8.000025e-03	5.000000e+00	5.000000e+00	5.000000e+00	
850	8.000025e-03	5.000000e+00	5.000000e+00	5.000000e+00	
851	8.000025e-03	5.000000e+00	5.000000e+00	5.000000e+00	
852	8.000025e-03	5.000000e+00	5.000000e+00	5.000000e+00	
853	8.000026e-03	5.000000e+00	5.000000e+00	5.000000e+00	
854	8.000026e-03	5.000000e+00	5.000000e+00	5.000000e+00	
855	8.000026e-03	5.000000e+00	5.000000e+00	5.000000e+00	
856	8.000026e-03	5.000000e+00	5.000000e+00	5.000000e+00	
857	8.000026e-03	5.000000e+00	5.000000e+00	5.000000e+00	
858	8.000026e-03	5.000000e+00	5.000000e+00	5.000000e+00	
859	8.000026e-03	5.000000e+00	5.000000e+00	5.000000e+00	
860	8.000026e-03	5.000000e+00	5.000000e+00	5.000000e+00	
861	8.000026e-03	5.000000e+00	5.000000e+00	5.000000e+00	
862	8.000026e-03	5.000000e+00	5.000000e+00	5.000000e+00	
863	8.000026e-03	5.000000e+00	5.000000e+00	5.000000e+00	
864	8.000027e-03	5.000000e+00	5.000000e+00	5.000000e+00	
865	8.000028e-03	5.000000e+00	5.000000e+00	5.000000e+00	
866	8.000030e-03	5.000000e+00	5.000000e+00	5.000000e+00	

Index   time            V(1/s2)         V(2/b2)         V(3/a2)         
--------------------------------------------------------------------------------
867	8.000034e-03	5.000000e+00	5.000000e+00	5.000000e+00	
868	8.000042e-03	5.000000e+00	5.000000e+00	5.000000e+00	
869	8.000058e-03	5.000000e+00	5.000000e+00	5.000000e+00	
870	8.000091e-03	5.000000e+00	5.000000e+00	5.000000e+00	
871	8.000157e-03	5.000000e+00	5.000000e+00	5.000000e+00	
872	8.000288e-03	5.000000e+00	5.000000e+00	5.000000e+00	
873	8.000550e-03	5.000000e+00	5.000000e+00	5.000000e+00	
874	8.001074e-03	5.000000e+00	5.000000e+00	5.000000e+00	
875	8.002123e-03	5.000000e+00	5.000000e+00	5.000000e+00	
876	8.004220e-03	5.000000e+00	5.000000e+00	5.000000e+00	
877	8.008414e-03	5.000000e+00	5.000000e+00	5.000000e+00	
878	8.016803e-03	5.000000e+00	5.000000e+00	5.000000e+00	
879	8.033580e-03	5.000000e+00	5.000000e+00	5.000000e+00	
880	8.067135e-03	5.000000e+00	5.000000e+00	5.000000e+00	
881	8.134243e-03	5.000000e+00	5.000000e+00	5.000000e+00	
882	8.234243e-03	5.000000e+00	5.000000e+00	5.000000e+00	
883	8.334243e-03	5.000000e+00	5.000000e+00	5.000000e+00	
884	8.434243e-03	5.000000e+00	5.000000e+00	5.000000e+00	
885	8.534243e-03	5.000000e+00	5.000000e+00	5.000000e+00	
886	8.634243e-03	5.000000e+00	5.000000e+00	5.000000e+00	
887	8.734243e-03	5.000000e+00	5.000000e+00	5.000000e+00	
888	8.834243e-03	5.000000e+00	5.000000e+00	5.000000e+00	
889	8.934243e-03	5.000000e+00	5.000000e+00	5.000000e+00	
890	9.000010e-03	5.000000e+00	5.000000e+00	5.000000e+00	
891	9.000011e-03	5.000000e+00	5.000000e+00	5.000000e+00	
892	9.000013e-03	5.000000e+00	5.000000e+00	5.000000e+00	
893	9.000017e-03	5.000000e+00	5.000000e+00	5.000000e+00	
894	9.000020e-03	5.000000e+00	5.000000e+00	5.000000e+00	
895	9.000021e-03	5.000000e+00	5.000000e+00	5.000000e+00	
896	9.000021e-03	5.000000e+00	5.000000e+00	5.000000e+00	
897	9.000021e-03	5.000000e+00	5.000000e+00	5.000000e+00	
898	9.000021e-03	5.000000e+00	5.000000e+00	5.000000e+00	
899	9.000022e-03	5.000000e+00	5.000000e+00	5.000000e+00	
900	9.000022e-03	5.000000e+00	5.000000e+00	5.000000e+00	
901	9.000022e-03	5.000000e+00	5.000000e+00	5.000000e+00	
902	9.000022e-03	5.000000e+00	5.000000e+00	5.000000e+00	
903	9.000022e-03	5.000000e+00	5.000000e+00	5.000000e+00	
904	9.000023e-03	5.000000e+00	5.000000e+00	5.000000e+00	
905	9.000023e-03	5.000000e+00	5.000000e+00	5.000000e+00	
906	9.000023e-03	4.800000e+00	5.000000e+00	5.000000e+00	
907	9.000023e-03	4.400000e+00	5.000000e+00	5.000000e+00	
908	9.000023e-03	3.600000e+00	5.000000e+00	5.000000e+00	
909	9.000024e-03	2.000000e+00	5.000000e+00	5.000000e+00	
910	9.000024e-03	5.000000e-01	5.000000e+00	5.000000e+00	
911	9.000024e-03	5.000000e-01	5.000000e+00	5.000000e+00	
912	9.000024e-03	5.000000e-01	5.000000e+00	5.000000e+00	
913	9.000024e-03	5.000000e-01	5.000000e+00	5.000000e+00	
914	9.000025e-03	5.000000e-01	5.000000e+00	5.000000e+00	
915	9.000025e-03	5.000000e-01	5.000000e+00	5.000000e+00	
916	9.000025e-03	5.000000e-01	5.000000e+00	5.000000e+00	
917	9.000025e-03	5.000000e-01	5.000000e+00	5.000000e+00	
918	9.000025e-03	5.000000e-01	5.000000e+00	5.000000e+00	
919	9.000025e-03	5.000000e-01	5.000000e+00	5.000000e+00	
920	9.000025e-03	5.000000e-01	5.000000e+00	5.000000e+00	
921	9.000025e-03	5.000000e-01	5.000000e+00	5.000000e+00	
922	9.000025e-03	5.000000e-01	5.000000e+00	5.000000e+00	
923	9.000025e-03	5.000000e-01	5.000000e+00	5.000000e+00	
924	9.000025e-03	5.000000e-01	5.000000e+00	5.000000e+00	

Index   time            V(1/s2)         V(2/b2)         V(3/a2)         
--------------------------------------------------------------------------------
925	9.000026e-03	5.000000e-01	5.000000e+00	5.000000e+00	
926	9.000026e-03	5.000000e-01	5.000000e+00	5.000000e+00	
927	9.000026e-03	4.500000e-01	5.000000e+00	5.000000e+00	
928	9.000026e-03	3.500000e-01	5.000000e+00	5.000000e+00	
929	9.000026e-03	1.500000e-01	5.000000e+00	5.000000e+00	
930	9.000026e-03	0.000000e+00	5.000000e+00	5.000000e+00	
931	9.000026e-03	0.000000e+00	5.000000e+00	5.000000e+00	
932	9.000026e-03	0.000000e+00	5.000000e+00	5.000000e+00	
933	9.000026e-03	0.000000e+00	5.000000e+00	5.000000e+00	
934	9.000026e-03	0.000000e+00	5.000000e+00	5.000000e+00	
935	9.000026e-03	0.000000e+00	5.000000e+00	5.000000e+00	
936	9.000027e-03	0.000000e+00	5.000000e+00	5.000000e+00	
937	9.000027e-03	0.000000e+00	5.000000e+00	5.000000e+00	
938	9.000028e-03	0.000000e+00	5.000000e+00	5.000000e+00	
939	9.000030e-03	0.000000e+00	5.000000e+00	5.000000e+00	
940	9.000034e-03	0.000000e+00	5.000000e+00	5.000000e+00	
941	9.000042e-03	0.000000e+00	5.000000e+00	5.000000e+00	
942	9.000059e-03	0.000000e+00	5.000000e+00	5.000000e+00	
943	9.000092e-03	0.000000e+00	5.000000e+00	5.000000e+00	
944	9.000157e-03	0.000000e+00	5.000000e+00	5.000000e+00	
945	9.000288e-03	0.000000e+00	5.000000e+00	5.000000e+00	
946	9.000550e-03	0.000000e+00	5.000000e+00	5.000000e+00	
947	9.001075e-03	0.000000e+00	5.000000e+00	5.000000e+00	
948	9.002123e-03	0.000000e+00	5.000000e+00	5.000000e+00	
949	9.004220e-03	0.000000e+00	5.000000e+00	5.000000e+00	
950	9.008415e-03	0.000000e+00	5.000000e+00	5.000000e+00	
951	9.016803e-03	0.000000e+00	5.000000e+00	5.000000e+00	
952	9.033581e-03	0.000000e+00	5.000000e+00	5.000000e+00	
953	9.067135e-03	0.000000e+00	5.000000e+00	5.000000e+00	
954	9.134244e-03	0.000000e+00	5.000000e+00	5.000000e+00	
955	9.234244e-03	0.000000e+00	5.000000e+00	5.000000e+00	
956	9.334244e-03	0.000000e+00	5.000000e+00	5.000000e+00	
957	9.434244e-03	0.000000e+00	5.000000e+00	5.000000e+00	
958	9.534244e-03	0.000000e+00	5.000000e+00	5.000000e+00	
959	9.634244e-03	0.000000e+00	5.000000e+00	5.000000e+00	
960	9.734244e-03	0.000000e+00	5.000000e+00	5.000000e+00	
961	9.834244e-03	0.000000e+00	5.000000e+00	5.000000e+00	
962	9.934244e-03	0.000000e+00	5.000000e+00	5.000000e+00	
963	1.000000e-02	0.000000e+00	5.000000e+00	5.000000e+00	
964	1.000000e-02	0.000000e+00	5.000000e+00	5.000000e+00	
965	1.000000e-02	0.000000e+00	5.000000e+00	5.000000e+00	
966	1.000001e-02	0.000000e+00	5.000000e+00	5.000000e+00	
967	1.000001e-02	0.000000e+00	5.000000e+00	5.000000e+00	
968	1.000001e-02	0.000000e+00	5.000000e+00	5.000000e+00	
969	1.000001e-02	0.000000e+00	5.000000e+00	5.000000e+00	
970	1.000001e-02	0.000000e+00	5.000000e+00	5.000000e+00	
971	1.000001e-02	0.000000e+00	5.000000e+00	5.000000e+00	
972	1.000001e-02	0.000000e+00	5.000000e+00	5.000000e+00	
973	1.000001e-02	0.000000e+00	5.000000e+00	5.000000e+00	
974	1.000001e-02	0.000000e+00	5.000000e+00	5.000000e+00	
975	1.000001e-02	0.000000e+00	5.000000e+00	5.000000e+00	
976	1.000001e-02	0.000000e+00	5.000000e+00	5.000000e+00	
977	1.000001e-02	0.000000e+00	5.000000e+00	5.000000e+00	
978	1.000001e-02	0.000000e+00	5.000000e+00	5.000000e+00	
979	1.000001e-02	5.000000e-02	5.000000e+00	5.000000e+00	
980	1.000001e-02	1.500000e-01	5.000000e+00	5.000000e+00	
981	1.000001e-02	3.500000e-01	5.000000e+00	5.000000e+00	
982	1.000001e-02	5.000000e-01	5.000000e+00	5.000000e+00	

Index   time            V(1/s2)         V(2/b2)         V(3/a2)         
--------------------------------------------------------------------------------
983	1.000001e-02	5.000000e-01	5.000000e+00	5.000000e+00	
984	1.000001e-02	5.000000e-01	5.000000e+00	5.000000e+00	
985	1.000001e-02	5.000000e-01	5.000000e+00	5.000000e+00	
986	1.000001e-02	5.000000e-01	5.000000e+00	5.000000e+00	
987	1.000001e-02	5.000000e-01	5.000000e+00	5.000000e+00	
988	1.000001e-02	5.000000e-01	5.000000e+00	5.000000e+00	
989	1.000001e-02	5.000000e-01	5.000000e+00	5.000000e+00	
990	1.000001e-02	5.000000e-01	4.974400e+00	4.974400e+00	
991	1.000001e-02	5.000000e-01	4.923200e+00	4.923200e+00	
992	1.000001e-02	5.000000e-01	4.820800e+00	4.820800e+00	
993	1.000001e-02	5.000000e-01	4.616000e+00	4.616000e+00	
994	1.000001e-02	5.000000e-01	4.206400e+00	4.206400e+00	
995	1.000001e-02	5.000000e-01	4.000000e+00	4.000000e+00	
996	1.000001e-02	5.000000e-01	3.955000e+00	3.955000e+00	
997	1.000001e-02	5.000000e-01	3.865000e+00	3.865000e+00	
998	1.000001e-02	5.000000e-01	3.685000e+00	3.685000e+00	
999	1.000001e-02	5.000000e-01	3.550000e+00	3.550000e+00	
1000	1.000001e-02	5.000000e-01	3.514000e+00	3.514000e+00	
1001	1.000001e-02	5.000000e-01	3.500000e+00	3.500000e+00	
1002	1.000001e-02	5.720000e-01	3.492800e+00	3.492800e+00	
1003	1.000001e-02	7.160000e-01	3.478400e+00	3.478400e+00	
1004	1.000001e-02	1.004000e+00	3.449600e+00	3.449600e+00	
1005	1.000001e-02	1.580000e+00	3.392000e+00	3.392000e+00	
1006	1.000001e-02	2.732000e+00	3.276800e+00	3.276800e+00	
1007	1.000001e-02	5.000000e+00	3.050000e+00	3.050000e+00	
1008	1.000001e-02	5.000000e+00	3.026960e+00	3.026960e+00	
1009	1.000001e-02	5.000000e+00	2.980880e+00	2.980880e+00	
1010	1.000001e-02	5.000000e+00	2.888720e+00	2.888720e+00	
1011	1.000001e-02	5.000000e+00	2.704400e+00	2.704400e+00	
1012	1.000002e-02	5.000000e+00	2.335760e+00	2.335760e+00	
1013	1.000002e-02	5.000000e+00	1.598480e+00	1.598480e+00	
1014	1.000002e-02	5.000000e+00	1.239200e-01	1.239200e-01	
1015	1.000002e-02	5.000000e+00	2.465388e-10	2.465388e-10	
1016	1.000002e-02	5.000000e+00	0.000000e+00	0.000000e+00	
1017	1.000002e-02	5.000000e+00	0.000000e+00	0.000000e+00	
1018	1.000002e-02	5.000000e+00	0.000000e+00	0.000000e+00	
1019	1.000002e-02	4.550000e+00	0.000000e+00	0.000000e+00	
1020	1.000002e-02	3.650000e+00	0.000000e+00	0.000000e+00	
1021	1.000002e-02	1.850000e+00	0.000000e+00	0.000000e+00	
1022	1.000002e-02	5.000000e-01	0.000000e+00	0.000000e+00	
1023	1.000002e-02	5.000000e-01	0.000000e+00	0.000000e+00	
1024	1.000002e-02	5.000000e-01	0.000000e+00	0.000000e+00	
1025	1.000002e-02	5.000000e-01	0.000000e+00	0.000000e+00	
1026	1.000002e-02	5.000000e-01	0.000000e+00	0.000000e+00	
1027	1.000002e-02	5.000000e-01	0.000000e+00	0.000000e+00	
1028	1.000002e-02	5.000000e-01	0.000000e+00	0.000000e+00	
1029	1.000002e-02	5.000000e-01	0.000000e+00	0.000000e+00	
1030	1.000002e-02	5.000000e-01	0.000000e+00	0.000000e+00	
1031	1.000002e-02	5.000000e-01	0.000000e+00	0.000000e+00	
1032	1.000002e-02	5.000000e-01	0.000000e+00	0.000000e+00	
1033	1.000002e-02	5.000000e-01	0.000000e+00	0.000000e+00	
1034	1.000002e-02	5.320000e-01	0.000000e+00	0.000000e+00	
1035	1.000002e-02	5.960000e-01	0.000000e+00	0.000000e+00	
1036	1.000002e-02	7.240000e-01	0.000000e+00	0.000000e+00	
1037	1.000002e-02	9.800000e-01	0.000000e+00	0.000000e+00	
1038	1.000002e-02	1.492000e+00	0.000000e+00	0.000000e+00	
1039	1.000003e-02	2.516000e+00	0.000000e+00	0.000000e+00	
1040	1.000003e-02	4.564000e+00	0.000000e+00	0.000000e+00	

Index   time            V(1/s2)         V(2/b2)         V(3/a2)         
--------------------------------------------------------------------------------
1041	1.000003e-02	5.000000e+00	0.000000e+00	0.000000e+00	
1042	1.000003e-02	5.000000e+00	0.000000e+00	0.000000e+00	
1043	1.000003e-02	5.000000e+00	0.000000e+00	0.000000e+00	
1044	1.000003e-02	5.000000e+00	0.000000e+00	0.000000e+00	
1045	1.000003e-02	5.000000e+00	0.000000e+00	0.000000e+00	
1046	1.000003e-02	5.000000e+00	0.000000e+00	0.000000e+00	
1047	1.000003e-02	5.000000e+00	0.000000e+00	0.000000e+00	
1048	1.000003e-02	5.000000e+00	0.000000e+00	0.000000e+00	
1049	1.000003e-02	5.000000e+00	0.000000e+00	0.000000e+00	
1050	1.000003e-02	5.000000e+00	0.000000e+00	0.000000e+00	
1051	1.000003e-02	5.000000e+00	0.000000e+00	0.000000e+00	
1052	1.000003e-02	5.000000e+00	0.000000e+00	0.000000e+00	
1053	1.000003e-02	5.000000e+00	0.000000e+00	0.000000e+00	
1054	1.000003e-02	5.000000e+00	0.000000e+00	0.000000e+00	
1055	1.000003e-02	5.000000e+00	0.000000e+00	0.000000e+00	
1056	1.000003e-02	5.000000e+00	0.000000e+00	0.000000e+00	
1057	1.000003e-02	5.000000e+00	0.000000e+00	0.000000e+00	
1058	1.000003e-02	5.000000e+00	0.000000e+00	0.000000e+00	
1059	1.000003e-02	5.000000e+00	0.000000e+00	0.000000e+00	
1060	1.000004e-02	5.000000e+00	0.000000e+00	0.000000e+00	
1061	1.000004e-02	5.000000e+00	0.000000e+00	0.000000e+00	
1062	1.000006e-02	5.000000e+00	0.000000e+00	0.000000e+00	
1063	1.000009e-02	5.000000e+00	0.000000e+00	0.000000e+00	
1064	1.000016e-02	5.000000e+00	0.000000e+00	0.000000e+00	
1065	1.000029e-02	5.000000e+00	0.000000e+00	0.000000e+00	
1066	1.000055e-02	5.000000e+00	0.000000e+00	0.000000e+00	
1067	1.000108e-02	5.000000e+00	0.000000e+00	0.000000e+00	
1068	1.000212e-02	5.000000e+00	0.000000e+00	0.000000e+00	
1069	1.000422e-02	5.000000e+00	0.000000e+00	0.000000e+00	
1070	1.000842e-02	5.000000e+00	0.000000e+00	0.000000e+00	
1071	1.001681e-02	5.000000e+00	0.000000e+00	0.000000e+00	
1072	1.003358e-02	5.000000e+00	0.000000e+00	0.000000e+00	
1073	1.006714e-02	5.000000e+00	0.000000e+00	0.000000e+00	
1074	1.013425e-02	5.000000e+00	0.000000e+00	0.000000e+00	
1075	1.023425e-02	5.000000e+00	0.000000e+00	0.000000e+00	
1076	1.033425e-02	5.000000e+00	0.000000e+00	0.000000e+00	
1077	1.043425e-02	5.000000e+00	0.000000e+00	0.000000e+00	
1078	1.053425e-02	5.000000e+00	0.000000e+00	0.000000e+00	
1079	1.063425e-02	5.000000e+00	0.000000e+00	0.000000e+00	
1080	1.073425e-02	5.000000e+00	0.000000e+00	0.000000e+00	
1081	1.083425e-02	5.000000e+00	0.000000e+00	0.000000e+00	
1082	1.093425e-02	5.000000e+00	0.000000e+00	0.000000e+00	
1083	1.100001e-02	5.000000e+00	0.000000e+00	0.000000e+00	
1084	1.100001e-02	5.000000e+00	0.000000e+00	0.000000e+00	
1085	1.100001e-02	5.000000e+00	0.000000e+00	0.000000e+00	
1086	1.100002e-02	5.000000e+00	0.000000e+00	0.000000e+00	
1087	1.100002e-02	5.000000e+00	0.000000e+00	0.000000e+00	
1088	1.100002e-02	5.000000e+00	0.000000e+00	0.000000e+00	
1089	1.100002e-02	5.000000e+00	0.000000e+00	0.000000e+00	
1090	1.100002e-02	5.000000e+00	0.000000e+00	0.000000e+00	
1091	1.100002e-02	5.000000e+00	0.000000e+00	0.000000e+00	
1092	1.100002e-02	5.000000e+00	0.000000e+00	0.000000e+00	
1093	1.100002e-02	5.000000e+00	0.000000e+00	0.000000e+00	
1094	1.100002e-02	5.000000e+00	0.000000e+00	0.000000e+00	
1095	1.100002e-02	5.000000e+00	0.000000e+00	0.000000e+00	
1096	1.100002e-02	5.000000e+00	0.000000e+00	0.000000e+00	
1097	1.100002e-02	5.000000e+00	0.000000e+00	0.000000e+00	
1098	1.100002e-02	5.000000e+00	0.000000e+00	0.000000e+00	

Index   time            V(1/s2)         V(2/b2)         V(3/a2)         
--------------------------------------------------------------------------------
1099	1.100002e-02	4.800000e+00	0.000000e+00	0.000000e+00	
1100	1.100002e-02	4.400000e+00	0.000000e+00	0.000000e+00	
1101	1.100002e-02	3.600000e+00	0.000000e+00	0.000000e+00	
1102	1.100002e-02	2.000000e+00	0.000000e+00	0.000000e+00	
1103	1.100002e-02	5.000000e-01	0.000000e+00	0.000000e+00	
1104	1.100002e-02	5.000000e-01	0.000000e+00	0.000000e+00	
1105	1.100002e-02	5.000000e-01	0.000000e+00	0.000000e+00	
1106	1.100002e-02	5.000000e-01	0.000000e+00	0.000000e+00	
1107	1.100002e-02	5.000000e-01	0.000000e+00	0.000000e+00	
1108	1.100003e-02	5.000000e-01	0.000000e+00	0.000000e+00	
1109	1.100003e-02	5.000000e-01	0.000000e+00	0.000000e+00	
1110	1.100003e-02	5.000000e-01	0.000000e+00	0.000000e+00	
1111	1.100003e-02	5.000000e-01	0.000000e+00	0.000000e+00	
1112	1.100003e-02	5.000000e-01	0.000000e+00	0.000000e+00	
1113	1.100003e-02	5.000000e-01	0.000000e+00	0.000000e+00	
1114	1.100003e-02	5.000000e-01	0.000000e+00	0.000000e+00	
1115	1.100003e-02	5.000000e-01	0.000000e+00	0.000000e+00	
1116	1.100003e-02	5.000000e-01	0.000000e+00	0.000000e+00	
1117	1.100003e-02	5.000000e-01	0.000000e+00	0.000000e+00	
1118	1.100003e-02	5.000000e-01	0.000000e+00	0.000000e+00	
1119	1.100003e-02	5.000000e-01	0.000000e+00	0.000000e+00	
1120	1.100003e-02	4.500000e-01	0.000000e+00	0.000000e+00	
1121	1.100003e-02	3.500000e-01	0.000000e+00	0.000000e+00	
1122	1.100003e-02	1.500000e-01	0.000000e+00	0.000000e+00	
1123	1.100003e-02	1.997902e-09	0.000000e+00	0.000000e+00	
1124	1.100003e-02	0.000000e+00	0.000000e+00	0.000000e+00	
1125	1.100003e-02	0.000000e+00	0.000000e+00	0.000000e+00	
1126	1.100003e-02	0.000000e+00	0.000000e+00	0.000000e+00	
1127	1.100003e-02	0.000000e+00	0.000000e+00	0.000000e+00	
1128	1.100003e-02	0.000000e+00	0.000000e+00	0.000000e+00	
1129	1.100003e-02	0.000000e+00	0.000000e+00	0.000000e+00	
1130	1.100003e-02	0.000000e+00	0.000000e+00	0.000000e+00	
1131	1.100003e-02	0.000000e+00	0.000000e+00	0.000000e+00	
1132	1.100003e-02	0.000000e+00	0.000000e+00	0.000000e+00	
1133	1.100003e-02	0.000000e+00	0.000000e+00	0.000000e+00	
1134	1.100004e-02	0.000000e+00	0.000000e+00	0.000000e+00	
1135	1.100006e-02	0.000000e+00	0.000000e+00	0.000000e+00	
1136	1.100009e-02	0.000000e+00	0.000000e+00	0.000000e+00	
1137	1.100016e-02	0.000000e+00	0.000000e+00	0.000000e+00	
1138	1.100029e-02	0.000000e+00	0.000000e+00	0.000000e+00	
1139	1.100055e-02	0.000000e+00	0.000000e+00	0.000000e+00	
1140	1.100107e-02	0.000000e+00	0.000000e+00	0.000000e+00	
1141	1.100212e-02	0.000000e+00	0.000000e+00	0.000000e+00	
1142	1.100422e-02	0.000000e+00	0.000000e+00	0.000000e+00	
1143	1.100841e-02	0.000000e+00	0.000000e+00	0.000000e+00	
1144	1.101680e-02	0.000000e+00	0.000000e+00	0.000000e+00	
1145	1.103358e-02	0.000000e+00	0.000000e+00	0.000000e+00	
1146	1.106713e-02	0.000000e+00	0.000000e+00	0.000000e+00	
1147	1.113424e-02	0.000000e+00	0.000000e+00	0.000000e+00	
1148	1.123424e-02	0.000000e+00	0.000000e+00	0.000000e+00	
1149	1.133424e-02	0.000000e+00	0.000000e+00	0.000000e+00	
1150	1.143424e-02	0.000000e+00	0.000000e+00	0.000000e+00	
1151	1.153424e-02	0.000000e+00	0.000000e+00	0.000000e+00	
1152	1.163424e-02	0.000000e+00	0.000000e+00	0.000000e+00	
1153	1.173424e-02	0.000000e+00	0.000000e+00	0.000000e+00	
1154	1.183424e-02	0.000000e+00	0.000000e+00	0.000000e+00	
1155	1.193424e-02	0.000000e+00	0.000000e+00	0.000000e+00	
1156	1.200000e-02	0.000000e+00	0.000000e+00	0.000000e+00	

Index   time            V(1/s2)         V(2/b2)         V(3/a2)         
--------------------------------------------------------------------------------
1157	1.200000e-02	0.000000e+00	5.000000e-01	5.000000e-01	
1158	1.200000e-02	0.000000e+00	1.500000e+00	1.500000e+00	
1159	1.200001e-02	0.000000e+00	3.500000e+00	3.500000e+00	
1160	1.200001e-02	0.000000e+00	3.505000e+00	3.505000e+00	
1161	1.200001e-02	0.000000e+00	3.515000e+00	3.515000e+00	
1162	1.200001e-02	0.000000e+00	3.535000e+00	3.535000e+00	
1163	1.200001e-02	0.000000e+00	3.550000e+00	3.550000e+00	
1164	1.200001e-02	0.000000e+00	3.554000e+00	3.554000e+00	
1165	1.200001e-02	0.000000e+00	3.562000e+00	3.562000e+00	
1166	1.200001e-02	0.000000e+00	3.578000e+00	3.578000e+00	
1167	1.200001e-02	0.000000e+00	3.610000e+00	3.610000e+00	
1168	1.200001e-02	0.000000e+00	3.674000e+00	3.674000e+00	
1169	1.200001e-02	0.000000e+00	3.802000e+00	3.802000e+00	
1170	1.200001e-02	0.000000e+00	4.000000e+00	4.000000e+00	
1171	1.200001e-02	5.000000e-02	4.005000e+00	4.005000e+00	
1172	1.200001e-02	1.500000e-01	4.015000e+00	4.015000e+00	
1173	1.200001e-02	3.500000e-01	4.035000e+00	4.035000e+00	
1174	1.200001e-02	5.000000e-01	4.050000e+00	4.050000e+00	
1175	1.200001e-02	5.000000e-01	4.054000e+00	4.054000e+00	
1176	1.200001e-02	5.000000e-01	4.062000e+00	4.062000e+00	
1177	1.200001e-02	5.000000e-01	4.078000e+00	4.078000e+00	
1178	1.200001e-02	5.000000e-01	4.110000e+00	4.110000e+00	
1179	1.200001e-02	5.000000e-01	4.174000e+00	4.174000e+00	
1180	1.200001e-02	5.000000e-01	4.302000e+00	4.302000e+00	
1181	1.200001e-02	5.000000e-01	4.558000e+00	4.558000e+00	
1182	1.200001e-02	5.000000e-01	5.000000e+00	5.000000e+00	
1183	1.200001e-02	5.000000e-01	5.000000e+00	5.000000e+00	
1184	1.200001e-02	5.000000e-01	5.000000e+00	5.000000e+00	
1185	1.200001e-02	5.000000e-01	5.000000e+00	5.000000e+00	
1186	1.200001e-02	5.000000e-01	5.000000e+00	5.000000e+00	
1187	1.200001e-02	5.000000e-01	5.000000e+00	5.000000e+00	
1188	1.200001e-02	5.000000e-01	5.000000e+00	5.000000e+00	
1189	1.200001e-02	5.000000e-01	5.000000e+00	5.000000e+00	
1190	1.200001e-02	5.000000e-01	5.000000e+00	5.000000e+00	
1191	1.200001e-02	5.000000e-01	5.000000e+00	5.000000e+00	
1192	1.200001e-02	5.000000e-01	5.000000e+00	5.000000e+00	
1193	1.200001e-02	5.000000e-01	5.000000e+00	5.000000e+00	
1194	1.200001e-02	5.000000e-01	5.000000e+00	5.000000e+00	
1195	1.200001e-02	5.000000e-01	5.000000e+00	5.000000e+00	
1196	1.200001e-02	5.000000e-01	5.000000e+00	5.000000e+00	
1197	1.200001e-02	5.000000e-01	5.000000e+00	5.000000e+00	
1198	1.200001e-02	5.000000e-01	5.000000e+00	5.000000e+00	
1199	1.200001e-02	5.000000e-01	5.000000e+00	5.000000e+00	
1200	1.200001e-02	5.000000e-01	5.000000e+00	5.000000e+00	
1201	1.200001e-02	5.720000e-01	5.000000e+00	5.000000e+00	
1202	1.200001e-02	7.160000e-01	5.000000e+00	5.000000e+00	
1203	1.200001e-02	1.004000e+00	5.000000e+00	5.000000e+00	
1204	1.200001e-02	1.580000e+00	5.000000e+00	5.000000e+00	
1205	1.200001e-02	2.732000e+00	5.000000e+00	5.000000e+00	
1206	1.200001e-02	5.000000e+00	5.000000e+00	5.000000e+00	
1207	1.200001e-02	5.000000e+00	5.000000e+00	5.000000e+00	
1208	1.200001e-02	5.000000e+00	5.000000e+00	5.000000e+00	
1209	1.200001e-02	5.000000e+00	5.000000e+00	5.000000e+00	
1210	1.200001e-02	5.000000e+00	5.000000e+00	5.000000e+00	
1211	1.200001e-02	5.000000e+00	5.000000e+00	5.000000e+00	
1212	1.200001e-02	5.000000e+00	5.000000e+00	5.000000e+00	
1213	1.200001e-02	5.000000e+00	5.000000e+00	5.000000e+00	
1214	1.200001e-02	5.000000e+00	5.000000e+00	5.000000e+00	

Index   time            V(1/s2)         V(2/b2)         V(3/a2)         
--------------------------------------------------------------------------------
1215	1.200001e-02	5.000000e+00	5.000000e+00	5.000000e+00	
1216	1.200001e-02	5.000000e+00	5.000000e+00	5.000000e+00	
1217	1.200002e-02	5.000000e+00	5.000000e+00	5.000000e+00	
1218	1.200002e-02	5.000000e+00	5.000000e+00	5.000000e+00	
1219	1.200002e-02	5.000000e+00	5.000000e+00	5.000000e+00	
1220	1.200002e-02	5.000000e+00	5.000000e+00	5.000000e+00	
1221	1.200002e-02	5.000000e+00	5.000000e+00	5.000000e+00	
1222	1.200002e-02	5.000000e+00	5.000000e+00	5.000000e+00	
1223	1.200002e-02	5.000000e+00	5.000000e+00	5.000000e+00	
1224	1.200002e-02	5.000000e+00	5.000000e+00	5.000000e+00	
1225	1.200002e-02	5.000000e+00	5.000000e+00	5.000000e+00	
1226	1.200002e-02	5.000000e+00	5.000000e+00	5.000000e+00	
1227	1.200002e-02	5.000000e+00	5.000000e+00	5.000000e+00	
1228	1.200002e-02	5.000000e+00	5.000000e+00	5.000000e+00	
1229	1.200002e-02	5.000000e+00	5.000000e+00	5.000000e+00	
1230	1.200002e-02	5.000000e+00	5.000000e+00	5.000000e+00	
1231	1.200002e-02	5.000000e+00	5.000000e+00	5.000000e+00	
1232	1.200002e-02	5.000000e+00	5.000000e+00	5.000000e+00	
1233	1.200002e-02	5.000000e+00	5.000000e+00	5.000000e+00	
1234	1.200002e-02	5.000000e+00	5.000000e+00	5.000000e+00	
1235	1.200002e-02	5.000000e+00	5.000000e+00	5.000000e+00	
1236	1.200002e-02	5.000000e+00	5.000000e+00	5.000000e+00	
1237	1.200002e-02	5.000000e+00	5.000000e+00	5.000000e+00	
1238	1.200002e-02	5.000000e+00	5.000000e+00	5.000000e+00	
1239	1.200002e-02	5.000000e+00	5.000000e+00	5.000000e+00	
1240	1.200002e-02	5.000000e+00	5.000000e+00	5.000000e+00	
1241	1.200002e-02	5.000000e+00	5.000000e+00	5.000000e+00	
1242	1.200002e-02	5.000000e+00	5.000000e+00	5.000000e+00	
1243	1.200002e-02	5.000000e+00	5.000000e+00	5.000000e+00	
1244	1.200002e-02	5.000000e+00	5.000000e+00	5.000000e+00	
1245	1.200003e-02	5.000000e+00	5.000000e+00	5.000000e+00	
1246	1.200003e-02	5.000000e+00	5.000000e+00	5.000000e+00	
1247	1.200003e-02	5.000000e+00	5.000000e+00	5.000000e+00	
1248	1.200003e-02	5.000000e+00	5.000000e+00	5.000000e+00	
1249	1.200003e-02	5.000000e+00	5.000000e+00	5.000000e+00	
1250	1.200003e-02	5.000000e+00	5.000000e+00	5.000000e+00	
1251	1.200003e-02	5.000000e+00	5.000000e+00	5.000000e+00	
1252	1.200003e-02	5.000000e+00	5.000000e+00	5.000000e+00	
1253	1.200003e-02	5.000000e+00	5.000000e+00	5.000000e+00	
1254	1.200003e-02	5.000000e+00	5.000000e+00	5.000000e+00	
1255	1.200003e-02	5.000000e+00	5.000000e+00	5.000000e+00	
1256	1.200003e-02	5.000000e+00	5.000000e+00	5.000000e+00	
1257	1.200003e-02	5.000000e+00	5.000000e+00	5.000000e+00	
1258	1.200003e-02	5.000000e+00	5.000000e+00	5.000000e+00	
1259	1.200003e-02	5.000000e+00	5.000000e+00	5.000000e+00	
1260	1.200003e-02	5.000000e+00	5.000000e+00	5.000000e+00	
1261	1.200003e-02	5.000000e+00	5.000000e+00	5.000000e+00	
1262	1.200003e-02	5.000000e+00	5.000000e+00	5.000000e+00	
1263	1.200003e-02	5.000000e+00	5.000000e+00	5.000000e+00	
1264	1.200003e-02	5.000000e+00	5.000000e+00	5.000000e+00	
1265	1.200003e-02	5.000000e+00	5.000000e+00	5.000000e+00	
1266	1.200004e-02	5.000000e+00	5.000000e+00	5.000000e+00	
1267	1.200006e-02	5.000000e+00	5.000000e+00	5.000000e+00	
1268	1.200009e-02	5.000000e+00	5.000000e+00	5.000000e+00	
1269	1.200016e-02	5.000000e+00	5.000000e+00	5.000000e+00	
1270	1.200029e-02	5.000000e+00	5.000000e+00	5.000000e+00	
1271	1.200055e-02	5.000000e+00	5.000000e+00	5.000000e+00	
1272	1.200108e-02	5.000000e+00	5.000000e+00	5.000000e+00	

Index   time            V(1/s2)         V(2/b2)         V(3/a2)         
--------------------------------------------------------------------------------
1273	1.200212e-02	5.000000e+00	5.000000e+00	5.000000e+00	
1274	1.200422e-02	5.000000e+00	5.000000e+00	5.000000e+00	
1275	1.200842e-02	5.000000e+00	5.000000e+00	5.000000e+00	
1276	1.201680e-02	5.000000e+00	5.000000e+00	5.000000e+00	
1277	1.203358e-02	5.000000e+00	5.000000e+00	5.000000e+00	
1278	1.206714e-02	5.000000e+00	5.000000e+00	5.000000e+00	
1279	1.213424e-02	5.000000e+00	5.000000e+00	5.000000e+00	
1280	1.223424e-02	5.000000e+00	5.000000e+00	5.000000e+00	
1281	1.233424e-02	5.000000e+00	5.000000e+00	5.000000e+00	
1282	1.243424e-02	5.000000e+00	5.000000e+00	5.000000e+00	
1283	1.253424e-02	5.000000e+00	5.000000e+00	5.000000e+00	
1284	1.263424e-02	5.000000e+00	5.000000e+00	5.000000e+00	
1285	1.273424e-02	5.000000e+00	5.000000e+00	5.000000e+00	
1286	1.283424e-02	5.000000e+00	5.000000e+00	5.000000e+00	
1287	1.293424e-02	5.000000e+00	5.000000e+00	5.000000e+00	
1288	1.300001e-02	5.000000e+00	5.000000e+00	5.000000e+00	
1289	1.300001e-02	5.000000e+00	5.000000e+00	5.000000e+00	
1290	1.300001e-02	5.000000e+00	5.000000e+00	5.000000e+00	
1291	1.300002e-02	5.000000e+00	5.000000e+00	5.000000e+00	
1292	1.300002e-02	5.000000e+00	5.000000e+00	5.000000e+00	
1293	1.300002e-02	5.000000e+00	5.000000e+00	5.000000e+00	
1294	1.300002e-02	5.000000e+00	5.000000e+00	5.000000e+00	
1295	1.300002e-02	5.000000e+00	5.000000e+00	5.000000e+00	
1296	1.300002e-02	5.000000e+00	5.000000e+00	5.000000e+00	
1297	1.300002e-02	5.000000e+00	5.000000e+00	5.000000e+00	
1298	1.300002e-02	5.000000e+00	5.000000e+00	5.000000e+00	
1299	1.300002e-02	5.000000e+00	5.000000e+00	5.000000e+00	
1300	1.300002e-02	5.000000e+00	5.000000e+00	5.000000e+00	
1301	1.300002e-02	5.000000e+00	5.000000e+00	5.000000e+00	
1302	1.300002e-02	5.000000e+00	5.000000e+00	5.000000e+00	
1303	1.300002e-02	5.000000e+00	5.000000e+00	5.000000e+00	
1304	1.300002e-02	4.800000e+00	5.000000e+00	5.000000e+00	
1305	1.300002e-02	4.400000e+00	5.000000e+00	5.000000e+00	
1306	1.300002e-02	3.600000e+00	5.000000e+00	5.000000e+00	
1307	1.300002e-02	2.000000e+00	5.000000e+00	5.000000e+00	
1308	1.300002e-02	5.000000e-01	5.000000e+00	5.000000e+00	
1309	1.300002e-02	5.000000e-01	5.000000e+00	5.000000e+00	
1310	1.300002e-02	5.000000e-01	5.000000e+00	5.000000e+00	
1311	1.300002e-02	5.000000e-01	5.000000e+00	5.000000e+00	
1312	1.300002e-02	5.000000e-01	5.000000e+00	5.000000e+00	
1313	1.300003e-02	5.000000e-01	5.000000e+00	5.000000e+00	
1314	1.300003e-02	5.000000e-01	5.000000e+00	5.000000e+00	
1315	1.300003e-02	5.000000e-01	5.000000e+00	5.000000e+00	
1316	1.300003e-02	5.000000e-01	5.000000e+00	5.000000e+00	
1317	1.300003e-02	5.000000e-01	5.000000e+00	5.000000e+00	
1318	1.300003e-02	5.000000e-01	5.000000e+00	5.000000e+00	
1319	1.300003e-02	5.000000e-01	5.000000e+00	5.000000e+00	
1320	1.300003e-02	5.000000e-01	5.000000e+00	5.000000e+00	
1321	1.300003e-02	5.000000e-01	5.000000e+00	5.000000e+00	
1322	1.300003e-02	5.000000e-01	5.000000e+00	5.000000e+00	
1323	1.300003e-02	5.000000e-01	5.000000e+00	5.000000e+00	
1324	1.300003e-02	5.000000e-01	5.000000e+00	5.000000e+00	
1325	1.300003e-02	4.500000e-01	5.000000e+00	5.000000e+00	
1326	1.300003e-02	3.500000e-01	5.000000e+00	5.000000e+00	
1327	1.300003e-02	1.500000e-01	5.000000e+00	5.000000e+00	
1328	1.300003e-02	1.997902e-09	5.000000e+00	5.000000e+00	
1329	1.300003e-02	0.000000e+00	5.000000e+00	5.000000e+00	
1330	1.300003e-02	0.000000e+00	5.000000e+00	5.000000e+00	

Index   time            V(1/s2)         V(2/b2)         V(3/a2)         
--------------------------------------------------------------------------------
1331	1.300003e-02	0.000000e+00	5.000000e+00	5.000000e+00	
1332	1.300003e-02	0.000000e+00	5.000000e+00	5.000000e+00	
1333	1.300003e-02	0.000000e+00	5.000000e+00	5.000000e+00	
1334	1.300003e-02	0.000000e+00	5.000000e+00	5.000000e+00	
1335	1.300003e-02	0.000000e+00	5.000000e+00	5.000000e+00	
1336	1.300003e-02	0.000000e+00	5.000000e+00	5.000000e+00	
1337	1.300003e-02	0.000000e+00	5.000000e+00	5.000000e+00	
1338	1.300003e-02	0.000000e+00	5.000000e+00	5.000000e+00	
1339	1.300004e-02	0.000000e+00	5.000000e+00	5.000000e+00	
1340	1.300006e-02	0.000000e+00	5.000000e+00	5.000000e+00	
1341	1.300009e-02	0.000000e+00	5.000000e+00	5.000000e+00	
1342	1.300016e-02	0.000000e+00	5.000000e+00	5.000000e+00	
1343	1.300029e-02	0.000000e+00	5.000000e+00	5.000000e+00	
1344	1.300055e-02	0.000000e+00	5.000000e+00	5.000000e+00	
1345	1.300107e-02	0.000000e+00	5.000000e+00	5.000000e+00	
1346	1.300212e-02	0.000000e+00	5.000000e+00	5.000000e+00	
1347	1.300422e-02	0.000000e+00	5.000000e+00	5.000000e+00	
1348	1.300841e-02	0.000000e+00	5.000000e+00	5.000000e+00	
1349	1.301680e-02	0.000000e+00	5.000000e+00	5.000000e+00	
1350	1.303358e-02	0.000000e+00	5.000000e+00	5.000000e+00	
1351	1.306713e-02	0.000000e+00	5.000000e+00	5.000000e+00	
1352	1.313424e-02	0.000000e+00	5.000000e+00	5.000000e+00	
1353	1.323424e-02	0.000000e+00	5.000000e+00	5.000000e+00	
1354	1.333424e-02	0.000000e+00	5.000000e+00	5.000000e+00	
1355	1.343424e-02	0.000000e+00	5.000000e+00	5.000000e+00	
1356	1.353424e-02	0.000000e+00	5.000000e+00	5.000000e+00	
1357	1.363424e-02	0.000000e+00	5.000000e+00	5.000000e+00	
1358	1.373424e-02	0.000000e+00	5.000000e+00	5.000000e+00	
1359	1.383424e-02	0.000000e+00	5.000000e+00	5.000000e+00	
1360	1.393424e-02	0.000000e+00	5.000000e+00	5.000000e+00	
1361	1.400000e-02	0.000000e+00	5.000000e+00	5.000000e+00	
1362	1.400000e-02	0.000000e+00	5.000000e+00	5.000000e+00	
1363	1.400000e-02	0.000000e+00	5.000000e+00	5.000000e+00	
1364	1.400001e-02	0.000000e+00	5.000000e+00	5.000000e+00	
1365	1.400001e-02	0.000000e+00	5.000000e+00	5.000000e+00	
1366	1.400001e-02	0.000000e+00	5.000000e+00	5.000000e+00	
1367	1.400001e-02	0.000000e+00	5.000000e+00	5.000000e+00	
1368	1.400001e-02	0.000000e+00	5.000000e+00	5.000000e+00	
1369	1.400001e-02	0.000000e+00	5.000000e+00	5.000000e+00	
1370	1.400001e-02	0.000000e+00	5.000000e+00	5.000000e+00	
1371	1.400001e-02	0.000000e+00	5.000000e+00	5.000000e+00	
1372	1.400001e-02	0.000000e+00	5.000000e+00	5.000000e+00	
1373	1.400001e-02	0.000000e+00	5.000000e+00	5.000000e+00	
1374	1.400001e-02	0.000000e+00	5.000000e+00	5.000000e+00	
1375	1.400001e-02	0.000000e+00	5.000000e+00	5.000000e+00	
1376	1.400001e-02	0.000000e+00	5.000000e+00	5.000000e+00	
1377	1.400001e-02	5.000000e-02	5.000000e+00	5.000000e+00	
1378	1.400001e-02	1.500000e-01	5.000000e+00	5.000000e+00	
1379	1.400001e-02	3.500000e-01	5.000000e+00	5.000000e+00	
1380	1.400001e-02	5.000000e-01	5.000000e+00	5.000000e+00	
1381	1.400001e-02	5.000000e-01	5.000000e+00	5.000000e+00	
1382	1.400001e-02	5.000000e-01	5.000000e+00	5.000000e+00	
1383	1.400001e-02	5.000000e-01	5.000000e+00	5.000000e+00	
1384	1.400001e-02	5.000000e-01	5.000000e+00	5.000000e+00	
1385	1.400001e-02	5.000000e-01	5.000000e+00	5.000000e+00	
1386	1.400001e-02	5.000000e-01	5.000000e+00	5.000000e+00	
1387	1.400001e-02	5.000000e-01	5.000000e+00	5.000000e+00	
1388	1.400001e-02	5.000000e-01	4.974400e+00	4.974400e+00	

Index   time            V(1/s2)         V(2/b2)         V(3/a2)         
--------------------------------------------------------------------------------
1389	1.400001e-02	5.000000e-01	4.923200e+00	4.923200e+00	
1390	1.400001e-02	5.000000e-01	4.820800e+00	4.820800e+00	
1391	1.400001e-02	5.000000e-01	4.616000e+00	4.616000e+00	
1392	1.400001e-02	5.000000e-01	4.206400e+00	4.206400e+00	
1393	1.400001e-02	5.000000e-01	4.000000e+00	4.000000e+00	
1394	1.400001e-02	5.000000e-01	3.955000e+00	3.955000e+00	
1395	1.400001e-02	5.000000e-01	3.865000e+00	3.865000e+00	
1396	1.400001e-02	5.000000e-01	3.685000e+00	3.685000e+00	
1397	1.400001e-02	5.000000e-01	3.550000e+00	3.550000e+00	
1398	1.400001e-02	5.000000e-01	3.514000e+00	3.514000e+00	
1399	1.400001e-02	5.000000e-01	3.500000e+00	3.500000e+00	
1400	1.400001e-02	5.720000e-01	3.492800e+00	3.492800e+00	
1401	1.400001e-02	7.160000e-01	3.478400e+00	3.478400e+00	
1402	1.400001e-02	1.004000e+00	3.449600e+00	3.449600e+00	
1403	1.400001e-02	1.580000e+00	3.392000e+00	3.392000e+00	
1404	1.400001e-02	2.732000e+00	3.276800e+00	3.276800e+00	
1405	1.400001e-02	5.000000e+00	3.050000e+00	3.050000e+00	
1406	1.400001e-02	5.000000e+00	3.026960e+00	3.026960e+00	
1407	1.400001e-02	5.000000e+00	2.980880e+00	2.980880e+00	
1408	1.400001e-02	5.000000e+00	2.888720e+00	2.888720e+00	
1409	1.400001e-02	5.000000e+00	2.704400e+00	2.704400e+00	
1410	1.400002e-02	5.000000e+00	2.335760e+00	2.335760e+00	
1411	1.400002e-02	5.000000e+00	1.598480e+00	1.598480e+00	
1412	1.400002e-02	5.000000e+00	1.239200e-01	1.239200e-01	
1413	1.400002e-02	5.000000e+00	2.465388e-10	2.465388e-10	
1414	1.400002e-02	5.000000e+00	0.000000e+00	0.000000e+00	
1415	1.400002e-02	5.000000e+00	0.000000e+00	0.000000e+00	
1416	1.400002e-02	5.000000e+00	0.000000e+00	0.000000e+00	
1417	1.400002e-02	4.550000e+00	0.000000e+00	0.000000e+00	
1418	1.400002e-02	3.650000e+00	0.000000e+00	0.000000e+00	
1419	1.400002e-02	1.850000e+00	0.000000e+00	0.000000e+00	
1420	1.400002e-02	5.000000e-01	0.000000e+00	0.000000e+00	
1421	1.400002e-02	5.000000e-01	0.000000e+00	0.000000e+00	
1422	1.400002e-02	5.000000e-01	0.000000e+00	0.000000e+00	
1423	1.400002e-02	5.000000e-01	0.000000e+00	0.000000e+00	
1424	1.400002e-02	5.000000e-01	0.000000e+00	0.000000e+00	
1425	1.400002e-02	5.000000e-01	0.000000e+00	0.000000e+00	
1426	1.400002e-02	5.000000e-01	0.000000e+00	0.000000e+00	
1427	1.400002e-02	5.000000e-01	0.000000e+00	0.000000e+00	
1428	1.400002e-02	5.000000e-01	0.000000e+00	0.000000e+00	
1429	1.400002e-02	5.000000e-01	0.000000e+00	0.000000e+00	
1430	1.400002e-02	5.000000e-01	0.000000e+00	0.000000e+00	
1431	1.400002e-02	5.000000e-01	0.000000e+00	0.000000e+00	
1432	1.400002e-02	5.320000e-01	0.000000e+00	0.000000e+00	
1433	1.400002e-02	5.960000e-01	0.000000e+00	0.000000e+00	
1434	1.400002e-02	7.240000e-01	0.000000e+00	0.000000e+00	
1435	1.400002e-02	9.800000e-01	0.000000e+00	0.000000e+00	
1436	1.400002e-02	1.492000e+00	0.000000e+00	0.000000e+00	
1437	1.400003e-02	2.516000e+00	0.000000e+00	0.000000e+00	
1438	1.400003e-02	4.564000e+00	0.000000e+00	0.000000e+00	
1439	1.400003e-02	5.000000e+00	0.000000e+00	0.000000e+00	
1440	1.400003e-02	5.000000e+00	0.000000e+00	0.000000e+00	
1441	1.400003e-02	5.000000e+00	0.000000e+00	0.000000e+00	
1442	1.400003e-02	5.000000e+00	0.000000e+00	0.000000e+00	
1443	1.400003e-02	5.000000e+00	0.000000e+00	0.000000e+00	
1444	1.400003e-02	5.000000e+00	0.000000e+00	0.000000e+00	
1445	1.400003e-02	5.000000e+00	0.000000e+00	0.000000e+00	
1446	1.400003e-02	5.000000e+00	0.000000e+00	0.000000e+00	

Index   time            V(1/s2)         V(2/b2)         V(3/a2)         
--------------------------------------------------------------------------------
1447	1.400003e-02	5.000000e+00	0.000000e+00	0.000000e+00	
1448	1.400003e-02	5.000000e+00	0.000000e+00	0.000000e+00	
1449	1.400003e-02	5.000000e+00	0.000000e+00	0.000000e+00	
1450	1.400003e-02	5.000000e+00	0.000000e+00	0.000000e+00	
1451	1.400003e-02	5.000000e+00	0.000000e+00	0.000000e+00	
1452	1.400003e-02	5.000000e+00	0.000000e+00	0.000000e+00	
1453	1.400003e-02	5.000000e+00	0.000000e+00	0.000000e+00	
1454	1.400003e-02	5.000000e+00	0.000000e+00	0.000000e+00	
1455	1.400003e-02	5.000000e+00	0.000000e+00	0.000000e+00	
1456	1.400003e-02	5.000000e+00	0.000000e+00	0.000000e+00	
1457	1.400003e-02	5.000000e+00	0.000000e+00	0.000000e+00	
1458	1.400004e-02	5.000000e+00	0.000000e+00	0.000000e+00	
1459	1.400004e-02	5.000000e+00	0.000000e+00	0.000000e+00	
1460	1.400006e-02	5.000000e+00	0.000000e+00	0.000000e+00	
1461	1.400009e-02	5.000000e+00	0.000000e+00	0.000000e+00	
1462	1.400016e-02	5.000000e+00	0.000000e+00	0.000000e+00	
1463	1.400029e-02	5.000000e+00	0.000000e+00	0.000000e+00	
1464	1.400055e-02	5.000000e+00	0.000000e+00	0.000000e+00	
1465	1.400108e-02	5.000000e+00	0.000000e+00	0.000000e+00	
1466	1.400212e-02	5.000000e+00	0.000000e+00	0.000000e+00	
1467	1.400422e-02	5.000000e+00	0.000000e+00	0.000000e+00	
1468	1.400842e-02	5.000000e+00	0.000000e+00	0.000000e+00	
1469	1.401681e-02	5.000000e+00	0.000000e+00	0.000000e+00	
1470	1.403358e-02	5.000000e+00	0.000000e+00	0.000000e+00	
1471	1.406714e-02	5.000000e+00	0.000000e+00	0.000000e+00	
1472	1.413425e-02	5.000000e+00	0.000000e+00	0.000000e+00	
1473	1.423425e-02	5.000000e+00	0.000000e+00	0.000000e+00	
1474	1.433425e-02	5.000000e+00	0.000000e+00	0.000000e+00	
1475	1.443425e-02	5.000000e+00	0.000000e+00	0.000000e+00	
1476	1.453425e-02	5.000000e+00	0.000000e+00	0.000000e+00	
1477	1.463425e-02	5.000000e+00	0.000000e+00	0.000000e+00	
1478	1.473425e-02	5.000000e+00	0.000000e+00	0.000000e+00	
1479	1.483425e-02	5.000000e+00	0.000000e+00	0.000000e+00	
1480	1.493425e-02	5.000000e+00	0.000000e+00	0.000000e+00	
1481	1.500001e-02	5.000000e+00	0.000000e+00	0.000000e+00	
1482	1.500001e-02	5.000000e+00	0.000000e+00	0.000000e+00	
1483	1.500001e-02	5.000000e+00	0.000000e+00	0.000000e+00	
1484	1.500002e-02	5.000000e+00	0.000000e+00	0.000000e+00	
1485	1.500002e-02	5.000000e+00	0.000000e+00	0.000000e+00	
1486	1.500002e-02	5.000000e+00	0.000000e+00	0.000000e+00	
1487	1.500002e-02	5.000000e+00	0.000000e+00	0.000000e+00	
1488	1.500002e-02	5.000000e+00	0.000000e+00	0.000000e+00	
1489	1.500002e-02	5.000000e+00	0.000000e+00	0.000000e+00	
1490	1.500002e-02	5.000000e+00	0.000000e+00	0.000000e+00	
1491	1.500002e-02	5.000000e+00	0.000000e+00	0.000000e+00	
1492	1.500002e-02	5.000000e+00	0.000000e+00	0.000000e+00	
1493	1.500002e-02	5.000000e+00	0.000000e+00	0.000000e+00	
1494	1.500002e-02	5.000000e+00	0.000000e+00	0.000000e+00	
1495	1.500002e-02	5.000000e+00	0.000000e+00	0.000000e+00	
1496	1.500002e-02	5.000000e+00	0.000000e+00	0.000000e+00	
1497	1.500002e-02	4.800000e+00	0.000000e+00	0.000000e+00	
1498	1.500002e-02	4.400000e+00	0.000000e+00	0.000000e+00	
1499	1.500002e-02	3.600000e+00	0.000000e+00	0.000000e+00	
1500	1.500002e-02	2.000000e+00	0.000000e+00	0.000000e+00	
1501	1.500002e-02	5.000000e-01	0.000000e+00	0.000000e+00	
1502	1.500002e-02	5.000000e-01	0.000000e+00	0.000000e+00	
1503	1.500002e-02	5.000000e-01	0.000000e+00	0.000000e+00	
1504	1.500002e-02	5.000000e-01	0.000000e+00	0.000000e+00	

Index   time            V(1/s2)         V(2/b2)         V(3/a2)         
--------------------------------------------------------------------------------
1505	1.500002e-02	5.000000e-01	0.000000e+00	0.000000e+00	
1506	1.500003e-02	5.000000e-01	0.000000e+00	0.000000e+00	
1507	1.500003e-02	5.000000e-01	0.000000e+00	0.000000e+00	
1508	1.500003e-02	5.000000e-01	0.000000e+00	0.000000e+00	
1509	1.500003e-02	5.000000e-01	0.000000e+00	0.000000e+00	
1510	1.500003e-02	5.000000e-01	0.000000e+00	0.000000e+00	
1511	1.500003e-02	5.000000e-01	0.000000e+00	0.000000e+00	
1512	1.500003e-02	5.000000e-01	0.000000e+00	0.000000e+00	
1513	1.500003e-02	5.000000e-01	0.000000e+00	0.000000e+00	
1514	1.500003e-02	5.000000e-01	0.000000e+00	0.000000e+00	
1515	1.500003e-02	5.000000e-01	0.000000e+00	0.000000e+00	
1516	1.500003e-02	5.000000e-01	0.000000e+00	0.000000e+00	
1517	1.500003e-02	5.000000e-01	0.000000e+00	0.000000e+00	
1518	1.500003e-02	4.500000e-01	0.000000e+00	0.000000e+00	
1519	1.500003e-02	3.500000e-01	0.000000e+00	0.000000e+00	
1520	1.500003e-02	1.500000e-01	0.000000e+00	0.000000e+00	
1521	1.500003e-02	0.000000e+00	0.000000e+00	0.000000e+00	
1522	1.500003e-02	0.000000e+00	0.000000e+00	0.000000e+00	
1523	1.500003e-02	0.000000e+00	0.000000e+00	0.000000e+00	
1524	1.500003e-02	0.000000e+00	0.000000e+00	0.000000e+00	
1525	1.500003e-02	0.000000e+00	0.000000e+00	0.000000e+00	
1526	1.500003e-02	0.000000e+00	0.000000e+00	0.000000e+00	
1527	1.500003e-02	0.000000e+00	0.000000e+00	0.000000e+00	
1528	1.500003e-02	0.000000e+00	0.000000e+00	0.000000e+00	
1529	1.500003e-02	0.000000e+00	0.000000e+00	0.000000e+00	
1530	1.500003e-02	0.000000e+00	0.000000e+00	0.000000e+00	
1531	1.500003e-02	0.000000e+00	0.000000e+00	0.000000e+00	
1532	1.500004e-02	0.000000e+00	0.000000e+00	0.000000e+00	
1533	1.500006e-02	0.000000e+00	0.000000e+00	0.000000e+00	
1534	1.500009e-02	0.000000e+00	0.000000e+00	0.000000e+00	
1535	1.500016e-02	0.000000e+00	0.000000e+00	0.000000e+00	
1536	1.500029e-02	0.000000e+00	0.000000e+00	0.000000e+00	
1537	1.500055e-02	0.000000e+00	0.000000e+00	0.000000e+00	
1538	1.500107e-02	0.000000e+00	0.000000e+00	0.000000e+00	
1539	1.500212e-02	0.000000e+00	0.000000e+00	0.000000e+00	
1540	1.500422e-02	0.000000e+00	0.000000e+00	0.000000e+00	
1541	1.500841e-02	0.000000e+00	0.000000e+00	0.000000e+00	
1542	1.501680e-02	0.000000e+00	0.000000e+00	0.000000e+00	
1543	1.503358e-02	0.000000e+00	0.000000e+00	0.000000e+00	
1544	1.506713e-02	0.000000e+00	0.000000e+00	0.000000e+00	
1545	1.513424e-02	0.000000e+00	0.000000e+00	0.000000e+00	
1546	1.523424e-02	0.000000e+00	0.000000e+00	0.000000e+00	
1547	1.533424e-02	0.000000e+00	0.000000e+00	0.000000e+00	
1548	1.543424e-02	0.000000e+00	0.000000e+00	0.000000e+00	
1549	1.553424e-02	0.000000e+00	0.000000e+00	0.000000e+00	
1550	1.563424e-02	0.000000e+00	0.000000e+00	0.000000e+00	
1551	1.573424e-02	0.000000e+00	0.000000e+00	0.000000e+00	
1552	1.583424e-02	0.000000e+00	0.000000e+00	0.000000e+00	
1553	1.593424e-02	0.000000e+00	0.000000e+00	0.000000e+00	
1554	1.600000e-02	0.000000e+00	0.000000e+00	0.000000e+00	

                                kicad schematic
                                Transient Analysis  Mon Nov 03 10:54:37  2025
--------------------------------------------------------------------------------
Index   time            V(4/s1)         V(5/a1)         V(6/b1)         
--------------------------------------------------------------------------------
0	0.000000e+00	0.000000e+00	0.000000e+00	0.000000e+00	
1	1.000000e-10	0.000000e+00	5.000000e-02	5.000000e-02	
2	2.000000e-10	0.000000e+00	1.000000e-01	1.000000e-01	
3	4.000000e-10	0.000000e+00	2.000000e-01	2.000000e-01	
4	8.000000e-10	0.000000e+00	4.000000e-01	4.000000e-01	
5	1.600000e-09	0.000000e+00	8.000000e-01	8.000000e-01	
6	3.200000e-09	0.000000e+00	1.600000e+00	1.600000e+00	
7	6.400000e-09	0.000000e+00	3.200000e+00	3.200000e+00	
8	7.200000e-09	0.000000e+00	3.600000e+00	3.600000e+00	
9	7.210000e-09	5.000000e-02	3.605000e+00	3.605000e+00	
10	7.230000e-09	1.500000e-01	3.615000e+00	3.615000e+00	
11	7.270000e-09	3.500000e-01	3.635000e+00	3.635000e+00	
12	7.300000e-09	5.000000e-01	3.650000e+00	3.650000e+00	
13	7.308000e-09	5.000000e-01	3.654000e+00	3.654000e+00	
14	7.324000e-09	5.000000e-01	3.662000e+00	3.662000e+00	
15	7.356000e-09	5.000000e-01	3.678000e+00	3.678000e+00	
16	7.420000e-09	5.000000e-01	3.710000e+00	3.710000e+00	
17	7.548000e-09	5.000000e-01	3.774000e+00	3.774000e+00	
18	7.804000e-09	5.000000e-01	3.902000e+00	3.902000e+00	
19	8.200000e-09	5.000000e-01	4.100000e+00	4.100000e+00	
20	8.210000e-09	5.000000e-01	4.105000e+00	4.105000e+00	
21	8.230000e-09	5.000000e-01	4.115000e+00	4.115000e+00	
22	8.270000e-09	5.000000e-01	4.135000e+00	4.135000e+00	
23	8.300000e-09	5.000000e-01	4.150000e+00	4.150000e+00	
24	8.308000e-09	5.000000e-01	4.154000e+00	4.154000e+00	
25	8.324000e-09	5.000000e-01	4.162000e+00	4.162000e+00	
26	8.356000e-09	5.000000e-01	4.178000e+00	4.178000e+00	
27	8.420000e-09	5.000000e-01	4.210000e+00	4.210000e+00	
28	8.548000e-09	5.000000e-01	4.274000e+00	4.274000e+00	
29	8.804000e-09	5.000000e-01	4.402000e+00	4.402000e+00	
30	9.200000e-09	5.000000e-01	4.600000e+00	4.600000e+00	
31	9.210000e-09	5.000000e-01	4.605000e+00	4.605000e+00	
32	9.230000e-09	5.000000e-01	4.615000e+00	4.615000e+00	
33	9.270000e-09	5.000000e-01	4.635000e+00	4.635000e+00	
34	9.300000e-09	5.000000e-01	4.650000e+00	4.650000e+00	
35	9.308000e-09	5.000000e-01	4.654000e+00	4.654000e+00	
36	9.324000e-09	5.000000e-01	4.662000e+00	4.662000e+00	
37	9.356000e-09	5.000000e-01	4.678000e+00	4.678000e+00	
38	9.420000e-09	5.000000e-01	4.710000e+00	4.710000e+00	
39	9.548000e-09	5.000000e-01	4.774000e+00	4.774000e+00	
40	9.804000e-09	5.000000e-01	4.902000e+00	4.902000e+00	
41	1.000000e-08	5.000000e-01	5.000000e+00	5.000000e+00	
42	1.005120e-08	5.000000e-01	5.000000e+00	5.000000e+00	
43	1.015360e-08	5.000000e-01	5.000000e+00	5.000000e+00	
44	1.035840e-08	5.000000e-01	5.000000e+00	5.000000e+00	
45	1.076800e-08	5.000000e-01	5.000000e+00	5.000000e+00	
46	1.140000e-08	5.000000e-01	5.000000e+00	5.000000e+00	
47	1.148192e-08	9.096000e-01	5.000000e+00	5.000000e+00	
48	1.164576e-08	1.728800e+00	5.000000e+00	5.000000e+00	
49	1.197344e-08	3.367200e+00	5.000000e+00	5.000000e+00	
50	1.230000e-08	5.000000e+00	5.000000e+00	5.000000e+00	
51	1.236554e-08	5.000000e+00	5.000000e+00	5.000000e+00	
52	1.240000e-08	5.000000e+00	5.000000e+00	5.000000e+00	
53	1.241311e-08	5.000000e+00	5.000000e+00	5.000000e+00	
54	1.243932e-08	5.000000e+00	5.000000e+00	5.000000e+00	

Index   time            V(4/s1)         V(5/a1)         V(6/b1)         
--------------------------------------------------------------------------------
55	1.249175e-08	5.000000e+00	5.000000e+00	5.000000e+00	
56	1.259661e-08	5.000000e+00	5.000000e+00	5.000000e+00	
57	1.280632e-08	5.000000e+00	5.000000e+00	5.000000e+00	
58	1.322575e-08	5.000000e+00	5.000000e+00	5.000000e+00	
59	1.330000e-08	5.000000e+00	5.000000e+00	5.000000e+00	
60	1.338389e-08	5.000000e+00	5.000000e+00	5.000000e+00	
61	1.340000e-08	5.000000e+00	5.000000e+00	5.000000e+00	
62	1.341678e-08	5.000000e+00	5.000000e+00	5.000000e+00	
63	1.345033e-08	5.000000e+00	5.000000e+00	5.000000e+00	
64	1.351744e-08	5.000000e+00	5.000000e+00	5.000000e+00	
65	1.365166e-08	5.000000e+00	5.000000e+00	5.000000e+00	
66	1.392009e-08	5.000000e+00	5.000000e+00	5.000000e+00	
67	1.430000e-08	5.000000e+00	5.000000e+00	5.000000e+00	
68	1.435369e-08	5.000000e+00	5.000000e+00	5.000000e+00	
69	1.440000e-08	5.000000e+00	5.000000e+00	5.000000e+00	
70	1.441074e-08	5.000000e+00	5.000000e+00	5.000000e+00	
71	1.443221e-08	5.000000e+00	5.000000e+00	5.000000e+00	
72	1.447516e-08	5.000000e+00	5.000000e+00	5.000000e+00	
73	1.456106e-08	5.000000e+00	5.000000e+00	5.000000e+00	
74	1.473286e-08	5.000000e+00	5.000000e+00	5.000000e+00	
75	1.507646e-08	5.000000e+00	5.000000e+00	5.000000e+00	
76	1.530000e-08	5.000000e+00	5.000000e+00	5.000000e+00	
77	1.536872e-08	5.000000e+00	5.000000e+00	5.000000e+00	
78	1.550616e-08	5.000000e+00	5.000000e+00	5.000000e+00	
79	1.578104e-08	5.000000e+00	5.000000e+00	5.000000e+00	
80	1.633079e-08	5.000000e+00	5.000000e+00	5.000000e+00	
81	1.743030e-08	5.000000e+00	5.000000e+00	5.000000e+00	
82	1.962933e-08	5.000000e+00	5.000000e+00	5.000000e+00	
83	2.402737e-08	5.000000e+00	5.000000e+00	5.000000e+00	
84	3.282347e-08	5.000000e+00	5.000000e+00	5.000000e+00	
85	5.041565e-08	5.000000e+00	5.000000e+00	5.000000e+00	
86	8.560002e-08	5.000000e+00	5.000000e+00	5.000000e+00	
87	1.559688e-07	5.000000e+00	5.000000e+00	5.000000e+00	
88	2.967063e-07	5.000000e+00	5.000000e+00	5.000000e+00	
89	5.781812e-07	5.000000e+00	5.000000e+00	5.000000e+00	
90	1.141131e-06	5.000000e+00	5.000000e+00	5.000000e+00	
91	2.267031e-06	5.000000e+00	5.000000e+00	5.000000e+00	
92	4.518831e-06	5.000000e+00	5.000000e+00	5.000000e+00	
93	9.022431e-06	5.000000e+00	5.000000e+00	5.000000e+00	
94	1.802963e-05	5.000000e+00	5.000000e+00	5.000000e+00	
95	3.604403e-05	5.000000e+00	5.000000e+00	5.000000e+00	
96	7.207283e-05	5.000000e+00	5.000000e+00	5.000000e+00	
97	1.441304e-04	5.000000e+00	5.000000e+00	5.000000e+00	
98	2.441304e-04	5.000000e+00	5.000000e+00	5.000000e+00	
99	3.441304e-04	5.000000e+00	5.000000e+00	5.000000e+00	
100	4.441304e-04	5.000000e+00	5.000000e+00	5.000000e+00	
101	5.441304e-04	5.000000e+00	5.000000e+00	5.000000e+00	
102	6.441304e-04	5.000000e+00	5.000000e+00	5.000000e+00	
103	7.441304e-04	5.000000e+00	5.000000e+00	5.000000e+00	
104	8.441304e-04	5.000000e+00	5.000000e+00	5.000000e+00	
105	9.441304e-04	5.000000e+00	5.000000e+00	5.000000e+00	
106	1.000010e-03	5.000000e+00	5.000000e+00	5.000000e+00	
107	1.000011e-03	5.000000e+00	4.500000e+00	4.500000e+00	
108	1.000013e-03	5.000000e+00	3.500000e+00	3.500000e+00	
109	1.000017e-03	5.000000e+00	1.500000e+00	1.500000e+00	
110	1.000020e-03	5.000000e+00	0.000000e+00	0.000000e+00	
111	1.000021e-03	5.000000e+00	0.000000e+00	0.000000e+00	
112	1.000021e-03	5.000000e+00	0.000000e+00	0.000000e+00	

Index   time            V(4/s1)         V(5/a1)         V(6/b1)         
--------------------------------------------------------------------------------
113	1.000021e-03	4.550000e+00	0.000000e+00	0.000000e+00	
114	1.000021e-03	3.650000e+00	0.000000e+00	0.000000e+00	
115	1.000022e-03	1.850000e+00	0.000000e+00	0.000000e+00	
116	1.000022e-03	5.000000e-01	0.000000e+00	0.000000e+00	
117	1.000022e-03	5.000000e-01	0.000000e+00	0.000000e+00	
118	1.000022e-03	5.000000e-01	0.000000e+00	0.000000e+00	
119	1.000022e-03	5.000000e-01	0.000000e+00	0.000000e+00	
120	1.000023e-03	5.000000e-01	0.000000e+00	0.000000e+00	
121	1.000023e-03	5.000000e-01	0.000000e+00	0.000000e+00	
122	1.000023e-03	5.000000e-01	0.000000e+00	0.000000e+00	
123	1.000023e-03	5.000000e-01	0.000000e+00	0.000000e+00	
124	1.000023e-03	5.000000e-01	0.000000e+00	0.000000e+00	
125	1.000024e-03	5.000000e-01	0.000000e+00	0.000000e+00	
126	1.000024e-03	5.000000e-01	0.000000e+00	0.000000e+00	
127	1.000024e-03	5.000000e-01	0.000000e+00	0.000000e+00	
128	1.000024e-03	5.000000e-01	0.000000e+00	0.000000e+00	
129	1.000024e-03	5.000000e-01	0.000000e+00	0.000000e+00	
130	1.000025e-03	5.000000e-01	0.000000e+00	0.000000e+00	
131	1.000025e-03	5.000000e-01	0.000000e+00	0.000000e+00	
132	1.000025e-03	4.500000e-01	0.000000e+00	0.000000e+00	
133	1.000025e-03	3.500000e-01	0.000000e+00	0.000000e+00	
134	1.000025e-03	1.500000e-01	0.000000e+00	0.000000e+00	
135	1.000025e-03	0.000000e+00	0.000000e+00	0.000000e+00	
136	1.000025e-03	0.000000e+00	0.000000e+00	0.000000e+00	
137	1.000025e-03	0.000000e+00	0.000000e+00	0.000000e+00	
138	1.000025e-03	0.000000e+00	0.000000e+00	0.000000e+00	
139	1.000025e-03	0.000000e+00	0.000000e+00	0.000000e+00	
140	1.000025e-03	0.000000e+00	0.000000e+00	0.000000e+00	
141	1.000026e-03	0.000000e+00	0.000000e+00	0.000000e+00	
142	1.000026e-03	0.000000e+00	0.000000e+00	0.000000e+00	
143	1.000026e-03	0.000000e+00	0.000000e+00	0.000000e+00	
144	1.000026e-03	0.000000e+00	0.000000e+00	0.000000e+00	
145	1.000026e-03	0.000000e+00	0.000000e+00	0.000000e+00	
146	1.000026e-03	0.000000e+00	0.000000e+00	0.000000e+00	
147	1.000026e-03	0.000000e+00	0.000000e+00	0.000000e+00	
148	1.000026e-03	0.000000e+00	0.000000e+00	0.000000e+00	
149	1.000026e-03	0.000000e+00	0.000000e+00	0.000000e+00	
150	1.000026e-03	0.000000e+00	0.000000e+00	0.000000e+00	
151	1.000026e-03	0.000000e+00	0.000000e+00	0.000000e+00	
152	1.000027e-03	0.000000e+00	0.000000e+00	0.000000e+00	
153	1.000027e-03	0.000000e+00	0.000000e+00	0.000000e+00	
154	1.000028e-03	0.000000e+00	0.000000e+00	0.000000e+00	
155	1.000030e-03	0.000000e+00	0.000000e+00	0.000000e+00	
156	1.000034e-03	0.000000e+00	0.000000e+00	0.000000e+00	
157	1.000042e-03	0.000000e+00	0.000000e+00	0.000000e+00	
158	1.000059e-03	0.000000e+00	0.000000e+00	0.000000e+00	
159	1.000092e-03	0.000000e+00	0.000000e+00	0.000000e+00	
160	1.000157e-03	0.000000e+00	0.000000e+00	0.000000e+00	
161	1.000288e-03	0.000000e+00	0.000000e+00	0.000000e+00	
162	1.000550e-03	0.000000e+00	0.000000e+00	0.000000e+00	
163	1.001075e-03	0.000000e+00	0.000000e+00	0.000000e+00	
164	1.002123e-03	0.000000e+00	0.000000e+00	0.000000e+00	
165	1.004220e-03	0.000000e+00	0.000000e+00	0.000000e+00	
166	1.008415e-03	0.000000e+00	0.000000e+00	0.000000e+00	
167	1.016803e-03	0.000000e+00	0.000000e+00	0.000000e+00	
168	1.033581e-03	0.000000e+00	0.000000e+00	0.000000e+00	
169	1.067135e-03	0.000000e+00	0.000000e+00	0.000000e+00	
170	1.134244e-03	0.000000e+00	0.000000e+00	0.000000e+00	

Index   time            V(4/s1)         V(5/a1)         V(6/b1)         
--------------------------------------------------------------------------------
171	1.234244e-03	0.000000e+00	0.000000e+00	0.000000e+00	
172	1.334244e-03	0.000000e+00	0.000000e+00	0.000000e+00	
173	1.434244e-03	0.000000e+00	0.000000e+00	0.000000e+00	
174	1.534244e-03	0.000000e+00	0.000000e+00	0.000000e+00	
175	1.634244e-03	0.000000e+00	0.000000e+00	0.000000e+00	
176	1.734244e-03	0.000000e+00	0.000000e+00	0.000000e+00	
177	1.834244e-03	0.000000e+00	0.000000e+00	0.000000e+00	
178	1.934244e-03	0.000000e+00	0.000000e+00	0.000000e+00	
179	2.000000e-03	0.000000e+00	0.000000e+00	0.000000e+00	
180	2.000001e-03	0.000000e+00	5.000000e-01	5.000000e-01	
181	2.000003e-03	0.000000e+00	1.500000e+00	1.500000e+00	
182	2.000007e-03	0.000000e+00	3.500000e+00	3.500000e+00	
183	2.000007e-03	5.000000e-02	3.505000e+00	3.505000e+00	
184	2.000007e-03	1.500000e-01	3.515000e+00	3.515000e+00	
185	2.000007e-03	3.500000e-01	3.535000e+00	3.535000e+00	
186	2.000007e-03	5.000000e-01	3.550000e+00	3.550000e+00	
187	2.000007e-03	5.000000e-01	3.554000e+00	3.554000e+00	
188	2.000007e-03	5.000000e-01	3.562000e+00	3.562000e+00	
189	2.000007e-03	5.000000e-01	3.578000e+00	3.578000e+00	
190	2.000007e-03	5.000000e-01	3.610000e+00	3.610000e+00	
191	2.000007e-03	5.000000e-01	3.674000e+00	3.674000e+00	
192	2.000008e-03	5.000000e-01	3.802000e+00	3.802000e+00	
193	2.000008e-03	5.000000e-01	4.058000e+00	4.058000e+00	
194	2.000009e-03	5.000000e-01	4.500000e+00	4.500000e+00	
195	2.000009e-03	5.000000e-01	4.505000e+00	4.505000e+00	
196	2.000009e-03	5.000000e-01	4.515000e+00	4.515000e+00	
197	2.000009e-03	5.000000e-01	4.535000e+00	4.535000e+00	
198	2.000009e-03	5.000000e-01	4.550000e+00	4.550000e+00	
199	2.000009e-03	5.000000e-01	4.554000e+00	4.554000e+00	
200	2.000009e-03	5.000000e-01	4.562000e+00	4.562000e+00	
201	2.000009e-03	5.000000e-01	4.578000e+00	4.578000e+00	
202	2.000009e-03	5.000000e-01	4.610000e+00	4.610000e+00	
203	2.000009e-03	5.000000e-01	4.674000e+00	4.674000e+00	
204	2.000010e-03	5.000000e-01	4.802000e+00	4.802000e+00	
205	2.000010e-03	5.000000e-01	5.000000e+00	5.000000e+00	
206	2.000010e-03	5.000000e-01	5.000000e+00	5.000000e+00	
207	2.000010e-03	5.000000e-01	5.000000e+00	5.000000e+00	
208	2.000010e-03	5.000000e-01	5.000000e+00	5.000000e+00	
209	2.000011e-03	5.000000e-01	5.000000e+00	5.000000e+00	
210	2.000012e-03	5.000000e-01	5.000000e+00	5.000000e+00	
211	2.000012e-03	5.000000e-01	5.000000e+00	5.000000e+00	
212	2.000012e-03	9.500000e-01	5.000000e+00	5.000000e+00	
213	2.000012e-03	1.850000e+00	5.000000e+00	5.000000e+00	
214	2.000013e-03	3.650000e+00	5.000000e+00	5.000000e+00	
215	2.000013e-03	5.000000e+00	5.000000e+00	5.000000e+00	
216	2.000013e-03	5.000000e+00	5.000000e+00	5.000000e+00	
217	2.000013e-03	5.000000e+00	5.000000e+00	5.000000e+00	
218	2.000013e-03	5.000000e+00	5.000000e+00	5.000000e+00	
219	2.000013e-03	5.000000e+00	5.000000e+00	5.000000e+00	
220	2.000013e-03	5.000000e+00	5.000000e+00	5.000000e+00	
221	2.000013e-03	5.000000e+00	5.000000e+00	5.000000e+00	
222	2.000013e-03	5.000000e+00	5.000000e+00	5.000000e+00	
223	2.000014e-03	5.000000e+00	5.000000e+00	5.000000e+00	
224	2.000014e-03	5.000000e+00	5.000000e+00	5.000000e+00	
225	2.000014e-03	5.000000e+00	5.000000e+00	5.000000e+00	
226	2.000014e-03	5.000000e+00	5.000000e+00	5.000000e+00	
227	2.000015e-03	5.000000e+00	5.000000e+00	5.000000e+00	
228	2.000015e-03	5.000000e+00	5.000000e+00	5.000000e+00	

Index   time            V(4/s1)         V(5/a1)         V(6/b1)         
--------------------------------------------------------------------------------
229	2.000017e-03	5.000000e+00	5.000000e+00	5.000000e+00	
230	2.000020e-03	5.000000e+00	5.000000e+00	5.000000e+00	
231	2.000020e-03	5.000000e+00	5.000000e+00	5.000000e+00	
232	2.000020e-03	5.000000e+00	5.000000e+00	5.000000e+00	
233	2.000021e-03	5.000000e+00	5.000000e+00	5.000000e+00	
234	2.000022e-03	5.000000e+00	5.000000e+00	5.000000e+00	
235	2.000022e-03	5.000000e+00	5.000000e+00	5.000000e+00	
236	2.000022e-03	5.000000e+00	5.000000e+00	5.000000e+00	
237	2.000022e-03	5.000000e+00	5.000000e+00	5.000000e+00	
238	2.000023e-03	5.000000e+00	5.000000e+00	5.000000e+00	
239	2.000023e-03	5.000000e+00	5.000000e+00	5.000000e+00	
240	2.000023e-03	5.000000e+00	5.000000e+00	5.000000e+00	
241	2.000023e-03	5.000000e+00	5.000000e+00	5.000000e+00	
242	2.000024e-03	5.000000e+00	5.000000e+00	5.000000e+00	
243	2.000024e-03	5.000000e+00	5.000000e+00	5.000000e+00	
244	2.000024e-03	5.000000e+00	5.000000e+00	5.000000e+00	
245	2.000024e-03	5.000000e+00	5.000000e+00	5.000000e+00	
246	2.000024e-03	5.000000e+00	5.000000e+00	5.000000e+00	
247	2.000024e-03	5.000000e+00	5.000000e+00	5.000000e+00	
248	2.000025e-03	5.000000e+00	5.000000e+00	5.000000e+00	
249	2.000025e-03	5.000000e+00	5.000000e+00	5.000000e+00	
250	2.000025e-03	5.000000e+00	5.000000e+00	5.000000e+00	
251	2.000025e-03	5.000000e+00	5.000000e+00	5.000000e+00	
252	2.000025e-03	5.000000e+00	5.000000e+00	5.000000e+00	
253	2.000025e-03	5.000000e+00	5.000000e+00	5.000000e+00	
254	2.000025e-03	5.000000e+00	5.000000e+00	5.000000e+00	
255	2.000025e-03	5.000000e+00	5.000000e+00	5.000000e+00	
256	2.000026e-03	5.000000e+00	5.000000e+00	5.000000e+00	
257	2.000026e-03	5.000000e+00	5.000000e+00	5.000000e+00	
258	2.000026e-03	5.000000e+00	5.000000e+00	5.000000e+00	
259	2.000026e-03	5.000000e+00	5.000000e+00	5.000000e+00	
260	2.000026e-03	5.000000e+00	5.000000e+00	5.000000e+00	
261	2.000027e-03	5.000000e+00	5.000000e+00	5.000000e+00	
262	2.000028e-03	5.000000e+00	5.000000e+00	5.000000e+00	
263	2.000028e-03	5.000000e+00	5.000000e+00	5.000000e+00	
264	2.000028e-03	5.000000e+00	5.000000e+00	5.000000e+00	
265	2.000028e-03	5.000000e+00	5.000000e+00	5.000000e+00	
266	2.000028e-03	5.000000e+00	5.000000e+00	5.000000e+00	
267	2.000028e-03	5.000000e+00	5.000000e+00	5.000000e+00	
268	2.000028e-03	5.000000e+00	5.000000e+00	5.000000e+00	
269	2.000028e-03	5.000000e+00	5.000000e+00	5.000000e+00	
270	2.000028e-03	5.000000e+00	5.000000e+00	5.000000e+00	
271	2.000028e-03	5.000000e+00	5.000000e+00	5.000000e+00	
272	2.000028e-03	5.000000e+00	5.000000e+00	5.000000e+00	
273	2.000029e-03	5.000000e+00	5.000000e+00	5.000000e+00	
274	2.000030e-03	5.000000e+00	5.000000e+00	5.000000e+00	
275	2.000032e-03	5.000000e+00	5.000000e+00	5.000000e+00	
276	2.000036e-03	5.000000e+00	5.000000e+00	5.000000e+00	
277	2.000044e-03	5.000000e+00	5.000000e+00	5.000000e+00	
278	2.000061e-03	5.000000e+00	5.000000e+00	5.000000e+00	
279	2.000093e-03	5.000000e+00	5.000000e+00	5.000000e+00	
280	2.000159e-03	5.000000e+00	5.000000e+00	5.000000e+00	
281	2.000290e-03	5.000000e+00	5.000000e+00	5.000000e+00	
282	2.000552e-03	5.000000e+00	5.000000e+00	5.000000e+00	
283	2.001076e-03	5.000000e+00	5.000000e+00	5.000000e+00	
284	2.002125e-03	5.000000e+00	5.000000e+00	5.000000e+00	
285	2.004222e-03	5.000000e+00	5.000000e+00	5.000000e+00	
286	2.008416e-03	5.000000e+00	5.000000e+00	5.000000e+00	

Index   time            V(4/s1)         V(5/a1)         V(6/b1)         
--------------------------------------------------------------------------------
287	2.016805e-03	5.000000e+00	5.000000e+00	5.000000e+00	
288	2.033582e-03	5.000000e+00	5.000000e+00	5.000000e+00	
289	2.067137e-03	5.000000e+00	5.000000e+00	5.000000e+00	
290	2.134246e-03	5.000000e+00	5.000000e+00	5.000000e+00	
291	2.234246e-03	5.000000e+00	5.000000e+00	5.000000e+00	
292	2.334246e-03	5.000000e+00	5.000000e+00	5.000000e+00	
293	2.434246e-03	5.000000e+00	5.000000e+00	5.000000e+00	
294	2.534246e-03	5.000000e+00	5.000000e+00	5.000000e+00	
295	2.634246e-03	5.000000e+00	5.000000e+00	5.000000e+00	
296	2.734246e-03	5.000000e+00	5.000000e+00	5.000000e+00	
297	2.834246e-03	5.000000e+00	5.000000e+00	5.000000e+00	
298	2.934246e-03	5.000000e+00	5.000000e+00	5.000000e+00	
299	3.000010e-03	5.000000e+00	5.000000e+00	5.000000e+00	
300	3.000011e-03	5.000000e+00	4.500000e+00	4.500000e+00	
301	3.000013e-03	5.000000e+00	3.500000e+00	3.500000e+00	
302	3.000017e-03	5.000000e+00	1.500000e+00	1.500000e+00	
303	3.000020e-03	5.000000e+00	0.000000e+00	0.000000e+00	
304	3.000021e-03	5.000000e+00	0.000000e+00	0.000000e+00	
305	3.000021e-03	5.000000e+00	0.000000e+00	0.000000e+00	
306	3.000021e-03	4.550000e+00	0.000000e+00	0.000000e+00	
307	3.000021e-03	3.650000e+00	0.000000e+00	0.000000e+00	
308	3.000022e-03	1.850000e+00	0.000000e+00	0.000000e+00	
309	3.000022e-03	5.000000e-01	0.000000e+00	0.000000e+00	
310	3.000022e-03	5.000000e-01	0.000000e+00	0.000000e+00	
311	3.000022e-03	5.000000e-01	0.000000e+00	0.000000e+00	
312	3.000022e-03	5.000000e-01	0.000000e+00	0.000000e+00	
313	3.000023e-03	5.000000e-01	0.000000e+00	0.000000e+00	
314	3.000023e-03	5.000000e-01	0.000000e+00	0.000000e+00	
315	3.000023e-03	5.000000e-01	0.000000e+00	0.000000e+00	
316	3.000023e-03	5.000000e-01	0.000000e+00	0.000000e+00	
317	3.000023e-03	5.000000e-01	0.000000e+00	0.000000e+00	
318	3.000024e-03	5.000000e-01	0.000000e+00	0.000000e+00	
319	3.000024e-03	5.000000e-01	0.000000e+00	0.000000e+00	
320	3.000024e-03	5.000000e-01	0.000000e+00	0.000000e+00	
321	3.000024e-03	5.000000e-01	0.000000e+00	0.000000e+00	
322	3.000024e-03	5.000000e-01	0.000000e+00	0.000000e+00	
323	3.000025e-03	5.000000e-01	0.000000e+00	0.000000e+00	
324	3.000025e-03	5.000000e-01	0.000000e+00	0.000000e+00	
325	3.000025e-03	4.500000e-01	0.000000e+00	0.000000e+00	
326	3.000025e-03	3.500000e-01	0.000000e+00	0.000000e+00	
327	3.000025e-03	1.500000e-01	0.000000e+00	0.000000e+00	
328	3.000025e-03	0.000000e+00	0.000000e+00	0.000000e+00	
329	3.000025e-03	0.000000e+00	0.000000e+00	0.000000e+00	
330	3.000025e-03	0.000000e+00	0.000000e+00	0.000000e+00	
331	3.000025e-03	0.000000e+00	0.000000e+00	0.000000e+00	
332	3.000025e-03	0.000000e+00	0.000000e+00	0.000000e+00	
333	3.000025e-03	0.000000e+00	0.000000e+00	0.000000e+00	
334	3.000026e-03	0.000000e+00	0.000000e+00	0.000000e+00	
335	3.000026e-03	0.000000e+00	0.000000e+00	0.000000e+00	
336	3.000026e-03	0.000000e+00	0.000000e+00	0.000000e+00	
337	3.000026e-03	0.000000e+00	0.000000e+00	0.000000e+00	
338	3.000026e-03	0.000000e+00	0.000000e+00	0.000000e+00	
339	3.000026e-03	0.000000e+00	0.000000e+00	0.000000e+00	
340	3.000026e-03	0.000000e+00	0.000000e+00	0.000000e+00	
341	3.000026e-03	0.000000e+00	0.000000e+00	0.000000e+00	
342	3.000026e-03	0.000000e+00	0.000000e+00	0.000000e+00	
343	3.000026e-03	0.000000e+00	0.000000e+00	0.000000e+00	
344	3.000026e-03	0.000000e+00	0.000000e+00	0.000000e+00	

Index   time            V(4/s1)         V(5/a1)         V(6/b1)         
--------------------------------------------------------------------------------
345	3.000027e-03	0.000000e+00	0.000000e+00	0.000000e+00	
346	3.000027e-03	0.000000e+00	0.000000e+00	0.000000e+00	
347	3.000028e-03	0.000000e+00	0.000000e+00	0.000000e+00	
348	3.000030e-03	0.000000e+00	0.000000e+00	0.000000e+00	
349	3.000034e-03	0.000000e+00	0.000000e+00	0.000000e+00	
350	3.000042e-03	0.000000e+00	0.000000e+00	0.000000e+00	
351	3.000059e-03	0.000000e+00	0.000000e+00	0.000000e+00	
352	3.000092e-03	0.000000e+00	0.000000e+00	0.000000e+00	
353	3.000157e-03	0.000000e+00	0.000000e+00	0.000000e+00	
354	3.000288e-03	0.000000e+00	0.000000e+00	0.000000e+00	
355	3.000550e-03	0.000000e+00	0.000000e+00	0.000000e+00	
356	3.001075e-03	0.000000e+00	0.000000e+00	0.000000e+00	
357	3.002123e-03	0.000000e+00	0.000000e+00	0.000000e+00	
358	3.004220e-03	0.000000e+00	0.000000e+00	0.000000e+00	
359	3.008415e-03	0.000000e+00	0.000000e+00	0.000000e+00	
360	3.016803e-03	0.000000e+00	0.000000e+00	0.000000e+00	
361	3.033581e-03	0.000000e+00	0.000000e+00	0.000000e+00	
362	3.067135e-03	0.000000e+00	0.000000e+00	0.000000e+00	
363	3.134244e-03	0.000000e+00	0.000000e+00	0.000000e+00	
364	3.234244e-03	0.000000e+00	0.000000e+00	0.000000e+00	
365	3.334244e-03	0.000000e+00	0.000000e+00	0.000000e+00	
366	3.434244e-03	0.000000e+00	0.000000e+00	0.000000e+00	
367	3.534244e-03	0.000000e+00	0.000000e+00	0.000000e+00	
368	3.634244e-03	0.000000e+00	0.000000e+00	0.000000e+00	
369	3.734244e-03	0.000000e+00	0.000000e+00	0.000000e+00	
370	3.834244e-03	0.000000e+00	0.000000e+00	0.000000e+00	
371	3.934244e-03	0.000000e+00	0.000000e+00	0.000000e+00	
372	4.000000e-03	0.000000e+00	0.000000e+00	0.000000e+00	
373	4.000001e-03	0.000000e+00	5.000000e-01	5.000000e-01	
374	4.000003e-03	0.000000e+00	1.500000e+00	1.500000e+00	
375	4.000007e-03	0.000000e+00	3.500000e+00	3.500000e+00	
376	4.000008e-03	0.000000e+00	4.000000e+00	4.000000e+00	
377	4.000008e-03	5.000000e-02	4.005000e+00	4.005000e+00	
378	4.000008e-03	1.500000e-01	4.015000e+00	4.015000e+00	
379	4.000008e-03	3.500000e-01	4.035000e+00	4.035000e+00	
380	4.000008e-03	5.000000e-01	4.050000e+00	4.050000e+00	
381	4.000008e-03	5.000000e-01	4.054000e+00	4.054000e+00	
382	4.000008e-03	5.000000e-01	4.062000e+00	4.062000e+00	
383	4.000008e-03	5.000000e-01	4.078000e+00	4.078000e+00	
384	4.000008e-03	5.000000e-01	4.110000e+00	4.110000e+00	
385	4.000008e-03	5.000000e-01	4.174000e+00	4.174000e+00	
386	4.000009e-03	5.000000e-01	4.302000e+00	4.302000e+00	
387	4.000009e-03	5.000000e-01	4.558000e+00	4.558000e+00	
388	4.000010e-03	5.000000e-01	5.000000e+00	5.000000e+00	
389	4.000010e-03	5.000000e-01	5.000000e+00	5.000000e+00	
390	4.000010e-03	5.000000e-01	5.000000e+00	5.000000e+00	
391	4.000010e-03	5.000000e-01	5.000000e+00	5.000000e+00	
392	4.000010e-03	5.000000e-01	5.000000e+00	5.000000e+00	
393	4.000010e-03	5.000000e-01	5.000000e+00	5.000000e+00	
394	4.000011e-03	5.000000e-01	5.000000e+00	5.000000e+00	
395	4.000011e-03	5.000000e-01	5.000000e+00	5.000000e+00	
396	4.000011e-03	5.000000e-01	5.000000e+00	5.000000e+00	
397	4.000012e-03	5.000000e-01	5.000000e+00	5.000000e+00	
398	4.000012e-03	9.500000e-01	5.000000e+00	5.000000e+00	
399	4.000012e-03	1.850000e+00	5.000000e+00	5.000000e+00	
400	4.000013e-03	3.650000e+00	5.000000e+00	5.000000e+00	
401	4.000013e-03	5.000000e+00	5.000000e+00	5.000000e+00	
402	4.000013e-03	5.000000e+00	5.000000e+00	5.000000e+00	

Index   time            V(4/s1)         V(5/a1)         V(6/b1)         
--------------------------------------------------------------------------------
403	4.000013e-03	5.000000e+00	5.000000e+00	5.000000e+00	
404	4.000013e-03	5.000000e+00	5.000000e+00	5.000000e+00	
405	4.000013e-03	5.000000e+00	5.000000e+00	5.000000e+00	
406	4.000013e-03	5.000000e+00	5.000000e+00	5.000000e+00	
407	4.000013e-03	5.000000e+00	5.000000e+00	5.000000e+00	
408	4.000013e-03	5.000000e+00	5.000000e+00	5.000000e+00	
409	4.000014e-03	5.000000e+00	5.000000e+00	5.000000e+00	
410	4.000014e-03	5.000000e+00	5.000000e+00	5.000000e+00	
411	4.000014e-03	5.000000e+00	5.000000e+00	5.000000e+00	
412	4.000014e-03	5.000000e+00	5.000000e+00	5.000000e+00	
413	4.000014e-03	5.000000e+00	5.000000e+00	5.000000e+00	
414	4.000014e-03	5.000000e+00	5.000000e+00	5.000000e+00	
415	4.000014e-03	5.000000e+00	5.000000e+00	5.000000e+00	
416	4.000014e-03	5.000000e+00	5.000000e+00	5.000000e+00	
417	4.000015e-03	5.000000e+00	5.000000e+00	5.000000e+00	
418	4.000015e-03	5.000000e+00	5.000000e+00	5.000000e+00	
419	4.000015e-03	5.000000e+00	5.000000e+00	5.000000e+00	
420	4.000015e-03	5.000000e+00	5.000000e+00	5.000000e+00	
421	4.000015e-03	5.000000e+00	5.000000e+00	5.000000e+00	
422	4.000016e-03	5.000000e+00	5.000000e+00	5.000000e+00	
423	4.000017e-03	5.000000e+00	5.000000e+00	5.000000e+00	
424	4.000019e-03	5.000000e+00	5.000000e+00	5.000000e+00	
425	4.000020e-03	5.000000e+00	5.000000e+00	5.000000e+00	
426	4.000020e-03	5.000000e+00	5.000000e+00	5.000000e+00	
427	4.000021e-03	5.000000e+00	5.000000e+00	5.000000e+00	
428	4.000022e-03	5.000000e+00	5.000000e+00	5.000000e+00	
429	4.000022e-03	5.000000e+00	5.000000e+00	5.000000e+00	
430	4.000022e-03	5.000000e+00	5.000000e+00	5.000000e+00	
431	4.000022e-03	5.000000e+00	5.000000e+00	5.000000e+00	
432	4.000023e-03	5.000000e+00	5.000000e+00	5.000000e+00	
433	4.000023e-03	5.000000e+00	5.000000e+00	5.000000e+00	
434	4.000023e-03	5.000000e+00	5.000000e+00	5.000000e+00	
435	4.000023e-03	5.000000e+00	5.000000e+00	5.000000e+00	
436	4.000024e-03	5.000000e+00	5.000000e+00	5.000000e+00	
437	4.000024e-03	5.000000e+00	5.000000e+00	5.000000e+00	
438	4.000024e-03	5.000000e+00	5.000000e+00	5.000000e+00	
439	4.000024e-03	5.000000e+00	5.000000e+00	5.000000e+00	
440	4.000024e-03	5.000000e+00	5.000000e+00	5.000000e+00	
441	4.000025e-03	5.000000e+00	5.000000e+00	5.000000e+00	
442	4.000025e-03	5.000000e+00	5.000000e+00	5.000000e+00	
443	4.000025e-03	5.000000e+00	5.000000e+00	5.000000e+00	
444	4.000025e-03	5.000000e+00	5.000000e+00	5.000000e+00	
445	4.000025e-03	5.000000e+00	5.000000e+00	5.000000e+00	
446	4.000025e-03	5.000000e+00	5.000000e+00	5.000000e+00	
447	4.000025e-03	5.000000e+00	5.000000e+00	5.000000e+00	
448	4.000025e-03	5.000000e+00	5.000000e+00	5.000000e+00	
449	4.000026e-03	5.000000e+00	5.000000e+00	5.000000e+00	
450	4.000026e-03	5.000000e+00	5.000000e+00	5.000000e+00	
451	4.000026e-03	5.000000e+00	5.000000e+00	5.000000e+00	
452	4.000026e-03	5.000000e+00	5.000000e+00	5.000000e+00	
453	4.000026e-03	5.000000e+00	5.000000e+00	5.000000e+00	
454	4.000027e-03	5.000000e+00	5.000000e+00	5.000000e+00	
455	4.000027e-03	5.000000e+00	5.000000e+00	5.000000e+00	
456	4.000027e-03	5.000000e+00	5.000000e+00	5.000000e+00	
457	4.000027e-03	5.000000e+00	5.000000e+00	5.000000e+00	
458	4.000027e-03	5.000000e+00	5.000000e+00	5.000000e+00	
459	4.000027e-03	5.000000e+00	5.000000e+00	5.000000e+00	
460	4.000027e-03	5.000000e+00	5.000000e+00	5.000000e+00	

Index   time            V(4/s1)         V(5/a1)         V(6/b1)         
--------------------------------------------------------------------------------
461	4.000027e-03	5.000000e+00	5.000000e+00	5.000000e+00	
462	4.000027e-03	5.000000e+00	5.000000e+00	5.000000e+00	
463	4.000027e-03	5.000000e+00	5.000000e+00	5.000000e+00	
464	4.000027e-03	5.000000e+00	5.000000e+00	5.000000e+00	
465	4.000028e-03	5.000000e+00	5.000000e+00	5.000000e+00	
466	4.000029e-03	5.000000e+00	5.000000e+00	5.000000e+00	
467	4.000031e-03	5.000000e+00	5.000000e+00	5.000000e+00	
468	4.000035e-03	5.000000e+00	5.000000e+00	5.000000e+00	
469	4.000043e-03	5.000000e+00	5.000000e+00	5.000000e+00	
470	4.000059e-03	5.000000e+00	5.000000e+00	5.000000e+00	
471	4.000092e-03	5.000000e+00	5.000000e+00	5.000000e+00	
472	4.000158e-03	5.000000e+00	5.000000e+00	5.000000e+00	
473	4.000289e-03	5.000000e+00	5.000000e+00	5.000000e+00	
474	4.000551e-03	5.000000e+00	5.000000e+00	5.000000e+00	
475	4.001075e-03	5.000000e+00	5.000000e+00	5.000000e+00	
476	4.002124e-03	5.000000e+00	5.000000e+00	5.000000e+00	
477	4.004221e-03	5.000000e+00	5.000000e+00	5.000000e+00	
478	4.008415e-03	5.000000e+00	5.000000e+00	5.000000e+00	
479	4.016804e-03	5.000000e+00	5.000000e+00	5.000000e+00	
480	4.033581e-03	5.000000e+00	5.000000e+00	5.000000e+00	
481	4.067136e-03	5.000000e+00	5.000000e+00	5.000000e+00	
482	4.134244e-03	5.000000e+00	5.000000e+00	5.000000e+00	
483	4.234244e-03	5.000000e+00	5.000000e+00	5.000000e+00	
484	4.334244e-03	5.000000e+00	5.000000e+00	5.000000e+00	
485	4.434244e-03	5.000000e+00	5.000000e+00	5.000000e+00	
486	4.534244e-03	5.000000e+00	5.000000e+00	5.000000e+00	
487	4.634244e-03	5.000000e+00	5.000000e+00	5.000000e+00	
488	4.734244e-03	5.000000e+00	5.000000e+00	5.000000e+00	
489	4.834244e-03	5.000000e+00	5.000000e+00	5.000000e+00	
490	4.934244e-03	5.000000e+00	5.000000e+00	5.000000e+00	
491	5.000010e-03	5.000000e+00	5.000000e+00	5.000000e+00	
492	5.000011e-03	5.000000e+00	4.500000e+00	4.500000e+00	
493	5.000013e-03	5.000000e+00	3.500000e+00	3.500000e+00	
494	5.000017e-03	5.000000e+00	1.500000e+00	1.500000e+00	
495	5.000020e-03	5.000000e+00	1.381188e-10	1.381188e-10	
496	5.000021e-03	5.000000e+00	0.000000e+00	0.000000e+00	
497	5.000021e-03	5.000000e+00	0.000000e+00	0.000000e+00	
498	5.000021e-03	4.550000e+00	0.000000e+00	0.000000e+00	
499	5.000021e-03	3.650000e+00	0.000000e+00	0.000000e+00	
500	5.000022e-03	1.850000e+00	0.000000e+00	0.000000e+00	
501	5.000022e-03	5.000000e-01	0.000000e+00	0.000000e+00	
502	5.000022e-03	5.000000e-01	0.000000e+00	0.000000e+00	
503	5.000022e-03	5.000000e-01	0.000000e+00	0.000000e+00	
504	5.000022e-03	5.000000e-01	0.000000e+00	0.000000e+00	
505	5.000023e-03	5.000000e-01	0.000000e+00	0.000000e+00	
506	5.000023e-03	5.000000e-01	0.000000e+00	0.000000e+00	
507	5.000023e-03	5.000000e-01	0.000000e+00	0.000000e+00	
508	5.000023e-03	5.000000e-01	0.000000e+00	0.000000e+00	
509	5.000023e-03	5.000000e-01	0.000000e+00	0.000000e+00	
510	5.000024e-03	5.000000e-01	0.000000e+00	0.000000e+00	
511	5.000024e-03	5.000000e-01	0.000000e+00	0.000000e+00	
512	5.000024e-03	5.000000e-01	0.000000e+00	0.000000e+00	
513	5.000024e-03	5.000000e-01	0.000000e+00	0.000000e+00	
514	5.000024e-03	5.000000e-01	0.000000e+00	0.000000e+00	
515	5.000025e-03	5.000000e-01	0.000000e+00	0.000000e+00	
516	5.000025e-03	5.000000e-01	0.000000e+00	0.000000e+00	
517	5.000025e-03	4.500000e-01	0.000000e+00	0.000000e+00	
518	5.000025e-03	3.500000e-01	0.000000e+00	0.000000e+00	

Index   time            V(4/s1)         V(5/a1)         V(6/b1)         
--------------------------------------------------------------------------------
519	5.000025e-03	1.500000e-01	0.000000e+00	0.000000e+00	
520	5.000025e-03	1.997902e-09	0.000000e+00	0.000000e+00	
521	5.000025e-03	0.000000e+00	0.000000e+00	0.000000e+00	
522	5.000025e-03	0.000000e+00	0.000000e+00	0.000000e+00	
523	5.000025e-03	0.000000e+00	0.000000e+00	0.000000e+00	
524	5.000025e-03	0.000000e+00	0.000000e+00	0.000000e+00	
525	5.000025e-03	0.000000e+00	0.000000e+00	0.000000e+00	
526	5.000026e-03	0.000000e+00	0.000000e+00	0.000000e+00	
527	5.000026e-03	0.000000e+00	0.000000e+00	0.000000e+00	
528	5.000026e-03	0.000000e+00	0.000000e+00	0.000000e+00	
529	5.000026e-03	0.000000e+00	0.000000e+00	0.000000e+00	
530	5.000026e-03	0.000000e+00	0.000000e+00	0.000000e+00	
531	5.000026e-03	0.000000e+00	0.000000e+00	0.000000e+00	
532	5.000026e-03	0.000000e+00	0.000000e+00	0.000000e+00	
533	5.000026e-03	0.000000e+00	0.000000e+00	0.000000e+00	
534	5.000026e-03	0.000000e+00	0.000000e+00	0.000000e+00	
535	5.000026e-03	0.000000e+00	0.000000e+00	0.000000e+00	
536	5.000026e-03	0.000000e+00	0.000000e+00	0.000000e+00	
537	5.000027e-03	0.000000e+00	0.000000e+00	0.000000e+00	
538	5.000027e-03	0.000000e+00	0.000000e+00	0.000000e+00	
539	5.000028e-03	0.000000e+00	0.000000e+00	0.000000e+00	
540	5.000030e-03	0.000000e+00	0.000000e+00	0.000000e+00	
541	5.000034e-03	0.000000e+00	0.000000e+00	0.000000e+00	
542	5.000042e-03	0.000000e+00	0.000000e+00	0.000000e+00	
543	5.000059e-03	0.000000e+00	0.000000e+00	0.000000e+00	
544	5.000092e-03	0.000000e+00	0.000000e+00	0.000000e+00	
545	5.000157e-03	0.000000e+00	0.000000e+00	0.000000e+00	
546	5.000288e-03	0.000000e+00	0.000000e+00	0.000000e+00	
547	5.000550e-03	0.000000e+00	0.000000e+00	0.000000e+00	
548	5.001075e-03	0.000000e+00	0.000000e+00	0.000000e+00	
549	5.002123e-03	0.000000e+00	0.000000e+00	0.000000e+00	
550	5.004220e-03	0.000000e+00	0.000000e+00	0.000000e+00	
551	5.008415e-03	0.000000e+00	0.000000e+00	0.000000e+00	
552	5.016803e-03	0.000000e+00	0.000000e+00	0.000000e+00	
553	5.033581e-03	0.000000e+00	0.000000e+00	0.000000e+00	
554	5.067135e-03	0.000000e+00	0.000000e+00	0.000000e+00	
555	5.134244e-03	0.000000e+00	0.000000e+00	0.000000e+00	
556	5.234244e-03	0.000000e+00	0.000000e+00	0.000000e+00	
557	5.334244e-03	0.000000e+00	0.000000e+00	0.000000e+00	
558	5.434244e-03	0.000000e+00	0.000000e+00	0.000000e+00	
559	5.534244e-03	0.000000e+00	0.000000e+00	0.000000e+00	
560	5.634244e-03	0.000000e+00	0.000000e+00	0.000000e+00	
561	5.734244e-03	0.000000e+00	0.000000e+00	0.000000e+00	
562	5.834244e-03	0.000000e+00	0.000000e+00	0.000000e+00	
563	5.934244e-03	0.000000e+00	0.000000e+00	0.000000e+00	
564	6.000000e-03	0.000000e+00	0.000000e+00	0.000000e+00	
565	6.000001e-03	0.000000e+00	5.000000e-01	5.000000e-01	
566	6.000003e-03	0.000000e+00	1.500000e+00	1.500000e+00	
567	6.000007e-03	0.000000e+00	3.500000e+00	3.500000e+00	
568	6.000009e-03	0.000000e+00	4.500000e+00	4.500000e+00	
569	6.000009e-03	5.000000e-02	4.505000e+00	4.505000e+00	
570	6.000009e-03	1.500000e-01	4.515000e+00	4.515000e+00	
571	6.000009e-03	3.500000e-01	4.535000e+00	4.535000e+00	
572	6.000009e-03	5.000000e-01	4.550000e+00	4.550000e+00	
573	6.000009e-03	5.000000e-01	4.554000e+00	4.554000e+00	
574	6.000009e-03	5.000000e-01	4.562000e+00	4.562000e+00	
575	6.000009e-03	5.000000e-01	4.578000e+00	4.578000e+00	
576	6.000009e-03	5.000000e-01	4.610000e+00	4.610000e+00	

Index   time            V(4/s1)         V(5/a1)         V(6/b1)         
--------------------------------------------------------------------------------
577	6.000009e-03	5.000000e-01	4.674000e+00	4.674000e+00	
578	6.000010e-03	5.000000e-01	4.802000e+00	4.802000e+00	
579	6.000010e-03	5.000000e-01	5.000000e+00	5.000000e+00	
580	6.000010e-03	5.000000e-01	5.000000e+00	5.000000e+00	
581	6.000010e-03	5.000000e-01	5.000000e+00	5.000000e+00	
582	6.000010e-03	5.000000e-01	5.000000e+00	5.000000e+00	
583	6.000011e-03	5.000000e-01	5.000000e+00	5.000000e+00	
584	6.000012e-03	5.000000e-01	5.000000e+00	5.000000e+00	
585	6.000012e-03	5.000000e-01	5.000000e+00	5.000000e+00	
586	6.000012e-03	9.500000e-01	5.000000e+00	5.000000e+00	
587	6.000012e-03	1.850000e+00	5.000000e+00	5.000000e+00	
588	6.000013e-03	3.650000e+00	5.000000e+00	5.000000e+00	
589	6.000013e-03	5.000000e+00	5.000000e+00	5.000000e+00	
590	6.000013e-03	5.000000e+00	5.000000e+00	5.000000e+00	
591	6.000013e-03	5.000000e+00	5.000000e+00	5.000000e+00	
592	6.000013e-03	5.000000e+00	5.000000e+00	5.000000e+00	
593	6.000013e-03	5.000000e+00	5.000000e+00	5.000000e+00	
594	6.000013e-03	5.000000e+00	5.000000e+00	5.000000e+00	
595	6.000013e-03	5.000000e+00	5.000000e+00	5.000000e+00	
596	6.000013e-03	5.000000e+00	5.000000e+00	5.000000e+00	
597	6.000014e-03	5.000000e+00	5.000000e+00	5.000000e+00	
598	6.000014e-03	5.000000e+00	5.000000e+00	5.000000e+00	
599	6.000014e-03	5.000000e+00	5.000000e+00	5.000000e+00	
600	6.000014e-03	5.000000e+00	5.000000e+00	5.000000e+00	
601	6.000015e-03	5.000000e+00	5.000000e+00	5.000000e+00	
602	6.000015e-03	5.000000e+00	5.000000e+00	5.000000e+00	
603	6.000017e-03	5.000000e+00	5.000000e+00	5.000000e+00	
604	6.000020e-03	5.000000e+00	5.000000e+00	5.000000e+00	
605	6.000020e-03	5.000000e+00	5.000000e+00	5.000000e+00	
606	6.000020e-03	5.000000e+00	5.000000e+00	5.000000e+00	
607	6.000021e-03	5.000000e+00	5.000000e+00	5.000000e+00	
608	6.000022e-03	5.000000e+00	5.000000e+00	5.000000e+00	
609	6.000022e-03	5.000000e+00	5.000000e+00	5.000000e+00	
610	6.000022e-03	5.000000e+00	5.000000e+00	5.000000e+00	
611	6.000022e-03	5.000000e+00	5.000000e+00	5.000000e+00	
612	6.000023e-03	5.000000e+00	5.000000e+00	5.000000e+00	
613	6.000023e-03	5.000000e+00	5.000000e+00	5.000000e+00	
614	6.000023e-03	5.000000e+00	5.000000e+00	5.000000e+00	
615	6.000023e-03	5.000000e+00	5.000000e+00	5.000000e+00	
616	6.000024e-03	5.000000e+00	5.000000e+00	5.000000e+00	
617	6.000024e-03	5.000000e+00	5.000000e+00	5.000000e+00	
618	6.000024e-03	5.000000e+00	5.000000e+00	5.000000e+00	
619	6.000024e-03	5.000000e+00	5.000000e+00	5.000000e+00	
620	6.000024e-03	5.000000e+00	5.000000e+00	5.000000e+00	
621	6.000024e-03	5.000000e+00	5.000000e+00	5.000000e+00	
622	6.000025e-03	5.000000e+00	5.000000e+00	5.000000e+00	
623	6.000025e-03	5.000000e+00	5.000000e+00	5.000000e+00	
624	6.000025e-03	5.000000e+00	5.000000e+00	5.000000e+00	
625	6.000025e-03	5.000000e+00	5.000000e+00	5.000000e+00	
626	6.000025e-03	5.000000e+00	5.000000e+00	5.000000e+00	
627	6.000025e-03	5.000000e+00	5.000000e+00	5.000000e+00	
628	6.000025e-03	5.000000e+00	5.000000e+00	5.000000e+00	
629	6.000025e-03	5.000000e+00	5.000000e+00	5.000000e+00	
630	6.000026e-03	5.000000e+00	5.000000e+00	5.000000e+00	
631	6.000026e-03	5.000000e+00	5.000000e+00	5.000000e+00	
632	6.000026e-03	5.000000e+00	5.000000e+00	5.000000e+00	
633	6.000026e-03	5.000000e+00	5.000000e+00	5.000000e+00	
634	6.000026e-03	5.000000e+00	5.000000e+00	5.000000e+00	

Index   time            V(4/s1)         V(5/a1)         V(6/b1)         
--------------------------------------------------------------------------------
635	6.000027e-03	5.000000e+00	5.000000e+00	5.000000e+00	
636	6.000028e-03	5.000000e+00	5.000000e+00	5.000000e+00	
637	6.000028e-03	5.000000e+00	5.000000e+00	5.000000e+00	
638	6.000028e-03	5.000000e+00	5.000000e+00	5.000000e+00	
639	6.000028e-03	5.000000e+00	5.000000e+00	5.000000e+00	
640	6.000028e-03	5.000000e+00	5.000000e+00	5.000000e+00	
641	6.000028e-03	5.000000e+00	5.000000e+00	5.000000e+00	
642	6.000028e-03	5.000000e+00	5.000000e+00	5.000000e+00	
643	6.000028e-03	5.000000e+00	5.000000e+00	5.000000e+00	
644	6.000028e-03	5.000000e+00	5.000000e+00	5.000000e+00	
645	6.000028e-03	5.000000e+00	5.000000e+00	5.000000e+00	
646	6.000028e-03	5.000000e+00	5.000000e+00	5.000000e+00	
647	6.000029e-03	5.000000e+00	5.000000e+00	5.000000e+00	
648	6.000030e-03	5.000000e+00	5.000000e+00	5.000000e+00	
649	6.000032e-03	5.000000e+00	5.000000e+00	5.000000e+00	
650	6.000036e-03	5.000000e+00	5.000000e+00	5.000000e+00	
651	6.000044e-03	5.000000e+00	5.000000e+00	5.000000e+00	
652	6.000061e-03	5.000000e+00	5.000000e+00	5.000000e+00	
653	6.000093e-03	5.000000e+00	5.000000e+00	5.000000e+00	
654	6.000159e-03	5.000000e+00	5.000000e+00	5.000000e+00	
655	6.000290e-03	5.000000e+00	5.000000e+00	5.000000e+00	
656	6.000552e-03	5.000000e+00	5.000000e+00	5.000000e+00	
657	6.001076e-03	5.000000e+00	5.000000e+00	5.000000e+00	
658	6.002125e-03	5.000000e+00	5.000000e+00	5.000000e+00	
659	6.004222e-03	5.000000e+00	5.000000e+00	5.000000e+00	
660	6.008416e-03	5.000000e+00	5.000000e+00	5.000000e+00	
661	6.016805e-03	5.000000e+00	5.000000e+00	5.000000e+00	
662	6.033582e-03	5.000000e+00	5.000000e+00	5.000000e+00	
663	6.067137e-03	5.000000e+00	5.000000e+00	5.000000e+00	
664	6.134246e-03	5.000000e+00	5.000000e+00	5.000000e+00	
665	6.234246e-03	5.000000e+00	5.000000e+00	5.000000e+00	
666	6.334246e-03	5.000000e+00	5.000000e+00	5.000000e+00	
667	6.434246e-03	5.000000e+00	5.000000e+00	5.000000e+00	
668	6.534246e-03	5.000000e+00	5.000000e+00	5.000000e+00	
669	6.634246e-03	5.000000e+00	5.000000e+00	5.000000e+00	
670	6.734246e-03	5.000000e+00	5.000000e+00	5.000000e+00	
671	6.834246e-03	5.000000e+00	5.000000e+00	5.000000e+00	
672	6.934246e-03	5.000000e+00	5.000000e+00	5.000000e+00	
673	7.000010e-03	5.000000e+00	5.000000e+00	5.000000e+00	
674	7.000011e-03	5.000000e+00	4.500000e+00	4.500000e+00	
675	7.000013e-03	5.000000e+00	3.500000e+00	3.500000e+00	
676	7.000017e-03	5.000000e+00	1.500000e+00	1.500000e+00	
677	7.000020e-03	5.000000e+00	1.381188e-10	1.381188e-10	
678	7.000021e-03	5.000000e+00	0.000000e+00	0.000000e+00	
679	7.000021e-03	5.000000e+00	0.000000e+00	0.000000e+00	
680	7.000021e-03	4.550000e+00	0.000000e+00	0.000000e+00	
681	7.000021e-03	3.650000e+00	0.000000e+00	0.000000e+00	
682	7.000022e-03	1.850000e+00	0.000000e+00	0.000000e+00	
683	7.000022e-03	5.000000e-01	0.000000e+00	0.000000e+00	
684	7.000022e-03	5.000000e-01	0.000000e+00	0.000000e+00	
685	7.000022e-03	5.000000e-01	0.000000e+00	0.000000e+00	
686	7.000022e-03	5.000000e-01	0.000000e+00	0.000000e+00	
687	7.000023e-03	5.000000e-01	0.000000e+00	0.000000e+00	
688	7.000023e-03	5.000000e-01	0.000000e+00	0.000000e+00	
689	7.000023e-03	5.000000e-01	0.000000e+00	0.000000e+00	
690	7.000023e-03	5.000000e-01	0.000000e+00	0.000000e+00	
691	7.000023e-03	5.000000e-01	0.000000e+00	0.000000e+00	
692	7.000024e-03	5.000000e-01	0.000000e+00	0.000000e+00	

Index   time            V(4/s1)         V(5/a1)         V(6/b1)         
--------------------------------------------------------------------------------
693	7.000024e-03	5.000000e-01	0.000000e+00	0.000000e+00	
694	7.000024e-03	5.000000e-01	0.000000e+00	0.000000e+00	
695	7.000024e-03	5.000000e-01	0.000000e+00	0.000000e+00	
696	7.000024e-03	5.000000e-01	0.000000e+00	0.000000e+00	
697	7.000025e-03	5.000000e-01	0.000000e+00	0.000000e+00	
698	7.000025e-03	5.000000e-01	0.000000e+00	0.000000e+00	
699	7.000025e-03	4.500000e-01	0.000000e+00	0.000000e+00	
700	7.000025e-03	3.500000e-01	0.000000e+00	0.000000e+00	
701	7.000025e-03	1.500000e-01	0.000000e+00	0.000000e+00	
702	7.000025e-03	1.997902e-09	0.000000e+00	0.000000e+00	
703	7.000025e-03	0.000000e+00	0.000000e+00	0.000000e+00	
704	7.000025e-03	0.000000e+00	0.000000e+00	0.000000e+00	
705	7.000025e-03	0.000000e+00	0.000000e+00	0.000000e+00	
706	7.000025e-03	0.000000e+00	0.000000e+00	0.000000e+00	
707	7.000025e-03	0.000000e+00	0.000000e+00	0.000000e+00	
708	7.000026e-03	0.000000e+00	0.000000e+00	0.000000e+00	
709	7.000026e-03	0.000000e+00	0.000000e+00	0.000000e+00	
710	7.000026e-03	0.000000e+00	0.000000e+00	0.000000e+00	
711	7.000026e-03	0.000000e+00	0.000000e+00	0.000000e+00	
712	7.000026e-03	0.000000e+00	0.000000e+00	0.000000e+00	
713	7.000026e-03	0.000000e+00	0.000000e+00	0.000000e+00	
714	7.000026e-03	0.000000e+00	0.000000e+00	0.000000e+00	
715	7.000026e-03	0.000000e+00	0.000000e+00	0.000000e+00	
716	7.000026e-03	0.000000e+00	0.000000e+00	0.000000e+00	
717	7.000026e-03	0.000000e+00	0.000000e+00	0.000000e+00	
718	7.000026e-03	0.000000e+00	0.000000e+00	0.000000e+00	
719	7.000027e-03	0.000000e+00	0.000000e+00	0.000000e+00	
720	7.000027e-03	0.000000e+00	0.000000e+00	0.000000e+00	
721	7.000028e-03	0.000000e+00	0.000000e+00	0.000000e+00	
722	7.000030e-03	0.000000e+00	0.000000e+00	0.000000e+00	
723	7.000034e-03	0.000000e+00	0.000000e+00	0.000000e+00	
724	7.000042e-03	0.000000e+00	0.000000e+00	0.000000e+00	
725	7.000059e-03	0.000000e+00	0.000000e+00	0.000000e+00	
726	7.000092e-03	0.000000e+00	0.000000e+00	0.000000e+00	
727	7.000157e-03	0.000000e+00	0.000000e+00	0.000000e+00	
728	7.000288e-03	0.000000e+00	0.000000e+00	0.000000e+00	
729	7.000550e-03	0.000000e+00	0.000000e+00	0.000000e+00	
730	7.001075e-03	0.000000e+00	0.000000e+00	0.000000e+00	
731	7.002123e-03	0.000000e+00	0.000000e+00	0.000000e+00	
732	7.004220e-03	0.000000e+00	0.000000e+00	0.000000e+00	
733	7.008415e-03	0.000000e+00	0.000000e+00	0.000000e+00	
734	7.016803e-03	0.000000e+00	0.000000e+00	0.000000e+00	
735	7.033581e-03	0.000000e+00	0.000000e+00	0.000000e+00	
736	7.067135e-03	0.000000e+00	0.000000e+00	0.000000e+00	
737	7.134244e-03	0.000000e+00	0.000000e+00	0.000000e+00	
738	7.234244e-03	0.000000e+00	0.000000e+00	0.000000e+00	
739	7.334244e-03	0.000000e+00	0.000000e+00	0.000000e+00	
740	7.434244e-03	0.000000e+00	0.000000e+00	0.000000e+00	
741	7.534244e-03	0.000000e+00	0.000000e+00	0.000000e+00	
742	7.634244e-03	0.000000e+00	0.000000e+00	0.000000e+00	
743	7.734244e-03	0.000000e+00	0.000000e+00	0.000000e+00	
744	7.834244e-03	0.000000e+00	0.000000e+00	0.000000e+00	
745	7.934244e-03	0.000000e+00	0.000000e+00	0.000000e+00	
746	8.000000e-03	0.000000e+00	0.000000e+00	0.000000e+00	
747	8.000001e-03	0.000000e+00	5.000000e-01	5.000000e-01	
748	8.000003e-03	0.000000e+00	1.500000e+00	1.500000e+00	
749	8.000007e-03	0.000000e+00	3.500000e+00	3.500000e+00	
750	8.000007e-03	5.000000e-02	3.505000e+00	3.505000e+00	

Index   time            V(4/s1)         V(5/a1)         V(6/b1)         
--------------------------------------------------------------------------------
751	8.000007e-03	1.500000e-01	3.515000e+00	3.515000e+00	
752	8.000007e-03	3.500000e-01	3.535000e+00	3.535000e+00	
753	8.000007e-03	5.000000e-01	3.550000e+00	3.550000e+00	
754	8.000007e-03	5.000000e-01	3.554000e+00	3.554000e+00	
755	8.000007e-03	5.000000e-01	3.562000e+00	3.562000e+00	
756	8.000007e-03	5.000000e-01	3.578000e+00	3.578000e+00	
757	8.000007e-03	5.000000e-01	3.610000e+00	3.610000e+00	
758	8.000007e-03	5.000000e-01	3.674000e+00	3.674000e+00	
759	8.000008e-03	5.000000e-01	3.802000e+00	3.802000e+00	
760	8.000008e-03	5.000000e-01	4.000000e+00	4.000000e+00	
761	8.000008e-03	5.000000e-01	4.005000e+00	4.005000e+00	
762	8.000008e-03	5.000000e-01	4.015000e+00	4.015000e+00	
763	8.000008e-03	5.000000e-01	4.035000e+00	4.035000e+00	
764	8.000008e-03	5.000000e-01	4.050000e+00	4.050000e+00	
765	8.000008e-03	5.000000e-01	4.054000e+00	4.054000e+00	
766	8.000008e-03	5.000000e-01	4.062000e+00	4.062000e+00	
767	8.000008e-03	5.000000e-01	4.078000e+00	4.078000e+00	
768	8.000008e-03	5.000000e-01	4.110000e+00	4.110000e+00	
769	8.000008e-03	5.000000e-01	4.174000e+00	4.174000e+00	
770	8.000009e-03	5.000000e-01	4.302000e+00	4.302000e+00	
771	8.000009e-03	5.000000e-01	4.558000e+00	4.558000e+00	
772	8.000010e-03	5.000000e-01	5.000000e+00	5.000000e+00	
773	8.000010e-03	5.000000e-01	5.000000e+00	5.000000e+00	
774	8.000010e-03	5.000000e-01	5.000000e+00	5.000000e+00	
775	8.000011e-03	5.000000e-01	5.000000e+00	5.000000e+00	
776	8.000011e-03	5.000000e-01	5.000000e+00	5.000000e+00	
777	8.000011e-03	5.000000e-01	5.000000e+00	5.000000e+00	
778	8.000011e-03	5.000000e-01	5.000000e+00	5.000000e+00	
779	8.000011e-03	5.000000e-01	5.000000e+00	5.000000e+00	
780	8.000011e-03	5.000000e-01	5.000000e+00	5.000000e+00	
781	8.000011e-03	5.000000e-01	5.000000e+00	5.000000e+00	
782	8.000011e-03	5.000000e-01	5.000000e+00	5.000000e+00	
783	8.000011e-03	5.000000e-01	5.000000e+00	5.000000e+00	
784	8.000011e-03	5.000000e-01	5.000000e+00	5.000000e+00	
785	8.000011e-03	5.000000e-01	5.000000e+00	5.000000e+00	
786	8.000012e-03	5.000000e-01	5.000000e+00	5.000000e+00	
787	8.000012e-03	5.000000e-01	5.000000e+00	5.000000e+00	
788	8.000012e-03	7.560000e-01	5.000000e+00	5.000000e+00	
789	8.000012e-03	1.268000e+00	5.000000e+00	5.000000e+00	
790	8.000012e-03	2.292000e+00	5.000000e+00	5.000000e+00	
791	8.000013e-03	4.340000e+00	5.000000e+00	5.000000e+00	
792	8.000013e-03	5.000000e+00	5.000000e+00	5.000000e+00	
793	8.000013e-03	5.000000e+00	5.000000e+00	5.000000e+00	
794	8.000013e-03	5.000000e+00	5.000000e+00	5.000000e+00	
795	8.000013e-03	5.000000e+00	5.000000e+00	5.000000e+00	
796	8.000013e-03	5.000000e+00	5.000000e+00	5.000000e+00	
797	8.000013e-03	5.000000e+00	5.000000e+00	5.000000e+00	
798	8.000013e-03	5.000000e+00	5.000000e+00	5.000000e+00	
799	8.000014e-03	5.000000e+00	5.000000e+00	5.000000e+00	
800	8.000014e-03	5.000000e+00	5.000000e+00	5.000000e+00	
801	8.000014e-03	5.000000e+00	5.000000e+00	5.000000e+00	
802	8.000014e-03	5.000000e+00	5.000000e+00	5.000000e+00	
803	8.000014e-03	5.000000e+00	5.000000e+00	5.000000e+00	
804	8.000014e-03	5.000000e+00	5.000000e+00	5.000000e+00	
805	8.000014e-03	5.000000e+00	5.000000e+00	5.000000e+00	
806	8.000014e-03	5.000000e+00	5.000000e+00	5.000000e+00	
807	8.000014e-03	5.000000e+00	5.000000e+00	5.000000e+00	
808	8.000015e-03	5.000000e+00	5.000000e+00	5.000000e+00	

Index   time            V(4/s1)         V(5/a1)         V(6/b1)         
--------------------------------------------------------------------------------
809	8.000015e-03	5.000000e+00	5.000000e+00	5.000000e+00	
810	8.000015e-03	5.000000e+00	5.000000e+00	5.000000e+00	
811	8.000015e-03	5.000000e+00	5.000000e+00	5.000000e+00	
812	8.000015e-03	5.000000e+00	5.000000e+00	5.000000e+00	
813	8.000015e-03	5.000000e+00	5.000000e+00	5.000000e+00	
814	8.000015e-03	5.000000e+00	5.000000e+00	5.000000e+00	
815	8.000015e-03	5.000000e+00	5.000000e+00	5.000000e+00	
816	8.000015e-03	5.000000e+00	5.000000e+00	5.000000e+00	
817	8.000016e-03	5.000000e+00	5.000000e+00	5.000000e+00	
818	8.000016e-03	5.000000e+00	5.000000e+00	5.000000e+00	
819	8.000016e-03	5.000000e+00	5.000000e+00	5.000000e+00	
820	8.000016e-03	5.000000e+00	5.000000e+00	5.000000e+00	
821	8.000017e-03	5.000000e+00	5.000000e+00	5.000000e+00	
822	8.000017e-03	5.000000e+00	5.000000e+00	5.000000e+00	
823	8.000019e-03	5.000000e+00	5.000000e+00	5.000000e+00	
824	8.000020e-03	5.000000e+00	5.000000e+00	5.000000e+00	
825	8.000020e-03	5.000000e+00	5.000000e+00	5.000000e+00	
826	8.000021e-03	5.000000e+00	5.000000e+00	5.000000e+00	
827	8.000021e-03	5.000000e+00	5.000000e+00	5.000000e+00	
828	8.000021e-03	5.000000e+00	5.000000e+00	5.000000e+00	
829	8.000021e-03	5.000000e+00	5.000000e+00	5.000000e+00	
830	8.000022e-03	5.000000e+00	5.000000e+00	5.000000e+00	
831	8.000022e-03	5.000000e+00	5.000000e+00	5.000000e+00	
832	8.000022e-03	5.000000e+00	5.000000e+00	5.000000e+00	
833	8.000022e-03	5.000000e+00	5.000000e+00	5.000000e+00	
834	8.000022e-03	5.000000e+00	5.000000e+00	5.000000e+00	
835	8.000022e-03	5.000000e+00	5.000000e+00	5.000000e+00	
836	8.000022e-03	5.000000e+00	5.000000e+00	5.000000e+00	
837	8.000022e-03	5.000000e+00	5.000000e+00	5.000000e+00	
838	8.000023e-03	5.000000e+00	5.000000e+00	5.000000e+00	
839	8.000023e-03	5.000000e+00	5.000000e+00	5.000000e+00	
840	8.000023e-03	5.000000e+00	5.000000e+00	5.000000e+00	
841	8.000023e-03	5.000000e+00	5.000000e+00	5.000000e+00	
842	8.000023e-03	5.000000e+00	5.000000e+00	5.000000e+00	
843	8.000024e-03	5.000000e+00	5.000000e+00	5.000000e+00	
844	8.000024e-03	5.000000e+00	5.000000e+00	5.000000e+00	
845	8.000024e-03	5.000000e+00	5.000000e+00	5.000000e+00	
846	8.000024e-03	5.000000e+00	5.000000e+00	5.000000e+00	
847	8.000024e-03	5.000000e+00	5.000000e+00	5.000000e+00	
848	8.000024e-03	5.000000e+00	5.000000e+00	5.000000e+00	
849	8.000025e-03	5.000000e+00	5.000000e+00	5.000000e+00	
850	8.000025e-03	5.000000e+00	5.000000e+00	5.000000e+00	
851	8.000025e-03	5.000000e+00	5.000000e+00	5.000000e+00	
852	8.000025e-03	5.000000e+00	5.000000e+00	5.000000e+00	
853	8.000026e-03	5.000000e+00	5.000000e+00	5.000000e+00	
854	8.000026e-03	5.000000e+00	5.000000e+00	5.000000e+00	
855	8.000026e-03	5.000000e+00	5.000000e+00	5.000000e+00	
856	8.000026e-03	5.000000e+00	5.000000e+00	5.000000e+00	
857	8.000026e-03	5.000000e+00	5.000000e+00	5.000000e+00	
858	8.000026e-03	5.000000e+00	5.000000e+00	5.000000e+00	
859	8.000026e-03	5.000000e+00	5.000000e+00	5.000000e+00	
860	8.000026e-03	5.000000e+00	5.000000e+00	5.000000e+00	
861	8.000026e-03	5.000000e+00	5.000000e+00	5.000000e+00	
862	8.000026e-03	5.000000e+00	5.000000e+00	5.000000e+00	
863	8.000026e-03	5.000000e+00	5.000000e+00	5.000000e+00	
864	8.000027e-03	5.000000e+00	5.000000e+00	5.000000e+00	
865	8.000028e-03	5.000000e+00	5.000000e+00	5.000000e+00	
866	8.000030e-03	5.000000e+00	5.000000e+00	5.000000e+00	

Index   time            V(4/s1)         V(5/a1)         V(6/b1)         
--------------------------------------------------------------------------------
867	8.000034e-03	5.000000e+00	5.000000e+00	5.000000e+00	
868	8.000042e-03	5.000000e+00	5.000000e+00	5.000000e+00	
869	8.000058e-03	5.000000e+00	5.000000e+00	5.000000e+00	
870	8.000091e-03	5.000000e+00	5.000000e+00	5.000000e+00	
871	8.000157e-03	5.000000e+00	5.000000e+00	5.000000e+00	
872	8.000288e-03	5.000000e+00	5.000000e+00	5.000000e+00	
873	8.000550e-03	5.000000e+00	5.000000e+00	5.000000e+00	
874	8.001074e-03	5.000000e+00	5.000000e+00	5.000000e+00	
875	8.002123e-03	5.000000e+00	5.000000e+00	5.000000e+00	
876	8.004220e-03	5.000000e+00	5.000000e+00	5.000000e+00	
877	8.008414e-03	5.000000e+00	5.000000e+00	5.000000e+00	
878	8.016803e-03	5.000000e+00	5.000000e+00	5.000000e+00	
879	8.033580e-03	5.000000e+00	5.000000e+00	5.000000e+00	
880	8.067135e-03	5.000000e+00	5.000000e+00	5.000000e+00	
881	8.134243e-03	5.000000e+00	5.000000e+00	5.000000e+00	
882	8.234243e-03	5.000000e+00	5.000000e+00	5.000000e+00	
883	8.334243e-03	5.000000e+00	5.000000e+00	5.000000e+00	
884	8.434243e-03	5.000000e+00	5.000000e+00	5.000000e+00	
885	8.534243e-03	5.000000e+00	5.000000e+00	5.000000e+00	
886	8.634243e-03	5.000000e+00	5.000000e+00	5.000000e+00	
887	8.734243e-03	5.000000e+00	5.000000e+00	5.000000e+00	
888	8.834243e-03	5.000000e+00	5.000000e+00	5.000000e+00	
889	8.934243e-03	5.000000e+00	5.000000e+00	5.000000e+00	
890	9.000010e-03	5.000000e+00	5.000000e+00	5.000000e+00	
891	9.000011e-03	5.000000e+00	4.500000e+00	4.500000e+00	
892	9.000013e-03	5.000000e+00	3.500000e+00	3.500000e+00	
893	9.000017e-03	5.000000e+00	1.500000e+00	1.500000e+00	
894	9.000020e-03	5.000000e+00	0.000000e+00	0.000000e+00	
895	9.000021e-03	5.000000e+00	0.000000e+00	0.000000e+00	
896	9.000021e-03	5.000000e+00	0.000000e+00	0.000000e+00	
897	9.000021e-03	4.550000e+00	0.000000e+00	0.000000e+00	
898	9.000021e-03	3.650000e+00	0.000000e+00	0.000000e+00	
899	9.000022e-03	1.850000e+00	0.000000e+00	0.000000e+00	
900	9.000022e-03	5.000000e-01	0.000000e+00	0.000000e+00	
901	9.000022e-03	5.000000e-01	0.000000e+00	0.000000e+00	
902	9.000022e-03	5.000000e-01	0.000000e+00	0.000000e+00	
903	9.000022e-03	5.000000e-01	0.000000e+00	0.000000e+00	
904	9.000023e-03	5.000000e-01	0.000000e+00	0.000000e+00	
905	9.000023e-03	5.000000e-01	0.000000e+00	0.000000e+00	
906	9.000023e-03	5.000000e-01	0.000000e+00	0.000000e+00	
907	9.000023e-03	5.000000e-01	0.000000e+00	0.000000e+00	
908	9.000023e-03	5.000000e-01	0.000000e+00	0.000000e+00	
909	9.000024e-03	5.000000e-01	0.000000e+00	0.000000e+00	
910	9.000024e-03	5.000000e-01	0.000000e+00	0.000000e+00	
911	9.000024e-03	5.000000e-01	0.000000e+00	0.000000e+00	
912	9.000024e-03	5.000000e-01	0.000000e+00	0.000000e+00	
913	9.000024e-03	5.000000e-01	0.000000e+00	0.000000e+00	
914	9.000025e-03	5.000000e-01	0.000000e+00	0.000000e+00	
915	9.000025e-03	5.000000e-01	0.000000e+00	0.000000e+00	
916	9.000025e-03	4.500000e-01	0.000000e+00	0.000000e+00	
917	9.000025e-03	3.500000e-01	0.000000e+00	0.000000e+00	
918	9.000025e-03	1.500000e-01	0.000000e+00	0.000000e+00	
919	9.000025e-03	0.000000e+00	0.000000e+00	0.000000e+00	
920	9.000025e-03	0.000000e+00	0.000000e+00	0.000000e+00	
921	9.000025e-03	0.000000e+00	0.000000e+00	0.000000e+00	
922	9.000025e-03	0.000000e+00	0.000000e+00	0.000000e+00	
923	9.000025e-03	0.000000e+00	0.000000e+00	0.000000e+00	
924	9.000025e-03	0.000000e+00	0.000000e+00	0.000000e+00	

Index   time            V(4/s1)         V(5/a1)         V(6/b1)         
--------------------------------------------------------------------------------
925	9.000026e-03	0.000000e+00	0.000000e+00	0.000000e+00	
926	9.000026e-03	0.000000e+00	0.000000e+00	0.000000e+00	
927	9.000026e-03	0.000000e+00	0.000000e+00	0.000000e+00	
928	9.000026e-03	0.000000e+00	0.000000e+00	0.000000e+00	
929	9.000026e-03	0.000000e+00	0.000000e+00	0.000000e+00	
930	9.000026e-03	0.000000e+00	0.000000e+00	0.000000e+00	
931	9.000026e-03	0.000000e+00	0.000000e+00	0.000000e+00	
932	9.000026e-03	0.000000e+00	0.000000e+00	0.000000e+00	
933	9.000026e-03	0.000000e+00	0.000000e+00	0.000000e+00	
934	9.000026e-03	0.000000e+00	0.000000e+00	0.000000e+00	
935	9.000026e-03	0.000000e+00	0.000000e+00	0.000000e+00	
936	9.000027e-03	0.000000e+00	0.000000e+00	0.000000e+00	
937	9.000027e-03	0.000000e+00	0.000000e+00	0.000000e+00	
938	9.000028e-03	0.000000e+00	0.000000e+00	0.000000e+00	
939	9.000030e-03	0.000000e+00	0.000000e+00	0.000000e+00	
940	9.000034e-03	0.000000e+00	0.000000e+00	0.000000e+00	
941	9.000042e-03	0.000000e+00	0.000000e+00	0.000000e+00	
942	9.000059e-03	0.000000e+00	0.000000e+00	0.000000e+00	
943	9.000092e-03	0.000000e+00	0.000000e+00	0.000000e+00	
944	9.000157e-03	0.000000e+00	0.000000e+00	0.000000e+00	
945	9.000288e-03	0.000000e+00	0.000000e+00	0.000000e+00	
946	9.000550e-03	0.000000e+00	0.000000e+00	0.000000e+00	
947	9.001075e-03	0.000000e+00	0.000000e+00	0.000000e+00	
948	9.002123e-03	0.000000e+00	0.000000e+00	0.000000e+00	
949	9.004220e-03	0.000000e+00	0.000000e+00	0.000000e+00	
950	9.008415e-03	0.000000e+00	0.000000e+00	0.000000e+00	
951	9.016803e-03	0.000000e+00	0.000000e+00	0.000000e+00	
952	9.033581e-03	0.000000e+00	0.000000e+00	0.000000e+00	
953	9.067135e-03	0.000000e+00	0.000000e+00	0.000000e+00	
954	9.134244e-03	0.000000e+00	0.000000e+00	0.000000e+00	
955	9.234244e-03	0.000000e+00	0.000000e+00	0.000000e+00	
956	9.334244e-03	0.000000e+00	0.000000e+00	0.000000e+00	
957	9.434244e-03	0.000000e+00	0.000000e+00	0.000000e+00	
958	9.534244e-03	0.000000e+00	0.000000e+00	0.000000e+00	
959	9.634244e-03	0.000000e+00	0.000000e+00	0.000000e+00	
960	9.734244e-03	0.000000e+00	0.000000e+00	0.000000e+00	
961	9.834244e-03	0.000000e+00	0.000000e+00	0.000000e+00	
962	9.934244e-03	0.000000e+00	0.000000e+00	0.000000e+00	
963	1.000000e-02	0.000000e+00	0.000000e+00	0.000000e+00	
964	1.000000e-02	0.000000e+00	5.000000e-01	5.000000e-01	
965	1.000000e-02	0.000000e+00	1.500000e+00	1.500000e+00	
966	1.000001e-02	0.000000e+00	3.500000e+00	3.500000e+00	
967	1.000001e-02	5.000000e-02	3.505000e+00	3.505000e+00	
968	1.000001e-02	1.500000e-01	3.515000e+00	3.515000e+00	
969	1.000001e-02	3.500000e-01	3.535000e+00	3.535000e+00	
970	1.000001e-02	5.000000e-01	3.550000e+00	3.550000e+00	
971	1.000001e-02	5.000000e-01	3.554000e+00	3.554000e+00	
972	1.000001e-02	5.000000e-01	3.562000e+00	3.562000e+00	
973	1.000001e-02	5.000000e-01	3.578000e+00	3.578000e+00	
974	1.000001e-02	5.000000e-01	3.610000e+00	3.610000e+00	
975	1.000001e-02	5.000000e-01	3.674000e+00	3.674000e+00	
976	1.000001e-02	5.000000e-01	3.802000e+00	3.802000e+00	
977	1.000001e-02	5.000000e-01	4.058000e+00	4.058000e+00	
978	1.000001e-02	5.000000e-01	4.500000e+00	4.500000e+00	
979	1.000001e-02	5.000000e-01	4.505000e+00	4.505000e+00	
980	1.000001e-02	5.000000e-01	4.515000e+00	4.515000e+00	
981	1.000001e-02	5.000000e-01	4.535000e+00	4.535000e+00	
982	1.000001e-02	5.000000e-01	4.550000e+00	4.550000e+00	

Index   time            V(4/s1)         V(5/a1)         V(6/b1)         
--------------------------------------------------------------------------------
983	1.000001e-02	5.000000e-01	4.554000e+00	4.554000e+00	
984	1.000001e-02	5.000000e-01	4.562000e+00	4.562000e+00	
985	1.000001e-02	5.000000e-01	4.578000e+00	4.578000e+00	
986	1.000001e-02	5.000000e-01	4.610000e+00	4.610000e+00	
987	1.000001e-02	5.000000e-01	4.674000e+00	4.674000e+00	
988	1.000001e-02	5.000000e-01	4.802000e+00	4.802000e+00	
989	1.000001e-02	5.000000e-01	5.000000e+00	5.000000e+00	
990	1.000001e-02	5.000000e-01	5.000000e+00	5.000000e+00	
991	1.000001e-02	5.000000e-01	5.000000e+00	5.000000e+00	
992	1.000001e-02	5.000000e-01	5.000000e+00	5.000000e+00	
993	1.000001e-02	5.000000e-01	5.000000e+00	5.000000e+00	
994	1.000001e-02	5.000000e-01	5.000000e+00	5.000000e+00	
995	1.000001e-02	5.000000e-01	5.000000e+00	5.000000e+00	
996	1.000001e-02	9.500000e-01	5.000000e+00	5.000000e+00	
997	1.000001e-02	1.850000e+00	5.000000e+00	5.000000e+00	
998	1.000001e-02	3.650000e+00	5.000000e+00	5.000000e+00	
999	1.000001e-02	5.000000e+00	5.000000e+00	5.000000e+00	
1000	1.000001e-02	5.000000e+00	5.000000e+00	5.000000e+00	
1001	1.000001e-02	5.000000e+00	5.000000e+00	5.000000e+00	
1002	1.000001e-02	5.000000e+00	5.000000e+00	5.000000e+00	
1003	1.000001e-02	5.000000e+00	5.000000e+00	5.000000e+00	
1004	1.000001e-02	5.000000e+00	5.000000e+00	5.000000e+00	
1005	1.000001e-02	5.000000e+00	5.000000e+00	5.000000e+00	
1006	1.000001e-02	5.000000e+00	5.000000e+00	5.000000e+00	
1007	1.000001e-02	5.000000e+00	5.000000e+00	5.000000e+00	
1008	1.000001e-02	5.000000e+00	5.000000e+00	5.000000e+00	
1009	1.000001e-02	5.000000e+00	5.000000e+00	5.000000e+00	
1010	1.000001e-02	5.000000e+00	5.000000e+00	5.000000e+00	
1011	1.000001e-02	5.000000e+00	5.000000e+00	5.000000e+00	
1012	1.000002e-02	5.000000e+00	5.000000e+00	5.000000e+00	
1013	1.000002e-02	5.000000e+00	5.000000e+00	5.000000e+00	
1014	1.000002e-02	5.000000e+00	5.000000e+00	5.000000e+00	
1015	1.000002e-02	5.000000e+00	5.000000e+00	5.000000e+00	
1016	1.000002e-02	5.000000e+00	5.000000e+00	5.000000e+00	
1017	1.000002e-02	5.000000e+00	5.000000e+00	5.000000e+00	
1018	1.000002e-02	5.000000e+00	5.000000e+00	5.000000e+00	
1019	1.000002e-02	5.000000e+00	5.000000e+00	5.000000e+00	
1020	1.000002e-02	5.000000e+00	5.000000e+00	5.000000e+00	
1021	1.000002e-02	5.000000e+00	5.000000e+00	5.000000e+00	
1022	1.000002e-02	5.000000e+00	5.000000e+00	5.000000e+00	
1023	1.000002e-02	5.000000e+00	5.000000e+00	5.000000e+00	
1024	1.000002e-02	5.000000e+00	5.000000e+00	5.000000e+00	
1025	1.000002e-02	5.000000e+00	5.000000e+00	5.000000e+00	
1026	1.000002e-02	5.000000e+00	5.000000e+00	5.000000e+00	
1027	1.000002e-02	5.000000e+00	5.000000e+00	5.000000e+00	
1028	1.000002e-02	5.000000e+00	5.000000e+00	5.000000e+00	
1029	1.000002e-02	5.000000e+00	5.000000e+00	5.000000e+00	
1030	1.000002e-02	5.000000e+00	5.000000e+00	5.000000e+00	
1031	1.000002e-02	5.000000e+00	5.000000e+00	5.000000e+00	
1032	1.000002e-02	5.000000e+00	5.000000e+00	5.000000e+00	
1033	1.000002e-02	5.000000e+00	5.000000e+00	5.000000e+00	
1034	1.000002e-02	5.000000e+00	5.000000e+00	5.000000e+00	
1035	1.000002e-02	5.000000e+00	5.000000e+00	5.000000e+00	
1036	1.000002e-02	5.000000e+00	5.000000e+00	5.000000e+00	
1037	1.000002e-02	5.000000e+00	5.000000e+00	5.000000e+00	
1038	1.000002e-02	5.000000e+00	5.000000e+00	5.000000e+00	
1039	1.000003e-02	5.000000e+00	5.000000e+00	5.000000e+00	
1040	1.000003e-02	5.000000e+00	5.000000e+00	5.000000e+00	

Index   time            V(4/s1)         V(5/a1)         V(6/b1)         
--------------------------------------------------------------------------------
1041	1.000003e-02	5.000000e+00	5.000000e+00	5.000000e+00	
1042	1.000003e-02	5.000000e+00	5.000000e+00	5.000000e+00	
1043	1.000003e-02	5.000000e+00	5.000000e+00	5.000000e+00	
1044	1.000003e-02	5.000000e+00	5.000000e+00	5.000000e+00	
1045	1.000003e-02	5.000000e+00	5.000000e+00	5.000000e+00	
1046	1.000003e-02	5.000000e+00	5.000000e+00	5.000000e+00	
1047	1.000003e-02	5.000000e+00	5.000000e+00	5.000000e+00	
1048	1.000003e-02	5.000000e+00	5.000000e+00	5.000000e+00	
1049	1.000003e-02	5.000000e+00	5.000000e+00	5.000000e+00	
1050	1.000003e-02	5.000000e+00	5.000000e+00	5.000000e+00	
1051	1.000003e-02	5.000000e+00	5.000000e+00	5.000000e+00	
1052	1.000003e-02	5.000000e+00	5.000000e+00	5.000000e+00	
1053	1.000003e-02	5.000000e+00	5.000000e+00	5.000000e+00	
1054	1.000003e-02	5.000000e+00	5.000000e+00	5.000000e+00	
1055	1.000003e-02	5.000000e+00	5.000000e+00	5.000000e+00	
1056	1.000003e-02	5.000000e+00	5.000000e+00	5.000000e+00	
1057	1.000003e-02	5.000000e+00	5.000000e+00	5.000000e+00	
1058	1.000003e-02	5.000000e+00	5.000000e+00	5.000000e+00	
1059	1.000003e-02	5.000000e+00	5.000000e+00	5.000000e+00	
1060	1.000004e-02	5.000000e+00	5.000000e+00	5.000000e+00	
1061	1.000004e-02	5.000000e+00	5.000000e+00	5.000000e+00	
1062	1.000006e-02	5.000000e+00	5.000000e+00	5.000000e+00	
1063	1.000009e-02	5.000000e+00	5.000000e+00	5.000000e+00	
1064	1.000016e-02	5.000000e+00	5.000000e+00	5.000000e+00	
1065	1.000029e-02	5.000000e+00	5.000000e+00	5.000000e+00	
1066	1.000055e-02	5.000000e+00	5.000000e+00	5.000000e+00	
1067	1.000108e-02	5.000000e+00	5.000000e+00	5.000000e+00	
1068	1.000212e-02	5.000000e+00	5.000000e+00	5.000000e+00	
1069	1.000422e-02	5.000000e+00	5.000000e+00	5.000000e+00	
1070	1.000842e-02	5.000000e+00	5.000000e+00	5.000000e+00	
1071	1.001681e-02	5.000000e+00	5.000000e+00	5.000000e+00	
1072	1.003358e-02	5.000000e+00	5.000000e+00	5.000000e+00	
1073	1.006714e-02	5.000000e+00	5.000000e+00	5.000000e+00	
1074	1.013425e-02	5.000000e+00	5.000000e+00	5.000000e+00	
1075	1.023425e-02	5.000000e+00	5.000000e+00	5.000000e+00	
1076	1.033425e-02	5.000000e+00	5.000000e+00	5.000000e+00	
1077	1.043425e-02	5.000000e+00	5.000000e+00	5.000000e+00	
1078	1.053425e-02	5.000000e+00	5.000000e+00	5.000000e+00	
1079	1.063425e-02	5.000000e+00	5.000000e+00	5.000000e+00	
1080	1.073425e-02	5.000000e+00	5.000000e+00	5.000000e+00	
1081	1.083425e-02	5.000000e+00	5.000000e+00	5.000000e+00	
1082	1.093425e-02	5.000000e+00	5.000000e+00	5.000000e+00	
1083	1.100001e-02	5.000000e+00	5.000000e+00	5.000000e+00	
1084	1.100001e-02	5.000000e+00	4.500000e+00	4.500000e+00	
1085	1.100001e-02	5.000000e+00	3.500000e+00	3.500000e+00	
1086	1.100002e-02	5.000000e+00	1.500000e+00	1.500000e+00	
1087	1.100002e-02	5.000000e+00	0.000000e+00	0.000000e+00	
1088	1.100002e-02	5.000000e+00	0.000000e+00	0.000000e+00	
1089	1.100002e-02	5.000000e+00	0.000000e+00	0.000000e+00	
1090	1.100002e-02	4.550000e+00	0.000000e+00	0.000000e+00	
1091	1.100002e-02	3.650000e+00	0.000000e+00	0.000000e+00	
1092	1.100002e-02	1.850000e+00	0.000000e+00	0.000000e+00	
1093	1.100002e-02	5.000000e-01	0.000000e+00	0.000000e+00	
1094	1.100002e-02	5.000000e-01	0.000000e+00	0.000000e+00	
1095	1.100002e-02	5.000000e-01	0.000000e+00	0.000000e+00	
1096	1.100002e-02	5.000000e-01	0.000000e+00	0.000000e+00	
1097	1.100002e-02	5.000000e-01	0.000000e+00	0.000000e+00	
1098	1.100002e-02	5.000000e-01	0.000000e+00	0.000000e+00	

Index   time            V(4/s1)         V(5/a1)         V(6/b1)         
--------------------------------------------------------------------------------
1099	1.100002e-02	5.000000e-01	0.000000e+00	0.000000e+00	
1100	1.100002e-02	5.000000e-01	0.000000e+00	0.000000e+00	
1101	1.100002e-02	5.000000e-01	0.000000e+00	0.000000e+00	
1102	1.100002e-02	5.000000e-01	0.000000e+00	0.000000e+00	
1103	1.100002e-02	5.000000e-01	0.000000e+00	0.000000e+00	
1104	1.100002e-02	5.000000e-01	0.000000e+00	0.000000e+00	
1105	1.100002e-02	5.000000e-01	0.000000e+00	0.000000e+00	
1106	1.100002e-02	5.000000e-01	0.000000e+00	0.000000e+00	
1107	1.100002e-02	5.000000e-01	0.000000e+00	0.000000e+00	
1108	1.100003e-02	5.000000e-01	0.000000e+00	0.000000e+00	
1109	1.100003e-02	4.500000e-01	0.000000e+00	0.000000e+00	
1110	1.100003e-02	3.500000e-01	0.000000e+00	0.000000e+00	
1111	1.100003e-02	1.500000e-01	0.000000e+00	0.000000e+00	
1112	1.100003e-02	1.997902e-09	0.000000e+00	0.000000e+00	
1113	1.100003e-02	0.000000e+00	0.000000e+00	0.000000e+00	
1114	1.100003e-02	0.000000e+00	0.000000e+00	0.000000e+00	
1115	1.100003e-02	0.000000e+00	0.000000e+00	0.000000e+00	
1116	1.100003e-02	0.000000e+00	0.000000e+00	0.000000e+00	
1117	1.100003e-02	0.000000e+00	0.000000e+00	0.000000e+00	
1118	1.100003e-02	0.000000e+00	0.000000e+00	0.000000e+00	
1119	1.100003e-02	0.000000e+00	0.000000e+00	0.000000e+00	
1120	1.100003e-02	0.000000e+00	0.000000e+00	0.000000e+00	
1121	1.100003e-02	0.000000e+00	0.000000e+00	0.000000e+00	
1122	1.100003e-02	0.000000e+00	0.000000e+00	0.000000e+00	
1123	1.100003e-02	0.000000e+00	0.000000e+00	0.000000e+00	
1124	1.100003e-02	0.000000e+00	0.000000e+00	0.000000e+00	
1125	1.100003e-02	0.000000e+00	0.000000e+00	0.000000e+00	
1126	1.100003e-02	0.000000e+00	0.000000e+00	0.000000e+00	
1127	1.100003e-02	0.000000e+00	0.000000e+00	0.000000e+00	
1128	1.100003e-02	0.000000e+00	0.000000e+00	0.000000e+00	
1129	1.100003e-02	0.000000e+00	0.000000e+00	0.000000e+00	
1130	1.100003e-02	0.000000e+00	0.000000e+00	0.000000e+00	
1131	1.100003e-02	0.000000e+00	0.000000e+00	0.000000e+00	
1132	1.100003e-02	0.000000e+00	0.000000e+00	0.000000e+00	
1133	1.100003e-02	0.000000e+00	0.000000e+00	0.000000e+00	
1134	1.100004e-02	0.000000e+00	0.000000e+00	0.000000e+00	
1135	1.100006e-02	0.000000e+00	0.000000e+00	0.000000e+00	
1136	1.100009e-02	0.000000e+00	0.000000e+00	0.000000e+00	
1137	1.100016e-02	0.000000e+00	0.000000e+00	0.000000e+00	
1138	1.100029e-02	0.000000e+00	0.000000e+00	0.000000e+00	
1139	1.100055e-02	0.000000e+00	0.000000e+00	0.000000e+00	
1140	1.100107e-02	0.000000e+00	0.000000e+00	0.000000e+00	
1141	1.100212e-02	0.000000e+00	0.000000e+00	0.000000e+00	
1142	1.100422e-02	0.000000e+00	0.000000e+00	0.000000e+00	
1143	1.100841e-02	0.000000e+00	0.000000e+00	0.000000e+00	
1144	1.101680e-02	0.000000e+00	0.000000e+00	0.000000e+00	
1145	1.103358e-02	0.000000e+00	0.000000e+00	0.000000e+00	
1146	1.106713e-02	0.000000e+00	0.000000e+00	0.000000e+00	
1147	1.113424e-02	0.000000e+00	0.000000e+00	0.000000e+00	
1148	1.123424e-02	0.000000e+00	0.000000e+00	0.000000e+00	
1149	1.133424e-02	0.000000e+00	0.000000e+00	0.000000e+00	
1150	1.143424e-02	0.000000e+00	0.000000e+00	0.000000e+00	
1151	1.153424e-02	0.000000e+00	0.000000e+00	0.000000e+00	
1152	1.163424e-02	0.000000e+00	0.000000e+00	0.000000e+00	
1153	1.173424e-02	0.000000e+00	0.000000e+00	0.000000e+00	
1154	1.183424e-02	0.000000e+00	0.000000e+00	0.000000e+00	
1155	1.193424e-02	0.000000e+00	0.000000e+00	0.000000e+00	
1156	1.200000e-02	0.000000e+00	0.000000e+00	0.000000e+00	

Index   time            V(4/s1)         V(5/a1)         V(6/b1)         
--------------------------------------------------------------------------------
1157	1.200000e-02	0.000000e+00	5.000000e-01	5.000000e-01	
1158	1.200000e-02	0.000000e+00	1.500000e+00	1.500000e+00	
1159	1.200001e-02	0.000000e+00	3.500000e+00	3.500000e+00	
1160	1.200001e-02	5.000000e-02	3.505000e+00	3.505000e+00	
1161	1.200001e-02	1.500000e-01	3.515000e+00	3.515000e+00	
1162	1.200001e-02	3.500000e-01	3.535000e+00	3.535000e+00	
1163	1.200001e-02	5.000000e-01	3.550000e+00	3.550000e+00	
1164	1.200001e-02	5.000000e-01	3.554000e+00	3.554000e+00	
1165	1.200001e-02	5.000000e-01	3.562000e+00	3.562000e+00	
1166	1.200001e-02	5.000000e-01	3.578000e+00	3.578000e+00	
1167	1.200001e-02	5.000000e-01	3.610000e+00	3.610000e+00	
1168	1.200001e-02	5.000000e-01	3.674000e+00	3.674000e+00	
1169	1.200001e-02	5.000000e-01	3.802000e+00	3.802000e+00	
1170	1.200001e-02	5.000000e-01	4.000000e+00	4.000000e+00	
1171	1.200001e-02	5.000000e-01	4.005000e+00	4.005000e+00	
1172	1.200001e-02	5.000000e-01	4.015000e+00	4.015000e+00	
1173	1.200001e-02	5.000000e-01	4.035000e+00	4.035000e+00	
1174	1.200001e-02	5.000000e-01	4.050000e+00	4.050000e+00	
1175	1.200001e-02	5.000000e-01	4.054000e+00	4.054000e+00	
1176	1.200001e-02	5.000000e-01	4.062000e+00	4.062000e+00	
1177	1.200001e-02	5.000000e-01	4.078000e+00	4.078000e+00	
1178	1.200001e-02	5.000000e-01	4.110000e+00	4.110000e+00	
1179	1.200001e-02	5.000000e-01	4.174000e+00	4.174000e+00	
1180	1.200001e-02	5.000000e-01	4.302000e+00	4.302000e+00	
1181	1.200001e-02	5.000000e-01	4.558000e+00	4.558000e+00	
1182	1.200001e-02	5.000000e-01	5.000000e+00	5.000000e+00	
1183	1.200001e-02	5.000000e-01	5.000000e+00	5.000000e+00	
1184	1.200001e-02	5.000000e-01	5.000000e+00	5.000000e+00	
1185	1.200001e-02	5.000000e-01	5.000000e+00	5.000000e+00	
1186	1.200001e-02	5.000000e-01	5.000000e+00	5.000000e+00	
1187	1.200001e-02	5.000000e-01	5.000000e+00	5.000000e+00	
1188	1.200001e-02	5.000000e-01	5.000000e+00	5.000000e+00	
1189	1.200001e-02	5.000000e-01	5.000000e+00	5.000000e+00	
1190	1.200001e-02	5.000000e-01	5.000000e+00	5.000000e+00	
1191	1.200001e-02	5.000000e-01	5.000000e+00	5.000000e+00	
1192	1.200001e-02	5.000000e-01	5.000000e+00	5.000000e+00	
1193	1.200001e-02	5.000000e-01	5.000000e+00	5.000000e+00	
1194	1.200001e-02	5.000000e-01	5.000000e+00	5.000000e+00	
1195	1.200001e-02	9.500000e-01	5.000000e+00	5.000000e+00	
1196	1.200001e-02	1.850000e+00	5.000000e+00	5.000000e+00	
1197	1.200001e-02	3.650000e+00	5.000000e+00	5.000000e+00	
1198	1.200001e-02	5.000000e+00	5.000000e+00	5.000000e+00	
1199	1.200001e-02	5.000000e+00	5.000000e+00	5.000000e+00	
1200	1.200001e-02	5.000000e+00	5.000000e+00	5.000000e+00	
1201	1.200001e-02	5.000000e+00	5.000000e+00	5.000000e+00	
1202	1.200001e-02	5.000000e+00	5.000000e+00	5.000000e+00	
1203	1.200001e-02	5.000000e+00	5.000000e+00	5.000000e+00	
1204	1.200001e-02	5.000000e+00	5.000000e+00	5.000000e+00	
1205	1.200001e-02	5.000000e+00	5.000000e+00	5.000000e+00	
1206	1.200001e-02	5.000000e+00	5.000000e+00	5.000000e+00	
1207	1.200001e-02	5.000000e+00	5.000000e+00	5.000000e+00	
1208	1.200001e-02	5.000000e+00	5.000000e+00	5.000000e+00	
1209	1.200001e-02	5.000000e+00	5.000000e+00	5.000000e+00	
1210	1.200001e-02	5.000000e+00	5.000000e+00	5.000000e+00	
1211	1.200001e-02	5.000000e+00	5.000000e+00	5.000000e+00	
1212	1.200001e-02	5.000000e+00	5.000000e+00	5.000000e+00	
1213	1.200001e-02	5.000000e+00	5.000000e+00	5.000000e+00	
1214	1.200001e-02	5.000000e+00	5.000000e+00	5.000000e+00	

Index   time            V(4/s1)         V(5/a1)         V(6/b1)         
--------------------------------------------------------------------------------
1215	1.200001e-02	5.000000e+00	5.000000e+00	5.000000e+00	
1216	1.200001e-02	5.000000e+00	5.000000e+00	5.000000e+00	
1217	1.200002e-02	5.000000e+00	5.000000e+00	5.000000e+00	
1218	1.200002e-02	5.000000e+00	5.000000e+00	5.000000e+00	
1219	1.200002e-02	5.000000e+00	5.000000e+00	5.000000e+00	
1220	1.200002e-02	5.000000e+00	5.000000e+00	5.000000e+00	
1221	1.200002e-02	5.000000e+00	5.000000e+00	5.000000e+00	
1222	1.200002e-02	5.000000e+00	5.000000e+00	5.000000e+00	
1223	1.200002e-02	5.000000e+00	5.000000e+00	5.000000e+00	
1224	1.200002e-02	5.000000e+00	5.000000e+00	5.000000e+00	
1225	1.200002e-02	5.000000e+00	5.000000e+00	5.000000e+00	
1226	1.200002e-02	5.000000e+00	5.000000e+00	5.000000e+00	
1227	1.200002e-02	5.000000e+00	5.000000e+00	5.000000e+00	
1228	1.200002e-02	5.000000e+00	5.000000e+00	5.000000e+00	
1229	1.200002e-02	5.000000e+00	5.000000e+00	5.000000e+00	
1230	1.200002e-02	5.000000e+00	5.000000e+00	5.000000e+00	
1231	1.200002e-02	5.000000e+00	5.000000e+00	5.000000e+00	
1232	1.200002e-02	5.000000e+00	5.000000e+00	5.000000e+00	
1233	1.200002e-02	5.000000e+00	5.000000e+00	5.000000e+00	
1234	1.200002e-02	5.000000e+00	5.000000e+00	5.000000e+00	
1235	1.200002e-02	5.000000e+00	5.000000e+00	5.000000e+00	
1236	1.200002e-02	5.000000e+00	5.000000e+00	5.000000e+00	
1237	1.200002e-02	5.000000e+00	5.000000e+00	5.000000e+00	
1238	1.200002e-02	5.000000e+00	5.000000e+00	5.000000e+00	
1239	1.200002e-02	5.000000e+00	5.000000e+00	5.000000e+00	
1240	1.200002e-02	5.000000e+00	5.000000e+00	5.000000e+00	
1241	1.200002e-02	5.000000e+00	5.000000e+00	5.000000e+00	
1242	1.200002e-02	5.000000e+00	5.000000e+00	5.000000e+00	
1243	1.200002e-02	5.000000e+00	5.000000e+00	5.000000e+00	
1244	1.200002e-02	5.000000e+00	5.000000e+00	5.000000e+00	
1245	1.200003e-02	5.000000e+00	5.000000e+00	5.000000e+00	
1246	1.200003e-02	5.000000e+00	5.000000e+00	5.000000e+00	
1247	1.200003e-02	5.000000e+00	5.000000e+00	5.000000e+00	
1248	1.200003e-02	5.000000e+00	5.000000e+00	5.000000e+00	
1249	1.200003e-02	5.000000e+00	5.000000e+00	5.000000e+00	
1250	1.200003e-02	5.000000e+00	5.000000e+00	5.000000e+00	
1251	1.200003e-02	5.000000e+00	5.000000e+00	5.000000e+00	
1252	1.200003e-02	5.000000e+00	5.000000e+00	5.000000e+00	
1253	1.200003e-02	5.000000e+00	5.000000e+00	5.000000e+00	
1254	1.200003e-02	5.000000e+00	5.000000e+00	5.000000e+00	
1255	1.200003e-02	5.000000e+00	5.000000e+00	5.000000e+00	
1256	1.200003e-02	5.000000e+00	5.000000e+00	5.000000e+00	
1257	1.200003e-02	5.000000e+00	5.000000e+00	5.000000e+00	
1258	1.200003e-02	5.000000e+00	5.000000e+00	5.000000e+00	
1259	1.200003e-02	5.000000e+00	5.000000e+00	5.000000e+00	
1260	1.200003e-02	5.000000e+00	5.000000e+00	5.000000e+00	
1261	1.200003e-02	5.000000e+00	5.000000e+00	5.000000e+00	
1262	1.200003e-02	5.000000e+00	5.000000e+00	5.000000e+00	
1263	1.200003e-02	5.000000e+00	5.000000e+00	5.000000e+00	
1264	1.200003e-02	5.000000e+00	5.000000e+00	5.000000e+00	
1265	1.200003e-02	5.000000e+00	5.000000e+00	5.000000e+00	
1266	1.200004e-02	5.000000e+00	5.000000e+00	5.000000e+00	
1267	1.200006e-02	5.000000e+00	5.000000e+00	5.000000e+00	
1268	1.200009e-02	5.000000e+00	5.000000e+00	5.000000e+00	
1269	1.200016e-02	5.000000e+00	5.000000e+00	5.000000e+00	
1270	1.200029e-02	5.000000e+00	5.000000e+00	5.000000e+00	
1271	1.200055e-02	5.000000e+00	5.000000e+00	5.000000e+00	
1272	1.200108e-02	5.000000e+00	5.000000e+00	5.000000e+00	

Index   time            V(4/s1)         V(5/a1)         V(6/b1)         
--------------------------------------------------------------------------------
1273	1.200212e-02	5.000000e+00	5.000000e+00	5.000000e+00	
1274	1.200422e-02	5.000000e+00	5.000000e+00	5.000000e+00	
1275	1.200842e-02	5.000000e+00	5.000000e+00	5.000000e+00	
1276	1.201680e-02	5.000000e+00	5.000000e+00	5.000000e+00	
1277	1.203358e-02	5.000000e+00	5.000000e+00	5.000000e+00	
1278	1.206714e-02	5.000000e+00	5.000000e+00	5.000000e+00	
1279	1.213424e-02	5.000000e+00	5.000000e+00	5.000000e+00	
1280	1.223424e-02	5.000000e+00	5.000000e+00	5.000000e+00	
1281	1.233424e-02	5.000000e+00	5.000000e+00	5.000000e+00	
1282	1.243424e-02	5.000000e+00	5.000000e+00	5.000000e+00	
1283	1.253424e-02	5.000000e+00	5.000000e+00	5.000000e+00	
1284	1.263424e-02	5.000000e+00	5.000000e+00	5.000000e+00	
1285	1.273424e-02	5.000000e+00	5.000000e+00	5.000000e+00	
1286	1.283424e-02	5.000000e+00	5.000000e+00	5.000000e+00	
1287	1.293424e-02	5.000000e+00	5.000000e+00	5.000000e+00	
1288	1.300001e-02	5.000000e+00	5.000000e+00	5.000000e+00	
1289	1.300001e-02	5.000000e+00	4.500000e+00	4.500000e+00	
1290	1.300001e-02	5.000000e+00	3.500000e+00	3.500000e+00	
1291	1.300002e-02	5.000000e+00	1.500000e+00	1.500000e+00	
1292	1.300002e-02	5.000000e+00	0.000000e+00	0.000000e+00	
1293	1.300002e-02	5.000000e+00	0.000000e+00	0.000000e+00	
1294	1.300002e-02	5.000000e+00	0.000000e+00	0.000000e+00	
1295	1.300002e-02	4.550000e+00	0.000000e+00	0.000000e+00	
1296	1.300002e-02	3.650000e+00	0.000000e+00	0.000000e+00	
1297	1.300002e-02	1.850000e+00	0.000000e+00	0.000000e+00	
1298	1.300002e-02	5.000000e-01	0.000000e+00	0.000000e+00	
1299	1.300002e-02	5.000000e-01	0.000000e+00	0.000000e+00	
1300	1.300002e-02	5.000000e-01	0.000000e+00	0.000000e+00	
1301	1.300002e-02	5.000000e-01	0.000000e+00	0.000000e+00	
1302	1.300002e-02	5.000000e-01	0.000000e+00	0.000000e+00	
1303	1.300002e-02	5.000000e-01	0.000000e+00	0.000000e+00	
1304	1.300002e-02	5.000000e-01	0.000000e+00	0.000000e+00	
1305	1.300002e-02	5.000000e-01	0.000000e+00	0.000000e+00	
1306	1.300002e-02	5.000000e-01	0.000000e+00	0.000000e+00	
1307	1.300002e-02	5.000000e-01	0.000000e+00	0.000000e+00	
1308	1.300002e-02	5.000000e-01	0.000000e+00	0.000000e+00	
1309	1.300002e-02	5.000000e-01	0.000000e+00	0.000000e+00	
1310	1.300002e-02	5.000000e-01	0.000000e+00	0.000000e+00	
1311	1.300002e-02	5.000000e-01	0.000000e+00	0.000000e+00	
1312	1.300002e-02	5.000000e-01	0.000000e+00	0.000000e+00	
1313	1.300003e-02	5.000000e-01	0.000000e+00	0.000000e+00	
1314	1.300003e-02	4.500000e-01	0.000000e+00	0.000000e+00	
1315	1.300003e-02	3.500000e-01	0.000000e+00	0.000000e+00	
1316	1.300003e-02	1.500000e-01	0.000000e+00	0.000000e+00	
1317	1.300003e-02	1.997902e-09	0.000000e+00	0.000000e+00	
1318	1.300003e-02	0.000000e+00	0.000000e+00	0.000000e+00	
1319	1.300003e-02	0.000000e+00	0.000000e+00	0.000000e+00	
1320	1.300003e-02	0.000000e+00	0.000000e+00	0.000000e+00	
1321	1.300003e-02	0.000000e+00	0.000000e+00	0.000000e+00	
1322	1.300003e-02	0.000000e+00	0.000000e+00	0.000000e+00	
1323	1.300003e-02	0.000000e+00	0.000000e+00	0.000000e+00	
1324	1.300003e-02	0.000000e+00	0.000000e+00	0.000000e+00	
1325	1.300003e-02	0.000000e+00	0.000000e+00	0.000000e+00	
1326	1.300003e-02	0.000000e+00	0.000000e+00	0.000000e+00	
1327	1.300003e-02	0.000000e+00	0.000000e+00	0.000000e+00	
1328	1.300003e-02	0.000000e+00	0.000000e+00	0.000000e+00	
1329	1.300003e-02	0.000000e+00	0.000000e+00	0.000000e+00	
1330	1.300003e-02	0.000000e+00	0.000000e+00	0.000000e+00	

Index   time            V(4/s1)         V(5/a1)         V(6/b1)         
--------------------------------------------------------------------------------
1331	1.300003e-02	0.000000e+00	0.000000e+00	0.000000e+00	
1332	1.300003e-02	0.000000e+00	0.000000e+00	0.000000e+00	
1333	1.300003e-02	0.000000e+00	0.000000e+00	0.000000e+00	
1334	1.300003e-02	0.000000e+00	0.000000e+00	0.000000e+00	
1335	1.300003e-02	0.000000e+00	0.000000e+00	0.000000e+00	
1336	1.300003e-02	0.000000e+00	0.000000e+00	0.000000e+00	
1337	1.300003e-02	0.000000e+00	0.000000e+00	0.000000e+00	
1338	1.300003e-02	0.000000e+00	0.000000e+00	0.000000e+00	
1339	1.300004e-02	0.000000e+00	0.000000e+00	0.000000e+00	
1340	1.300006e-02	0.000000e+00	0.000000e+00	0.000000e+00	
1341	1.300009e-02	0.000000e+00	0.000000e+00	0.000000e+00	
1342	1.300016e-02	0.000000e+00	0.000000e+00	0.000000e+00	
1343	1.300029e-02	0.000000e+00	0.000000e+00	0.000000e+00	
1344	1.300055e-02	0.000000e+00	0.000000e+00	0.000000e+00	
1345	1.300107e-02	0.000000e+00	0.000000e+00	0.000000e+00	
1346	1.300212e-02	0.000000e+00	0.000000e+00	0.000000e+00	
1347	1.300422e-02	0.000000e+00	0.000000e+00	0.000000e+00	
1348	1.300841e-02	0.000000e+00	0.000000e+00	0.000000e+00	
1349	1.301680e-02	0.000000e+00	0.000000e+00	0.000000e+00	
1350	1.303358e-02	0.000000e+00	0.000000e+00	0.000000e+00	
1351	1.306713e-02	0.000000e+00	0.000000e+00	0.000000e+00	
1352	1.313424e-02	0.000000e+00	0.000000e+00	0.000000e+00	
1353	1.323424e-02	0.000000e+00	0.000000e+00	0.000000e+00	
1354	1.333424e-02	0.000000e+00	0.000000e+00	0.000000e+00	
1355	1.343424e-02	0.000000e+00	0.000000e+00	0.000000e+00	
1356	1.353424e-02	0.000000e+00	0.000000e+00	0.000000e+00	
1357	1.363424e-02	0.000000e+00	0.000000e+00	0.000000e+00	
1358	1.373424e-02	0.000000e+00	0.000000e+00	0.000000e+00	
1359	1.383424e-02	0.000000e+00	0.000000e+00	0.000000e+00	
1360	1.393424e-02	0.000000e+00	0.000000e+00	0.000000e+00	
1361	1.400000e-02	0.000000e+00	0.000000e+00	0.000000e+00	
1362	1.400000e-02	0.000000e+00	5.000000e-01	5.000000e-01	
1363	1.400000e-02	0.000000e+00	1.500000e+00	1.500000e+00	
1364	1.400001e-02	0.000000e+00	3.500000e+00	3.500000e+00	
1365	1.400001e-02	5.000000e-02	3.505000e+00	3.505000e+00	
1366	1.400001e-02	1.500000e-01	3.515000e+00	3.515000e+00	
1367	1.400001e-02	3.500000e-01	3.535000e+00	3.535000e+00	
1368	1.400001e-02	5.000000e-01	3.550000e+00	3.550000e+00	
1369	1.400001e-02	5.000000e-01	3.554000e+00	3.554000e+00	
1370	1.400001e-02	5.000000e-01	3.562000e+00	3.562000e+00	
1371	1.400001e-02	5.000000e-01	3.578000e+00	3.578000e+00	
1372	1.400001e-02	5.000000e-01	3.610000e+00	3.610000e+00	
1373	1.400001e-02	5.000000e-01	3.674000e+00	3.674000e+00	
1374	1.400001e-02	5.000000e-01	3.802000e+00	3.802000e+00	
1375	1.400001e-02	5.000000e-01	4.058000e+00	4.058000e+00	
1376	1.400001e-02	5.000000e-01	4.500000e+00	4.500000e+00	
1377	1.400001e-02	5.000000e-01	4.505000e+00	4.505000e+00	
1378	1.400001e-02	5.000000e-01	4.515000e+00	4.515000e+00	
1379	1.400001e-02	5.000000e-01	4.535000e+00	4.535000e+00	
1380	1.400001e-02	5.000000e-01	4.550000e+00	4.550000e+00	
1381	1.400001e-02	5.000000e-01	4.554000e+00	4.554000e+00	
1382	1.400001e-02	5.000000e-01	4.562000e+00	4.562000e+00	
1383	1.400001e-02	5.000000e-01	4.578000e+00	4.578000e+00	
1384	1.400001e-02	5.000000e-01	4.610000e+00	4.610000e+00	
1385	1.400001e-02	5.000000e-01	4.674000e+00	4.674000e+00	
1386	1.400001e-02	5.000000e-01	4.802000e+00	4.802000e+00	
1387	1.400001e-02	5.000000e-01	5.000000e+00	5.000000e+00	
1388	1.400001e-02	5.000000e-01	5.000000e+00	5.000000e+00	

Index   time            V(4/s1)         V(5/a1)         V(6/b1)         
--------------------------------------------------------------------------------
1389	1.400001e-02	5.000000e-01	5.000000e+00	5.000000e+00	
1390	1.400001e-02	5.000000e-01	5.000000e+00	5.000000e+00	
1391	1.400001e-02	5.000000e-01	5.000000e+00	5.000000e+00	
1392	1.400001e-02	5.000000e-01	5.000000e+00	5.000000e+00	
1393	1.400001e-02	5.000000e-01	5.000000e+00	5.000000e+00	
1394	1.400001e-02	9.500000e-01	5.000000e+00	5.000000e+00	
1395	1.400001e-02	1.850000e+00	5.000000e+00	5.000000e+00	
1396	1.400001e-02	3.650000e+00	5.000000e+00	5.000000e+00	
1397	1.400001e-02	5.000000e+00	5.000000e+00	5.000000e+00	
1398	1.400001e-02	5.000000e+00	5.000000e+00	5.000000e+00	
1399	1.400001e-02	5.000000e+00	5.000000e+00	5.000000e+00	
1400	1.400001e-02	5.000000e+00	5.000000e+00	5.000000e+00	
1401	1.400001e-02	5.000000e+00	5.000000e+00	5.000000e+00	
1402	1.400001e-02	5.000000e+00	5.000000e+00	5.000000e+00	
1403	1.400001e-02	5.000000e+00	5.000000e+00	5.000000e+00	
1404	1.400001e-02	5.000000e+00	5.000000e+00	5.000000e+00	
1405	1.400001e-02	5.000000e+00	5.000000e+00	5.000000e+00	
1406	1.400001e-02	5.000000e+00	5.000000e+00	5.000000e+00	
1407	1.400001e-02	5.000000e+00	5.000000e+00	5.000000e+00	
1408	1.400001e-02	5.000000e+00	5.000000e+00	5.000000e+00	
1409	1.400001e-02	5.000000e+00	5.000000e+00	5.000000e+00	
1410	1.400002e-02	5.000000e+00	5.000000e+00	5.000000e+00	
1411	1.400002e-02	5.000000e+00	5.000000e+00	5.000000e+00	
1412	1.400002e-02	5.000000e+00	5.000000e+00	5.000000e+00	
1413	1.400002e-02	5.000000e+00	5.000000e+00	5.000000e+00	
1414	1.400002e-02	5.000000e+00	5.000000e+00	5.000000e+00	
1415	1.400002e-02	5.000000e+00	5.000000e+00	5.000000e+00	
1416	1.400002e-02	5.000000e+00	5.000000e+00	5.000000e+00	
1417	1.400002e-02	5.000000e+00	5.000000e+00	5.000000e+00	
1418	1.400002e-02	5.000000e+00	5.000000e+00	5.000000e+00	
1419	1.400002e-02	5.000000e+00	5.000000e+00	5.000000e+00	
1420	1.400002e-02	5.000000e+00	5.000000e+00	5.000000e+00	
1421	1.400002e-02	5.000000e+00	5.000000e+00	5.000000e+00	
1422	1.400002e-02	5.000000e+00	5.000000e+00	5.000000e+00	
1423	1.400002e-02	5.000000e+00	5.000000e+00	5.000000e+00	
1424	1.400002e-02	5.000000e+00	5.000000e+00	5.000000e+00	
1425	1.400002e-02	5.000000e+00	5.000000e+00	5.000000e+00	
1426	1.400002e-02	5.000000e+00	5.000000e+00	5.000000e+00	
1427	1.400002e-02	5.000000e+00	5.000000e+00	5.000000e+00	
1428	1.400002e-02	5.000000e+00	5.000000e+00	5.000000e+00	
1429	1.400002e-02	5.000000e+00	5.000000e+00	5.000000e+00	
1430	1.400002e-02	5.000000e+00	5.000000e+00	5.000000e+00	
1431	1.400002e-02	5.000000e+00	5.000000e+00	5.000000e+00	
1432	1.400002e-02	5.000000e+00	5.000000e+00	5.000000e+00	
1433	1.400002e-02	5.000000e+00	5.000000e+00	5.000000e+00	
1434	1.400002e-02	5.000000e+00	5.000000e+00	5.000000e+00	
1435	1.400002e-02	5.000000e+00	5.000000e+00	5.000000e+00	
1436	1.400002e-02	5.000000e+00	5.000000e+00	5.000000e+00	
1437	1.400003e-02	5.000000e+00	5.000000e+00	5.000000e+00	
1438	1.400003e-02	5.000000e+00	5.000000e+00	5.000000e+00	
1439	1.400003e-02	5.000000e+00	5.000000e+00	5.000000e+00	
1440	1.400003e-02	5.000000e+00	5.000000e+00	5.000000e+00	
1441	1.400003e-02	5.000000e+00	5.000000e+00	5.000000e+00	
1442	1.400003e-02	5.000000e+00	5.000000e+00	5.000000e+00	
1443	1.400003e-02	5.000000e+00	5.000000e+00	5.000000e+00	
1444	1.400003e-02	5.000000e+00	5.000000e+00	5.000000e+00	
1445	1.400003e-02	5.000000e+00	5.000000e+00	5.000000e+00	
1446	1.400003e-02	5.000000e+00	5.000000e+00	5.000000e+00	

Index   time            V(4/s1)         V(5/a1)         V(6/b1)         
--------------------------------------------------------------------------------
1447	1.400003e-02	5.000000e+00	5.000000e+00	5.000000e+00	
1448	1.400003e-02	5.000000e+00	5.000000e+00	5.000000e+00	
1449	1.400003e-02	5.000000e+00	5.000000e+00	5.000000e+00	
1450	1.400003e-02	5.000000e+00	5.000000e+00	5.000000e+00	
1451	1.400003e-02	5.000000e+00	5.000000e+00	5.000000e+00	
1452	1.400003e-02	5.000000e+00	5.000000e+00	5.000000e+00	
1453	1.400003e-02	5.000000e+00	5.000000e+00	5.000000e+00	
1454	1.400003e-02	5.000000e+00	5.000000e+00	5.000000e+00	
1455	1.400003e-02	5.000000e+00	5.000000e+00	5.000000e+00	
1456	1.400003e-02	5.000000e+00	5.000000e+00	5.000000e+00	
1457	1.400003e-02	5.000000e+00	5.000000e+00	5.000000e+00	
1458	1.400004e-02	5.000000e+00	5.000000e+00	5.000000e+00	
1459	1.400004e-02	5.000000e+00	5.000000e+00	5.000000e+00	
1460	1.400006e-02	5.000000e+00	5.000000e+00	5.000000e+00	
1461	1.400009e-02	5.000000e+00	5.000000e+00	5.000000e+00	
1462	1.400016e-02	5.000000e+00	5.000000e+00	5.000000e+00	
1463	1.400029e-02	5.000000e+00	5.000000e+00	5.000000e+00	
1464	1.400055e-02	5.000000e+00	5.000000e+00	5.000000e+00	
1465	1.400108e-02	5.000000e+00	5.000000e+00	5.000000e+00	
1466	1.400212e-02	5.000000e+00	5.000000e+00	5.000000e+00	
1467	1.400422e-02	5.000000e+00	5.000000e+00	5.000000e+00	
1468	1.400842e-02	5.000000e+00	5.000000e+00	5.000000e+00	
1469	1.401681e-02	5.000000e+00	5.000000e+00	5.000000e+00	
1470	1.403358e-02	5.000000e+00	5.000000e+00	5.000000e+00	
1471	1.406714e-02	5.000000e+00	5.000000e+00	5.000000e+00	
1472	1.413425e-02	5.000000e+00	5.000000e+00	5.000000e+00	
1473	1.423425e-02	5.000000e+00	5.000000e+00	5.000000e+00	
1474	1.433425e-02	5.000000e+00	5.000000e+00	5.000000e+00	
1475	1.443425e-02	5.000000e+00	5.000000e+00	5.000000e+00	
1476	1.453425e-02	5.000000e+00	5.000000e+00	5.000000e+00	
1477	1.463425e-02	5.000000e+00	5.000000e+00	5.000000e+00	
1478	1.473425e-02	5.000000e+00	5.000000e+00	5.000000e+00	
1479	1.483425e-02	5.000000e+00	5.000000e+00	5.000000e+00	
1480	1.493425e-02	5.000000e+00	5.000000e+00	5.000000e+00	
1481	1.500001e-02	5.000000e+00	5.000000e+00	5.000000e+00	
1482	1.500001e-02	5.000000e+00	4.500000e+00	4.500000e+00	
1483	1.500001e-02	5.000000e+00	3.500000e+00	3.500000e+00	
1484	1.500002e-02	5.000000e+00	1.500000e+00	1.500000e+00	
1485	1.500002e-02	5.000000e+00	0.000000e+00	0.000000e+00	
1486	1.500002e-02	5.000000e+00	0.000000e+00	0.000000e+00	
1487	1.500002e-02	5.000000e+00	0.000000e+00	0.000000e+00	
1488	1.500002e-02	4.550000e+00	0.000000e+00	0.000000e+00	
1489	1.500002e-02	3.650000e+00	0.000000e+00	0.000000e+00	
1490	1.500002e-02	1.850000e+00	0.000000e+00	0.000000e+00	
1491	1.500002e-02	5.000000e-01	0.000000e+00	0.000000e+00	
1492	1.500002e-02	5.000000e-01	0.000000e+00	0.000000e+00	
1493	1.500002e-02	5.000000e-01	0.000000e+00	0.000000e+00	
1494	1.500002e-02	5.000000e-01	0.000000e+00	0.000000e+00	
1495	1.500002e-02	5.000000e-01	0.000000e+00	0.000000e+00	
1496	1.500002e-02	5.000000e-01	0.000000e+00	0.000000e+00	
1497	1.500002e-02	5.000000e-01	0.000000e+00	0.000000e+00	
1498	1.500002e-02	5.000000e-01	0.000000e+00	0.000000e+00	
1499	1.500002e-02	5.000000e-01	0.000000e+00	0.000000e+00	
1500	1.500002e-02	5.000000e-01	0.000000e+00	0.000000e+00	
1501	1.500002e-02	5.000000e-01	0.000000e+00	0.000000e+00	
1502	1.500002e-02	5.000000e-01	0.000000e+00	0.000000e+00	
1503	1.500002e-02	5.000000e-01	0.000000e+00	0.000000e+00	
1504	1.500002e-02	5.000000e-01	0.000000e+00	0.000000e+00	

Index   time            V(4/s1)         V(5/a1)         V(6/b1)         
--------------------------------------------------------------------------------
1505	1.500002e-02	5.000000e-01	0.000000e+00	0.000000e+00	
1506	1.500003e-02	5.000000e-01	0.000000e+00	0.000000e+00	
1507	1.500003e-02	4.500000e-01	0.000000e+00	0.000000e+00	
1508	1.500003e-02	3.500000e-01	0.000000e+00	0.000000e+00	
1509	1.500003e-02	1.500000e-01	0.000000e+00	0.000000e+00	
1510	1.500003e-02	0.000000e+00	0.000000e+00	0.000000e+00	
1511	1.500003e-02	0.000000e+00	0.000000e+00	0.000000e+00	
1512	1.500003e-02	0.000000e+00	0.000000e+00	0.000000e+00	
1513	1.500003e-02	0.000000e+00	0.000000e+00	0.000000e+00	
1514	1.500003e-02	0.000000e+00	0.000000e+00	0.000000e+00	
1515	1.500003e-02	0.000000e+00	0.000000e+00	0.000000e+00	
1516	1.500003e-02	0.000000e+00	0.000000e+00	0.000000e+00	
1517	1.500003e-02	0.000000e+00	0.000000e+00	0.000000e+00	
1518	1.500003e-02	0.000000e+00	0.000000e+00	0.000000e+00	
1519	1.500003e-02	0.000000e+00	0.000000e+00	0.000000e+00	
1520	1.500003e-02	0.000000e+00	0.000000e+00	0.000000e+00	
1521	1.500003e-02	0.000000e+00	0.000000e+00	0.000000e+00	
1522	1.500003e-02	0.000000e+00	0.000000e+00	0.000000e+00	
1523	1.500003e-02	0.000000e+00	0.000000e+00	0.000000e+00	
1524	1.500003e-02	0.000000e+00	0.000000e+00	0.000000e+00	
1525	1.500003e-02	0.000000e+00	0.000000e+00	0.000000e+00	
1526	1.500003e-02	0.000000e+00	0.000000e+00	0.000000e+00	
1527	1.500003e-02	0.000000e+00	0.000000e+00	0.000000e+00	
1528	1.500003e-02	0.000000e+00	0.000000e+00	0.000000e+00	
1529	1.500003e-02	0.000000e+00	0.000000e+00	0.000000e+00	
1530	1.500003e-02	0.000000e+00	0.000000e+00	0.000000e+00	
1531	1.500003e-02	0.000000e+00	0.000000e+00	0.000000e+00	
1532	1.500004e-02	0.000000e+00	0.000000e+00	0.000000e+00	
1533	1.500006e-02	0.000000e+00	0.000000e+00	0.000000e+00	
1534	1.500009e-02	0.000000e+00	0.000000e+00	0.000000e+00	
1535	1.500016e-02	0.000000e+00	0.000000e+00	0.000000e+00	
1536	1.500029e-02	0.000000e+00	0.000000e+00	0.000000e+00	
1537	1.500055e-02	0.000000e+00	0.000000e+00	0.000000e+00	
1538	1.500107e-02	0.000000e+00	0.000000e+00	0.000000e+00	
1539	1.500212e-02	0.000000e+00	0.000000e+00	0.000000e+00	
1540	1.500422e-02	0.000000e+00	0.000000e+00	0.000000e+00	
1541	1.500841e-02	0.000000e+00	0.000000e+00	0.000000e+00	
1542	1.501680e-02	0.000000e+00	0.000000e+00	0.000000e+00	
1543	1.503358e-02	0.000000e+00	0.000000e+00	0.000000e+00	
1544	1.506713e-02	0.000000e+00	0.000000e+00	0.000000e+00	
1545	1.513424e-02	0.000000e+00	0.000000e+00	0.000000e+00	
1546	1.523424e-02	0.000000e+00	0.000000e+00	0.000000e+00	
1547	1.533424e-02	0.000000e+00	0.000000e+00	0.000000e+00	
1548	1.543424e-02	0.000000e+00	0.000000e+00	0.000000e+00	
1549	1.553424e-02	0.000000e+00	0.000000e+00	0.000000e+00	
1550	1.563424e-02	0.000000e+00	0.000000e+00	0.000000e+00	
1551	1.573424e-02	0.000000e+00	0.000000e+00	0.000000e+00	
1552	1.583424e-02	0.000000e+00	0.000000e+00	0.000000e+00	
1553	1.593424e-02	0.000000e+00	0.000000e+00	0.000000e+00	
1554	1.600000e-02	0.000000e+00	0.000000e+00	0.000000e+00	

                                kicad schematic
                                Transient Analysis  Mon Nov 03 10:54:37  2025
--------------------------------------------------------------------------------
Index   time            V(7/cin)        V(9/cout)       V(10/s4)        
--------------------------------------------------------------------------------
0	0.000000e+00	0.000000e+00	0.000000e+00	0.000000e+00	
1	1.000000e-10	5.000000e-02	0.000000e+00	0.000000e+00	
2	2.000000e-10	1.000000e-01	0.000000e+00	0.000000e+00	
3	4.000000e-10	2.000000e-01	0.000000e+00	0.000000e+00	
4	8.000000e-10	4.000000e-01	0.000000e+00	0.000000e+00	
5	1.600000e-09	8.000000e-01	0.000000e+00	0.000000e+00	
6	3.200000e-09	1.600000e+00	0.000000e+00	0.000000e+00	
7	6.400000e-09	3.200000e+00	0.000000e+00	0.000000e+00	
8	7.200000e-09	3.600000e+00	0.000000e+00	0.000000e+00	
9	7.210000e-09	3.605000e+00	0.000000e+00	0.000000e+00	
10	7.230000e-09	3.615000e+00	0.000000e+00	0.000000e+00	
11	7.270000e-09	3.635000e+00	0.000000e+00	0.000000e+00	
12	7.300000e-09	3.650000e+00	0.000000e+00	0.000000e+00	
13	7.308000e-09	3.654000e+00	0.000000e+00	0.000000e+00	
14	7.324000e-09	3.662000e+00	0.000000e+00	0.000000e+00	
15	7.356000e-09	3.678000e+00	0.000000e+00	0.000000e+00	
16	7.420000e-09	3.710000e+00	0.000000e+00	0.000000e+00	
17	7.548000e-09	3.774000e+00	0.000000e+00	0.000000e+00	
18	7.804000e-09	3.902000e+00	0.000000e+00	0.000000e+00	
19	8.200000e-09	4.100000e+00	0.000000e+00	0.000000e+00	
20	8.210000e-09	4.105000e+00	0.000000e+00	5.000000e-02	
21	8.230000e-09	4.115000e+00	0.000000e+00	1.500000e-01	
22	8.270000e-09	4.135000e+00	0.000000e+00	3.500000e-01	
23	8.300000e-09	4.150000e+00	0.000000e+00	5.000000e-01	
24	8.308000e-09	4.154000e+00	0.000000e+00	5.000000e-01	
25	8.324000e-09	4.162000e+00	0.000000e+00	5.000000e-01	
26	8.356000e-09	4.178000e+00	0.000000e+00	5.000000e-01	
27	8.420000e-09	4.210000e+00	0.000000e+00	5.000000e-01	
28	8.548000e-09	4.274000e+00	0.000000e+00	5.000000e-01	
29	8.804000e-09	4.402000e+00	0.000000e+00	5.000000e-01	
30	9.200000e-09	4.600000e+00	0.000000e+00	5.000000e-01	
31	9.210000e-09	4.605000e+00	5.000000e-02	5.000000e-01	
32	9.230000e-09	4.615000e+00	1.500000e-01	5.000000e-01	
33	9.270000e-09	4.635000e+00	3.500000e-01	5.000000e-01	
34	9.300000e-09	4.650000e+00	5.000000e-01	5.000000e-01	
35	9.308000e-09	4.654000e+00	5.000000e-01	5.000000e-01	
36	9.324000e-09	4.662000e+00	5.000000e-01	5.000000e-01	
37	9.356000e-09	4.678000e+00	5.000000e-01	5.000000e-01	
38	9.420000e-09	4.710000e+00	5.000000e-01	5.000000e-01	
39	9.548000e-09	4.774000e+00	5.000000e-01	5.000000e-01	
40	9.804000e-09	4.902000e+00	5.000000e-01	5.000000e-01	
41	1.000000e-08	5.000000e+00	5.000000e-01	5.000000e-01	
42	1.005120e-08	5.000000e+00	5.000000e-01	5.000000e-01	
43	1.015360e-08	5.000000e+00	5.000000e-01	5.000000e-01	
44	1.035840e-08	5.000000e+00	5.000000e-01	5.000000e-01	
45	1.076800e-08	5.000000e+00	5.000000e-01	5.000000e-01	
46	1.140000e-08	5.000000e+00	5.000000e-01	5.000000e-01	
47	1.148192e-08	5.000000e+00	5.000000e-01	5.000000e-01	
48	1.164576e-08	5.000000e+00	5.000000e-01	5.000000e-01	
49	1.197344e-08	5.000000e+00	5.000000e-01	5.000000e-01	
50	1.230000e-08	5.000000e+00	5.000000e-01	5.000000e-01	
51	1.236554e-08	5.000000e+00	5.000000e-01	5.000000e-01	
52	1.240000e-08	5.000000e+00	5.000000e-01	5.000000e-01	
53	1.241311e-08	5.000000e+00	5.655360e-01	5.000000e-01	
54	1.243932e-08	5.000000e+00	6.966080e-01	5.000000e-01	

Index   time            V(7/cin)        V(9/cout)       V(10/s4)        
--------------------------------------------------------------------------------
55	1.249175e-08	5.000000e+00	9.587520e-01	5.000000e-01	
56	1.259661e-08	5.000000e+00	1.483040e+00	5.000000e-01	
57	1.280632e-08	5.000000e+00	2.531616e+00	5.000000e-01	
58	1.322575e-08	5.000000e+00	4.628768e+00	5.000000e-01	
59	1.330000e-08	5.000000e+00	5.000000e+00	5.000000e-01	
60	1.338389e-08	5.000000e+00	5.000000e+00	5.000000e-01	
61	1.340000e-08	5.000000e+00	5.000000e+00	5.000000e-01	
62	1.341678e-08	5.000000e+00	5.000000e+00	5.000000e-01	
63	1.345033e-08	5.000000e+00	5.000000e+00	5.000000e-01	
64	1.351744e-08	5.000000e+00	5.000000e+00	5.000000e-01	
65	1.365166e-08	5.000000e+00	5.000000e+00	5.000000e-01	
66	1.392009e-08	5.000000e+00	5.000000e+00	5.000000e-01	
67	1.430000e-08	5.000000e+00	5.000000e+00	5.000000e-01	
68	1.435369e-08	5.000000e+00	5.000000e+00	5.000000e-01	
69	1.440000e-08	5.000000e+00	5.000000e+00	5.000000e-01	
70	1.441074e-08	5.000000e+00	5.000000e+00	5.536871e-01	
71	1.443221e-08	5.000000e+00	5.000000e+00	6.610613e-01	
72	1.447516e-08	5.000000e+00	5.000000e+00	8.758096e-01	
73	1.456106e-08	5.000000e+00	5.000000e+00	1.305306e+00	
74	1.473286e-08	5.000000e+00	5.000000e+00	2.164300e+00	
75	1.507646e-08	5.000000e+00	5.000000e+00	3.882287e+00	
76	1.530000e-08	5.000000e+00	5.000000e+00	5.000000e+00	
77	1.536872e-08	5.000000e+00	5.000000e+00	5.000000e+00	
78	1.550616e-08	5.000000e+00	5.000000e+00	5.000000e+00	
79	1.578104e-08	5.000000e+00	5.000000e+00	5.000000e+00	
80	1.633079e-08	5.000000e+00	5.000000e+00	5.000000e+00	
81	1.743030e-08	5.000000e+00	5.000000e+00	5.000000e+00	
82	1.962933e-08	5.000000e+00	5.000000e+00	5.000000e+00	
83	2.402737e-08	5.000000e+00	5.000000e+00	5.000000e+00	
84	3.282347e-08	5.000000e+00	5.000000e+00	5.000000e+00	
85	5.041565e-08	5.000000e+00	5.000000e+00	5.000000e+00	
86	8.560002e-08	5.000000e+00	5.000000e+00	5.000000e+00	
87	1.559688e-07	5.000000e+00	5.000000e+00	5.000000e+00	
88	2.967063e-07	5.000000e+00	5.000000e+00	5.000000e+00	
89	5.781812e-07	5.000000e+00	5.000000e+00	5.000000e+00	
90	1.141131e-06	5.000000e+00	5.000000e+00	5.000000e+00	
91	2.267031e-06	5.000000e+00	5.000000e+00	5.000000e+00	
92	4.518831e-06	5.000000e+00	5.000000e+00	5.000000e+00	
93	9.022431e-06	5.000000e+00	5.000000e+00	5.000000e+00	
94	1.802963e-05	5.000000e+00	5.000000e+00	5.000000e+00	
95	3.604403e-05	5.000000e+00	5.000000e+00	5.000000e+00	
96	7.207283e-05	5.000000e+00	5.000000e+00	5.000000e+00	
97	1.441304e-04	5.000000e+00	5.000000e+00	5.000000e+00	
98	2.441304e-04	5.000000e+00	5.000000e+00	5.000000e+00	
99	3.441304e-04	5.000000e+00	5.000000e+00	5.000000e+00	
100	4.441304e-04	5.000000e+00	5.000000e+00	5.000000e+00	
101	5.441304e-04	5.000000e+00	5.000000e+00	5.000000e+00	
102	6.441304e-04	5.000000e+00	5.000000e+00	5.000000e+00	
103	7.441304e-04	5.000000e+00	5.000000e+00	5.000000e+00	
104	8.441304e-04	5.000000e+00	5.000000e+00	5.000000e+00	
105	9.441304e-04	5.000000e+00	5.000000e+00	5.000000e+00	
106	1.000010e-03	5.000000e+00	5.000000e+00	5.000000e+00	
107	1.000011e-03	4.500000e+00	5.000000e+00	5.000000e+00	
108	1.000013e-03	3.500000e+00	5.000000e+00	5.000000e+00	
109	1.000017e-03	1.500000e+00	5.000000e+00	5.000000e+00	
110	1.000020e-03	0.000000e+00	5.000000e+00	5.000000e+00	
111	1.000021e-03	0.000000e+00	5.000000e+00	5.000000e+00	
112	1.000021e-03	0.000000e+00	5.000000e+00	5.000000e+00	

Index   time            V(7/cin)        V(9/cout)       V(10/s4)        
--------------------------------------------------------------------------------
113	1.000021e-03	0.000000e+00	5.000000e+00	5.000000e+00	
114	1.000021e-03	0.000000e+00	5.000000e+00	5.000000e+00	
115	1.000022e-03	0.000000e+00	5.000000e+00	5.000000e+00	
116	1.000022e-03	0.000000e+00	5.000000e+00	5.000000e+00	
117	1.000022e-03	0.000000e+00	5.000000e+00	5.000000e+00	
118	1.000022e-03	0.000000e+00	5.000000e+00	5.000000e+00	
119	1.000022e-03	0.000000e+00	5.000000e+00	5.000000e+00	
120	1.000023e-03	0.000000e+00	5.000000e+00	5.000000e+00	
121	1.000023e-03	0.000000e+00	5.000000e+00	5.000000e+00	
122	1.000023e-03	0.000000e+00	5.000000e+00	5.000000e+00	
123	1.000023e-03	0.000000e+00	5.000000e+00	5.000000e+00	
124	1.000023e-03	0.000000e+00	5.000000e+00	5.000000e+00	
125	1.000024e-03	0.000000e+00	5.000000e+00	5.000000e+00	
126	1.000024e-03	0.000000e+00	5.000000e+00	5.000000e+00	
127	1.000024e-03	0.000000e+00	5.000000e+00	5.000000e+00	
128	1.000024e-03	0.000000e+00	5.000000e+00	5.000000e+00	
129	1.000024e-03	0.000000e+00	5.000000e+00	5.000000e+00	
130	1.000025e-03	0.000000e+00	5.000000e+00	5.000000e+00	
131	1.000025e-03	0.000000e+00	5.000000e+00	5.000000e+00	
132	1.000025e-03	0.000000e+00	5.000000e+00	5.000000e+00	
133	1.000025e-03	0.000000e+00	5.000000e+00	5.000000e+00	
134	1.000025e-03	0.000000e+00	5.000000e+00	5.000000e+00	
135	1.000025e-03	0.000000e+00	5.000000e+00	5.000000e+00	
136	1.000025e-03	0.000000e+00	5.000000e+00	5.000000e+00	
137	1.000025e-03	0.000000e+00	5.000000e+00	5.000000e+00	
138	1.000025e-03	0.000000e+00	5.000000e+00	5.000000e+00	
139	1.000025e-03	0.000000e+00	5.000000e+00	5.000000e+00	
140	1.000025e-03	0.000000e+00	5.000000e+00	5.000000e+00	
141	1.000026e-03	0.000000e+00	5.000000e+00	5.000000e+00	
142	1.000026e-03	0.000000e+00	5.000000e+00	5.000000e+00	
143	1.000026e-03	0.000000e+00	5.000000e+00	5.000000e+00	
144	1.000026e-03	0.000000e+00	5.000000e+00	5.000000e+00	
145	1.000026e-03	0.000000e+00	5.000000e+00	5.000000e+00	
146	1.000026e-03	0.000000e+00	5.000000e+00	5.000000e+00	
147	1.000026e-03	0.000000e+00	5.000000e+00	5.000000e+00	
148	1.000026e-03	0.000000e+00	5.000000e+00	5.000000e+00	
149	1.000026e-03	0.000000e+00	5.000000e+00	5.000000e+00	
150	1.000026e-03	0.000000e+00	5.000000e+00	5.000000e+00	
151	1.000026e-03	0.000000e+00	5.000000e+00	5.000000e+00	
152	1.000027e-03	0.000000e+00	5.000000e+00	5.000000e+00	
153	1.000027e-03	0.000000e+00	5.000000e+00	5.000000e+00	
154	1.000028e-03	0.000000e+00	5.000000e+00	5.000000e+00	
155	1.000030e-03	0.000000e+00	5.000000e+00	5.000000e+00	
156	1.000034e-03	0.000000e+00	5.000000e+00	5.000000e+00	
157	1.000042e-03	0.000000e+00	5.000000e+00	5.000000e+00	
158	1.000059e-03	0.000000e+00	5.000000e+00	5.000000e+00	
159	1.000092e-03	0.000000e+00	5.000000e+00	5.000000e+00	
160	1.000157e-03	0.000000e+00	5.000000e+00	5.000000e+00	
161	1.000288e-03	0.000000e+00	5.000000e+00	5.000000e+00	
162	1.000550e-03	0.000000e+00	5.000000e+00	5.000000e+00	
163	1.001075e-03	0.000000e+00	5.000000e+00	5.000000e+00	
164	1.002123e-03	0.000000e+00	5.000000e+00	5.000000e+00	
165	1.004220e-03	0.000000e+00	5.000000e+00	5.000000e+00	
166	1.008415e-03	0.000000e+00	5.000000e+00	5.000000e+00	
167	1.016803e-03	0.000000e+00	5.000000e+00	5.000000e+00	
168	1.033581e-03	0.000000e+00	5.000000e+00	5.000000e+00	
169	1.067135e-03	0.000000e+00	5.000000e+00	5.000000e+00	
170	1.134244e-03	0.000000e+00	5.000000e+00	5.000000e+00	

Index   time            V(7/cin)        V(9/cout)       V(10/s4)        
--------------------------------------------------------------------------------
171	1.234244e-03	0.000000e+00	5.000000e+00	5.000000e+00	
172	1.334244e-03	0.000000e+00	5.000000e+00	5.000000e+00	
173	1.434244e-03	0.000000e+00	5.000000e+00	5.000000e+00	
174	1.534244e-03	0.000000e+00	5.000000e+00	5.000000e+00	
175	1.634244e-03	0.000000e+00	5.000000e+00	5.000000e+00	
176	1.734244e-03	0.000000e+00	5.000000e+00	5.000000e+00	
177	1.834244e-03	0.000000e+00	5.000000e+00	5.000000e+00	
178	1.934244e-03	0.000000e+00	5.000000e+00	5.000000e+00	
179	2.000000e-03	0.000000e+00	5.000000e+00	5.000000e+00	
180	2.000001e-03	5.000000e-01	5.000000e+00	5.000000e+00	
181	2.000003e-03	1.500000e+00	5.000000e+00	5.000000e+00	
182	2.000007e-03	3.500000e+00	5.000000e+00	5.000000e+00	
183	2.000007e-03	3.505000e+00	5.000000e+00	5.000000e+00	
184	2.000007e-03	3.515000e+00	5.000000e+00	5.000000e+00	
185	2.000007e-03	3.535000e+00	5.000000e+00	5.000000e+00	
186	2.000007e-03	3.550000e+00	5.000000e+00	5.000000e+00	
187	2.000007e-03	3.554000e+00	5.000000e+00	5.000000e+00	
188	2.000007e-03	3.562000e+00	5.000000e+00	5.000000e+00	
189	2.000007e-03	3.578000e+00	5.000000e+00	5.000000e+00	
190	2.000007e-03	3.610000e+00	5.000000e+00	5.000000e+00	
191	2.000007e-03	3.674000e+00	5.000000e+00	5.000000e+00	
192	2.000008e-03	3.802000e+00	5.000000e+00	5.000000e+00	
193	2.000008e-03	4.058000e+00	5.000000e+00	5.000000e+00	
194	2.000009e-03	4.500000e+00	5.000000e+00	5.000000e+00	
195	2.000009e-03	4.505000e+00	5.000000e+00	5.000000e+00	
196	2.000009e-03	4.515000e+00	5.000000e+00	5.000000e+00	
197	2.000009e-03	4.535000e+00	5.000000e+00	5.000000e+00	
198	2.000009e-03	4.550000e+00	5.000000e+00	5.000000e+00	
199	2.000009e-03	4.554000e+00	5.000000e+00	5.000000e+00	
200	2.000009e-03	4.562000e+00	5.000000e+00	5.000000e+00	
201	2.000009e-03	4.578000e+00	5.000000e+00	5.000000e+00	
202	2.000009e-03	4.610000e+00	5.000000e+00	5.000000e+00	
203	2.000009e-03	4.674000e+00	5.000000e+00	5.000000e+00	
204	2.000010e-03	4.802000e+00	5.000000e+00	5.000000e+00	
205	2.000010e-03	5.000000e+00	5.000000e+00	5.000000e+00	
206	2.000010e-03	5.000000e+00	5.000000e+00	5.000000e+00	
207	2.000010e-03	5.000000e+00	5.000000e+00	5.000000e+00	
208	2.000010e-03	5.000000e+00	5.000000e+00	5.000000e+00	
209	2.000011e-03	5.000000e+00	5.000000e+00	5.000000e+00	
210	2.000012e-03	5.000000e+00	5.000000e+00	5.000000e+00	
211	2.000012e-03	5.000000e+00	5.000000e+00	5.000000e+00	
212	2.000012e-03	5.000000e+00	5.000000e+00	5.000000e+00	
213	2.000012e-03	5.000000e+00	5.000000e+00	5.000000e+00	
214	2.000013e-03	5.000000e+00	5.000000e+00	5.000000e+00	
215	2.000013e-03	5.000000e+00	5.000000e+00	5.000000e+00	
216	2.000013e-03	5.000000e+00	5.000000e+00	5.000000e+00	
217	2.000013e-03	5.000000e+00	5.000000e+00	5.000000e+00	
218	2.000013e-03	5.000000e+00	5.000000e+00	5.000000e+00	
219	2.000013e-03	5.000000e+00	5.000000e+00	5.000000e+00	
220	2.000013e-03	5.000000e+00	5.000000e+00	5.000000e+00	
221	2.000013e-03	5.000000e+00	5.000000e+00	5.000000e+00	
222	2.000013e-03	5.000000e+00	5.000000e+00	5.000000e+00	
223	2.000014e-03	5.000000e+00	5.000000e+00	5.000000e+00	
224	2.000014e-03	5.000000e+00	5.000000e+00	5.000000e+00	
225	2.000014e-03	5.000000e+00	5.000000e+00	5.000000e+00	
226	2.000014e-03	5.000000e+00	5.000000e+00	5.000000e+00	
227	2.000015e-03	5.000000e+00	5.000000e+00	5.000000e+00	
228	2.000015e-03	5.000000e+00	5.000000e+00	5.000000e+00	

Index   time            V(7/cin)        V(9/cout)       V(10/s4)        
--------------------------------------------------------------------------------
229	2.000017e-03	5.000000e+00	5.000000e+00	5.000000e+00	
230	2.000020e-03	5.000000e+00	5.000000e+00	5.000000e+00	
231	2.000020e-03	5.000000e+00	5.000000e+00	5.000000e+00	
232	2.000020e-03	5.000000e+00	5.000000e+00	5.000000e+00	
233	2.000021e-03	5.000000e+00	5.000000e+00	5.000000e+00	
234	2.000022e-03	5.000000e+00	5.000000e+00	5.000000e+00	
235	2.000022e-03	5.000000e+00	5.000000e+00	5.000000e+00	
236	2.000022e-03	5.000000e+00	5.000000e+00	5.000000e+00	
237	2.000022e-03	5.000000e+00	5.000000e+00	5.000000e+00	
238	2.000023e-03	5.000000e+00	5.000000e+00	5.000000e+00	
239	2.000023e-03	5.000000e+00	5.000000e+00	5.000000e+00	
240	2.000023e-03	5.000000e+00	5.000000e+00	5.000000e+00	
241	2.000023e-03	5.000000e+00	5.000000e+00	5.000000e+00	
242	2.000024e-03	5.000000e+00	5.000000e+00	5.000000e+00	
243	2.000024e-03	5.000000e+00	5.000000e+00	5.000000e+00	
244	2.000024e-03	5.000000e+00	5.000000e+00	5.000000e+00	
245	2.000024e-03	5.000000e+00	5.000000e+00	5.000000e+00	
246	2.000024e-03	5.000000e+00	5.000000e+00	5.000000e+00	
247	2.000024e-03	5.000000e+00	5.000000e+00	5.000000e+00	
248	2.000025e-03	5.000000e+00	5.000000e+00	5.000000e+00	
249	2.000025e-03	5.000000e+00	5.000000e+00	5.000000e+00	
250	2.000025e-03	5.000000e+00	5.000000e+00	5.000000e+00	
251	2.000025e-03	5.000000e+00	5.000000e+00	5.000000e+00	
252	2.000025e-03	5.000000e+00	5.000000e+00	5.000000e+00	
253	2.000025e-03	5.000000e+00	5.000000e+00	5.000000e+00	
254	2.000025e-03	5.000000e+00	5.000000e+00	5.000000e+00	
255	2.000025e-03	5.000000e+00	5.000000e+00	5.000000e+00	
256	2.000026e-03	5.000000e+00	5.000000e+00	5.000000e+00	
257	2.000026e-03	5.000000e+00	5.000000e+00	5.000000e+00	
258	2.000026e-03	5.000000e+00	5.000000e+00	5.000000e+00	
259	2.000026e-03	5.000000e+00	5.000000e+00	5.000000e+00	
260	2.000026e-03	5.000000e+00	5.000000e+00	5.000000e+00	
261	2.000027e-03	5.000000e+00	5.000000e+00	5.000000e+00	
262	2.000028e-03	5.000000e+00	5.000000e+00	5.000000e+00	
263	2.000028e-03	5.000000e+00	5.000000e+00	5.000000e+00	
264	2.000028e-03	5.000000e+00	5.000000e+00	5.000000e+00	
265	2.000028e-03	5.000000e+00	5.000000e+00	5.000000e+00	
266	2.000028e-03	5.000000e+00	5.000000e+00	5.000000e+00	
267	2.000028e-03	5.000000e+00	5.000000e+00	5.000000e+00	
268	2.000028e-03	5.000000e+00	5.000000e+00	5.000000e+00	
269	2.000028e-03	5.000000e+00	5.000000e+00	5.000000e+00	
270	2.000028e-03	5.000000e+00	5.000000e+00	5.000000e+00	
271	2.000028e-03	5.000000e+00	5.000000e+00	5.000000e+00	
272	2.000028e-03	5.000000e+00	5.000000e+00	5.000000e+00	
273	2.000029e-03	5.000000e+00	5.000000e+00	5.000000e+00	
274	2.000030e-03	5.000000e+00	5.000000e+00	5.000000e+00	
275	2.000032e-03	5.000000e+00	5.000000e+00	5.000000e+00	
276	2.000036e-03	5.000000e+00	5.000000e+00	5.000000e+00	
277	2.000044e-03	5.000000e+00	5.000000e+00	5.000000e+00	
278	2.000061e-03	5.000000e+00	5.000000e+00	5.000000e+00	
279	2.000093e-03	5.000000e+00	5.000000e+00	5.000000e+00	
280	2.000159e-03	5.000000e+00	5.000000e+00	5.000000e+00	
281	2.000290e-03	5.000000e+00	5.000000e+00	5.000000e+00	
282	2.000552e-03	5.000000e+00	5.000000e+00	5.000000e+00	
283	2.001076e-03	5.000000e+00	5.000000e+00	5.000000e+00	
284	2.002125e-03	5.000000e+00	5.000000e+00	5.000000e+00	
285	2.004222e-03	5.000000e+00	5.000000e+00	5.000000e+00	
286	2.008416e-03	5.000000e+00	5.000000e+00	5.000000e+00	

Index   time            V(7/cin)        V(9/cout)       V(10/s4)        
--------------------------------------------------------------------------------
287	2.016805e-03	5.000000e+00	5.000000e+00	5.000000e+00	
288	2.033582e-03	5.000000e+00	5.000000e+00	5.000000e+00	
289	2.067137e-03	5.000000e+00	5.000000e+00	5.000000e+00	
290	2.134246e-03	5.000000e+00	5.000000e+00	5.000000e+00	
291	2.234246e-03	5.000000e+00	5.000000e+00	5.000000e+00	
292	2.334246e-03	5.000000e+00	5.000000e+00	5.000000e+00	
293	2.434246e-03	5.000000e+00	5.000000e+00	5.000000e+00	
294	2.534246e-03	5.000000e+00	5.000000e+00	5.000000e+00	
295	2.634246e-03	5.000000e+00	5.000000e+00	5.000000e+00	
296	2.734246e-03	5.000000e+00	5.000000e+00	5.000000e+00	
297	2.834246e-03	5.000000e+00	5.000000e+00	5.000000e+00	
298	2.934246e-03	5.000000e+00	5.000000e+00	5.000000e+00	
299	3.000010e-03	5.000000e+00	5.000000e+00	5.000000e+00	
300	3.000011e-03	4.500000e+00	5.000000e+00	5.000000e+00	
301	3.000013e-03	3.500000e+00	5.000000e+00	5.000000e+00	
302	3.000017e-03	1.500000e+00	5.000000e+00	5.000000e+00	
303	3.000020e-03	0.000000e+00	5.000000e+00	5.000000e+00	
304	3.000021e-03	0.000000e+00	5.000000e+00	5.000000e+00	
305	3.000021e-03	0.000000e+00	5.000000e+00	5.000000e+00	
306	3.000021e-03	0.000000e+00	5.000000e+00	5.000000e+00	
307	3.000021e-03	0.000000e+00	5.000000e+00	5.000000e+00	
308	3.000022e-03	0.000000e+00	5.000000e+00	5.000000e+00	
309	3.000022e-03	0.000000e+00	5.000000e+00	5.000000e+00	
310	3.000022e-03	0.000000e+00	5.000000e+00	5.000000e+00	
311	3.000022e-03	0.000000e+00	5.000000e+00	5.000000e+00	
312	3.000022e-03	0.000000e+00	5.000000e+00	5.000000e+00	
313	3.000023e-03	0.000000e+00	5.000000e+00	5.000000e+00	
314	3.000023e-03	0.000000e+00	5.000000e+00	5.000000e+00	
315	3.000023e-03	0.000000e+00	5.000000e+00	5.000000e+00	
316	3.000023e-03	0.000000e+00	5.000000e+00	5.000000e+00	
317	3.000023e-03	0.000000e+00	5.000000e+00	5.000000e+00	
318	3.000024e-03	0.000000e+00	5.000000e+00	5.000000e+00	
319	3.000024e-03	0.000000e+00	5.000000e+00	5.000000e+00	
320	3.000024e-03	0.000000e+00	5.000000e+00	5.000000e+00	
321	3.000024e-03	0.000000e+00	5.000000e+00	5.000000e+00	
322	3.000024e-03	0.000000e+00	5.000000e+00	5.000000e+00	
323	3.000025e-03	0.000000e+00	5.000000e+00	5.000000e+00	
324	3.000025e-03	0.000000e+00	5.000000e+00	5.000000e+00	
325	3.000025e-03	0.000000e+00	5.000000e+00	5.000000e+00	
326	3.000025e-03	0.000000e+00	5.000000e+00	5.000000e+00	
327	3.000025e-03	0.000000e+00	5.000000e+00	5.000000e+00	
328	3.000025e-03	0.000000e+00	5.000000e+00	5.000000e+00	
329	3.000025e-03	0.000000e+00	5.000000e+00	5.000000e+00	
330	3.000025e-03	0.000000e+00	5.000000e+00	5.000000e+00	
331	3.000025e-03	0.000000e+00	5.000000e+00	5.000000e+00	
332	3.000025e-03	0.000000e+00	5.000000e+00	5.000000e+00	
333	3.000025e-03	0.000000e+00	5.000000e+00	5.000000e+00	
334	3.000026e-03	0.000000e+00	5.000000e+00	5.000000e+00	
335	3.000026e-03	0.000000e+00	5.000000e+00	5.000000e+00	
336	3.000026e-03	0.000000e+00	5.000000e+00	5.000000e+00	
337	3.000026e-03	0.000000e+00	5.000000e+00	5.000000e+00	
338	3.000026e-03	0.000000e+00	5.000000e+00	5.000000e+00	
339	3.000026e-03	0.000000e+00	5.000000e+00	5.000000e+00	
340	3.000026e-03	0.000000e+00	5.000000e+00	5.000000e+00	
341	3.000026e-03	0.000000e+00	5.000000e+00	5.000000e+00	
342	3.000026e-03	0.000000e+00	5.000000e+00	5.000000e+00	
343	3.000026e-03	0.000000e+00	5.000000e+00	5.000000e+00	
344	3.000026e-03	0.000000e+00	5.000000e+00	5.000000e+00	

Index   time            V(7/cin)        V(9/cout)       V(10/s4)        
--------------------------------------------------------------------------------
345	3.000027e-03	0.000000e+00	5.000000e+00	5.000000e+00	
346	3.000027e-03	0.000000e+00	5.000000e+00	5.000000e+00	
347	3.000028e-03	0.000000e+00	5.000000e+00	5.000000e+00	
348	3.000030e-03	0.000000e+00	5.000000e+00	5.000000e+00	
349	3.000034e-03	0.000000e+00	5.000000e+00	5.000000e+00	
350	3.000042e-03	0.000000e+00	5.000000e+00	5.000000e+00	
351	3.000059e-03	0.000000e+00	5.000000e+00	5.000000e+00	
352	3.000092e-03	0.000000e+00	5.000000e+00	5.000000e+00	
353	3.000157e-03	0.000000e+00	5.000000e+00	5.000000e+00	
354	3.000288e-03	0.000000e+00	5.000000e+00	5.000000e+00	
355	3.000550e-03	0.000000e+00	5.000000e+00	5.000000e+00	
356	3.001075e-03	0.000000e+00	5.000000e+00	5.000000e+00	
357	3.002123e-03	0.000000e+00	5.000000e+00	5.000000e+00	
358	3.004220e-03	0.000000e+00	5.000000e+00	5.000000e+00	
359	3.008415e-03	0.000000e+00	5.000000e+00	5.000000e+00	
360	3.016803e-03	0.000000e+00	5.000000e+00	5.000000e+00	
361	3.033581e-03	0.000000e+00	5.000000e+00	5.000000e+00	
362	3.067135e-03	0.000000e+00	5.000000e+00	5.000000e+00	
363	3.134244e-03	0.000000e+00	5.000000e+00	5.000000e+00	
364	3.234244e-03	0.000000e+00	5.000000e+00	5.000000e+00	
365	3.334244e-03	0.000000e+00	5.000000e+00	5.000000e+00	
366	3.434244e-03	0.000000e+00	5.000000e+00	5.000000e+00	
367	3.534244e-03	0.000000e+00	5.000000e+00	5.000000e+00	
368	3.634244e-03	0.000000e+00	5.000000e+00	5.000000e+00	
369	3.734244e-03	0.000000e+00	5.000000e+00	5.000000e+00	
370	3.834244e-03	0.000000e+00	5.000000e+00	5.000000e+00	
371	3.934244e-03	0.000000e+00	5.000000e+00	5.000000e+00	
372	4.000000e-03	0.000000e+00	5.000000e+00	5.000000e+00	
373	4.000001e-03	5.000000e-01	5.000000e+00	5.000000e+00	
374	4.000003e-03	1.500000e+00	5.000000e+00	5.000000e+00	
375	4.000007e-03	3.500000e+00	5.000000e+00	5.000000e+00	
376	4.000008e-03	4.000000e+00	5.000000e+00	5.000000e+00	
377	4.000008e-03	4.005000e+00	5.000000e+00	5.000000e+00	
378	4.000008e-03	4.015000e+00	5.000000e+00	5.000000e+00	
379	4.000008e-03	4.035000e+00	5.000000e+00	5.000000e+00	
380	4.000008e-03	4.050000e+00	5.000000e+00	5.000000e+00	
381	4.000008e-03	4.054000e+00	5.000000e+00	5.000000e+00	
382	4.000008e-03	4.062000e+00	5.000000e+00	5.000000e+00	
383	4.000008e-03	4.078000e+00	5.000000e+00	5.000000e+00	
384	4.000008e-03	4.110000e+00	5.000000e+00	5.000000e+00	
385	4.000008e-03	4.174000e+00	5.000000e+00	5.000000e+00	
386	4.000009e-03	4.302000e+00	5.000000e+00	5.000000e+00	
387	4.000009e-03	4.558000e+00	5.000000e+00	5.000000e+00	
388	4.000010e-03	5.000000e+00	5.000000e+00	5.000000e+00	
389	4.000010e-03	5.000000e+00	5.000000e+00	5.000000e+00	
390	4.000010e-03	5.000000e+00	5.000000e+00	5.000000e+00	
391	4.000010e-03	5.000000e+00	5.000000e+00	5.000000e+00	
392	4.000010e-03	5.000000e+00	5.000000e+00	5.000000e+00	
393	4.000010e-03	5.000000e+00	5.000000e+00	5.000000e+00	
394	4.000011e-03	5.000000e+00	5.000000e+00	5.000000e+00	
395	4.000011e-03	5.000000e+00	5.000000e+00	5.000000e+00	
396	4.000011e-03	5.000000e+00	5.000000e+00	5.000000e+00	
397	4.000012e-03	5.000000e+00	5.000000e+00	5.000000e+00	
398	4.000012e-03	5.000000e+00	5.000000e+00	5.000000e+00	
399	4.000012e-03	5.000000e+00	5.000000e+00	5.000000e+00	
400	4.000013e-03	5.000000e+00	5.000000e+00	5.000000e+00	
401	4.000013e-03	5.000000e+00	5.000000e+00	5.000000e+00	
402	4.000013e-03	5.000000e+00	5.000000e+00	5.000000e+00	

Index   time            V(7/cin)        V(9/cout)       V(10/s4)        
--------------------------------------------------------------------------------
403	4.000013e-03	5.000000e+00	5.000000e+00	5.000000e+00	
404	4.000013e-03	5.000000e+00	5.000000e+00	5.000000e+00	
405	4.000013e-03	5.000000e+00	5.000000e+00	5.000000e+00	
406	4.000013e-03	5.000000e+00	5.000000e+00	5.000000e+00	
407	4.000013e-03	5.000000e+00	5.000000e+00	5.000000e+00	
408	4.000013e-03	5.000000e+00	5.000000e+00	5.000000e+00	
409	4.000014e-03	5.000000e+00	5.000000e+00	5.000000e+00	
410	4.000014e-03	5.000000e+00	5.000000e+00	5.000000e+00	
411	4.000014e-03	5.000000e+00	5.000000e+00	5.000000e+00	
412	4.000014e-03	5.000000e+00	5.000000e+00	5.000000e+00	
413	4.000014e-03	5.000000e+00	5.000000e+00	5.000000e+00	
414	4.000014e-03	5.000000e+00	5.000000e+00	5.000000e+00	
415	4.000014e-03	5.000000e+00	5.000000e+00	5.000000e+00	
416	4.000014e-03	5.000000e+00	5.000000e+00	5.000000e+00	
417	4.000015e-03	5.000000e+00	5.000000e+00	5.000000e+00	
418	4.000015e-03	5.000000e+00	5.000000e+00	5.000000e+00	
419	4.000015e-03	5.000000e+00	5.000000e+00	5.000000e+00	
420	4.000015e-03	5.000000e+00	5.000000e+00	5.000000e+00	
421	4.000015e-03	5.000000e+00	5.000000e+00	5.000000e+00	
422	4.000016e-03	5.000000e+00	5.000000e+00	5.000000e+00	
423	4.000017e-03	5.000000e+00	5.000000e+00	5.000000e+00	
424	4.000019e-03	5.000000e+00	5.000000e+00	5.000000e+00	
425	4.000020e-03	5.000000e+00	5.000000e+00	5.000000e+00	
426	4.000020e-03	5.000000e+00	5.000000e+00	5.000000e+00	
427	4.000021e-03	5.000000e+00	5.000000e+00	5.000000e+00	
428	4.000022e-03	5.000000e+00	5.000000e+00	5.000000e+00	
429	4.000022e-03	5.000000e+00	5.000000e+00	5.000000e+00	
430	4.000022e-03	5.000000e+00	5.000000e+00	5.000000e+00	
431	4.000022e-03	5.000000e+00	5.000000e+00	5.000000e+00	
432	4.000023e-03	5.000000e+00	5.000000e+00	5.000000e+00	
433	4.000023e-03	5.000000e+00	5.000000e+00	5.000000e+00	
434	4.000023e-03	5.000000e+00	5.000000e+00	5.000000e+00	
435	4.000023e-03	5.000000e+00	5.000000e+00	5.000000e+00	
436	4.000024e-03	5.000000e+00	5.000000e+00	5.000000e+00	
437	4.000024e-03	5.000000e+00	5.000000e+00	5.000000e+00	
438	4.000024e-03	5.000000e+00	5.000000e+00	5.000000e+00	
439	4.000024e-03	5.000000e+00	5.000000e+00	5.000000e+00	
440	4.000024e-03	5.000000e+00	5.000000e+00	5.000000e+00	
441	4.000025e-03	5.000000e+00	5.000000e+00	5.000000e+00	
442	4.000025e-03	5.000000e+00	5.000000e+00	5.000000e+00	
443	4.000025e-03	5.000000e+00	5.000000e+00	5.000000e+00	
444	4.000025e-03	5.000000e+00	5.000000e+00	4.928000e+00	
445	4.000025e-03	5.000000e+00	5.000000e+00	4.784000e+00	
446	4.000025e-03	5.000000e+00	5.000000e+00	4.496000e+00	
447	4.000025e-03	5.000000e+00	5.000000e+00	3.920000e+00	
448	4.000025e-03	5.000000e+00	5.000000e+00	2.768000e+00	
449	4.000026e-03	5.000000e+00	5.000000e+00	5.000000e-01	
450	4.000026e-03	5.000000e+00	5.000000e+00	5.000000e-01	
451	4.000026e-03	5.000000e+00	5.000000e+00	5.000000e-01	
452	4.000026e-03	5.000000e+00	5.000000e+00	5.000000e-01	
453	4.000026e-03	5.000000e+00	5.000000e+00	5.000000e-01	
454	4.000027e-03	5.000000e+00	5.000000e+00	5.000000e-01	
455	4.000027e-03	5.000000e+00	5.000000e+00	4.500000e-01	
456	4.000027e-03	5.000000e+00	5.000000e+00	3.500000e-01	
457	4.000027e-03	5.000000e+00	5.000000e+00	1.500000e-01	
458	4.000027e-03	5.000000e+00	5.000000e+00	1.997902e-09	
459	4.000027e-03	5.000000e+00	5.000000e+00	0.000000e+00	
460	4.000027e-03	5.000000e+00	5.000000e+00	0.000000e+00	

Index   time            V(7/cin)        V(9/cout)       V(10/s4)        
--------------------------------------------------------------------------------
461	4.000027e-03	5.000000e+00	5.000000e+00	0.000000e+00	
462	4.000027e-03	5.000000e+00	5.000000e+00	0.000000e+00	
463	4.000027e-03	5.000000e+00	5.000000e+00	0.000000e+00	
464	4.000027e-03	5.000000e+00	5.000000e+00	0.000000e+00	
465	4.000028e-03	5.000000e+00	5.000000e+00	0.000000e+00	
466	4.000029e-03	5.000000e+00	5.000000e+00	0.000000e+00	
467	4.000031e-03	5.000000e+00	5.000000e+00	0.000000e+00	
468	4.000035e-03	5.000000e+00	5.000000e+00	0.000000e+00	
469	4.000043e-03	5.000000e+00	5.000000e+00	0.000000e+00	
470	4.000059e-03	5.000000e+00	5.000000e+00	0.000000e+00	
471	4.000092e-03	5.000000e+00	5.000000e+00	0.000000e+00	
472	4.000158e-03	5.000000e+00	5.000000e+00	0.000000e+00	
473	4.000289e-03	5.000000e+00	5.000000e+00	0.000000e+00	
474	4.000551e-03	5.000000e+00	5.000000e+00	0.000000e+00	
475	4.001075e-03	5.000000e+00	5.000000e+00	0.000000e+00	
476	4.002124e-03	5.000000e+00	5.000000e+00	0.000000e+00	
477	4.004221e-03	5.000000e+00	5.000000e+00	0.000000e+00	
478	4.008415e-03	5.000000e+00	5.000000e+00	0.000000e+00	
479	4.016804e-03	5.000000e+00	5.000000e+00	0.000000e+00	
480	4.033581e-03	5.000000e+00	5.000000e+00	0.000000e+00	
481	4.067136e-03	5.000000e+00	5.000000e+00	0.000000e+00	
482	4.134244e-03	5.000000e+00	5.000000e+00	0.000000e+00	
483	4.234244e-03	5.000000e+00	5.000000e+00	0.000000e+00	
484	4.334244e-03	5.000000e+00	5.000000e+00	0.000000e+00	
485	4.434244e-03	5.000000e+00	5.000000e+00	0.000000e+00	
486	4.534244e-03	5.000000e+00	5.000000e+00	0.000000e+00	
487	4.634244e-03	5.000000e+00	5.000000e+00	0.000000e+00	
488	4.734244e-03	5.000000e+00	5.000000e+00	0.000000e+00	
489	4.834244e-03	5.000000e+00	5.000000e+00	0.000000e+00	
490	4.934244e-03	5.000000e+00	5.000000e+00	0.000000e+00	
491	5.000010e-03	5.000000e+00	5.000000e+00	0.000000e+00	
492	5.000011e-03	4.500000e+00	5.000000e+00	0.000000e+00	
493	5.000013e-03	3.500000e+00	5.000000e+00	0.000000e+00	
494	5.000017e-03	1.500000e+00	5.000000e+00	0.000000e+00	
495	5.000020e-03	1.381188e-10	5.000000e+00	0.000000e+00	
496	5.000021e-03	0.000000e+00	5.000000e+00	0.000000e+00	
497	5.000021e-03	0.000000e+00	5.000000e+00	0.000000e+00	
498	5.000021e-03	0.000000e+00	5.000000e+00	0.000000e+00	
499	5.000021e-03	0.000000e+00	5.000000e+00	0.000000e+00	
500	5.000022e-03	0.000000e+00	5.000000e+00	0.000000e+00	
501	5.000022e-03	0.000000e+00	5.000000e+00	0.000000e+00	
502	5.000022e-03	0.000000e+00	5.000000e+00	0.000000e+00	
503	5.000022e-03	0.000000e+00	5.000000e+00	0.000000e+00	
504	5.000022e-03	0.000000e+00	5.000000e+00	0.000000e+00	
505	5.000023e-03	0.000000e+00	5.000000e+00	0.000000e+00	
506	5.000023e-03	0.000000e+00	5.000000e+00	0.000000e+00	
507	5.000023e-03	0.000000e+00	5.000000e+00	0.000000e+00	
508	5.000023e-03	0.000000e+00	5.000000e+00	0.000000e+00	
509	5.000023e-03	0.000000e+00	5.000000e+00	0.000000e+00	
510	5.000024e-03	0.000000e+00	5.000000e+00	0.000000e+00	
511	5.000024e-03	0.000000e+00	5.000000e+00	0.000000e+00	
512	5.000024e-03	0.000000e+00	5.000000e+00	0.000000e+00	
513	5.000024e-03	0.000000e+00	5.000000e+00	0.000000e+00	
514	5.000024e-03	0.000000e+00	5.000000e+00	0.000000e+00	
515	5.000025e-03	0.000000e+00	5.000000e+00	0.000000e+00	
516	5.000025e-03	0.000000e+00	5.000000e+00	0.000000e+00	
517	5.000025e-03	0.000000e+00	5.000000e+00	0.000000e+00	
518	5.000025e-03	0.000000e+00	5.000000e+00	0.000000e+00	

Index   time            V(7/cin)        V(9/cout)       V(10/s4)        
--------------------------------------------------------------------------------
519	5.000025e-03	0.000000e+00	5.000000e+00	0.000000e+00	
520	5.000025e-03	0.000000e+00	5.000000e+00	0.000000e+00	
521	5.000025e-03	0.000000e+00	5.000000e+00	0.000000e+00	
522	5.000025e-03	0.000000e+00	5.000000e+00	0.000000e+00	
523	5.000025e-03	0.000000e+00	5.000000e+00	0.000000e+00	
524	5.000025e-03	0.000000e+00	5.000000e+00	0.000000e+00	
525	5.000025e-03	0.000000e+00	5.000000e+00	0.000000e+00	
526	5.000026e-03	0.000000e+00	5.000000e+00	0.000000e+00	
527	5.000026e-03	0.000000e+00	5.000000e+00	0.000000e+00	
528	5.000026e-03	0.000000e+00	5.000000e+00	0.000000e+00	
529	5.000026e-03	0.000000e+00	5.000000e+00	0.000000e+00	
530	5.000026e-03	0.000000e+00	5.000000e+00	0.000000e+00	
531	5.000026e-03	0.000000e+00	5.000000e+00	0.000000e+00	
532	5.000026e-03	0.000000e+00	5.000000e+00	0.000000e+00	
533	5.000026e-03	0.000000e+00	5.000000e+00	0.000000e+00	
534	5.000026e-03	0.000000e+00	5.000000e+00	0.000000e+00	
535	5.000026e-03	0.000000e+00	5.000000e+00	0.000000e+00	
536	5.000026e-03	0.000000e+00	5.000000e+00	0.000000e+00	
537	5.000027e-03	0.000000e+00	5.000000e+00	0.000000e+00	
538	5.000027e-03	0.000000e+00	5.000000e+00	0.000000e+00	
539	5.000028e-03	0.000000e+00	5.000000e+00	0.000000e+00	
540	5.000030e-03	0.000000e+00	5.000000e+00	0.000000e+00	
541	5.000034e-03	0.000000e+00	5.000000e+00	0.000000e+00	
542	5.000042e-03	0.000000e+00	5.000000e+00	0.000000e+00	
543	5.000059e-03	0.000000e+00	5.000000e+00	0.000000e+00	
544	5.000092e-03	0.000000e+00	5.000000e+00	0.000000e+00	
545	5.000157e-03	0.000000e+00	5.000000e+00	0.000000e+00	
546	5.000288e-03	0.000000e+00	5.000000e+00	0.000000e+00	
547	5.000550e-03	0.000000e+00	5.000000e+00	0.000000e+00	
548	5.001075e-03	0.000000e+00	5.000000e+00	0.000000e+00	
549	5.002123e-03	0.000000e+00	5.000000e+00	0.000000e+00	
550	5.004220e-03	0.000000e+00	5.000000e+00	0.000000e+00	
551	5.008415e-03	0.000000e+00	5.000000e+00	0.000000e+00	
552	5.016803e-03	0.000000e+00	5.000000e+00	0.000000e+00	
553	5.033581e-03	0.000000e+00	5.000000e+00	0.000000e+00	
554	5.067135e-03	0.000000e+00	5.000000e+00	0.000000e+00	
555	5.134244e-03	0.000000e+00	5.000000e+00	0.000000e+00	
556	5.234244e-03	0.000000e+00	5.000000e+00	0.000000e+00	
557	5.334244e-03	0.000000e+00	5.000000e+00	0.000000e+00	
558	5.434244e-03	0.000000e+00	5.000000e+00	0.000000e+00	
559	5.534244e-03	0.000000e+00	5.000000e+00	0.000000e+00	
560	5.634244e-03	0.000000e+00	5.000000e+00	0.000000e+00	
561	5.734244e-03	0.000000e+00	5.000000e+00	0.000000e+00	
562	5.834244e-03	0.000000e+00	5.000000e+00	0.000000e+00	
563	5.934244e-03	0.000000e+00	5.000000e+00	0.000000e+00	
564	6.000000e-03	0.000000e+00	5.000000e+00	0.000000e+00	
565	6.000001e-03	5.000000e-01	5.000000e+00	0.000000e+00	
566	6.000003e-03	1.500000e+00	5.000000e+00	0.000000e+00	
567	6.000007e-03	3.500000e+00	5.000000e+00	0.000000e+00	
568	6.000009e-03	4.500000e+00	5.000000e+00	0.000000e+00	
569	6.000009e-03	4.505000e+00	5.000000e+00	0.000000e+00	
570	6.000009e-03	4.515000e+00	5.000000e+00	0.000000e+00	
571	6.000009e-03	4.535000e+00	5.000000e+00	0.000000e+00	
572	6.000009e-03	4.550000e+00	5.000000e+00	0.000000e+00	
573	6.000009e-03	4.554000e+00	5.000000e+00	0.000000e+00	
574	6.000009e-03	4.562000e+00	5.000000e+00	0.000000e+00	
575	6.000009e-03	4.578000e+00	5.000000e+00	0.000000e+00	
576	6.000009e-03	4.610000e+00	5.000000e+00	0.000000e+00	

Index   time            V(7/cin)        V(9/cout)       V(10/s4)        
--------------------------------------------------------------------------------
577	6.000009e-03	4.674000e+00	5.000000e+00	0.000000e+00	
578	6.000010e-03	4.802000e+00	5.000000e+00	0.000000e+00	
579	6.000010e-03	5.000000e+00	5.000000e+00	0.000000e+00	
580	6.000010e-03	5.000000e+00	5.000000e+00	0.000000e+00	
581	6.000010e-03	5.000000e+00	5.000000e+00	0.000000e+00	
582	6.000010e-03	5.000000e+00	5.000000e+00	0.000000e+00	
583	6.000011e-03	5.000000e+00	5.000000e+00	0.000000e+00	
584	6.000012e-03	5.000000e+00	5.000000e+00	0.000000e+00	
585	6.000012e-03	5.000000e+00	5.000000e+00	0.000000e+00	
586	6.000012e-03	5.000000e+00	5.000000e+00	0.000000e+00	
587	6.000012e-03	5.000000e+00	5.000000e+00	0.000000e+00	
588	6.000013e-03	5.000000e+00	5.000000e+00	0.000000e+00	
589	6.000013e-03	5.000000e+00	5.000000e+00	0.000000e+00	
590	6.000013e-03	5.000000e+00	5.000000e+00	0.000000e+00	
591	6.000013e-03	5.000000e+00	5.000000e+00	0.000000e+00	
592	6.000013e-03	5.000000e+00	5.000000e+00	0.000000e+00	
593	6.000013e-03	5.000000e+00	5.000000e+00	0.000000e+00	
594	6.000013e-03	5.000000e+00	5.000000e+00	0.000000e+00	
595	6.000013e-03	5.000000e+00	5.000000e+00	0.000000e+00	
596	6.000013e-03	5.000000e+00	5.000000e+00	0.000000e+00	
597	6.000014e-03	5.000000e+00	5.000000e+00	0.000000e+00	
598	6.000014e-03	5.000000e+00	5.000000e+00	0.000000e+00	
599	6.000014e-03	5.000000e+00	5.000000e+00	0.000000e+00	
600	6.000014e-03	5.000000e+00	5.000000e+00	0.000000e+00	
601	6.000015e-03	5.000000e+00	5.000000e+00	0.000000e+00	
602	6.000015e-03	5.000000e+00	5.000000e+00	0.000000e+00	
603	6.000017e-03	5.000000e+00	5.000000e+00	0.000000e+00	
604	6.000020e-03	5.000000e+00	5.000000e+00	0.000000e+00	
605	6.000020e-03	5.000000e+00	5.000000e+00	0.000000e+00	
606	6.000020e-03	5.000000e+00	5.000000e+00	0.000000e+00	
607	6.000021e-03	5.000000e+00	5.000000e+00	0.000000e+00	
608	6.000022e-03	5.000000e+00	5.000000e+00	0.000000e+00	
609	6.000022e-03	5.000000e+00	5.000000e+00	0.000000e+00	
610	6.000022e-03	5.000000e+00	5.000000e+00	0.000000e+00	
611	6.000022e-03	5.000000e+00	5.000000e+00	0.000000e+00	
612	6.000023e-03	5.000000e+00	5.000000e+00	0.000000e+00	
613	6.000023e-03	5.000000e+00	5.000000e+00	0.000000e+00	
614	6.000023e-03	5.000000e+00	5.000000e+00	0.000000e+00	
615	6.000023e-03	5.000000e+00	5.000000e+00	0.000000e+00	
616	6.000024e-03	5.000000e+00	5.000000e+00	0.000000e+00	
617	6.000024e-03	5.000000e+00	5.000000e+00	0.000000e+00	
618	6.000024e-03	5.000000e+00	5.000000e+00	0.000000e+00	
619	6.000024e-03	5.000000e+00	5.000000e+00	0.000000e+00	
620	6.000024e-03	5.000000e+00	5.000000e+00	0.000000e+00	
621	6.000024e-03	5.000000e+00	5.000000e+00	0.000000e+00	
622	6.000025e-03	5.000000e+00	5.000000e+00	0.000000e+00	
623	6.000025e-03	5.000000e+00	5.000000e+00	0.000000e+00	
624	6.000025e-03	5.000000e+00	5.000000e+00	0.000000e+00	
625	6.000025e-03	5.000000e+00	5.000000e+00	0.000000e+00	
626	6.000025e-03	5.000000e+00	5.000000e+00	0.000000e+00	
627	6.000025e-03	5.000000e+00	5.000000e+00	0.000000e+00	
628	6.000025e-03	5.000000e+00	5.000000e+00	0.000000e+00	
629	6.000025e-03	5.000000e+00	5.000000e+00	0.000000e+00	
630	6.000026e-03	5.000000e+00	5.000000e+00	0.000000e+00	
631	6.000026e-03	5.000000e+00	5.000000e+00	0.000000e+00	
632	6.000026e-03	5.000000e+00	5.000000e+00	0.000000e+00	
633	6.000026e-03	5.000000e+00	5.000000e+00	0.000000e+00	
634	6.000026e-03	5.000000e+00	5.000000e+00	0.000000e+00	

Index   time            V(7/cin)        V(9/cout)       V(10/s4)        
--------------------------------------------------------------------------------
635	6.000027e-03	5.000000e+00	5.000000e+00	0.000000e+00	
636	6.000028e-03	5.000000e+00	5.000000e+00	0.000000e+00	
637	6.000028e-03	5.000000e+00	5.000000e+00	0.000000e+00	
638	6.000028e-03	5.000000e+00	5.000000e+00	0.000000e+00	
639	6.000028e-03	5.000000e+00	5.000000e+00	0.000000e+00	
640	6.000028e-03	5.000000e+00	5.000000e+00	0.000000e+00	
641	6.000028e-03	5.000000e+00	5.000000e+00	0.000000e+00	
642	6.000028e-03	5.000000e+00	5.000000e+00	0.000000e+00	
643	6.000028e-03	5.000000e+00	5.000000e+00	0.000000e+00	
644	6.000028e-03	5.000000e+00	5.000000e+00	0.000000e+00	
645	6.000028e-03	5.000000e+00	5.000000e+00	0.000000e+00	
646	6.000028e-03	5.000000e+00	5.000000e+00	0.000000e+00	
647	6.000029e-03	5.000000e+00	5.000000e+00	0.000000e+00	
648	6.000030e-03	5.000000e+00	5.000000e+00	0.000000e+00	
649	6.000032e-03	5.000000e+00	5.000000e+00	0.000000e+00	
650	6.000036e-03	5.000000e+00	5.000000e+00	0.000000e+00	
651	6.000044e-03	5.000000e+00	5.000000e+00	0.000000e+00	
652	6.000061e-03	5.000000e+00	5.000000e+00	0.000000e+00	
653	6.000093e-03	5.000000e+00	5.000000e+00	0.000000e+00	
654	6.000159e-03	5.000000e+00	5.000000e+00	0.000000e+00	
655	6.000290e-03	5.000000e+00	5.000000e+00	0.000000e+00	
656	6.000552e-03	5.000000e+00	5.000000e+00	0.000000e+00	
657	6.001076e-03	5.000000e+00	5.000000e+00	0.000000e+00	
658	6.002125e-03	5.000000e+00	5.000000e+00	0.000000e+00	
659	6.004222e-03	5.000000e+00	5.000000e+00	0.000000e+00	
660	6.008416e-03	5.000000e+00	5.000000e+00	0.000000e+00	
661	6.016805e-03	5.000000e+00	5.000000e+00	0.000000e+00	
662	6.033582e-03	5.000000e+00	5.000000e+00	0.000000e+00	
663	6.067137e-03	5.000000e+00	5.000000e+00	0.000000e+00	
664	6.134246e-03	5.000000e+00	5.000000e+00	0.000000e+00	
665	6.234246e-03	5.000000e+00	5.000000e+00	0.000000e+00	
666	6.334246e-03	5.000000e+00	5.000000e+00	0.000000e+00	
667	6.434246e-03	5.000000e+00	5.000000e+00	0.000000e+00	
668	6.534246e-03	5.000000e+00	5.000000e+00	0.000000e+00	
669	6.634246e-03	5.000000e+00	5.000000e+00	0.000000e+00	
670	6.734246e-03	5.000000e+00	5.000000e+00	0.000000e+00	
671	6.834246e-03	5.000000e+00	5.000000e+00	0.000000e+00	
672	6.934246e-03	5.000000e+00	5.000000e+00	0.000000e+00	
673	7.000010e-03	5.000000e+00	5.000000e+00	0.000000e+00	
674	7.000011e-03	4.500000e+00	5.000000e+00	0.000000e+00	
675	7.000013e-03	3.500000e+00	5.000000e+00	0.000000e+00	
676	7.000017e-03	1.500000e+00	5.000000e+00	0.000000e+00	
677	7.000020e-03	1.381188e-10	5.000000e+00	0.000000e+00	
678	7.000021e-03	0.000000e+00	5.000000e+00	0.000000e+00	
679	7.000021e-03	0.000000e+00	5.000000e+00	0.000000e+00	
680	7.000021e-03	0.000000e+00	5.000000e+00	0.000000e+00	
681	7.000021e-03	0.000000e+00	5.000000e+00	0.000000e+00	
682	7.000022e-03	0.000000e+00	5.000000e+00	0.000000e+00	
683	7.000022e-03	0.000000e+00	5.000000e+00	0.000000e+00	
684	7.000022e-03	0.000000e+00	5.000000e+00	0.000000e+00	
685	7.000022e-03	0.000000e+00	5.000000e+00	0.000000e+00	
686	7.000022e-03	0.000000e+00	5.000000e+00	0.000000e+00	
687	7.000023e-03	0.000000e+00	5.000000e+00	0.000000e+00	
688	7.000023e-03	0.000000e+00	5.000000e+00	0.000000e+00	
689	7.000023e-03	0.000000e+00	5.000000e+00	0.000000e+00	
690	7.000023e-03	0.000000e+00	5.000000e+00	0.000000e+00	
691	7.000023e-03	0.000000e+00	5.000000e+00	0.000000e+00	
692	7.000024e-03	0.000000e+00	5.000000e+00	0.000000e+00	

Index   time            V(7/cin)        V(9/cout)       V(10/s4)        
--------------------------------------------------------------------------------
693	7.000024e-03	0.000000e+00	5.000000e+00	0.000000e+00	
694	7.000024e-03	0.000000e+00	5.000000e+00	0.000000e+00	
695	7.000024e-03	0.000000e+00	5.000000e+00	0.000000e+00	
696	7.000024e-03	0.000000e+00	5.000000e+00	0.000000e+00	
697	7.000025e-03	0.000000e+00	5.000000e+00	0.000000e+00	
698	7.000025e-03	0.000000e+00	5.000000e+00	0.000000e+00	
699	7.000025e-03	0.000000e+00	5.000000e+00	0.000000e+00	
700	7.000025e-03	0.000000e+00	5.000000e+00	0.000000e+00	
701	7.000025e-03	0.000000e+00	5.000000e+00	0.000000e+00	
702	7.000025e-03	0.000000e+00	5.000000e+00	0.000000e+00	
703	7.000025e-03	0.000000e+00	5.000000e+00	0.000000e+00	
704	7.000025e-03	0.000000e+00	5.000000e+00	0.000000e+00	
705	7.000025e-03	0.000000e+00	5.000000e+00	0.000000e+00	
706	7.000025e-03	0.000000e+00	5.000000e+00	0.000000e+00	
707	7.000025e-03	0.000000e+00	5.000000e+00	0.000000e+00	
708	7.000026e-03	0.000000e+00	5.000000e+00	0.000000e+00	
709	7.000026e-03	0.000000e+00	5.000000e+00	0.000000e+00	
710	7.000026e-03	0.000000e+00	5.000000e+00	0.000000e+00	
711	7.000026e-03	0.000000e+00	5.000000e+00	0.000000e+00	
712	7.000026e-03	0.000000e+00	5.000000e+00	0.000000e+00	
713	7.000026e-03	0.000000e+00	5.000000e+00	0.000000e+00	
714	7.000026e-03	0.000000e+00	5.000000e+00	0.000000e+00	
715	7.000026e-03	0.000000e+00	5.000000e+00	0.000000e+00	
716	7.000026e-03	0.000000e+00	5.000000e+00	0.000000e+00	
717	7.000026e-03	0.000000e+00	5.000000e+00	0.000000e+00	
718	7.000026e-03	0.000000e+00	5.000000e+00	0.000000e+00	
719	7.000027e-03	0.000000e+00	5.000000e+00	0.000000e+00	
720	7.000027e-03	0.000000e+00	5.000000e+00	0.000000e+00	
721	7.000028e-03	0.000000e+00	5.000000e+00	0.000000e+00	
722	7.000030e-03	0.000000e+00	5.000000e+00	0.000000e+00	
723	7.000034e-03	0.000000e+00	5.000000e+00	0.000000e+00	
724	7.000042e-03	0.000000e+00	5.000000e+00	0.000000e+00	
725	7.000059e-03	0.000000e+00	5.000000e+00	0.000000e+00	
726	7.000092e-03	0.000000e+00	5.000000e+00	0.000000e+00	
727	7.000157e-03	0.000000e+00	5.000000e+00	0.000000e+00	
728	7.000288e-03	0.000000e+00	5.000000e+00	0.000000e+00	
729	7.000550e-03	0.000000e+00	5.000000e+00	0.000000e+00	
730	7.001075e-03	0.000000e+00	5.000000e+00	0.000000e+00	
731	7.002123e-03	0.000000e+00	5.000000e+00	0.000000e+00	
732	7.004220e-03	0.000000e+00	5.000000e+00	0.000000e+00	
733	7.008415e-03	0.000000e+00	5.000000e+00	0.000000e+00	
734	7.016803e-03	0.000000e+00	5.000000e+00	0.000000e+00	
735	7.033581e-03	0.000000e+00	5.000000e+00	0.000000e+00	
736	7.067135e-03	0.000000e+00	5.000000e+00	0.000000e+00	
737	7.134244e-03	0.000000e+00	5.000000e+00	0.000000e+00	
738	7.234244e-03	0.000000e+00	5.000000e+00	0.000000e+00	
739	7.334244e-03	0.000000e+00	5.000000e+00	0.000000e+00	
740	7.434244e-03	0.000000e+00	5.000000e+00	0.000000e+00	
741	7.534244e-03	0.000000e+00	5.000000e+00	0.000000e+00	
742	7.634244e-03	0.000000e+00	5.000000e+00	0.000000e+00	
743	7.734244e-03	0.000000e+00	5.000000e+00	0.000000e+00	
744	7.834244e-03	0.000000e+00	5.000000e+00	0.000000e+00	
745	7.934244e-03	0.000000e+00	5.000000e+00	0.000000e+00	
746	8.000000e-03	0.000000e+00	5.000000e+00	0.000000e+00	
747	8.000001e-03	5.000000e-01	5.000000e+00	0.000000e+00	
748	8.000003e-03	1.500000e+00	5.000000e+00	0.000000e+00	
749	8.000007e-03	3.500000e+00	5.000000e+00	0.000000e+00	
750	8.000007e-03	3.505000e+00	5.000000e+00	0.000000e+00	

Index   time            V(7/cin)        V(9/cout)       V(10/s4)        
--------------------------------------------------------------------------------
751	8.000007e-03	3.515000e+00	5.000000e+00	0.000000e+00	
752	8.000007e-03	3.535000e+00	5.000000e+00	0.000000e+00	
753	8.000007e-03	3.550000e+00	5.000000e+00	0.000000e+00	
754	8.000007e-03	3.554000e+00	5.000000e+00	0.000000e+00	
755	8.000007e-03	3.562000e+00	5.000000e+00	0.000000e+00	
756	8.000007e-03	3.578000e+00	5.000000e+00	0.000000e+00	
757	8.000007e-03	3.610000e+00	5.000000e+00	0.000000e+00	
758	8.000007e-03	3.674000e+00	5.000000e+00	0.000000e+00	
759	8.000008e-03	3.802000e+00	5.000000e+00	0.000000e+00	
760	8.000008e-03	4.000000e+00	5.000000e+00	0.000000e+00	
761	8.000008e-03	4.005000e+00	5.000000e+00	0.000000e+00	
762	8.000008e-03	4.015000e+00	5.000000e+00	0.000000e+00	
763	8.000008e-03	4.035000e+00	5.000000e+00	0.000000e+00	
764	8.000008e-03	4.050000e+00	5.000000e+00	0.000000e+00	
765	8.000008e-03	4.054000e+00	5.000000e+00	0.000000e+00	
766	8.000008e-03	4.062000e+00	5.000000e+00	0.000000e+00	
767	8.000008e-03	4.078000e+00	5.000000e+00	0.000000e+00	
768	8.000008e-03	4.110000e+00	5.000000e+00	0.000000e+00	
769	8.000008e-03	4.174000e+00	5.000000e+00	0.000000e+00	
770	8.000009e-03	4.302000e+00	5.000000e+00	0.000000e+00	
771	8.000009e-03	4.558000e+00	5.000000e+00	0.000000e+00	
772	8.000010e-03	5.000000e+00	5.000000e+00	0.000000e+00	
773	8.000010e-03	5.000000e+00	5.000000e+00	0.000000e+00	
774	8.000010e-03	5.000000e+00	5.000000e+00	0.000000e+00	
775	8.000011e-03	5.000000e+00	5.000000e+00	0.000000e+00	
776	8.000011e-03	5.000000e+00	5.000000e+00	0.000000e+00	
777	8.000011e-03	5.000000e+00	5.000000e+00	5.000000e-02	
778	8.000011e-03	5.000000e+00	5.000000e+00	1.500000e-01	
779	8.000011e-03	5.000000e+00	5.000000e+00	3.500000e-01	
780	8.000011e-03	5.000000e+00	5.000000e+00	5.000000e-01	
781	8.000011e-03	5.000000e+00	5.000000e+00	5.000000e-01	
782	8.000011e-03	5.000000e+00	5.000000e+00	5.000000e-01	
783	8.000011e-03	5.000000e+00	5.000000e+00	5.000000e-01	
784	8.000011e-03	5.000000e+00	5.000000e+00	5.000000e-01	
785	8.000011e-03	5.000000e+00	5.000000e+00	5.000000e-01	
786	8.000012e-03	5.000000e+00	5.000000e+00	5.000000e-01	
787	8.000012e-03	5.000000e+00	5.000000e+00	5.000000e-01	
788	8.000012e-03	5.000000e+00	5.000000e+00	5.000000e-01	
789	8.000012e-03	5.000000e+00	5.000000e+00	5.000000e-01	
790	8.000012e-03	5.000000e+00	5.000000e+00	5.000000e-01	
791	8.000013e-03	5.000000e+00	5.000000e+00	5.000000e-01	
792	8.000013e-03	5.000000e+00	5.000000e+00	5.000000e-01	
793	8.000013e-03	5.000000e+00	5.000000e+00	5.000000e-01	
794	8.000013e-03	5.000000e+00	5.000000e+00	5.000000e-01	
795	8.000013e-03	5.000000e+00	5.000000e+00	5.000000e-01	
796	8.000013e-03	5.000000e+00	5.000000e+00	5.000000e-01	
797	8.000013e-03	5.000000e+00	5.000000e+00	5.000000e-01	
798	8.000013e-03	5.000000e+00	5.000000e+00	5.000000e-01	
799	8.000014e-03	5.000000e+00	5.000000e+00	5.000000e-01	
800	8.000014e-03	5.000000e+00	5.000000e+00	5.000000e-01	
801	8.000014e-03	5.000000e+00	5.000000e+00	5.000000e-01	
802	8.000014e-03	5.000000e+00	5.000000e+00	5.000000e-01	
803	8.000014e-03	5.000000e+00	5.000000e+00	5.000000e-01	
804	8.000014e-03	5.000000e+00	5.000000e+00	5.000000e-01	
805	8.000014e-03	5.000000e+00	5.000000e+00	5.000000e-01	
806	8.000014e-03	5.000000e+00	5.000000e+00	5.000000e-01	
807	8.000014e-03	5.000000e+00	5.000000e+00	5.000000e-01	
808	8.000015e-03	5.000000e+00	5.000000e+00	5.000000e-01	

Index   time            V(7/cin)        V(9/cout)       V(10/s4)        
--------------------------------------------------------------------------------
809	8.000015e-03	5.000000e+00	5.000000e+00	5.000000e-01	
810	8.000015e-03	5.000000e+00	5.000000e+00	5.000000e-01	
811	8.000015e-03	5.000000e+00	5.000000e+00	5.000000e-01	
812	8.000015e-03	5.000000e+00	5.000000e+00	5.671089e-01	
813	8.000015e-03	5.000000e+00	5.000000e+00	7.013266e-01	
814	8.000015e-03	5.000000e+00	5.000000e+00	9.697620e-01	
815	8.000015e-03	5.000000e+00	5.000000e+00	1.506633e+00	
816	8.000015e-03	5.000000e+00	5.000000e+00	2.580375e+00	
817	8.000016e-03	5.000000e+00	5.000000e+00	4.727858e+00	
818	8.000016e-03	5.000000e+00	5.000000e+00	5.000000e+00	
819	8.000016e-03	5.000000e+00	5.000000e+00	5.000000e+00	
820	8.000016e-03	5.000000e+00	5.000000e+00	5.000000e+00	
821	8.000017e-03	5.000000e+00	5.000000e+00	5.000000e+00	
822	8.000017e-03	5.000000e+00	5.000000e+00	5.000000e+00	
823	8.000019e-03	5.000000e+00	5.000000e+00	5.000000e+00	
824	8.000020e-03	5.000000e+00	5.000000e+00	5.000000e+00	
825	8.000020e-03	5.000000e+00	5.000000e+00	5.000000e+00	
826	8.000021e-03	5.000000e+00	5.000000e+00	5.000000e+00	
827	8.000021e-03	5.000000e+00	5.000000e+00	5.000000e+00	
828	8.000021e-03	5.000000e+00	5.000000e+00	4.550000e+00	
829	8.000021e-03	5.000000e+00	5.000000e+00	3.650000e+00	
830	8.000022e-03	5.000000e+00	5.000000e+00	1.850000e+00	
831	8.000022e-03	5.000000e+00	5.000000e+00	5.000000e-01	
832	8.000022e-03	5.000000e+00	5.000000e+00	5.000000e-01	
833	8.000022e-03	5.000000e+00	5.000000e+00	5.000000e-01	
834	8.000022e-03	5.000000e+00	4.928000e+00	5.000000e-01	
835	8.000022e-03	5.000000e+00	4.784000e+00	5.000000e-01	
836	8.000022e-03	5.000000e+00	4.496000e+00	5.000000e-01	
837	8.000022e-03	5.000000e+00	3.920000e+00	5.000000e-01	
838	8.000023e-03	5.000000e+00	2.768000e+00	5.000000e-01	
839	8.000023e-03	5.000000e+00	5.000000e-01	5.000000e-01	
840	8.000023e-03	5.000000e+00	5.000000e-01	5.000000e-01	
841	8.000023e-03	5.000000e+00	5.000000e-01	5.000000e-01	
842	8.000023e-03	5.000000e+00	5.000000e-01	5.000000e-01	
843	8.000024e-03	5.000000e+00	5.000000e-01	5.000000e-01	
844	8.000024e-03	5.000000e+00	5.000000e-01	6.843200e-01	
845	8.000024e-03	5.000000e+00	5.000000e-01	1.052960e+00	
846	8.000024e-03	5.000000e+00	5.000000e-01	1.790240e+00	
847	8.000024e-03	5.000000e+00	5.000000e-01	3.264800e+00	
848	8.000024e-03	5.000000e+00	5.000000e-01	5.000000e+00	
849	8.000025e-03	5.000000e+00	5.000000e-01	5.000000e+00	
850	8.000025e-03	5.000000e+00	5.000000e-01	5.000000e+00	
851	8.000025e-03	5.000000e+00	5.000000e-01	5.000000e+00	
852	8.000025e-03	5.000000e+00	5.000000e-01	5.000000e+00	
853	8.000026e-03	5.000000e+00	5.000000e-01	5.000000e+00	
854	8.000026e-03	5.000000e+00	4.500000e-01	5.000000e+00	
855	8.000026e-03	5.000000e+00	3.500000e-01	5.000000e+00	
856	8.000026e-03	5.000000e+00	1.500000e-01	5.000000e+00	
857	8.000026e-03	5.000000e+00	0.000000e+00	5.000000e+00	
858	8.000026e-03	5.000000e+00	0.000000e+00	5.000000e+00	
859	8.000026e-03	5.000000e+00	0.000000e+00	5.000000e+00	
860	8.000026e-03	5.000000e+00	0.000000e+00	5.000000e+00	
861	8.000026e-03	5.000000e+00	0.000000e+00	5.000000e+00	
862	8.000026e-03	5.000000e+00	0.000000e+00	5.000000e+00	
863	8.000026e-03	5.000000e+00	0.000000e+00	5.000000e+00	
864	8.000027e-03	5.000000e+00	0.000000e+00	5.000000e+00	
865	8.000028e-03	5.000000e+00	0.000000e+00	5.000000e+00	
866	8.000030e-03	5.000000e+00	0.000000e+00	5.000000e+00	

Index   time            V(7/cin)        V(9/cout)       V(10/s4)        
--------------------------------------------------------------------------------
867	8.000034e-03	5.000000e+00	0.000000e+00	5.000000e+00	
868	8.000042e-03	5.000000e+00	0.000000e+00	5.000000e+00	
869	8.000058e-03	5.000000e+00	0.000000e+00	5.000000e+00	
870	8.000091e-03	5.000000e+00	0.000000e+00	5.000000e+00	
871	8.000157e-03	5.000000e+00	0.000000e+00	5.000000e+00	
872	8.000288e-03	5.000000e+00	0.000000e+00	5.000000e+00	
873	8.000550e-03	5.000000e+00	0.000000e+00	5.000000e+00	
874	8.001074e-03	5.000000e+00	0.000000e+00	5.000000e+00	
875	8.002123e-03	5.000000e+00	0.000000e+00	5.000000e+00	
876	8.004220e-03	5.000000e+00	0.000000e+00	5.000000e+00	
877	8.008414e-03	5.000000e+00	0.000000e+00	5.000000e+00	
878	8.016803e-03	5.000000e+00	0.000000e+00	5.000000e+00	
879	8.033580e-03	5.000000e+00	0.000000e+00	5.000000e+00	
880	8.067135e-03	5.000000e+00	0.000000e+00	5.000000e+00	
881	8.134243e-03	5.000000e+00	0.000000e+00	5.000000e+00	
882	8.234243e-03	5.000000e+00	0.000000e+00	5.000000e+00	
883	8.334243e-03	5.000000e+00	0.000000e+00	5.000000e+00	
884	8.434243e-03	5.000000e+00	0.000000e+00	5.000000e+00	
885	8.534243e-03	5.000000e+00	0.000000e+00	5.000000e+00	
886	8.634243e-03	5.000000e+00	0.000000e+00	5.000000e+00	
887	8.734243e-03	5.000000e+00	0.000000e+00	5.000000e+00	
888	8.834243e-03	5.000000e+00	0.000000e+00	5.000000e+00	
889	8.934243e-03	5.000000e+00	0.000000e+00	5.000000e+00	
890	9.000010e-03	5.000000e+00	0.000000e+00	5.000000e+00	
891	9.000011e-03	4.500000e+00	0.000000e+00	5.000000e+00	
892	9.000013e-03	3.500000e+00	0.000000e+00	5.000000e+00	
893	9.000017e-03	1.500000e+00	0.000000e+00	5.000000e+00	
894	9.000020e-03	0.000000e+00	0.000000e+00	5.000000e+00	
895	9.000021e-03	0.000000e+00	0.000000e+00	5.000000e+00	
896	9.000021e-03	0.000000e+00	0.000000e+00	5.000000e+00	
897	9.000021e-03	0.000000e+00	0.000000e+00	5.000000e+00	
898	9.000021e-03	0.000000e+00	0.000000e+00	5.000000e+00	
899	9.000022e-03	0.000000e+00	0.000000e+00	5.000000e+00	
900	9.000022e-03	0.000000e+00	0.000000e+00	5.000000e+00	
901	9.000022e-03	0.000000e+00	0.000000e+00	5.000000e+00	
902	9.000022e-03	0.000000e+00	0.000000e+00	5.000000e+00	
903	9.000022e-03	0.000000e+00	0.000000e+00	5.000000e+00	
904	9.000023e-03	0.000000e+00	0.000000e+00	5.000000e+00	
905	9.000023e-03	0.000000e+00	0.000000e+00	5.000000e+00	
906	9.000023e-03	0.000000e+00	0.000000e+00	5.000000e+00	
907	9.000023e-03	0.000000e+00	0.000000e+00	5.000000e+00	
908	9.000023e-03	0.000000e+00	0.000000e+00	5.000000e+00	
909	9.000024e-03	0.000000e+00	0.000000e+00	5.000000e+00	
910	9.000024e-03	0.000000e+00	0.000000e+00	5.000000e+00	
911	9.000024e-03	0.000000e+00	0.000000e+00	5.000000e+00	
912	9.000024e-03	0.000000e+00	0.000000e+00	5.000000e+00	
913	9.000024e-03	0.000000e+00	0.000000e+00	5.000000e+00	
914	9.000025e-03	0.000000e+00	0.000000e+00	5.000000e+00	
915	9.000025e-03	0.000000e+00	0.000000e+00	5.000000e+00	
916	9.000025e-03	0.000000e+00	0.000000e+00	5.000000e+00	
917	9.000025e-03	0.000000e+00	0.000000e+00	5.000000e+00	
918	9.000025e-03	0.000000e+00	0.000000e+00	5.000000e+00	
919	9.000025e-03	0.000000e+00	0.000000e+00	5.000000e+00	
920	9.000025e-03	0.000000e+00	0.000000e+00	5.000000e+00	
921	9.000025e-03	0.000000e+00	0.000000e+00	5.000000e+00	
922	9.000025e-03	0.000000e+00	0.000000e+00	5.000000e+00	
923	9.000025e-03	0.000000e+00	0.000000e+00	5.000000e+00	
924	9.000025e-03	0.000000e+00	0.000000e+00	5.000000e+00	

Index   time            V(7/cin)        V(9/cout)       V(10/s4)        
--------------------------------------------------------------------------------
925	9.000026e-03	0.000000e+00	0.000000e+00	5.000000e+00	
926	9.000026e-03	0.000000e+00	0.000000e+00	5.000000e+00	
927	9.000026e-03	0.000000e+00	0.000000e+00	5.000000e+00	
928	9.000026e-03	0.000000e+00	0.000000e+00	5.000000e+00	
929	9.000026e-03	0.000000e+00	0.000000e+00	5.000000e+00	
930	9.000026e-03	0.000000e+00	0.000000e+00	5.000000e+00	
931	9.000026e-03	0.000000e+00	0.000000e+00	5.000000e+00	
932	9.000026e-03	0.000000e+00	0.000000e+00	5.000000e+00	
933	9.000026e-03	0.000000e+00	0.000000e+00	5.000000e+00	
934	9.000026e-03	0.000000e+00	0.000000e+00	5.000000e+00	
935	9.000026e-03	0.000000e+00	0.000000e+00	5.000000e+00	
936	9.000027e-03	0.000000e+00	0.000000e+00	5.000000e+00	
937	9.000027e-03	0.000000e+00	0.000000e+00	5.000000e+00	
938	9.000028e-03	0.000000e+00	0.000000e+00	5.000000e+00	
939	9.000030e-03	0.000000e+00	0.000000e+00	5.000000e+00	
940	9.000034e-03	0.000000e+00	0.000000e+00	5.000000e+00	
941	9.000042e-03	0.000000e+00	0.000000e+00	5.000000e+00	
942	9.000059e-03	0.000000e+00	0.000000e+00	5.000000e+00	
943	9.000092e-03	0.000000e+00	0.000000e+00	5.000000e+00	
944	9.000157e-03	0.000000e+00	0.000000e+00	5.000000e+00	
945	9.000288e-03	0.000000e+00	0.000000e+00	5.000000e+00	
946	9.000550e-03	0.000000e+00	0.000000e+00	5.000000e+00	
947	9.001075e-03	0.000000e+00	0.000000e+00	5.000000e+00	
948	9.002123e-03	0.000000e+00	0.000000e+00	5.000000e+00	
949	9.004220e-03	0.000000e+00	0.000000e+00	5.000000e+00	
950	9.008415e-03	0.000000e+00	0.000000e+00	5.000000e+00	
951	9.016803e-03	0.000000e+00	0.000000e+00	5.000000e+00	
952	9.033581e-03	0.000000e+00	0.000000e+00	5.000000e+00	
953	9.067135e-03	0.000000e+00	0.000000e+00	5.000000e+00	
954	9.134244e-03	0.000000e+00	0.000000e+00	5.000000e+00	
955	9.234244e-03	0.000000e+00	0.000000e+00	5.000000e+00	
956	9.334244e-03	0.000000e+00	0.000000e+00	5.000000e+00	
957	9.434244e-03	0.000000e+00	0.000000e+00	5.000000e+00	
958	9.534244e-03	0.000000e+00	0.000000e+00	5.000000e+00	
959	9.634244e-03	0.000000e+00	0.000000e+00	5.000000e+00	
960	9.734244e-03	0.000000e+00	0.000000e+00	5.000000e+00	
961	9.834244e-03	0.000000e+00	0.000000e+00	5.000000e+00	
962	9.934244e-03	0.000000e+00	0.000000e+00	5.000000e+00	
963	1.000000e-02	0.000000e+00	0.000000e+00	5.000000e+00	
964	1.000000e-02	5.000000e-01	0.000000e+00	5.000000e+00	
965	1.000000e-02	1.500000e+00	0.000000e+00	5.000000e+00	
966	1.000001e-02	3.500000e+00	0.000000e+00	5.000000e+00	
967	1.000001e-02	3.505000e+00	0.000000e+00	5.000000e+00	
968	1.000001e-02	3.515000e+00	0.000000e+00	5.000000e+00	
969	1.000001e-02	3.535000e+00	0.000000e+00	5.000000e+00	
970	1.000001e-02	3.550000e+00	0.000000e+00	5.000000e+00	
971	1.000001e-02	3.554000e+00	0.000000e+00	5.000000e+00	
972	1.000001e-02	3.562000e+00	0.000000e+00	5.000000e+00	
973	1.000001e-02	3.578000e+00	0.000000e+00	5.000000e+00	
974	1.000001e-02	3.610000e+00	0.000000e+00	5.000000e+00	
975	1.000001e-02	3.674000e+00	0.000000e+00	5.000000e+00	
976	1.000001e-02	3.802000e+00	0.000000e+00	5.000000e+00	
977	1.000001e-02	4.058000e+00	0.000000e+00	5.000000e+00	
978	1.000001e-02	4.500000e+00	0.000000e+00	5.000000e+00	
979	1.000001e-02	4.505000e+00	0.000000e+00	5.000000e+00	
980	1.000001e-02	4.515000e+00	0.000000e+00	5.000000e+00	
981	1.000001e-02	4.535000e+00	0.000000e+00	5.000000e+00	
982	1.000001e-02	4.550000e+00	0.000000e+00	5.000000e+00	

Index   time            V(7/cin)        V(9/cout)       V(10/s4)        
--------------------------------------------------------------------------------
983	1.000001e-02	4.554000e+00	0.000000e+00	5.000000e+00	
984	1.000001e-02	4.562000e+00	0.000000e+00	5.000000e+00	
985	1.000001e-02	4.578000e+00	0.000000e+00	5.000000e+00	
986	1.000001e-02	4.610000e+00	0.000000e+00	5.000000e+00	
987	1.000001e-02	4.674000e+00	0.000000e+00	5.000000e+00	
988	1.000001e-02	4.802000e+00	0.000000e+00	5.000000e+00	
989	1.000001e-02	5.000000e+00	0.000000e+00	5.000000e+00	
990	1.000001e-02	5.000000e+00	0.000000e+00	5.000000e+00	
991	1.000001e-02	5.000000e+00	0.000000e+00	5.000000e+00	
992	1.000001e-02	5.000000e+00	0.000000e+00	5.000000e+00	
993	1.000001e-02	5.000000e+00	0.000000e+00	5.000000e+00	
994	1.000001e-02	5.000000e+00	0.000000e+00	5.000000e+00	
995	1.000001e-02	5.000000e+00	0.000000e+00	5.000000e+00	
996	1.000001e-02	5.000000e+00	0.000000e+00	5.000000e+00	
997	1.000001e-02	5.000000e+00	0.000000e+00	5.000000e+00	
998	1.000001e-02	5.000000e+00	0.000000e+00	5.000000e+00	
999	1.000001e-02	5.000000e+00	0.000000e+00	5.000000e+00	
1000	1.000001e-02	5.000000e+00	0.000000e+00	5.000000e+00	
1001	1.000001e-02	5.000000e+00	0.000000e+00	5.000000e+00	
1002	1.000001e-02	5.000000e+00	0.000000e+00	5.000000e+00	
1003	1.000001e-02	5.000000e+00	0.000000e+00	5.000000e+00	
1004	1.000001e-02	5.000000e+00	0.000000e+00	5.000000e+00	
1005	1.000001e-02	5.000000e+00	0.000000e+00	5.000000e+00	
1006	1.000001e-02	5.000000e+00	0.000000e+00	5.000000e+00	
1007	1.000001e-02	5.000000e+00	0.000000e+00	5.000000e+00	
1008	1.000001e-02	5.000000e+00	0.000000e+00	5.000000e+00	
1009	1.000001e-02	5.000000e+00	0.000000e+00	5.000000e+00	
1010	1.000001e-02	5.000000e+00	0.000000e+00	5.000000e+00	
1011	1.000001e-02	5.000000e+00	0.000000e+00	5.000000e+00	
1012	1.000002e-02	5.000000e+00	0.000000e+00	5.000000e+00	
1013	1.000002e-02	5.000000e+00	0.000000e+00	5.000000e+00	
1014	1.000002e-02	5.000000e+00	0.000000e+00	5.000000e+00	
1015	1.000002e-02	5.000000e+00	0.000000e+00	5.000000e+00	
1016	1.000002e-02	5.000000e+00	0.000000e+00	5.000000e+00	
1017	1.000002e-02	5.000000e+00	0.000000e+00	5.000000e+00	
1018	1.000002e-02	5.000000e+00	0.000000e+00	5.000000e+00	
1019	1.000002e-02	5.000000e+00	0.000000e+00	5.000000e+00	
1020	1.000002e-02	5.000000e+00	0.000000e+00	5.000000e+00	
1021	1.000002e-02	5.000000e+00	0.000000e+00	5.000000e+00	
1022	1.000002e-02	5.000000e+00	0.000000e+00	5.000000e+00	
1023	1.000002e-02	5.000000e+00	0.000000e+00	5.000000e+00	
1024	1.000002e-02	5.000000e+00	0.000000e+00	5.000000e+00	
1025	1.000002e-02	5.000000e+00	0.000000e+00	5.000000e+00	
1026	1.000002e-02	5.000000e+00	0.000000e+00	5.000000e+00	
1027	1.000002e-02	5.000000e+00	0.000000e+00	5.000000e+00	
1028	1.000002e-02	5.000000e+00	0.000000e+00	5.000000e+00	
1029	1.000002e-02	5.000000e+00	0.000000e+00	5.000000e+00	
1030	1.000002e-02	5.000000e+00	0.000000e+00	5.000000e+00	
1031	1.000002e-02	5.000000e+00	0.000000e+00	5.000000e+00	
1032	1.000002e-02	5.000000e+00	0.000000e+00	5.000000e+00	
1033	1.000002e-02	5.000000e+00	0.000000e+00	5.000000e+00	
1034	1.000002e-02	5.000000e+00	0.000000e+00	5.000000e+00	
1035	1.000002e-02	5.000000e+00	0.000000e+00	5.000000e+00	
1036	1.000002e-02	5.000000e+00	0.000000e+00	5.000000e+00	
1037	1.000002e-02	5.000000e+00	0.000000e+00	5.000000e+00	
1038	1.000002e-02	5.000000e+00	0.000000e+00	5.000000e+00	
1039	1.000003e-02	5.000000e+00	0.000000e+00	5.000000e+00	
1040	1.000003e-02	5.000000e+00	0.000000e+00	5.000000e+00	

Index   time            V(7/cin)        V(9/cout)       V(10/s4)        
--------------------------------------------------------------------------------
1041	1.000003e-02	5.000000e+00	0.000000e+00	5.000000e+00	
1042	1.000003e-02	5.000000e+00	0.000000e+00	5.000000e+00	
1043	1.000003e-02	5.000000e+00	0.000000e+00	5.000000e+00	
1044	1.000003e-02	5.000000e+00	0.000000e+00	5.000000e+00	
1045	1.000003e-02	5.000000e+00	0.000000e+00	5.000000e+00	
1046	1.000003e-02	5.000000e+00	0.000000e+00	5.000000e+00	
1047	1.000003e-02	5.000000e+00	0.000000e+00	5.000000e+00	
1048	1.000003e-02	5.000000e+00	0.000000e+00	5.000000e+00	
1049	1.000003e-02	5.000000e+00	0.000000e+00	5.000000e+00	
1050	1.000003e-02	5.000000e+00	0.000000e+00	5.000000e+00	
1051	1.000003e-02	5.000000e+00	0.000000e+00	5.000000e+00	
1052	1.000003e-02	5.000000e+00	0.000000e+00	5.000000e+00	
1053	1.000003e-02	5.000000e+00	0.000000e+00	5.000000e+00	
1054	1.000003e-02	5.000000e+00	0.000000e+00	5.000000e+00	
1055	1.000003e-02	5.000000e+00	0.000000e+00	5.000000e+00	
1056	1.000003e-02	5.000000e+00	0.000000e+00	5.000000e+00	
1057	1.000003e-02	5.000000e+00	0.000000e+00	5.000000e+00	
1058	1.000003e-02	5.000000e+00	0.000000e+00	5.000000e+00	
1059	1.000003e-02	5.000000e+00	0.000000e+00	5.000000e+00	
1060	1.000004e-02	5.000000e+00	0.000000e+00	5.000000e+00	
1061	1.000004e-02	5.000000e+00	0.000000e+00	5.000000e+00	
1062	1.000006e-02	5.000000e+00	0.000000e+00	5.000000e+00	
1063	1.000009e-02	5.000000e+00	0.000000e+00	5.000000e+00	
1064	1.000016e-02	5.000000e+00	0.000000e+00	5.000000e+00	
1065	1.000029e-02	5.000000e+00	0.000000e+00	5.000000e+00	
1066	1.000055e-02	5.000000e+00	0.000000e+00	5.000000e+00	
1067	1.000108e-02	5.000000e+00	0.000000e+00	5.000000e+00	
1068	1.000212e-02	5.000000e+00	0.000000e+00	5.000000e+00	
1069	1.000422e-02	5.000000e+00	0.000000e+00	5.000000e+00	
1070	1.000842e-02	5.000000e+00	0.000000e+00	5.000000e+00	
1071	1.001681e-02	5.000000e+00	0.000000e+00	5.000000e+00	
1072	1.003358e-02	5.000000e+00	0.000000e+00	5.000000e+00	
1073	1.006714e-02	5.000000e+00	0.000000e+00	5.000000e+00	
1074	1.013425e-02	5.000000e+00	0.000000e+00	5.000000e+00	
1075	1.023425e-02	5.000000e+00	0.000000e+00	5.000000e+00	
1076	1.033425e-02	5.000000e+00	0.000000e+00	5.000000e+00	
1077	1.043425e-02	5.000000e+00	0.000000e+00	5.000000e+00	
1078	1.053425e-02	5.000000e+00	0.000000e+00	5.000000e+00	
1079	1.063425e-02	5.000000e+00	0.000000e+00	5.000000e+00	
1080	1.073425e-02	5.000000e+00	0.000000e+00	5.000000e+00	
1081	1.083425e-02	5.000000e+00	0.000000e+00	5.000000e+00	
1082	1.093425e-02	5.000000e+00	0.000000e+00	5.000000e+00	
1083	1.100001e-02	5.000000e+00	0.000000e+00	5.000000e+00	
1084	1.100001e-02	4.500000e+00	0.000000e+00	5.000000e+00	
1085	1.100001e-02	3.500000e+00	0.000000e+00	5.000000e+00	
1086	1.100002e-02	1.500000e+00	0.000000e+00	5.000000e+00	
1087	1.100002e-02	0.000000e+00	0.000000e+00	5.000000e+00	
1088	1.100002e-02	0.000000e+00	0.000000e+00	5.000000e+00	
1089	1.100002e-02	0.000000e+00	0.000000e+00	5.000000e+00	
1090	1.100002e-02	0.000000e+00	0.000000e+00	5.000000e+00	
1091	1.100002e-02	0.000000e+00	0.000000e+00	5.000000e+00	
1092	1.100002e-02	0.000000e+00	0.000000e+00	5.000000e+00	
1093	1.100002e-02	0.000000e+00	0.000000e+00	5.000000e+00	
1094	1.100002e-02	0.000000e+00	0.000000e+00	5.000000e+00	
1095	1.100002e-02	0.000000e+00	0.000000e+00	5.000000e+00	
1096	1.100002e-02	0.000000e+00	0.000000e+00	5.000000e+00	
1097	1.100002e-02	0.000000e+00	0.000000e+00	5.000000e+00	
1098	1.100002e-02	0.000000e+00	0.000000e+00	5.000000e+00	

Index   time            V(7/cin)        V(9/cout)       V(10/s4)        
--------------------------------------------------------------------------------
1099	1.100002e-02	0.000000e+00	0.000000e+00	5.000000e+00	
1100	1.100002e-02	0.000000e+00	0.000000e+00	5.000000e+00	
1101	1.100002e-02	0.000000e+00	0.000000e+00	5.000000e+00	
1102	1.100002e-02	0.000000e+00	0.000000e+00	5.000000e+00	
1103	1.100002e-02	0.000000e+00	0.000000e+00	5.000000e+00	
1104	1.100002e-02	0.000000e+00	0.000000e+00	5.000000e+00	
1105	1.100002e-02	0.000000e+00	0.000000e+00	5.000000e+00	
1106	1.100002e-02	0.000000e+00	0.000000e+00	5.000000e+00	
1107	1.100002e-02	0.000000e+00	0.000000e+00	5.000000e+00	
1108	1.100003e-02	0.000000e+00	0.000000e+00	5.000000e+00	
1109	1.100003e-02	0.000000e+00	0.000000e+00	5.000000e+00	
1110	1.100003e-02	0.000000e+00	0.000000e+00	5.000000e+00	
1111	1.100003e-02	0.000000e+00	0.000000e+00	5.000000e+00	
1112	1.100003e-02	0.000000e+00	0.000000e+00	5.000000e+00	
1113	1.100003e-02	0.000000e+00	0.000000e+00	5.000000e+00	
1114	1.100003e-02	0.000000e+00	0.000000e+00	5.000000e+00	
1115	1.100003e-02	0.000000e+00	0.000000e+00	5.000000e+00	
1116	1.100003e-02	0.000000e+00	0.000000e+00	5.000000e+00	
1117	1.100003e-02	0.000000e+00	0.000000e+00	5.000000e+00	
1118	1.100003e-02	0.000000e+00	0.000000e+00	5.000000e+00	
1119	1.100003e-02	0.000000e+00	0.000000e+00	5.000000e+00	
1120	1.100003e-02	0.000000e+00	0.000000e+00	5.000000e+00	
1121	1.100003e-02	0.000000e+00	0.000000e+00	5.000000e+00	
1122	1.100003e-02	0.000000e+00	0.000000e+00	5.000000e+00	
1123	1.100003e-02	0.000000e+00	0.000000e+00	5.000000e+00	
1124	1.100003e-02	0.000000e+00	0.000000e+00	5.000000e+00	
1125	1.100003e-02	0.000000e+00	0.000000e+00	5.000000e+00	
1126	1.100003e-02	0.000000e+00	0.000000e+00	5.000000e+00	
1127	1.100003e-02	0.000000e+00	0.000000e+00	5.000000e+00	
1128	1.100003e-02	0.000000e+00	0.000000e+00	5.000000e+00	
1129	1.100003e-02	0.000000e+00	0.000000e+00	5.000000e+00	
1130	1.100003e-02	0.000000e+00	0.000000e+00	5.000000e+00	
1131	1.100003e-02	0.000000e+00	0.000000e+00	5.000000e+00	
1132	1.100003e-02	0.000000e+00	0.000000e+00	5.000000e+00	
1133	1.100003e-02	0.000000e+00	0.000000e+00	5.000000e+00	
1134	1.100004e-02	0.000000e+00	0.000000e+00	5.000000e+00	
1135	1.100006e-02	0.000000e+00	0.000000e+00	5.000000e+00	
1136	1.100009e-02	0.000000e+00	0.000000e+00	5.000000e+00	
1137	1.100016e-02	0.000000e+00	0.000000e+00	5.000000e+00	
1138	1.100029e-02	0.000000e+00	0.000000e+00	5.000000e+00	
1139	1.100055e-02	0.000000e+00	0.000000e+00	5.000000e+00	
1140	1.100107e-02	0.000000e+00	0.000000e+00	5.000000e+00	
1141	1.100212e-02	0.000000e+00	0.000000e+00	5.000000e+00	
1142	1.100422e-02	0.000000e+00	0.000000e+00	5.000000e+00	
1143	1.100841e-02	0.000000e+00	0.000000e+00	5.000000e+00	
1144	1.101680e-02	0.000000e+00	0.000000e+00	5.000000e+00	
1145	1.103358e-02	0.000000e+00	0.000000e+00	5.000000e+00	
1146	1.106713e-02	0.000000e+00	0.000000e+00	5.000000e+00	
1147	1.113424e-02	0.000000e+00	0.000000e+00	5.000000e+00	
1148	1.123424e-02	0.000000e+00	0.000000e+00	5.000000e+00	
1149	1.133424e-02	0.000000e+00	0.000000e+00	5.000000e+00	
1150	1.143424e-02	0.000000e+00	0.000000e+00	5.000000e+00	
1151	1.153424e-02	0.000000e+00	0.000000e+00	5.000000e+00	
1152	1.163424e-02	0.000000e+00	0.000000e+00	5.000000e+00	
1153	1.173424e-02	0.000000e+00	0.000000e+00	5.000000e+00	
1154	1.183424e-02	0.000000e+00	0.000000e+00	5.000000e+00	
1155	1.193424e-02	0.000000e+00	0.000000e+00	5.000000e+00	
1156	1.200000e-02	0.000000e+00	0.000000e+00	5.000000e+00	

Index   time            V(7/cin)        V(9/cout)       V(10/s4)        
--------------------------------------------------------------------------------
1157	1.200000e-02	5.000000e-01	0.000000e+00	5.000000e+00	
1158	1.200000e-02	1.500000e+00	0.000000e+00	5.000000e+00	
1159	1.200001e-02	3.500000e+00	0.000000e+00	5.000000e+00	
1160	1.200001e-02	3.505000e+00	0.000000e+00	5.000000e+00	
1161	1.200001e-02	3.515000e+00	0.000000e+00	5.000000e+00	
1162	1.200001e-02	3.535000e+00	0.000000e+00	5.000000e+00	
1163	1.200001e-02	3.550000e+00	0.000000e+00	5.000000e+00	
1164	1.200001e-02	3.554000e+00	0.000000e+00	5.000000e+00	
1165	1.200001e-02	3.562000e+00	0.000000e+00	5.000000e+00	
1166	1.200001e-02	3.578000e+00	0.000000e+00	5.000000e+00	
1167	1.200001e-02	3.610000e+00	0.000000e+00	5.000000e+00	
1168	1.200001e-02	3.674000e+00	0.000000e+00	5.000000e+00	
1169	1.200001e-02	3.802000e+00	0.000000e+00	5.000000e+00	
1170	1.200001e-02	4.000000e+00	0.000000e+00	5.000000e+00	
1171	1.200001e-02	4.005000e+00	0.000000e+00	5.000000e+00	
1172	1.200001e-02	4.015000e+00	0.000000e+00	5.000000e+00	
1173	1.200001e-02	4.035000e+00	0.000000e+00	5.000000e+00	
1174	1.200001e-02	4.050000e+00	0.000000e+00	5.000000e+00	
1175	1.200001e-02	4.054000e+00	0.000000e+00	5.000000e+00	
1176	1.200001e-02	4.062000e+00	0.000000e+00	5.000000e+00	
1177	1.200001e-02	4.078000e+00	0.000000e+00	5.000000e+00	
1178	1.200001e-02	4.110000e+00	0.000000e+00	5.000000e+00	
1179	1.200001e-02	4.174000e+00	0.000000e+00	5.000000e+00	
1180	1.200001e-02	4.302000e+00	0.000000e+00	5.000000e+00	
1181	1.200001e-02	4.558000e+00	0.000000e+00	5.000000e+00	
1182	1.200001e-02	5.000000e+00	0.000000e+00	5.000000e+00	
1183	1.200001e-02	5.000000e+00	0.000000e+00	5.000000e+00	
1184	1.200001e-02	5.000000e+00	0.000000e+00	5.000000e+00	
1185	1.200001e-02	5.000000e+00	0.000000e+00	5.000000e+00	
1186	1.200001e-02	5.000000e+00	0.000000e+00	5.000000e+00	
1187	1.200001e-02	5.000000e+00	0.000000e+00	5.000000e+00	
1188	1.200001e-02	5.000000e+00	0.000000e+00	5.000000e+00	
1189	1.200001e-02	5.000000e+00	0.000000e+00	5.000000e+00	
1190	1.200001e-02	5.000000e+00	0.000000e+00	5.000000e+00	
1191	1.200001e-02	5.000000e+00	0.000000e+00	5.000000e+00	
1192	1.200001e-02	5.000000e+00	0.000000e+00	5.000000e+00	
1193	1.200001e-02	5.000000e+00	0.000000e+00	5.000000e+00	
1194	1.200001e-02	5.000000e+00	0.000000e+00	5.000000e+00	
1195	1.200001e-02	5.000000e+00	0.000000e+00	5.000000e+00	
1196	1.200001e-02	5.000000e+00	0.000000e+00	5.000000e+00	
1197	1.200001e-02	5.000000e+00	0.000000e+00	5.000000e+00	
1198	1.200001e-02	5.000000e+00	0.000000e+00	5.000000e+00	
1199	1.200001e-02	5.000000e+00	0.000000e+00	5.000000e+00	
1200	1.200001e-02	5.000000e+00	0.000000e+00	5.000000e+00	
1201	1.200001e-02	5.000000e+00	0.000000e+00	5.000000e+00	
1202	1.200001e-02	5.000000e+00	0.000000e+00	5.000000e+00	
1203	1.200001e-02	5.000000e+00	0.000000e+00	5.000000e+00	
1204	1.200001e-02	5.000000e+00	0.000000e+00	5.000000e+00	
1205	1.200001e-02	5.000000e+00	0.000000e+00	5.000000e+00	
1206	1.200001e-02	5.000000e+00	0.000000e+00	5.000000e+00	
1207	1.200001e-02	5.000000e+00	0.000000e+00	5.000000e+00	
1208	1.200001e-02	5.000000e+00	0.000000e+00	5.000000e+00	
1209	1.200001e-02	5.000000e+00	0.000000e+00	5.000000e+00	
1210	1.200001e-02	5.000000e+00	0.000000e+00	5.000000e+00	
1211	1.200001e-02	5.000000e+00	0.000000e+00	5.000000e+00	
1212	1.200001e-02	5.000000e+00	0.000000e+00	5.000000e+00	
1213	1.200001e-02	5.000000e+00	0.000000e+00	5.000000e+00	
1214	1.200001e-02	5.000000e+00	0.000000e+00	5.000000e+00	

Index   time            V(7/cin)        V(9/cout)       V(10/s4)        
--------------------------------------------------------------------------------
1215	1.200001e-02	5.000000e+00	0.000000e+00	5.000000e+00	
1216	1.200001e-02	5.000000e+00	0.000000e+00	5.000000e+00	
1217	1.200002e-02	5.000000e+00	0.000000e+00	5.000000e+00	
1218	1.200002e-02	5.000000e+00	0.000000e+00	5.000000e+00	
1219	1.200002e-02	5.000000e+00	0.000000e+00	5.000000e+00	
1220	1.200002e-02	5.000000e+00	0.000000e+00	5.000000e+00	
1221	1.200002e-02	5.000000e+00	0.000000e+00	5.000000e+00	
1222	1.200002e-02	5.000000e+00	0.000000e+00	5.000000e+00	
1223	1.200002e-02	5.000000e+00	0.000000e+00	5.000000e+00	
1224	1.200002e-02	5.000000e+00	0.000000e+00	5.000000e+00	
1225	1.200002e-02	5.000000e+00	0.000000e+00	5.000000e+00	
1226	1.200002e-02	5.000000e+00	0.000000e+00	5.000000e+00	
1227	1.200002e-02	5.000000e+00	0.000000e+00	5.000000e+00	
1228	1.200002e-02	5.000000e+00	0.000000e+00	5.000000e+00	
1229	1.200002e-02	5.000000e+00	0.000000e+00	5.000000e+00	
1230	1.200002e-02	5.000000e+00	0.000000e+00	5.000000e+00	
1231	1.200002e-02	5.000000e+00	0.000000e+00	5.000000e+00	
1232	1.200002e-02	5.000000e+00	0.000000e+00	5.000000e+00	
1233	1.200002e-02	5.000000e+00	0.000000e+00	5.000000e+00	
1234	1.200002e-02	5.000000e+00	0.000000e+00	5.000000e+00	
1235	1.200002e-02	5.000000e+00	0.000000e+00	5.000000e+00	
1236	1.200002e-02	5.000000e+00	0.000000e+00	5.000000e+00	
1237	1.200002e-02	5.000000e+00	0.000000e+00	5.000000e+00	
1238	1.200002e-02	5.000000e+00	0.000000e+00	5.000000e+00	
1239	1.200002e-02	5.000000e+00	0.000000e+00	5.000000e+00	
1240	1.200002e-02	5.000000e+00	0.000000e+00	5.000000e+00	
1241	1.200002e-02	5.000000e+00	0.000000e+00	4.928000e+00	
1242	1.200002e-02	5.000000e+00	0.000000e+00	4.784000e+00	
1243	1.200002e-02	5.000000e+00	0.000000e+00	4.496000e+00	
1244	1.200002e-02	5.000000e+00	0.000000e+00	3.920000e+00	
1245	1.200003e-02	5.000000e+00	0.000000e+00	2.768000e+00	
1246	1.200003e-02	5.000000e+00	0.000000e+00	5.000000e-01	
1247	1.200003e-02	5.000000e+00	0.000000e+00	5.000000e-01	
1248	1.200003e-02	5.000000e+00	0.000000e+00	5.000000e-01	
1249	1.200003e-02	5.000000e+00	0.000000e+00	5.000000e-01	
1250	1.200003e-02	5.000000e+00	0.000000e+00	5.000000e-01	
1251	1.200003e-02	5.000000e+00	0.000000e+00	5.000000e-01	
1252	1.200003e-02	5.000000e+00	0.000000e+00	4.500000e-01	
1253	1.200003e-02	5.000000e+00	0.000000e+00	3.500000e-01	
1254	1.200003e-02	5.000000e+00	0.000000e+00	1.500000e-01	
1255	1.200003e-02	5.000000e+00	0.000000e+00	0.000000e+00	
1256	1.200003e-02	5.000000e+00	0.000000e+00	0.000000e+00	
1257	1.200003e-02	5.000000e+00	0.000000e+00	0.000000e+00	
1258	1.200003e-02	5.000000e+00	0.000000e+00	0.000000e+00	
1259	1.200003e-02	5.000000e+00	0.000000e+00	0.000000e+00	
1260	1.200003e-02	5.000000e+00	0.000000e+00	0.000000e+00	
1261	1.200003e-02	5.000000e+00	0.000000e+00	0.000000e+00	
1262	1.200003e-02	5.000000e+00	0.000000e+00	0.000000e+00	
1263	1.200003e-02	5.000000e+00	0.000000e+00	0.000000e+00	
1264	1.200003e-02	5.000000e+00	0.000000e+00	0.000000e+00	
1265	1.200003e-02	5.000000e+00	0.000000e+00	0.000000e+00	
1266	1.200004e-02	5.000000e+00	0.000000e+00	0.000000e+00	
1267	1.200006e-02	5.000000e+00	0.000000e+00	0.000000e+00	
1268	1.200009e-02	5.000000e+00	0.000000e+00	0.000000e+00	
1269	1.200016e-02	5.000000e+00	0.000000e+00	0.000000e+00	
1270	1.200029e-02	5.000000e+00	0.000000e+00	0.000000e+00	
1271	1.200055e-02	5.000000e+00	0.000000e+00	0.000000e+00	
1272	1.200108e-02	5.000000e+00	0.000000e+00	0.000000e+00	

Index   time            V(7/cin)        V(9/cout)       V(10/s4)        
--------------------------------------------------------------------------------
1273	1.200212e-02	5.000000e+00	0.000000e+00	0.000000e+00	
1274	1.200422e-02	5.000000e+00	0.000000e+00	0.000000e+00	
1275	1.200842e-02	5.000000e+00	0.000000e+00	0.000000e+00	
1276	1.201680e-02	5.000000e+00	0.000000e+00	0.000000e+00	
1277	1.203358e-02	5.000000e+00	0.000000e+00	0.000000e+00	
1278	1.206714e-02	5.000000e+00	0.000000e+00	0.000000e+00	
1279	1.213424e-02	5.000000e+00	0.000000e+00	0.000000e+00	
1280	1.223424e-02	5.000000e+00	0.000000e+00	0.000000e+00	
1281	1.233424e-02	5.000000e+00	0.000000e+00	0.000000e+00	
1282	1.243424e-02	5.000000e+00	0.000000e+00	0.000000e+00	
1283	1.253424e-02	5.000000e+00	0.000000e+00	0.000000e+00	
1284	1.263424e-02	5.000000e+00	0.000000e+00	0.000000e+00	
1285	1.273424e-02	5.000000e+00	0.000000e+00	0.000000e+00	
1286	1.283424e-02	5.000000e+00	0.000000e+00	0.000000e+00	
1287	1.293424e-02	5.000000e+00	0.000000e+00	0.000000e+00	
1288	1.300001e-02	5.000000e+00	0.000000e+00	0.000000e+00	
1289	1.300001e-02	4.500000e+00	0.000000e+00	0.000000e+00	
1290	1.300001e-02	3.500000e+00	0.000000e+00	0.000000e+00	
1291	1.300002e-02	1.500000e+00	0.000000e+00	0.000000e+00	
1292	1.300002e-02	0.000000e+00	0.000000e+00	0.000000e+00	
1293	1.300002e-02	0.000000e+00	0.000000e+00	0.000000e+00	
1294	1.300002e-02	0.000000e+00	0.000000e+00	0.000000e+00	
1295	1.300002e-02	0.000000e+00	0.000000e+00	0.000000e+00	
1296	1.300002e-02	0.000000e+00	0.000000e+00	0.000000e+00	
1297	1.300002e-02	0.000000e+00	0.000000e+00	0.000000e+00	
1298	1.300002e-02	0.000000e+00	0.000000e+00	0.000000e+00	
1299	1.300002e-02	0.000000e+00	0.000000e+00	0.000000e+00	
1300	1.300002e-02	0.000000e+00	0.000000e+00	0.000000e+00	
1301	1.300002e-02	0.000000e+00	0.000000e+00	0.000000e+00	
1302	1.300002e-02	0.000000e+00	0.000000e+00	0.000000e+00	
1303	1.300002e-02	0.000000e+00	0.000000e+00	0.000000e+00	
1304	1.300002e-02	0.000000e+00	0.000000e+00	0.000000e+00	
1305	1.300002e-02	0.000000e+00	0.000000e+00	0.000000e+00	
1306	1.300002e-02	0.000000e+00	0.000000e+00	0.000000e+00	
1307	1.300002e-02	0.000000e+00	0.000000e+00	0.000000e+00	
1308	1.300002e-02	0.000000e+00	0.000000e+00	0.000000e+00	
1309	1.300002e-02	0.000000e+00	0.000000e+00	0.000000e+00	
1310	1.300002e-02	0.000000e+00	0.000000e+00	0.000000e+00	
1311	1.300002e-02	0.000000e+00	0.000000e+00	0.000000e+00	
1312	1.300002e-02	0.000000e+00	0.000000e+00	0.000000e+00	
1313	1.300003e-02	0.000000e+00	0.000000e+00	0.000000e+00	
1314	1.300003e-02	0.000000e+00	0.000000e+00	0.000000e+00	
1315	1.300003e-02	0.000000e+00	0.000000e+00	0.000000e+00	
1316	1.300003e-02	0.000000e+00	0.000000e+00	0.000000e+00	
1317	1.300003e-02	0.000000e+00	0.000000e+00	0.000000e+00	
1318	1.300003e-02	0.000000e+00	0.000000e+00	0.000000e+00	
1319	1.300003e-02	0.000000e+00	0.000000e+00	0.000000e+00	
1320	1.300003e-02	0.000000e+00	0.000000e+00	0.000000e+00	
1321	1.300003e-02	0.000000e+00	0.000000e+00	0.000000e+00	
1322	1.300003e-02	0.000000e+00	0.000000e+00	0.000000e+00	
1323	1.300003e-02	0.000000e+00	0.000000e+00	0.000000e+00	
1324	1.300003e-02	0.000000e+00	0.000000e+00	0.000000e+00	
1325	1.300003e-02	0.000000e+00	0.000000e+00	0.000000e+00	
1326	1.300003e-02	0.000000e+00	0.000000e+00	0.000000e+00	
1327	1.300003e-02	0.000000e+00	0.000000e+00	0.000000e+00	
1328	1.300003e-02	0.000000e+00	0.000000e+00	0.000000e+00	
1329	1.300003e-02	0.000000e+00	0.000000e+00	0.000000e+00	
1330	1.300003e-02	0.000000e+00	0.000000e+00	0.000000e+00	

Index   time            V(7/cin)        V(9/cout)       V(10/s4)        
--------------------------------------------------------------------------------
1331	1.300003e-02	0.000000e+00	0.000000e+00	0.000000e+00	
1332	1.300003e-02	0.000000e+00	0.000000e+00	0.000000e+00	
1333	1.300003e-02	0.000000e+00	0.000000e+00	0.000000e+00	
1334	1.300003e-02	0.000000e+00	0.000000e+00	0.000000e+00	
1335	1.300003e-02	0.000000e+00	0.000000e+00	0.000000e+00	
1336	1.300003e-02	0.000000e+00	0.000000e+00	0.000000e+00	
1337	1.300003e-02	0.000000e+00	0.000000e+00	0.000000e+00	
1338	1.300003e-02	0.000000e+00	0.000000e+00	0.000000e+00	
1339	1.300004e-02	0.000000e+00	0.000000e+00	0.000000e+00	
1340	1.300006e-02	0.000000e+00	0.000000e+00	0.000000e+00	
1341	1.300009e-02	0.000000e+00	0.000000e+00	0.000000e+00	
1342	1.300016e-02	0.000000e+00	0.000000e+00	0.000000e+00	
1343	1.300029e-02	0.000000e+00	0.000000e+00	0.000000e+00	
1344	1.300055e-02	0.000000e+00	0.000000e+00	0.000000e+00	
1345	1.300107e-02	0.000000e+00	0.000000e+00	0.000000e+00	
1346	1.300212e-02	0.000000e+00	0.000000e+00	0.000000e+00	
1347	1.300422e-02	0.000000e+00	0.000000e+00	0.000000e+00	
1348	1.300841e-02	0.000000e+00	0.000000e+00	0.000000e+00	
1349	1.301680e-02	0.000000e+00	0.000000e+00	0.000000e+00	
1350	1.303358e-02	0.000000e+00	0.000000e+00	0.000000e+00	
1351	1.306713e-02	0.000000e+00	0.000000e+00	0.000000e+00	
1352	1.313424e-02	0.000000e+00	0.000000e+00	0.000000e+00	
1353	1.323424e-02	0.000000e+00	0.000000e+00	0.000000e+00	
1354	1.333424e-02	0.000000e+00	0.000000e+00	0.000000e+00	
1355	1.343424e-02	0.000000e+00	0.000000e+00	0.000000e+00	
1356	1.353424e-02	0.000000e+00	0.000000e+00	0.000000e+00	
1357	1.363424e-02	0.000000e+00	0.000000e+00	0.000000e+00	
1358	1.373424e-02	0.000000e+00	0.000000e+00	0.000000e+00	
1359	1.383424e-02	0.000000e+00	0.000000e+00	0.000000e+00	
1360	1.393424e-02	0.000000e+00	0.000000e+00	0.000000e+00	
1361	1.400000e-02	0.000000e+00	0.000000e+00	0.000000e+00	
1362	1.400000e-02	5.000000e-01	0.000000e+00	0.000000e+00	
1363	1.400000e-02	1.500000e+00	0.000000e+00	0.000000e+00	
1364	1.400001e-02	3.500000e+00	0.000000e+00	0.000000e+00	
1365	1.400001e-02	3.505000e+00	0.000000e+00	0.000000e+00	
1366	1.400001e-02	3.515000e+00	0.000000e+00	0.000000e+00	
1367	1.400001e-02	3.535000e+00	0.000000e+00	0.000000e+00	
1368	1.400001e-02	3.550000e+00	0.000000e+00	0.000000e+00	
1369	1.400001e-02	3.554000e+00	0.000000e+00	0.000000e+00	
1370	1.400001e-02	3.562000e+00	0.000000e+00	0.000000e+00	
1371	1.400001e-02	3.578000e+00	0.000000e+00	0.000000e+00	
1372	1.400001e-02	3.610000e+00	0.000000e+00	0.000000e+00	
1373	1.400001e-02	3.674000e+00	0.000000e+00	0.000000e+00	
1374	1.400001e-02	3.802000e+00	0.000000e+00	0.000000e+00	
1375	1.400001e-02	4.058000e+00	0.000000e+00	0.000000e+00	
1376	1.400001e-02	4.500000e+00	0.000000e+00	0.000000e+00	
1377	1.400001e-02	4.505000e+00	0.000000e+00	0.000000e+00	
1378	1.400001e-02	4.515000e+00	0.000000e+00	0.000000e+00	
1379	1.400001e-02	4.535000e+00	0.000000e+00	0.000000e+00	
1380	1.400001e-02	4.550000e+00	0.000000e+00	0.000000e+00	
1381	1.400001e-02	4.554000e+00	0.000000e+00	0.000000e+00	
1382	1.400001e-02	4.562000e+00	0.000000e+00	0.000000e+00	
1383	1.400001e-02	4.578000e+00	0.000000e+00	0.000000e+00	
1384	1.400001e-02	4.610000e+00	0.000000e+00	0.000000e+00	
1385	1.400001e-02	4.674000e+00	0.000000e+00	0.000000e+00	
1386	1.400001e-02	4.802000e+00	0.000000e+00	0.000000e+00	
1387	1.400001e-02	5.000000e+00	0.000000e+00	0.000000e+00	
1388	1.400001e-02	5.000000e+00	0.000000e+00	0.000000e+00	

Index   time            V(7/cin)        V(9/cout)       V(10/s4)        
--------------------------------------------------------------------------------
1389	1.400001e-02	5.000000e+00	0.000000e+00	0.000000e+00	
1390	1.400001e-02	5.000000e+00	0.000000e+00	0.000000e+00	
1391	1.400001e-02	5.000000e+00	0.000000e+00	0.000000e+00	
1392	1.400001e-02	5.000000e+00	0.000000e+00	0.000000e+00	
1393	1.400001e-02	5.000000e+00	0.000000e+00	0.000000e+00	
1394	1.400001e-02	5.000000e+00	0.000000e+00	0.000000e+00	
1395	1.400001e-02	5.000000e+00	0.000000e+00	0.000000e+00	
1396	1.400001e-02	5.000000e+00	0.000000e+00	0.000000e+00	
1397	1.400001e-02	5.000000e+00	0.000000e+00	0.000000e+00	
1398	1.400001e-02	5.000000e+00	0.000000e+00	0.000000e+00	
1399	1.400001e-02	5.000000e+00	0.000000e+00	0.000000e+00	
1400	1.400001e-02	5.000000e+00	0.000000e+00	0.000000e+00	
1401	1.400001e-02	5.000000e+00	0.000000e+00	0.000000e+00	
1402	1.400001e-02	5.000000e+00	0.000000e+00	0.000000e+00	
1403	1.400001e-02	5.000000e+00	0.000000e+00	0.000000e+00	
1404	1.400001e-02	5.000000e+00	0.000000e+00	0.000000e+00	
1405	1.400001e-02	5.000000e+00	0.000000e+00	0.000000e+00	
1406	1.400001e-02	5.000000e+00	0.000000e+00	0.000000e+00	
1407	1.400001e-02	5.000000e+00	0.000000e+00	0.000000e+00	
1408	1.400001e-02	5.000000e+00	0.000000e+00	0.000000e+00	
1409	1.400001e-02	5.000000e+00	0.000000e+00	0.000000e+00	
1410	1.400002e-02	5.000000e+00	0.000000e+00	0.000000e+00	
1411	1.400002e-02	5.000000e+00	0.000000e+00	0.000000e+00	
1412	1.400002e-02	5.000000e+00	0.000000e+00	0.000000e+00	
1413	1.400002e-02	5.000000e+00	0.000000e+00	0.000000e+00	
1414	1.400002e-02	5.000000e+00	0.000000e+00	0.000000e+00	
1415	1.400002e-02	5.000000e+00	0.000000e+00	0.000000e+00	
1416	1.400002e-02	5.000000e+00	0.000000e+00	0.000000e+00	
1417	1.400002e-02	5.000000e+00	0.000000e+00	0.000000e+00	
1418	1.400002e-02	5.000000e+00	0.000000e+00	0.000000e+00	
1419	1.400002e-02	5.000000e+00	0.000000e+00	0.000000e+00	
1420	1.400002e-02	5.000000e+00	0.000000e+00	0.000000e+00	
1421	1.400002e-02	5.000000e+00	0.000000e+00	0.000000e+00	
1422	1.400002e-02	5.000000e+00	0.000000e+00	0.000000e+00	
1423	1.400002e-02	5.000000e+00	0.000000e+00	0.000000e+00	
1424	1.400002e-02	5.000000e+00	0.000000e+00	0.000000e+00	
1425	1.400002e-02	5.000000e+00	0.000000e+00	0.000000e+00	
1426	1.400002e-02	5.000000e+00	0.000000e+00	0.000000e+00	
1427	1.400002e-02	5.000000e+00	0.000000e+00	0.000000e+00	
1428	1.400002e-02	5.000000e+00	0.000000e+00	0.000000e+00	
1429	1.400002e-02	5.000000e+00	0.000000e+00	0.000000e+00	
1430	1.400002e-02	5.000000e+00	0.000000e+00	0.000000e+00	
1431	1.400002e-02	5.000000e+00	0.000000e+00	0.000000e+00	
1432	1.400002e-02	5.000000e+00	0.000000e+00	0.000000e+00	
1433	1.400002e-02	5.000000e+00	0.000000e+00	0.000000e+00	
1434	1.400002e-02	5.000000e+00	0.000000e+00	0.000000e+00	
1435	1.400002e-02	5.000000e+00	0.000000e+00	0.000000e+00	
1436	1.400002e-02	5.000000e+00	0.000000e+00	0.000000e+00	
1437	1.400003e-02	5.000000e+00	0.000000e+00	0.000000e+00	
1438	1.400003e-02	5.000000e+00	0.000000e+00	0.000000e+00	
1439	1.400003e-02	5.000000e+00	0.000000e+00	0.000000e+00	
1440	1.400003e-02	5.000000e+00	0.000000e+00	0.000000e+00	
1441	1.400003e-02	5.000000e+00	0.000000e+00	0.000000e+00	
1442	1.400003e-02	5.000000e+00	0.000000e+00	0.000000e+00	
1443	1.400003e-02	5.000000e+00	0.000000e+00	0.000000e+00	
1444	1.400003e-02	5.000000e+00	0.000000e+00	0.000000e+00	
1445	1.400003e-02	5.000000e+00	0.000000e+00	0.000000e+00	
1446	1.400003e-02	5.000000e+00	0.000000e+00	0.000000e+00	

Index   time            V(7/cin)        V(9/cout)       V(10/s4)        
--------------------------------------------------------------------------------
1447	1.400003e-02	5.000000e+00	0.000000e+00	0.000000e+00	
1448	1.400003e-02	5.000000e+00	0.000000e+00	0.000000e+00	
1449	1.400003e-02	5.000000e+00	0.000000e+00	0.000000e+00	
1450	1.400003e-02	5.000000e+00	0.000000e+00	0.000000e+00	
1451	1.400003e-02	5.000000e+00	0.000000e+00	0.000000e+00	
1452	1.400003e-02	5.000000e+00	0.000000e+00	0.000000e+00	
1453	1.400003e-02	5.000000e+00	0.000000e+00	0.000000e+00	
1454	1.400003e-02	5.000000e+00	0.000000e+00	0.000000e+00	
1455	1.400003e-02	5.000000e+00	0.000000e+00	0.000000e+00	
1456	1.400003e-02	5.000000e+00	0.000000e+00	0.000000e+00	
1457	1.400003e-02	5.000000e+00	0.000000e+00	0.000000e+00	
1458	1.400004e-02	5.000000e+00	0.000000e+00	0.000000e+00	
1459	1.400004e-02	5.000000e+00	0.000000e+00	0.000000e+00	
1460	1.400006e-02	5.000000e+00	0.000000e+00	0.000000e+00	
1461	1.400009e-02	5.000000e+00	0.000000e+00	0.000000e+00	
1462	1.400016e-02	5.000000e+00	0.000000e+00	0.000000e+00	
1463	1.400029e-02	5.000000e+00	0.000000e+00	0.000000e+00	
1464	1.400055e-02	5.000000e+00	0.000000e+00	0.000000e+00	
1465	1.400108e-02	5.000000e+00	0.000000e+00	0.000000e+00	
1466	1.400212e-02	5.000000e+00	0.000000e+00	0.000000e+00	
1467	1.400422e-02	5.000000e+00	0.000000e+00	0.000000e+00	
1468	1.400842e-02	5.000000e+00	0.000000e+00	0.000000e+00	
1469	1.401681e-02	5.000000e+00	0.000000e+00	0.000000e+00	
1470	1.403358e-02	5.000000e+00	0.000000e+00	0.000000e+00	
1471	1.406714e-02	5.000000e+00	0.000000e+00	0.000000e+00	
1472	1.413425e-02	5.000000e+00	0.000000e+00	0.000000e+00	
1473	1.423425e-02	5.000000e+00	0.000000e+00	0.000000e+00	
1474	1.433425e-02	5.000000e+00	0.000000e+00	0.000000e+00	
1475	1.443425e-02	5.000000e+00	0.000000e+00	0.000000e+00	
1476	1.453425e-02	5.000000e+00	0.000000e+00	0.000000e+00	
1477	1.463425e-02	5.000000e+00	0.000000e+00	0.000000e+00	
1478	1.473425e-02	5.000000e+00	0.000000e+00	0.000000e+00	
1479	1.483425e-02	5.000000e+00	0.000000e+00	0.000000e+00	
1480	1.493425e-02	5.000000e+00	0.000000e+00	0.000000e+00	
1481	1.500001e-02	5.000000e+00	0.000000e+00	0.000000e+00	
1482	1.500001e-02	4.500000e+00	0.000000e+00	0.000000e+00	
1483	1.500001e-02	3.500000e+00	0.000000e+00	0.000000e+00	
1484	1.500002e-02	1.500000e+00	0.000000e+00	0.000000e+00	
1485	1.500002e-02	0.000000e+00	0.000000e+00	0.000000e+00	
1486	1.500002e-02	0.000000e+00	0.000000e+00	0.000000e+00	
1487	1.500002e-02	0.000000e+00	0.000000e+00	0.000000e+00	
1488	1.500002e-02	0.000000e+00	0.000000e+00	0.000000e+00	
1489	1.500002e-02	0.000000e+00	0.000000e+00	0.000000e+00	
1490	1.500002e-02	0.000000e+00	0.000000e+00	0.000000e+00	
1491	1.500002e-02	0.000000e+00	0.000000e+00	0.000000e+00	
1492	1.500002e-02	0.000000e+00	0.000000e+00	0.000000e+00	
1493	1.500002e-02	0.000000e+00	0.000000e+00	0.000000e+00	
1494	1.500002e-02	0.000000e+00	0.000000e+00	0.000000e+00	
1495	1.500002e-02	0.000000e+00	0.000000e+00	0.000000e+00	
1496	1.500002e-02	0.000000e+00	0.000000e+00	0.000000e+00	
1497	1.500002e-02	0.000000e+00	0.000000e+00	0.000000e+00	
1498	1.500002e-02	0.000000e+00	0.000000e+00	0.000000e+00	
1499	1.500002e-02	0.000000e+00	0.000000e+00	0.000000e+00	
1500	1.500002e-02	0.000000e+00	0.000000e+00	0.000000e+00	
1501	1.500002e-02	0.000000e+00	0.000000e+00	0.000000e+00	
1502	1.500002e-02	0.000000e+00	0.000000e+00	0.000000e+00	
1503	1.500002e-02	0.000000e+00	0.000000e+00	0.000000e+00	
1504	1.500002e-02	0.000000e+00	0.000000e+00	0.000000e+00	

Index   time            V(7/cin)        V(9/cout)       V(10/s4)        
--------------------------------------------------------------------------------
1505	1.500002e-02	0.000000e+00	0.000000e+00	0.000000e+00	
1506	1.500003e-02	0.000000e+00	0.000000e+00	0.000000e+00	
1507	1.500003e-02	0.000000e+00	0.000000e+00	0.000000e+00	
1508	1.500003e-02	0.000000e+00	0.000000e+00	0.000000e+00	
1509	1.500003e-02	0.000000e+00	0.000000e+00	0.000000e+00	
1510	1.500003e-02	0.000000e+00	0.000000e+00	0.000000e+00	
1511	1.500003e-02	0.000000e+00	0.000000e+00	0.000000e+00	
1512	1.500003e-02	0.000000e+00	0.000000e+00	0.000000e+00	
1513	1.500003e-02	0.000000e+00	0.000000e+00	0.000000e+00	
1514	1.500003e-02	0.000000e+00	0.000000e+00	0.000000e+00	
1515	1.500003e-02	0.000000e+00	0.000000e+00	0.000000e+00	
1516	1.500003e-02	0.000000e+00	0.000000e+00	0.000000e+00	
1517	1.500003e-02	0.000000e+00	0.000000e+00	0.000000e+00	
1518	1.500003e-02	0.000000e+00	0.000000e+00	0.000000e+00	
1519	1.500003e-02	0.000000e+00	0.000000e+00	0.000000e+00	
1520	1.500003e-02	0.000000e+00	0.000000e+00	0.000000e+00	
1521	1.500003e-02	0.000000e+00	0.000000e+00	0.000000e+00	
1522	1.500003e-02	0.000000e+00	0.000000e+00	0.000000e+00	
1523	1.500003e-02	0.000000e+00	0.000000e+00	0.000000e+00	
1524	1.500003e-02	0.000000e+00	0.000000e+00	0.000000e+00	
1525	1.500003e-02	0.000000e+00	0.000000e+00	0.000000e+00	
1526	1.500003e-02	0.000000e+00	0.000000e+00	0.000000e+00	
1527	1.500003e-02	0.000000e+00	0.000000e+00	0.000000e+00	
1528	1.500003e-02	0.000000e+00	0.000000e+00	0.000000e+00	
1529	1.500003e-02	0.000000e+00	0.000000e+00	0.000000e+00	
1530	1.500003e-02	0.000000e+00	0.000000e+00	0.000000e+00	
1531	1.500003e-02	0.000000e+00	0.000000e+00	0.000000e+00	
1532	1.500004e-02	0.000000e+00	0.000000e+00	0.000000e+00	
1533	1.500006e-02	0.000000e+00	0.000000e+00	0.000000e+00	
1534	1.500009e-02	0.000000e+00	0.000000e+00	0.000000e+00	
1535	1.500016e-02	0.000000e+00	0.000000e+00	0.000000e+00	
1536	1.500029e-02	0.000000e+00	0.000000e+00	0.000000e+00	
1537	1.500055e-02	0.000000e+00	0.000000e+00	0.000000e+00	
1538	1.500107e-02	0.000000e+00	0.000000e+00	0.000000e+00	
1539	1.500212e-02	0.000000e+00	0.000000e+00	0.000000e+00	
1540	1.500422e-02	0.000000e+00	0.000000e+00	0.000000e+00	
1541	1.500841e-02	0.000000e+00	0.000000e+00	0.000000e+00	
1542	1.501680e-02	0.000000e+00	0.000000e+00	0.000000e+00	
1543	1.503358e-02	0.000000e+00	0.000000e+00	0.000000e+00	
1544	1.506713e-02	0.000000e+00	0.000000e+00	0.000000e+00	
1545	1.513424e-02	0.000000e+00	0.000000e+00	0.000000e+00	
1546	1.523424e-02	0.000000e+00	0.000000e+00	0.000000e+00	
1547	1.533424e-02	0.000000e+00	0.000000e+00	0.000000e+00	
1548	1.543424e-02	0.000000e+00	0.000000e+00	0.000000e+00	
1549	1.553424e-02	0.000000e+00	0.000000e+00	0.000000e+00	
1550	1.563424e-02	0.000000e+00	0.000000e+00	0.000000e+00	
1551	1.573424e-02	0.000000e+00	0.000000e+00	0.000000e+00	
1552	1.583424e-02	0.000000e+00	0.000000e+00	0.000000e+00	
1553	1.593424e-02	0.000000e+00	0.000000e+00	0.000000e+00	
1554	1.600000e-02	0.000000e+00	0.000000e+00	0.000000e+00	

                                kicad schematic
                                Transient Analysis  Mon Nov 03 10:54:37  2025
--------------------------------------------------------------------------------
Index   time            V(11/b4)        V(12/a4)        V(13/s3)        
--------------------------------------------------------------------------------
0	0.000000e+00	0.000000e+00	0.000000e+00	0.000000e+00	
1	1.000000e-10	5.000000e-02	5.000000e-02	0.000000e+00	
2	2.000000e-10	1.000000e-01	1.000000e-01	0.000000e+00	
3	4.000000e-10	2.000000e-01	2.000000e-01	0.000000e+00	
4	8.000000e-10	4.000000e-01	4.000000e-01	0.000000e+00	
5	1.600000e-09	8.000000e-01	8.000000e-01	0.000000e+00	
6	3.200000e-09	1.600000e+00	1.600000e+00	0.000000e+00	
7	6.400000e-09	3.200000e+00	3.200000e+00	0.000000e+00	
8	7.200000e-09	3.600000e+00	3.600000e+00	0.000000e+00	
9	7.210000e-09	3.605000e+00	3.605000e+00	0.000000e+00	
10	7.230000e-09	3.615000e+00	3.615000e+00	0.000000e+00	
11	7.270000e-09	3.635000e+00	3.635000e+00	0.000000e+00	
12	7.300000e-09	3.650000e+00	3.650000e+00	0.000000e+00	
13	7.308000e-09	3.654000e+00	3.654000e+00	0.000000e+00	
14	7.324000e-09	3.662000e+00	3.662000e+00	0.000000e+00	
15	7.356000e-09	3.678000e+00	3.678000e+00	0.000000e+00	
16	7.420000e-09	3.710000e+00	3.710000e+00	0.000000e+00	
17	7.548000e-09	3.774000e+00	3.774000e+00	0.000000e+00	
18	7.804000e-09	3.902000e+00	3.902000e+00	0.000000e+00	
19	8.200000e-09	4.100000e+00	4.100000e+00	0.000000e+00	
20	8.210000e-09	4.105000e+00	4.105000e+00	5.000000e-02	
21	8.230000e-09	4.115000e+00	4.115000e+00	1.500000e-01	
22	8.270000e-09	4.135000e+00	4.135000e+00	3.500000e-01	
23	8.300000e-09	4.150000e+00	4.150000e+00	5.000000e-01	
24	8.308000e-09	4.154000e+00	4.154000e+00	5.000000e-01	
25	8.324000e-09	4.162000e+00	4.162000e+00	5.000000e-01	
26	8.356000e-09	4.178000e+00	4.178000e+00	5.000000e-01	
27	8.420000e-09	4.210000e+00	4.210000e+00	5.000000e-01	
28	8.548000e-09	4.274000e+00	4.274000e+00	5.000000e-01	
29	8.804000e-09	4.402000e+00	4.402000e+00	5.000000e-01	
30	9.200000e-09	4.600000e+00	4.600000e+00	5.000000e-01	
31	9.210000e-09	4.605000e+00	4.605000e+00	5.000000e-01	
32	9.230000e-09	4.615000e+00	4.615000e+00	5.000000e-01	
33	9.270000e-09	4.635000e+00	4.635000e+00	5.000000e-01	
34	9.300000e-09	4.650000e+00	4.650000e+00	5.000000e-01	
35	9.308000e-09	4.654000e+00	4.654000e+00	5.000000e-01	
36	9.324000e-09	4.662000e+00	4.662000e+00	5.000000e-01	
37	9.356000e-09	4.678000e+00	4.678000e+00	5.000000e-01	
38	9.420000e-09	4.710000e+00	4.710000e+00	5.000000e-01	
39	9.548000e-09	4.774000e+00	4.774000e+00	5.000000e-01	
40	9.804000e-09	4.902000e+00	4.902000e+00	5.000000e-01	
41	1.000000e-08	5.000000e+00	5.000000e+00	5.000000e-01	
42	1.005120e-08	5.000000e+00	5.000000e+00	5.000000e-01	
43	1.015360e-08	5.000000e+00	5.000000e+00	5.000000e-01	
44	1.035840e-08	5.000000e+00	5.000000e+00	5.000000e-01	
45	1.076800e-08	5.000000e+00	5.000000e+00	5.000000e-01	
46	1.140000e-08	5.000000e+00	5.000000e+00	5.000000e-01	
47	1.148192e-08	5.000000e+00	5.000000e+00	5.000000e-01	
48	1.164576e-08	5.000000e+00	5.000000e+00	5.000000e-01	
49	1.197344e-08	5.000000e+00	5.000000e+00	5.000000e-01	
50	1.230000e-08	5.000000e+00	5.000000e+00	5.000000e-01	
51	1.236554e-08	5.000000e+00	5.000000e+00	5.000000e-01	
52	1.240000e-08	5.000000e+00	5.000000e+00	5.000000e-01	
53	1.241311e-08	5.000000e+00	5.000000e+00	5.000000e-01	
54	1.243932e-08	5.000000e+00	5.000000e+00	5.000000e-01	

Index   time            V(11/b4)        V(12/a4)        V(13/s3)        
--------------------------------------------------------------------------------
55	1.249175e-08	5.000000e+00	5.000000e+00	5.000000e-01	
56	1.259661e-08	5.000000e+00	5.000000e+00	5.000000e-01	
57	1.280632e-08	5.000000e+00	5.000000e+00	5.000000e-01	
58	1.322575e-08	5.000000e+00	5.000000e+00	5.000000e-01	
59	1.330000e-08	5.000000e+00	5.000000e+00	5.000000e-01	
60	1.338389e-08	5.000000e+00	5.000000e+00	5.000000e-01	
61	1.340000e-08	5.000000e+00	5.000000e+00	5.000000e-01	
62	1.341678e-08	5.000000e+00	5.000000e+00	5.838861e-01	
63	1.345033e-08	5.000000e+00	5.000000e+00	7.516582e-01	
64	1.351744e-08	5.000000e+00	5.000000e+00	1.087203e+00	
65	1.365166e-08	5.000000e+00	5.000000e+00	1.758291e+00	
66	1.392009e-08	5.000000e+00	5.000000e+00	3.100468e+00	
67	1.430000e-08	5.000000e+00	5.000000e+00	5.000000e+00	
68	1.435369e-08	5.000000e+00	5.000000e+00	5.000000e+00	
69	1.440000e-08	5.000000e+00	5.000000e+00	5.000000e+00	
70	1.441074e-08	5.000000e+00	5.000000e+00	5.000000e+00	
71	1.443221e-08	5.000000e+00	5.000000e+00	5.000000e+00	
72	1.447516e-08	5.000000e+00	5.000000e+00	5.000000e+00	
73	1.456106e-08	5.000000e+00	5.000000e+00	5.000000e+00	
74	1.473286e-08	5.000000e+00	5.000000e+00	5.000000e+00	
75	1.507646e-08	5.000000e+00	5.000000e+00	5.000000e+00	
76	1.530000e-08	5.000000e+00	5.000000e+00	5.000000e+00	
77	1.536872e-08	5.000000e+00	5.000000e+00	5.000000e+00	
78	1.550616e-08	5.000000e+00	5.000000e+00	5.000000e+00	
79	1.578104e-08	5.000000e+00	5.000000e+00	5.000000e+00	
80	1.633079e-08	5.000000e+00	5.000000e+00	5.000000e+00	
81	1.743030e-08	5.000000e+00	5.000000e+00	5.000000e+00	
82	1.962933e-08	5.000000e+00	5.000000e+00	5.000000e+00	
83	2.402737e-08	5.000000e+00	5.000000e+00	5.000000e+00	
84	3.282347e-08	5.000000e+00	5.000000e+00	5.000000e+00	
85	5.041565e-08	5.000000e+00	5.000000e+00	5.000000e+00	
86	8.560002e-08	5.000000e+00	5.000000e+00	5.000000e+00	
87	1.559688e-07	5.000000e+00	5.000000e+00	5.000000e+00	
88	2.967063e-07	5.000000e+00	5.000000e+00	5.000000e+00	
89	5.781812e-07	5.000000e+00	5.000000e+00	5.000000e+00	
90	1.141131e-06	5.000000e+00	5.000000e+00	5.000000e+00	
91	2.267031e-06	5.000000e+00	5.000000e+00	5.000000e+00	
92	4.518831e-06	5.000000e+00	5.000000e+00	5.000000e+00	
93	9.022431e-06	5.000000e+00	5.000000e+00	5.000000e+00	
94	1.802963e-05	5.000000e+00	5.000000e+00	5.000000e+00	
95	3.604403e-05	5.000000e+00	5.000000e+00	5.000000e+00	
96	7.207283e-05	5.000000e+00	5.000000e+00	5.000000e+00	
97	1.441304e-04	5.000000e+00	5.000000e+00	5.000000e+00	
98	2.441304e-04	5.000000e+00	5.000000e+00	5.000000e+00	
99	3.441304e-04	5.000000e+00	5.000000e+00	5.000000e+00	
100	4.441304e-04	5.000000e+00	5.000000e+00	5.000000e+00	
101	5.441304e-04	5.000000e+00	5.000000e+00	5.000000e+00	
102	6.441304e-04	5.000000e+00	5.000000e+00	5.000000e+00	
103	7.441304e-04	5.000000e+00	5.000000e+00	5.000000e+00	
104	8.441304e-04	5.000000e+00	5.000000e+00	5.000000e+00	
105	9.441304e-04	5.000000e+00	5.000000e+00	5.000000e+00	
106	1.000010e-03	5.000000e+00	5.000000e+00	5.000000e+00	
107	1.000011e-03	5.000000e+00	5.000000e+00	5.000000e+00	
108	1.000013e-03	5.000000e+00	5.000000e+00	5.000000e+00	
109	1.000017e-03	5.000000e+00	5.000000e+00	5.000000e+00	
110	1.000020e-03	5.000000e+00	5.000000e+00	5.000000e+00	
111	1.000021e-03	5.000000e+00	5.000000e+00	5.000000e+00	
112	1.000021e-03	5.000000e+00	5.000000e+00	5.000000e+00	

Index   time            V(11/b4)        V(12/a4)        V(13/s3)        
--------------------------------------------------------------------------------
113	1.000021e-03	5.000000e+00	5.000000e+00	5.000000e+00	
114	1.000021e-03	5.000000e+00	5.000000e+00	5.000000e+00	
115	1.000022e-03	5.000000e+00	5.000000e+00	5.000000e+00	
116	1.000022e-03	5.000000e+00	5.000000e+00	5.000000e+00	
117	1.000022e-03	5.000000e+00	5.000000e+00	5.000000e+00	
118	1.000022e-03	5.000000e+00	5.000000e+00	5.000000e+00	
119	1.000022e-03	5.000000e+00	5.000000e+00	5.000000e+00	
120	1.000023e-03	5.000000e+00	5.000000e+00	5.000000e+00	
121	1.000023e-03	5.000000e+00	5.000000e+00	5.000000e+00	
122	1.000023e-03	5.000000e+00	5.000000e+00	5.000000e+00	
123	1.000023e-03	5.000000e+00	5.000000e+00	5.000000e+00	
124	1.000023e-03	5.000000e+00	5.000000e+00	5.000000e+00	
125	1.000024e-03	5.000000e+00	5.000000e+00	5.000000e+00	
126	1.000024e-03	5.000000e+00	5.000000e+00	5.000000e+00	
127	1.000024e-03	5.000000e+00	5.000000e+00	5.000000e+00	
128	1.000024e-03	5.000000e+00	5.000000e+00	5.000000e+00	
129	1.000024e-03	5.000000e+00	5.000000e+00	5.000000e+00	
130	1.000025e-03	5.000000e+00	5.000000e+00	5.000000e+00	
131	1.000025e-03	5.000000e+00	5.000000e+00	5.000000e+00	
132	1.000025e-03	5.000000e+00	5.000000e+00	5.000000e+00	
133	1.000025e-03	5.000000e+00	5.000000e+00	5.000000e+00	
134	1.000025e-03	5.000000e+00	5.000000e+00	5.000000e+00	
135	1.000025e-03	5.000000e+00	5.000000e+00	5.000000e+00	
136	1.000025e-03	5.000000e+00	5.000000e+00	5.000000e+00	
137	1.000025e-03	5.000000e+00	5.000000e+00	5.000000e+00	
138	1.000025e-03	5.000000e+00	5.000000e+00	5.000000e+00	
139	1.000025e-03	5.000000e+00	5.000000e+00	5.000000e+00	
140	1.000025e-03	5.000000e+00	5.000000e+00	5.000000e+00	
141	1.000026e-03	5.000000e+00	5.000000e+00	5.000000e+00	
142	1.000026e-03	5.000000e+00	5.000000e+00	5.000000e+00	
143	1.000026e-03	5.000000e+00	5.000000e+00	5.000000e+00	
144	1.000026e-03	5.000000e+00	5.000000e+00	5.000000e+00	
145	1.000026e-03	5.000000e+00	5.000000e+00	5.000000e+00	
146	1.000026e-03	5.000000e+00	5.000000e+00	5.000000e+00	
147	1.000026e-03	5.000000e+00	5.000000e+00	5.000000e+00	
148	1.000026e-03	5.000000e+00	5.000000e+00	5.000000e+00	
149	1.000026e-03	5.000000e+00	5.000000e+00	5.000000e+00	
150	1.000026e-03	5.000000e+00	5.000000e+00	5.000000e+00	
151	1.000026e-03	5.000000e+00	5.000000e+00	5.000000e+00	
152	1.000027e-03	5.000000e+00	5.000000e+00	5.000000e+00	
153	1.000027e-03	5.000000e+00	5.000000e+00	5.000000e+00	
154	1.000028e-03	5.000000e+00	5.000000e+00	5.000000e+00	
155	1.000030e-03	5.000000e+00	5.000000e+00	5.000000e+00	
156	1.000034e-03	5.000000e+00	5.000000e+00	5.000000e+00	
157	1.000042e-03	5.000000e+00	5.000000e+00	5.000000e+00	
158	1.000059e-03	5.000000e+00	5.000000e+00	5.000000e+00	
159	1.000092e-03	5.000000e+00	5.000000e+00	5.000000e+00	
160	1.000157e-03	5.000000e+00	5.000000e+00	5.000000e+00	
161	1.000288e-03	5.000000e+00	5.000000e+00	5.000000e+00	
162	1.000550e-03	5.000000e+00	5.000000e+00	5.000000e+00	
163	1.001075e-03	5.000000e+00	5.000000e+00	5.000000e+00	
164	1.002123e-03	5.000000e+00	5.000000e+00	5.000000e+00	
165	1.004220e-03	5.000000e+00	5.000000e+00	5.000000e+00	
166	1.008415e-03	5.000000e+00	5.000000e+00	5.000000e+00	
167	1.016803e-03	5.000000e+00	5.000000e+00	5.000000e+00	
168	1.033581e-03	5.000000e+00	5.000000e+00	5.000000e+00	
169	1.067135e-03	5.000000e+00	5.000000e+00	5.000000e+00	
170	1.134244e-03	5.000000e+00	5.000000e+00	5.000000e+00	

Index   time            V(11/b4)        V(12/a4)        V(13/s3)        
--------------------------------------------------------------------------------
171	1.234244e-03	5.000000e+00	5.000000e+00	5.000000e+00	
172	1.334244e-03	5.000000e+00	5.000000e+00	5.000000e+00	
173	1.434244e-03	5.000000e+00	5.000000e+00	5.000000e+00	
174	1.534244e-03	5.000000e+00	5.000000e+00	5.000000e+00	
175	1.634244e-03	5.000000e+00	5.000000e+00	5.000000e+00	
176	1.734244e-03	5.000000e+00	5.000000e+00	5.000000e+00	
177	1.834244e-03	5.000000e+00	5.000000e+00	5.000000e+00	
178	1.934244e-03	5.000000e+00	5.000000e+00	5.000000e+00	
179	2.000000e-03	5.000000e+00	5.000000e+00	5.000000e+00	
180	2.000001e-03	5.000000e+00	5.000000e+00	5.000000e+00	
181	2.000003e-03	5.000000e+00	5.000000e+00	5.000000e+00	
182	2.000007e-03	5.000000e+00	5.000000e+00	5.000000e+00	
183	2.000007e-03	5.000000e+00	5.000000e+00	5.000000e+00	
184	2.000007e-03	5.000000e+00	5.000000e+00	5.000000e+00	
185	2.000007e-03	5.000000e+00	5.000000e+00	5.000000e+00	
186	2.000007e-03	5.000000e+00	5.000000e+00	5.000000e+00	
187	2.000007e-03	5.000000e+00	5.000000e+00	5.000000e+00	
188	2.000007e-03	5.000000e+00	5.000000e+00	5.000000e+00	
189	2.000007e-03	5.000000e+00	5.000000e+00	5.000000e+00	
190	2.000007e-03	5.000000e+00	5.000000e+00	5.000000e+00	
191	2.000007e-03	5.000000e+00	5.000000e+00	5.000000e+00	
192	2.000008e-03	5.000000e+00	5.000000e+00	5.000000e+00	
193	2.000008e-03	5.000000e+00	5.000000e+00	5.000000e+00	
194	2.000009e-03	5.000000e+00	5.000000e+00	5.000000e+00	
195	2.000009e-03	5.000000e+00	5.000000e+00	5.000000e+00	
196	2.000009e-03	5.000000e+00	5.000000e+00	5.000000e+00	
197	2.000009e-03	5.000000e+00	5.000000e+00	5.000000e+00	
198	2.000009e-03	5.000000e+00	5.000000e+00	5.000000e+00	
199	2.000009e-03	5.000000e+00	5.000000e+00	5.000000e+00	
200	2.000009e-03	5.000000e+00	5.000000e+00	5.000000e+00	
201	2.000009e-03	5.000000e+00	5.000000e+00	5.000000e+00	
202	2.000009e-03	5.000000e+00	5.000000e+00	5.000000e+00	
203	2.000009e-03	5.000000e+00	5.000000e+00	5.000000e+00	
204	2.000010e-03	5.000000e+00	5.000000e+00	5.000000e+00	
205	2.000010e-03	5.000000e+00	5.000000e+00	5.000000e+00	
206	2.000010e-03	5.000000e+00	5.000000e+00	5.000000e+00	
207	2.000010e-03	5.000000e+00	5.000000e+00	5.000000e+00	
208	2.000010e-03	5.000000e+00	5.000000e+00	5.000000e+00	
209	2.000011e-03	5.000000e+00	5.000000e+00	5.000000e+00	
210	2.000012e-03	5.000000e+00	5.000000e+00	5.000000e+00	
211	2.000012e-03	5.000000e+00	5.000000e+00	5.000000e+00	
212	2.000012e-03	5.000000e+00	5.000000e+00	5.000000e+00	
213	2.000012e-03	5.000000e+00	5.000000e+00	5.000000e+00	
214	2.000013e-03	5.000000e+00	5.000000e+00	5.000000e+00	
215	2.000013e-03	5.000000e+00	5.000000e+00	5.000000e+00	
216	2.000013e-03	5.000000e+00	5.000000e+00	5.000000e+00	
217	2.000013e-03	5.000000e+00	5.000000e+00	5.000000e+00	
218	2.000013e-03	5.000000e+00	5.000000e+00	5.000000e+00	
219	2.000013e-03	5.000000e+00	5.000000e+00	5.000000e+00	
220	2.000013e-03	5.000000e+00	5.000000e+00	5.000000e+00	
221	2.000013e-03	5.000000e+00	5.000000e+00	5.000000e+00	
222	2.000013e-03	5.000000e+00	5.000000e+00	5.000000e+00	
223	2.000014e-03	5.000000e+00	5.000000e+00	5.000000e+00	
224	2.000014e-03	5.000000e+00	5.000000e+00	5.000000e+00	
225	2.000014e-03	5.000000e+00	5.000000e+00	5.000000e+00	
226	2.000014e-03	5.000000e+00	5.000000e+00	5.000000e+00	
227	2.000015e-03	5.000000e+00	5.000000e+00	5.000000e+00	
228	2.000015e-03	5.000000e+00	5.000000e+00	5.000000e+00	

Index   time            V(11/b4)        V(12/a4)        V(13/s3)        
--------------------------------------------------------------------------------
229	2.000017e-03	5.000000e+00	5.000000e+00	5.000000e+00	
230	2.000020e-03	5.000000e+00	5.000000e+00	5.000000e+00	
231	2.000020e-03	5.000000e+00	5.000000e+00	5.000000e+00	
232	2.000020e-03	5.000000e+00	5.000000e+00	5.000000e+00	
233	2.000021e-03	5.000000e+00	5.000000e+00	5.000000e+00	
234	2.000022e-03	5.000000e+00	5.000000e+00	5.000000e+00	
235	2.000022e-03	5.000000e+00	5.000000e+00	5.000000e+00	
236	2.000022e-03	5.000000e+00	5.000000e+00	5.000000e+00	
237	2.000022e-03	5.000000e+00	5.000000e+00	5.000000e+00	
238	2.000023e-03	5.000000e+00	5.000000e+00	5.000000e+00	
239	2.000023e-03	5.000000e+00	5.000000e+00	5.000000e+00	
240	2.000023e-03	5.000000e+00	5.000000e+00	5.000000e+00	
241	2.000023e-03	5.000000e+00	5.000000e+00	5.000000e+00	
242	2.000024e-03	5.000000e+00	5.000000e+00	5.000000e+00	
243	2.000024e-03	5.000000e+00	5.000000e+00	5.000000e+00	
244	2.000024e-03	5.000000e+00	5.000000e+00	4.800000e+00	
245	2.000024e-03	5.000000e+00	5.000000e+00	4.400000e+00	
246	2.000024e-03	5.000000e+00	5.000000e+00	3.600000e+00	
247	2.000024e-03	5.000000e+00	5.000000e+00	2.000000e+00	
248	2.000025e-03	5.000000e+00	5.000000e+00	5.000000e-01	
249	2.000025e-03	5.000000e+00	5.000000e+00	5.000000e-01	
250	2.000025e-03	5.000000e+00	5.000000e+00	5.000000e-01	
251	2.000025e-03	5.000000e+00	5.000000e+00	5.000000e-01	
252	2.000025e-03	5.000000e+00	5.000000e+00	5.000000e-01	
253	2.000025e-03	5.000000e+00	5.000000e+00	5.000000e-01	
254	2.000025e-03	5.000000e+00	5.000000e+00	5.000000e-01	
255	2.000025e-03	5.000000e+00	5.000000e+00	5.000000e-01	
256	2.000026e-03	5.000000e+00	5.000000e+00	5.000000e-01	
257	2.000026e-03	5.000000e+00	5.000000e+00	5.000000e-01	
258	2.000026e-03	5.000000e+00	5.000000e+00	5.000000e-01	
259	2.000026e-03	5.000000e+00	5.000000e+00	5.000000e-01	
260	2.000026e-03	5.000000e+00	5.000000e+00	5.000000e-01	
261	2.000027e-03	5.000000e+00	5.000000e+00	5.000000e-01	
262	2.000028e-03	5.000000e+00	5.000000e+00	5.000000e-01	
263	2.000028e-03	5.000000e+00	5.000000e+00	4.500000e-01	
264	2.000028e-03	5.000000e+00	5.000000e+00	3.500000e-01	
265	2.000028e-03	5.000000e+00	5.000000e+00	1.500000e-01	
266	2.000028e-03	5.000000e+00	5.000000e+00	0.000000e+00	
267	2.000028e-03	5.000000e+00	5.000000e+00	0.000000e+00	
268	2.000028e-03	5.000000e+00	5.000000e+00	0.000000e+00	
269	2.000028e-03	5.000000e+00	5.000000e+00	0.000000e+00	
270	2.000028e-03	5.000000e+00	5.000000e+00	0.000000e+00	
271	2.000028e-03	5.000000e+00	5.000000e+00	0.000000e+00	
272	2.000028e-03	5.000000e+00	5.000000e+00	0.000000e+00	
273	2.000029e-03	5.000000e+00	5.000000e+00	0.000000e+00	
274	2.000030e-03	5.000000e+00	5.000000e+00	0.000000e+00	
275	2.000032e-03	5.000000e+00	5.000000e+00	0.000000e+00	
276	2.000036e-03	5.000000e+00	5.000000e+00	0.000000e+00	
277	2.000044e-03	5.000000e+00	5.000000e+00	0.000000e+00	
278	2.000061e-03	5.000000e+00	5.000000e+00	0.000000e+00	
279	2.000093e-03	5.000000e+00	5.000000e+00	0.000000e+00	
280	2.000159e-03	5.000000e+00	5.000000e+00	0.000000e+00	
281	2.000290e-03	5.000000e+00	5.000000e+00	0.000000e+00	
282	2.000552e-03	5.000000e+00	5.000000e+00	0.000000e+00	
283	2.001076e-03	5.000000e+00	5.000000e+00	0.000000e+00	
284	2.002125e-03	5.000000e+00	5.000000e+00	0.000000e+00	
285	2.004222e-03	5.000000e+00	5.000000e+00	0.000000e+00	
286	2.008416e-03	5.000000e+00	5.000000e+00	0.000000e+00	

Index   time            V(11/b4)        V(12/a4)        V(13/s3)        
--------------------------------------------------------------------------------
287	2.016805e-03	5.000000e+00	5.000000e+00	0.000000e+00	
288	2.033582e-03	5.000000e+00	5.000000e+00	0.000000e+00	
289	2.067137e-03	5.000000e+00	5.000000e+00	0.000000e+00	
290	2.134246e-03	5.000000e+00	5.000000e+00	0.000000e+00	
291	2.234246e-03	5.000000e+00	5.000000e+00	0.000000e+00	
292	2.334246e-03	5.000000e+00	5.000000e+00	0.000000e+00	
293	2.434246e-03	5.000000e+00	5.000000e+00	0.000000e+00	
294	2.534246e-03	5.000000e+00	5.000000e+00	0.000000e+00	
295	2.634246e-03	5.000000e+00	5.000000e+00	0.000000e+00	
296	2.734246e-03	5.000000e+00	5.000000e+00	0.000000e+00	
297	2.834246e-03	5.000000e+00	5.000000e+00	0.000000e+00	
298	2.934246e-03	5.000000e+00	5.000000e+00	0.000000e+00	
299	3.000010e-03	5.000000e+00	5.000000e+00	0.000000e+00	
300	3.000011e-03	5.000000e+00	5.000000e+00	0.000000e+00	
301	3.000013e-03	5.000000e+00	5.000000e+00	0.000000e+00	
302	3.000017e-03	5.000000e+00	5.000000e+00	0.000000e+00	
303	3.000020e-03	5.000000e+00	5.000000e+00	0.000000e+00	
304	3.000021e-03	5.000000e+00	5.000000e+00	0.000000e+00	
305	3.000021e-03	5.000000e+00	5.000000e+00	0.000000e+00	
306	3.000021e-03	5.000000e+00	5.000000e+00	0.000000e+00	
307	3.000021e-03	5.000000e+00	5.000000e+00	0.000000e+00	
308	3.000022e-03	5.000000e+00	5.000000e+00	0.000000e+00	
309	3.000022e-03	5.000000e+00	5.000000e+00	0.000000e+00	
310	3.000022e-03	5.000000e+00	5.000000e+00	0.000000e+00	
311	3.000022e-03	5.000000e+00	5.000000e+00	0.000000e+00	
312	3.000022e-03	5.000000e+00	5.000000e+00	0.000000e+00	
313	3.000023e-03	5.000000e+00	5.000000e+00	0.000000e+00	
314	3.000023e-03	5.000000e+00	5.000000e+00	0.000000e+00	
315	3.000023e-03	5.000000e+00	5.000000e+00	0.000000e+00	
316	3.000023e-03	5.000000e+00	5.000000e+00	0.000000e+00	
317	3.000023e-03	5.000000e+00	5.000000e+00	0.000000e+00	
318	3.000024e-03	5.000000e+00	5.000000e+00	0.000000e+00	
319	3.000024e-03	5.000000e+00	5.000000e+00	0.000000e+00	
320	3.000024e-03	5.000000e+00	5.000000e+00	0.000000e+00	
321	3.000024e-03	5.000000e+00	5.000000e+00	0.000000e+00	
322	3.000024e-03	5.000000e+00	5.000000e+00	0.000000e+00	
323	3.000025e-03	5.000000e+00	5.000000e+00	0.000000e+00	
324	3.000025e-03	5.000000e+00	5.000000e+00	0.000000e+00	
325	3.000025e-03	5.000000e+00	5.000000e+00	0.000000e+00	
326	3.000025e-03	5.000000e+00	5.000000e+00	0.000000e+00	
327	3.000025e-03	5.000000e+00	5.000000e+00	0.000000e+00	
328	3.000025e-03	5.000000e+00	5.000000e+00	0.000000e+00	
329	3.000025e-03	5.000000e+00	5.000000e+00	0.000000e+00	
330	3.000025e-03	5.000000e+00	5.000000e+00	0.000000e+00	
331	3.000025e-03	5.000000e+00	5.000000e+00	0.000000e+00	
332	3.000025e-03	5.000000e+00	5.000000e+00	0.000000e+00	
333	3.000025e-03	5.000000e+00	5.000000e+00	0.000000e+00	
334	3.000026e-03	5.000000e+00	5.000000e+00	0.000000e+00	
335	3.000026e-03	5.000000e+00	5.000000e+00	0.000000e+00	
336	3.000026e-03	5.000000e+00	5.000000e+00	0.000000e+00	
337	3.000026e-03	5.000000e+00	5.000000e+00	0.000000e+00	
338	3.000026e-03	5.000000e+00	5.000000e+00	0.000000e+00	
339	3.000026e-03	5.000000e+00	5.000000e+00	0.000000e+00	
340	3.000026e-03	5.000000e+00	5.000000e+00	0.000000e+00	
341	3.000026e-03	5.000000e+00	5.000000e+00	0.000000e+00	
342	3.000026e-03	5.000000e+00	5.000000e+00	0.000000e+00	
343	3.000026e-03	5.000000e+00	5.000000e+00	0.000000e+00	
344	3.000026e-03	5.000000e+00	5.000000e+00	0.000000e+00	

Index   time            V(11/b4)        V(12/a4)        V(13/s3)        
--------------------------------------------------------------------------------
345	3.000027e-03	5.000000e+00	5.000000e+00	0.000000e+00	
346	3.000027e-03	5.000000e+00	5.000000e+00	0.000000e+00	
347	3.000028e-03	5.000000e+00	5.000000e+00	0.000000e+00	
348	3.000030e-03	5.000000e+00	5.000000e+00	0.000000e+00	
349	3.000034e-03	5.000000e+00	5.000000e+00	0.000000e+00	
350	3.000042e-03	5.000000e+00	5.000000e+00	0.000000e+00	
351	3.000059e-03	5.000000e+00	5.000000e+00	0.000000e+00	
352	3.000092e-03	5.000000e+00	5.000000e+00	0.000000e+00	
353	3.000157e-03	5.000000e+00	5.000000e+00	0.000000e+00	
354	3.000288e-03	5.000000e+00	5.000000e+00	0.000000e+00	
355	3.000550e-03	5.000000e+00	5.000000e+00	0.000000e+00	
356	3.001075e-03	5.000000e+00	5.000000e+00	0.000000e+00	
357	3.002123e-03	5.000000e+00	5.000000e+00	0.000000e+00	
358	3.004220e-03	5.000000e+00	5.000000e+00	0.000000e+00	
359	3.008415e-03	5.000000e+00	5.000000e+00	0.000000e+00	
360	3.016803e-03	5.000000e+00	5.000000e+00	0.000000e+00	
361	3.033581e-03	5.000000e+00	5.000000e+00	0.000000e+00	
362	3.067135e-03	5.000000e+00	5.000000e+00	0.000000e+00	
363	3.134244e-03	5.000000e+00	5.000000e+00	0.000000e+00	
364	3.234244e-03	5.000000e+00	5.000000e+00	0.000000e+00	
365	3.334244e-03	5.000000e+00	5.000000e+00	0.000000e+00	
366	3.434244e-03	5.000000e+00	5.000000e+00	0.000000e+00	
367	3.534244e-03	5.000000e+00	5.000000e+00	0.000000e+00	
368	3.634244e-03	5.000000e+00	5.000000e+00	0.000000e+00	
369	3.734244e-03	5.000000e+00	5.000000e+00	0.000000e+00	
370	3.834244e-03	5.000000e+00	5.000000e+00	0.000000e+00	
371	3.934244e-03	5.000000e+00	5.000000e+00	0.000000e+00	
372	4.000000e-03	5.000000e+00	5.000000e+00	0.000000e+00	
373	4.000001e-03	5.000000e+00	5.000000e+00	0.000000e+00	
374	4.000003e-03	5.000000e+00	5.000000e+00	0.000000e+00	
375	4.000007e-03	5.000000e+00	5.000000e+00	0.000000e+00	
376	4.000008e-03	5.000000e+00	5.000000e+00	0.000000e+00	
377	4.000008e-03	5.000000e+00	5.000000e+00	0.000000e+00	
378	4.000008e-03	5.000000e+00	5.000000e+00	0.000000e+00	
379	4.000008e-03	5.000000e+00	5.000000e+00	0.000000e+00	
380	4.000008e-03	5.000000e+00	5.000000e+00	0.000000e+00	
381	4.000008e-03	5.000000e+00	5.000000e+00	0.000000e+00	
382	4.000008e-03	5.000000e+00	5.000000e+00	0.000000e+00	
383	4.000008e-03	5.000000e+00	5.000000e+00	0.000000e+00	
384	4.000008e-03	5.000000e+00	5.000000e+00	0.000000e+00	
385	4.000008e-03	5.000000e+00	5.000000e+00	0.000000e+00	
386	4.000009e-03	5.000000e+00	5.000000e+00	0.000000e+00	
387	4.000009e-03	5.000000e+00	5.000000e+00	0.000000e+00	
388	4.000010e-03	5.000000e+00	5.000000e+00	0.000000e+00	
389	4.000010e-03	5.000000e+00	5.000000e+00	0.000000e+00	
390	4.000010e-03	5.000000e+00	5.000000e+00	5.000000e-01	
391	4.000010e-03	5.000000e+00	5.000000e+00	5.000000e-01	
392	4.000010e-03	5.000000e+00	5.000000e+00	5.000000e-01	
393	4.000010e-03	5.000000e+00	5.000000e+00	5.000000e-01	
394	4.000011e-03	5.000000e+00	5.000000e+00	5.000000e-01	
395	4.000011e-03	5.000000e+00	5.000000e+00	5.000000e-01	
396	4.000011e-03	5.000000e+00	5.000000e+00	5.000000e-01	
397	4.000012e-03	5.000000e+00	5.000000e+00	5.000000e-01	
398	4.000012e-03	5.000000e+00	5.000000e+00	5.000000e-01	
399	4.000012e-03	5.000000e+00	5.000000e+00	5.000000e-01	
400	4.000013e-03	5.000000e+00	5.000000e+00	5.000000e-01	
401	4.000013e-03	5.000000e+00	5.000000e+00	5.000000e-01	
402	4.000013e-03	5.000000e+00	5.000000e+00	5.000000e-01	

Index   time            V(11/b4)        V(12/a4)        V(13/s3)        
--------------------------------------------------------------------------------
403	4.000013e-03	5.000000e+00	5.000000e+00	5.000000e-01	
404	4.000013e-03	5.000000e+00	5.000000e+00	5.000000e-01	
405	4.000013e-03	5.000000e+00	5.000000e+00	5.000000e-01	
406	4.000013e-03	5.000000e+00	5.000000e+00	5.000000e-01	
407	4.000013e-03	5.000000e+00	5.000000e+00	5.000000e-01	
408	4.000013e-03	5.000000e+00	5.000000e+00	5.000000e-01	
409	4.000014e-03	5.000000e+00	5.000000e+00	5.000000e-01	
410	4.000014e-03	5.000000e+00	5.000000e+00	5.000000e-01	
411	4.000014e-03	5.000000e+00	5.000000e+00	5.000000e-01	
412	4.000014e-03	5.000000e+00	5.000000e+00	5.460800e-01	
413	4.000014e-03	5.000000e+00	5.000000e+00	6.382400e-01	
414	4.000014e-03	5.000000e+00	5.000000e+00	8.225600e-01	
415	4.000014e-03	5.000000e+00	5.000000e+00	1.191200e+00	
416	4.000014e-03	5.000000e+00	5.000000e+00	1.928480e+00	
417	4.000015e-03	5.000000e+00	5.000000e+00	3.403040e+00	
418	4.000015e-03	5.000000e+00	5.000000e+00	5.000000e+00	
419	4.000015e-03	5.000000e+00	5.000000e+00	5.000000e+00	
420	4.000015e-03	5.000000e+00	5.000000e+00	5.000000e+00	
421	4.000015e-03	5.000000e+00	5.000000e+00	5.000000e+00	
422	4.000016e-03	5.000000e+00	5.000000e+00	5.000000e+00	
423	4.000017e-03	5.000000e+00	5.000000e+00	5.000000e+00	
424	4.000019e-03	5.000000e+00	5.000000e+00	5.000000e+00	
425	4.000020e-03	5.000000e+00	5.000000e+00	5.000000e+00	
426	4.000020e-03	5.000000e+00	5.000000e+00	5.000000e+00	
427	4.000021e-03	5.000000e+00	5.000000e+00	5.000000e+00	
428	4.000022e-03	5.000000e+00	5.000000e+00	5.000000e+00	
429	4.000022e-03	5.000000e+00	5.000000e+00	4.550000e+00	
430	4.000022e-03	5.000000e+00	5.000000e+00	3.650000e+00	
431	4.000022e-03	5.000000e+00	5.000000e+00	1.850000e+00	
432	4.000023e-03	5.000000e+00	5.000000e+00	5.000000e-01	
433	4.000023e-03	5.000000e+00	5.000000e+00	5.000000e-01	
434	4.000023e-03	5.000000e+00	5.000000e+00	5.000000e-01	
435	4.000023e-03	5.000000e+00	5.000000e+00	5.000000e-01	
436	4.000024e-03	5.000000e+00	5.000000e+00	5.000000e-01	
437	4.000024e-03	5.000000e+00	5.000000e+00	7.880000e-01	
438	4.000024e-03	5.000000e+00	5.000000e+00	1.364000e+00	
439	4.000024e-03	5.000000e+00	5.000000e+00	2.516000e+00	
440	4.000024e-03	5.000000e+00	5.000000e+00	4.820000e+00	
441	4.000025e-03	5.000000e+00	5.000000e+00	5.000000e+00	
442	4.000025e-03	5.000000e+00	5.000000e+00	5.000000e+00	
443	4.000025e-03	5.000000e+00	5.000000e+00	5.000000e+00	
444	4.000025e-03	5.000000e+00	5.000000e+00	5.000000e+00	
445	4.000025e-03	5.000000e+00	5.000000e+00	5.000000e+00	
446	4.000025e-03	5.000000e+00	5.000000e+00	5.000000e+00	
447	4.000025e-03	5.000000e+00	5.000000e+00	5.000000e+00	
448	4.000025e-03	5.000000e+00	5.000000e+00	5.000000e+00	
449	4.000026e-03	5.000000e+00	5.000000e+00	5.000000e+00	
450	4.000026e-03	5.000000e+00	5.000000e+00	5.000000e+00	
451	4.000026e-03	5.000000e+00	5.000000e+00	5.000000e+00	
452	4.000026e-03	5.000000e+00	5.000000e+00	5.000000e+00	
453	4.000026e-03	5.000000e+00	5.000000e+00	5.000000e+00	
454	4.000027e-03	5.000000e+00	5.000000e+00	5.000000e+00	
455	4.000027e-03	5.000000e+00	5.000000e+00	5.000000e+00	
456	4.000027e-03	5.000000e+00	5.000000e+00	5.000000e+00	
457	4.000027e-03	5.000000e+00	5.000000e+00	5.000000e+00	
458	4.000027e-03	5.000000e+00	5.000000e+00	5.000000e+00	
459	4.000027e-03	5.000000e+00	5.000000e+00	5.000000e+00	
460	4.000027e-03	5.000000e+00	5.000000e+00	5.000000e+00	

Index   time            V(11/b4)        V(12/a4)        V(13/s3)        
--------------------------------------------------------------------------------
461	4.000027e-03	5.000000e+00	5.000000e+00	5.000000e+00	
462	4.000027e-03	5.000000e+00	5.000000e+00	5.000000e+00	
463	4.000027e-03	5.000000e+00	5.000000e+00	5.000000e+00	
464	4.000027e-03	5.000000e+00	5.000000e+00	5.000000e+00	
465	4.000028e-03	5.000000e+00	5.000000e+00	5.000000e+00	
466	4.000029e-03	5.000000e+00	5.000000e+00	5.000000e+00	
467	4.000031e-03	5.000000e+00	5.000000e+00	5.000000e+00	
468	4.000035e-03	5.000000e+00	5.000000e+00	5.000000e+00	
469	4.000043e-03	5.000000e+00	5.000000e+00	5.000000e+00	
470	4.000059e-03	5.000000e+00	5.000000e+00	5.000000e+00	
471	4.000092e-03	5.000000e+00	5.000000e+00	5.000000e+00	
472	4.000158e-03	5.000000e+00	5.000000e+00	5.000000e+00	
473	4.000289e-03	5.000000e+00	5.000000e+00	5.000000e+00	
474	4.000551e-03	5.000000e+00	5.000000e+00	5.000000e+00	
475	4.001075e-03	5.000000e+00	5.000000e+00	5.000000e+00	
476	4.002124e-03	5.000000e+00	5.000000e+00	5.000000e+00	
477	4.004221e-03	5.000000e+00	5.000000e+00	5.000000e+00	
478	4.008415e-03	5.000000e+00	5.000000e+00	5.000000e+00	
479	4.016804e-03	5.000000e+00	5.000000e+00	5.000000e+00	
480	4.033581e-03	5.000000e+00	5.000000e+00	5.000000e+00	
481	4.067136e-03	5.000000e+00	5.000000e+00	5.000000e+00	
482	4.134244e-03	5.000000e+00	5.000000e+00	5.000000e+00	
483	4.234244e-03	5.000000e+00	5.000000e+00	5.000000e+00	
484	4.334244e-03	5.000000e+00	5.000000e+00	5.000000e+00	
485	4.434244e-03	5.000000e+00	5.000000e+00	5.000000e+00	
486	4.534244e-03	5.000000e+00	5.000000e+00	5.000000e+00	
487	4.634244e-03	5.000000e+00	5.000000e+00	5.000000e+00	
488	4.734244e-03	5.000000e+00	5.000000e+00	5.000000e+00	
489	4.834244e-03	5.000000e+00	5.000000e+00	5.000000e+00	
490	4.934244e-03	5.000000e+00	5.000000e+00	5.000000e+00	
491	5.000010e-03	5.000000e+00	5.000000e+00	5.000000e+00	
492	5.000011e-03	5.000000e+00	5.000000e+00	5.000000e+00	
493	5.000013e-03	5.000000e+00	5.000000e+00	5.000000e+00	
494	5.000017e-03	5.000000e+00	5.000000e+00	5.000000e+00	
495	5.000020e-03	5.000000e+00	5.000000e+00	5.000000e+00	
496	5.000021e-03	5.000000e+00	5.000000e+00	5.000000e+00	
497	5.000021e-03	5.000000e+00	5.000000e+00	5.000000e+00	
498	5.000021e-03	5.000000e+00	5.000000e+00	5.000000e+00	
499	5.000021e-03	5.000000e+00	5.000000e+00	5.000000e+00	
500	5.000022e-03	5.000000e+00	5.000000e+00	5.000000e+00	
501	5.000022e-03	5.000000e+00	5.000000e+00	5.000000e+00	
502	5.000022e-03	5.000000e+00	5.000000e+00	5.000000e+00	
503	5.000022e-03	5.000000e+00	5.000000e+00	5.000000e+00	
504	5.000022e-03	5.000000e+00	5.000000e+00	5.000000e+00	
505	5.000023e-03	5.000000e+00	5.000000e+00	5.000000e+00	
506	5.000023e-03	5.000000e+00	5.000000e+00	5.000000e+00	
507	5.000023e-03	5.000000e+00	5.000000e+00	5.000000e+00	
508	5.000023e-03	5.000000e+00	5.000000e+00	5.000000e+00	
509	5.000023e-03	5.000000e+00	5.000000e+00	5.000000e+00	
510	5.000024e-03	5.000000e+00	5.000000e+00	5.000000e+00	
511	5.000024e-03	5.000000e+00	5.000000e+00	5.000000e+00	
512	5.000024e-03	5.000000e+00	5.000000e+00	5.000000e+00	
513	5.000024e-03	5.000000e+00	5.000000e+00	5.000000e+00	
514	5.000024e-03	5.000000e+00	5.000000e+00	5.000000e+00	
515	5.000025e-03	5.000000e+00	5.000000e+00	5.000000e+00	
516	5.000025e-03	5.000000e+00	5.000000e+00	5.000000e+00	
517	5.000025e-03	5.000000e+00	5.000000e+00	5.000000e+00	
518	5.000025e-03	5.000000e+00	5.000000e+00	5.000000e+00	

Index   time            V(11/b4)        V(12/a4)        V(13/s3)        
--------------------------------------------------------------------------------
519	5.000025e-03	5.000000e+00	5.000000e+00	5.000000e+00	
520	5.000025e-03	5.000000e+00	5.000000e+00	5.000000e+00	
521	5.000025e-03	5.000000e+00	5.000000e+00	5.000000e+00	
522	5.000025e-03	5.000000e+00	5.000000e+00	5.000000e+00	
523	5.000025e-03	5.000000e+00	5.000000e+00	5.000000e+00	
524	5.000025e-03	5.000000e+00	5.000000e+00	5.000000e+00	
525	5.000025e-03	5.000000e+00	5.000000e+00	5.000000e+00	
526	5.000026e-03	5.000000e+00	5.000000e+00	5.000000e+00	
527	5.000026e-03	5.000000e+00	5.000000e+00	5.000000e+00	
528	5.000026e-03	5.000000e+00	5.000000e+00	5.000000e+00	
529	5.000026e-03	5.000000e+00	5.000000e+00	5.000000e+00	
530	5.000026e-03	5.000000e+00	5.000000e+00	5.000000e+00	
531	5.000026e-03	5.000000e+00	5.000000e+00	5.000000e+00	
532	5.000026e-03	5.000000e+00	5.000000e+00	5.000000e+00	
533	5.000026e-03	5.000000e+00	5.000000e+00	5.000000e+00	
534	5.000026e-03	5.000000e+00	5.000000e+00	5.000000e+00	
535	5.000026e-03	5.000000e+00	5.000000e+00	5.000000e+00	
536	5.000026e-03	5.000000e+00	5.000000e+00	5.000000e+00	
537	5.000027e-03	5.000000e+00	5.000000e+00	5.000000e+00	
538	5.000027e-03	5.000000e+00	5.000000e+00	5.000000e+00	
539	5.000028e-03	5.000000e+00	5.000000e+00	5.000000e+00	
540	5.000030e-03	5.000000e+00	5.000000e+00	5.000000e+00	
541	5.000034e-03	5.000000e+00	5.000000e+00	5.000000e+00	
542	5.000042e-03	5.000000e+00	5.000000e+00	5.000000e+00	
543	5.000059e-03	5.000000e+00	5.000000e+00	5.000000e+00	
544	5.000092e-03	5.000000e+00	5.000000e+00	5.000000e+00	
545	5.000157e-03	5.000000e+00	5.000000e+00	5.000000e+00	
546	5.000288e-03	5.000000e+00	5.000000e+00	5.000000e+00	
547	5.000550e-03	5.000000e+00	5.000000e+00	5.000000e+00	
548	5.001075e-03	5.000000e+00	5.000000e+00	5.000000e+00	
549	5.002123e-03	5.000000e+00	5.000000e+00	5.000000e+00	
550	5.004220e-03	5.000000e+00	5.000000e+00	5.000000e+00	
551	5.008415e-03	5.000000e+00	5.000000e+00	5.000000e+00	
552	5.016803e-03	5.000000e+00	5.000000e+00	5.000000e+00	
553	5.033581e-03	5.000000e+00	5.000000e+00	5.000000e+00	
554	5.067135e-03	5.000000e+00	5.000000e+00	5.000000e+00	
555	5.134244e-03	5.000000e+00	5.000000e+00	5.000000e+00	
556	5.234244e-03	5.000000e+00	5.000000e+00	5.000000e+00	
557	5.334244e-03	5.000000e+00	5.000000e+00	5.000000e+00	
558	5.434244e-03	5.000000e+00	5.000000e+00	5.000000e+00	
559	5.534244e-03	5.000000e+00	5.000000e+00	5.000000e+00	
560	5.634244e-03	5.000000e+00	5.000000e+00	5.000000e+00	
561	5.734244e-03	5.000000e+00	5.000000e+00	5.000000e+00	
562	5.834244e-03	5.000000e+00	5.000000e+00	5.000000e+00	
563	5.934244e-03	5.000000e+00	5.000000e+00	5.000000e+00	
564	6.000000e-03	5.000000e+00	5.000000e+00	5.000000e+00	
565	6.000001e-03	5.000000e+00	5.000000e+00	5.000000e+00	
566	6.000003e-03	5.000000e+00	5.000000e+00	5.000000e+00	
567	6.000007e-03	5.000000e+00	5.000000e+00	5.000000e+00	
568	6.000009e-03	5.000000e+00	5.000000e+00	5.000000e+00	
569	6.000009e-03	5.000000e+00	5.000000e+00	5.000000e+00	
570	6.000009e-03	5.000000e+00	5.000000e+00	5.000000e+00	
571	6.000009e-03	5.000000e+00	5.000000e+00	5.000000e+00	
572	6.000009e-03	5.000000e+00	5.000000e+00	5.000000e+00	
573	6.000009e-03	5.000000e+00	5.000000e+00	5.000000e+00	
574	6.000009e-03	5.000000e+00	5.000000e+00	5.000000e+00	
575	6.000009e-03	5.000000e+00	5.000000e+00	5.000000e+00	
576	6.000009e-03	5.000000e+00	5.000000e+00	5.000000e+00	

Index   time            V(11/b4)        V(12/a4)        V(13/s3)        
--------------------------------------------------------------------------------
577	6.000009e-03	5.000000e+00	5.000000e+00	5.000000e+00	
578	6.000010e-03	5.000000e+00	5.000000e+00	5.000000e+00	
579	6.000010e-03	5.000000e+00	5.000000e+00	5.000000e+00	
580	6.000010e-03	5.000000e+00	5.000000e+00	5.000000e+00	
581	6.000010e-03	5.000000e+00	5.000000e+00	5.000000e+00	
582	6.000010e-03	5.000000e+00	5.000000e+00	5.000000e+00	
583	6.000011e-03	5.000000e+00	5.000000e+00	5.000000e+00	
584	6.000012e-03	5.000000e+00	5.000000e+00	5.000000e+00	
585	6.000012e-03	5.000000e+00	5.000000e+00	5.000000e+00	
586	6.000012e-03	5.000000e+00	5.000000e+00	5.000000e+00	
587	6.000012e-03	5.000000e+00	5.000000e+00	5.000000e+00	
588	6.000013e-03	5.000000e+00	5.000000e+00	5.000000e+00	
589	6.000013e-03	5.000000e+00	5.000000e+00	5.000000e+00	
590	6.000013e-03	5.000000e+00	5.000000e+00	5.000000e+00	
591	6.000013e-03	5.000000e+00	5.000000e+00	5.000000e+00	
592	6.000013e-03	5.000000e+00	5.000000e+00	5.000000e+00	
593	6.000013e-03	5.000000e+00	5.000000e+00	5.000000e+00	
594	6.000013e-03	5.000000e+00	5.000000e+00	5.000000e+00	
595	6.000013e-03	5.000000e+00	5.000000e+00	5.000000e+00	
596	6.000013e-03	5.000000e+00	5.000000e+00	5.000000e+00	
597	6.000014e-03	5.000000e+00	5.000000e+00	5.000000e+00	
598	6.000014e-03	5.000000e+00	5.000000e+00	5.000000e+00	
599	6.000014e-03	5.000000e+00	5.000000e+00	5.000000e+00	
600	6.000014e-03	5.000000e+00	5.000000e+00	5.000000e+00	
601	6.000015e-03	5.000000e+00	5.000000e+00	5.000000e+00	
602	6.000015e-03	5.000000e+00	5.000000e+00	5.000000e+00	
603	6.000017e-03	5.000000e+00	5.000000e+00	5.000000e+00	
604	6.000020e-03	5.000000e+00	5.000000e+00	5.000000e+00	
605	6.000020e-03	5.000000e+00	5.000000e+00	5.000000e+00	
606	6.000020e-03	5.000000e+00	5.000000e+00	5.000000e+00	
607	6.000021e-03	5.000000e+00	5.000000e+00	5.000000e+00	
608	6.000022e-03	5.000000e+00	5.000000e+00	5.000000e+00	
609	6.000022e-03	5.000000e+00	5.000000e+00	5.000000e+00	
610	6.000022e-03	5.000000e+00	5.000000e+00	5.000000e+00	
611	6.000022e-03	5.000000e+00	5.000000e+00	5.000000e+00	
612	6.000023e-03	5.000000e+00	5.000000e+00	5.000000e+00	
613	6.000023e-03	5.000000e+00	5.000000e+00	5.000000e+00	
614	6.000023e-03	5.000000e+00	5.000000e+00	5.000000e+00	
615	6.000023e-03	5.000000e+00	5.000000e+00	5.000000e+00	
616	6.000024e-03	5.000000e+00	5.000000e+00	5.000000e+00	
617	6.000024e-03	5.000000e+00	5.000000e+00	5.000000e+00	
618	6.000024e-03	5.000000e+00	5.000000e+00	4.800000e+00	
619	6.000024e-03	5.000000e+00	5.000000e+00	4.400000e+00	
620	6.000024e-03	5.000000e+00	5.000000e+00	3.600000e+00	
621	6.000024e-03	5.000000e+00	5.000000e+00	2.000000e+00	
622	6.000025e-03	5.000000e+00	5.000000e+00	5.000000e-01	
623	6.000025e-03	5.000000e+00	5.000000e+00	5.000000e-01	
624	6.000025e-03	5.000000e+00	5.000000e+00	5.000000e-01	
625	6.000025e-03	5.000000e+00	5.000000e+00	5.000000e-01	
626	6.000025e-03	5.000000e+00	5.000000e+00	5.000000e-01	
627	6.000025e-03	5.000000e+00	5.000000e+00	5.000000e-01	
628	6.000025e-03	5.000000e+00	5.000000e+00	5.000000e-01	
629	6.000025e-03	5.000000e+00	5.000000e+00	5.000000e-01	
630	6.000026e-03	5.000000e+00	5.000000e+00	5.000000e-01	
631	6.000026e-03	5.000000e+00	5.000000e+00	5.000000e-01	
632	6.000026e-03	5.000000e+00	5.000000e+00	5.000000e-01	
633	6.000026e-03	5.000000e+00	5.000000e+00	5.000000e-01	
634	6.000026e-03	5.000000e+00	5.000000e+00	5.000000e-01	

Index   time            V(11/b4)        V(12/a4)        V(13/s3)        
--------------------------------------------------------------------------------
635	6.000027e-03	5.000000e+00	5.000000e+00	5.000000e-01	
636	6.000028e-03	5.000000e+00	5.000000e+00	5.000000e-01	
637	6.000028e-03	5.000000e+00	5.000000e+00	4.500000e-01	
638	6.000028e-03	5.000000e+00	5.000000e+00	3.500000e-01	
639	6.000028e-03	5.000000e+00	5.000000e+00	1.500000e-01	
640	6.000028e-03	5.000000e+00	5.000000e+00	1.997902e-09	
641	6.000028e-03	5.000000e+00	5.000000e+00	0.000000e+00	
642	6.000028e-03	5.000000e+00	5.000000e+00	0.000000e+00	
643	6.000028e-03	5.000000e+00	5.000000e+00	0.000000e+00	
644	6.000028e-03	5.000000e+00	5.000000e+00	0.000000e+00	
645	6.000028e-03	5.000000e+00	5.000000e+00	0.000000e+00	
646	6.000028e-03	5.000000e+00	5.000000e+00	0.000000e+00	
647	6.000029e-03	5.000000e+00	5.000000e+00	0.000000e+00	
648	6.000030e-03	5.000000e+00	5.000000e+00	0.000000e+00	
649	6.000032e-03	5.000000e+00	5.000000e+00	0.000000e+00	
650	6.000036e-03	5.000000e+00	5.000000e+00	0.000000e+00	
651	6.000044e-03	5.000000e+00	5.000000e+00	0.000000e+00	
652	6.000061e-03	5.000000e+00	5.000000e+00	0.000000e+00	
653	6.000093e-03	5.000000e+00	5.000000e+00	0.000000e+00	
654	6.000159e-03	5.000000e+00	5.000000e+00	0.000000e+00	
655	6.000290e-03	5.000000e+00	5.000000e+00	0.000000e+00	
656	6.000552e-03	5.000000e+00	5.000000e+00	0.000000e+00	
657	6.001076e-03	5.000000e+00	5.000000e+00	0.000000e+00	
658	6.002125e-03	5.000000e+00	5.000000e+00	0.000000e+00	
659	6.004222e-03	5.000000e+00	5.000000e+00	0.000000e+00	
660	6.008416e-03	5.000000e+00	5.000000e+00	0.000000e+00	
661	6.016805e-03	5.000000e+00	5.000000e+00	0.000000e+00	
662	6.033582e-03	5.000000e+00	5.000000e+00	0.000000e+00	
663	6.067137e-03	5.000000e+00	5.000000e+00	0.000000e+00	
664	6.134246e-03	5.000000e+00	5.000000e+00	0.000000e+00	
665	6.234246e-03	5.000000e+00	5.000000e+00	0.000000e+00	
666	6.334246e-03	5.000000e+00	5.000000e+00	0.000000e+00	
667	6.434246e-03	5.000000e+00	5.000000e+00	0.000000e+00	
668	6.534246e-03	5.000000e+00	5.000000e+00	0.000000e+00	
669	6.634246e-03	5.000000e+00	5.000000e+00	0.000000e+00	
670	6.734246e-03	5.000000e+00	5.000000e+00	0.000000e+00	
671	6.834246e-03	5.000000e+00	5.000000e+00	0.000000e+00	
672	6.934246e-03	5.000000e+00	5.000000e+00	0.000000e+00	
673	7.000010e-03	5.000000e+00	5.000000e+00	0.000000e+00	
674	7.000011e-03	5.000000e+00	5.000000e+00	0.000000e+00	
675	7.000013e-03	5.000000e+00	5.000000e+00	0.000000e+00	
676	7.000017e-03	5.000000e+00	5.000000e+00	0.000000e+00	
677	7.000020e-03	5.000000e+00	5.000000e+00	0.000000e+00	
678	7.000021e-03	5.000000e+00	5.000000e+00	0.000000e+00	
679	7.000021e-03	5.000000e+00	5.000000e+00	0.000000e+00	
680	7.000021e-03	5.000000e+00	5.000000e+00	0.000000e+00	
681	7.000021e-03	5.000000e+00	5.000000e+00	0.000000e+00	
682	7.000022e-03	5.000000e+00	5.000000e+00	0.000000e+00	
683	7.000022e-03	5.000000e+00	5.000000e+00	0.000000e+00	
684	7.000022e-03	5.000000e+00	5.000000e+00	0.000000e+00	
685	7.000022e-03	5.000000e+00	5.000000e+00	0.000000e+00	
686	7.000022e-03	5.000000e+00	5.000000e+00	0.000000e+00	
687	7.000023e-03	5.000000e+00	5.000000e+00	0.000000e+00	
688	7.000023e-03	5.000000e+00	5.000000e+00	0.000000e+00	
689	7.000023e-03	5.000000e+00	5.000000e+00	0.000000e+00	
690	7.000023e-03	5.000000e+00	5.000000e+00	0.000000e+00	
691	7.000023e-03	5.000000e+00	5.000000e+00	0.000000e+00	
692	7.000024e-03	5.000000e+00	5.000000e+00	0.000000e+00	

Index   time            V(11/b4)        V(12/a4)        V(13/s3)        
--------------------------------------------------------------------------------
693	7.000024e-03	5.000000e+00	5.000000e+00	0.000000e+00	
694	7.000024e-03	5.000000e+00	5.000000e+00	0.000000e+00	
695	7.000024e-03	5.000000e+00	5.000000e+00	0.000000e+00	
696	7.000024e-03	5.000000e+00	5.000000e+00	0.000000e+00	
697	7.000025e-03	5.000000e+00	5.000000e+00	0.000000e+00	
698	7.000025e-03	5.000000e+00	5.000000e+00	0.000000e+00	
699	7.000025e-03	5.000000e+00	5.000000e+00	0.000000e+00	
700	7.000025e-03	5.000000e+00	5.000000e+00	0.000000e+00	
701	7.000025e-03	5.000000e+00	5.000000e+00	0.000000e+00	
702	7.000025e-03	5.000000e+00	5.000000e+00	0.000000e+00	
703	7.000025e-03	5.000000e+00	5.000000e+00	0.000000e+00	
704	7.000025e-03	5.000000e+00	5.000000e+00	0.000000e+00	
705	7.000025e-03	5.000000e+00	5.000000e+00	0.000000e+00	
706	7.000025e-03	5.000000e+00	5.000000e+00	0.000000e+00	
707	7.000025e-03	5.000000e+00	5.000000e+00	0.000000e+00	
708	7.000026e-03	5.000000e+00	5.000000e+00	0.000000e+00	
709	7.000026e-03	5.000000e+00	5.000000e+00	0.000000e+00	
710	7.000026e-03	5.000000e+00	5.000000e+00	0.000000e+00	
711	7.000026e-03	5.000000e+00	5.000000e+00	0.000000e+00	
712	7.000026e-03	5.000000e+00	5.000000e+00	0.000000e+00	
713	7.000026e-03	5.000000e+00	5.000000e+00	0.000000e+00	
714	7.000026e-03	5.000000e+00	5.000000e+00	0.000000e+00	
715	7.000026e-03	5.000000e+00	5.000000e+00	0.000000e+00	
716	7.000026e-03	5.000000e+00	5.000000e+00	0.000000e+00	
717	7.000026e-03	5.000000e+00	5.000000e+00	0.000000e+00	
718	7.000026e-03	5.000000e+00	5.000000e+00	0.000000e+00	
719	7.000027e-03	5.000000e+00	5.000000e+00	0.000000e+00	
720	7.000027e-03	5.000000e+00	5.000000e+00	0.000000e+00	
721	7.000028e-03	5.000000e+00	5.000000e+00	0.000000e+00	
722	7.000030e-03	5.000000e+00	5.000000e+00	0.000000e+00	
723	7.000034e-03	5.000000e+00	5.000000e+00	0.000000e+00	
724	7.000042e-03	5.000000e+00	5.000000e+00	0.000000e+00	
725	7.000059e-03	5.000000e+00	5.000000e+00	0.000000e+00	
726	7.000092e-03	5.000000e+00	5.000000e+00	0.000000e+00	
727	7.000157e-03	5.000000e+00	5.000000e+00	0.000000e+00	
728	7.000288e-03	5.000000e+00	5.000000e+00	0.000000e+00	
729	7.000550e-03	5.000000e+00	5.000000e+00	0.000000e+00	
730	7.001075e-03	5.000000e+00	5.000000e+00	0.000000e+00	
731	7.002123e-03	5.000000e+00	5.000000e+00	0.000000e+00	
732	7.004220e-03	5.000000e+00	5.000000e+00	0.000000e+00	
733	7.008415e-03	5.000000e+00	5.000000e+00	0.000000e+00	
734	7.016803e-03	5.000000e+00	5.000000e+00	0.000000e+00	
735	7.033581e-03	5.000000e+00	5.000000e+00	0.000000e+00	
736	7.067135e-03	5.000000e+00	5.000000e+00	0.000000e+00	
737	7.134244e-03	5.000000e+00	5.000000e+00	0.000000e+00	
738	7.234244e-03	5.000000e+00	5.000000e+00	0.000000e+00	
739	7.334244e-03	5.000000e+00	5.000000e+00	0.000000e+00	
740	7.434244e-03	5.000000e+00	5.000000e+00	0.000000e+00	
741	7.534244e-03	5.000000e+00	5.000000e+00	0.000000e+00	
742	7.634244e-03	5.000000e+00	5.000000e+00	0.000000e+00	
743	7.734244e-03	5.000000e+00	5.000000e+00	0.000000e+00	
744	7.834244e-03	5.000000e+00	5.000000e+00	0.000000e+00	
745	7.934244e-03	5.000000e+00	5.000000e+00	0.000000e+00	
746	8.000000e-03	5.000000e+00	5.000000e+00	0.000000e+00	
747	8.000001e-03	5.000000e+00	5.000000e+00	0.000000e+00	
748	8.000003e-03	5.000000e+00	5.000000e+00	0.000000e+00	
749	8.000007e-03	5.000000e+00	5.000000e+00	0.000000e+00	
750	8.000007e-03	5.000000e+00	5.000000e+00	0.000000e+00	

Index   time            V(11/b4)        V(12/a4)        V(13/s3)        
--------------------------------------------------------------------------------
751	8.000007e-03	5.000000e+00	5.000000e+00	0.000000e+00	
752	8.000007e-03	5.000000e+00	5.000000e+00	0.000000e+00	
753	8.000007e-03	5.000000e+00	5.000000e+00	0.000000e+00	
754	8.000007e-03	5.000000e+00	5.000000e+00	0.000000e+00	
755	8.000007e-03	5.000000e+00	5.000000e+00	0.000000e+00	
756	8.000007e-03	5.000000e+00	5.000000e+00	0.000000e+00	
757	8.000007e-03	5.000000e+00	5.000000e+00	0.000000e+00	
758	8.000007e-03	5.000000e+00	5.000000e+00	0.000000e+00	
759	8.000008e-03	5.000000e+00	5.000000e+00	0.000000e+00	
760	8.000008e-03	5.000000e+00	5.000000e+00	0.000000e+00	
761	8.000008e-03	5.000000e+00	5.000000e+00	5.000000e-02	
762	8.000008e-03	5.000000e+00	5.000000e+00	1.500000e-01	
763	8.000008e-03	5.000000e+00	5.000000e+00	3.500000e-01	
764	8.000008e-03	5.000000e+00	5.000000e+00	5.000000e-01	
765	8.000008e-03	5.000000e+00	5.000000e+00	5.000000e-01	
766	8.000008e-03	5.000000e+00	5.000000e+00	5.000000e-01	
767	8.000008e-03	5.000000e+00	5.000000e+00	5.000000e-01	
768	8.000008e-03	5.000000e+00	5.000000e+00	5.000000e-01	
769	8.000008e-03	5.000000e+00	5.000000e+00	5.000000e-01	
770	8.000009e-03	5.000000e+00	5.000000e+00	5.000000e-01	
771	8.000009e-03	5.000000e+00	5.000000e+00	5.000000e-01	
772	8.000010e-03	5.000000e+00	5.000000e+00	5.000000e-01	
773	8.000010e-03	4.948800e+00	4.948800e+00	5.000000e-01	
774	8.000010e-03	4.846400e+00	4.846400e+00	5.000000e-01	
775	8.000011e-03	4.641600e+00	4.641600e+00	5.000000e-01	
776	8.000011e-03	4.500000e+00	4.500000e+00	5.000000e-01	
777	8.000011e-03	4.495000e+00	4.495000e+00	5.000000e-01	
778	8.000011e-03	4.485000e+00	4.485000e+00	5.000000e-01	
779	8.000011e-03	4.465000e+00	4.465000e+00	5.000000e-01	
780	8.000011e-03	4.450000e+00	4.450000e+00	5.000000e-01	
781	8.000011e-03	4.446000e+00	4.446000e+00	5.000000e-01	
782	8.000011e-03	4.438000e+00	4.438000e+00	5.000000e-01	
783	8.000011e-03	4.422000e+00	4.422000e+00	5.000000e-01	
784	8.000011e-03	4.390000e+00	4.390000e+00	5.000000e-01	
785	8.000011e-03	4.326000e+00	4.326000e+00	5.000000e-01	
786	8.000012e-03	4.198000e+00	4.198000e+00	5.000000e-01	
787	8.000012e-03	4.000000e+00	4.000000e+00	5.000000e-01	
788	8.000012e-03	3.974400e+00	3.974400e+00	5.000000e-01	
789	8.000012e-03	3.923200e+00	3.923200e+00	5.000000e-01	
790	8.000012e-03	3.820800e+00	3.820800e+00	5.000000e-01	
791	8.000013e-03	3.616000e+00	3.616000e+00	5.000000e-01	
792	8.000013e-03	3.550000e+00	3.550000e+00	5.000000e-01	
793	8.000013e-03	3.509040e+00	3.509040e+00	5.000000e-01	
794	8.000013e-03	3.500000e+00	3.500000e+00	5.000000e-01	
795	8.000013e-03	3.491808e+00	3.491808e+00	5.000000e-01	
796	8.000013e-03	3.475424e+00	3.475424e+00	5.000000e-01	
797	8.000013e-03	3.442656e+00	3.442656e+00	5.000000e-01	
798	8.000013e-03	3.377120e+00	3.377120e+00	5.000000e-01	
799	8.000014e-03	3.246048e+00	3.246048e+00	5.000000e-01	
800	8.000014e-03	3.050000e+00	3.050000e+00	5.000000e-01	
801	8.000014e-03	3.023786e+00	3.023786e+00	5.000000e-01	
802	8.000014e-03	3.000000e+00	3.000000e+00	5.000000e-01	
803	8.000014e-03	2.994757e+00	2.994757e+00	5.524288e-01	
804	8.000014e-03	2.984271e+00	2.984271e+00	6.572864e-01	
805	8.000014e-03	2.963300e+00	2.963300e+00	8.670016e-01	
806	8.000014e-03	2.921357e+00	2.921357e+00	1.286432e+00	
807	8.000014e-03	2.837471e+00	2.837471e+00	2.125293e+00	
808	8.000015e-03	2.669699e+00	2.669699e+00	3.803014e+00	

Index   time            V(11/b4)        V(12/a4)        V(13/s3)        
--------------------------------------------------------------------------------
809	8.000015e-03	2.550000e+00	2.550000e+00	5.000000e+00	
810	8.000015e-03	2.516446e+00	2.516446e+00	5.000000e+00	
811	8.000015e-03	2.500000e+00	2.500000e+00	5.000000e+00	
812	8.000015e-03	2.493289e+00	2.493289e+00	5.000000e+00	
813	8.000015e-03	2.479867e+00	2.479867e+00	5.000000e+00	
814	8.000015e-03	2.453024e+00	2.453024e+00	5.000000e+00	
815	8.000015e-03	2.399337e+00	2.399337e+00	5.000000e+00	
816	8.000015e-03	2.291963e+00	2.291963e+00	5.000000e+00	
817	8.000016e-03	2.077214e+00	2.077214e+00	5.000000e+00	
818	8.000016e-03	2.050000e+00	2.050000e+00	5.000000e+00	
819	8.000016e-03	2.007050e+00	2.007050e+00	5.000000e+00	
820	8.000016e-03	1.921151e+00	1.921151e+00	5.000000e+00	
821	8.000017e-03	1.749352e+00	1.749352e+00	5.000000e+00	
822	8.000017e-03	1.405755e+00	1.405755e+00	5.000000e+00	
823	8.000019e-03	7.185601e-01	7.185601e-01	5.000000e+00	
824	8.000020e-03	0.000000e+00	0.000000e+00	5.000000e+00	
825	8.000020e-03	0.000000e+00	0.000000e+00	5.000000e+00	
826	8.000021e-03	0.000000e+00	0.000000e+00	5.000000e+00	
827	8.000021e-03	0.000000e+00	0.000000e+00	5.000000e+00	
828	8.000021e-03	0.000000e+00	0.000000e+00	5.000000e+00	
829	8.000021e-03	0.000000e+00	0.000000e+00	5.000000e+00	
830	8.000022e-03	0.000000e+00	0.000000e+00	5.000000e+00	
831	8.000022e-03	0.000000e+00	0.000000e+00	5.000000e+00	
832	8.000022e-03	0.000000e+00	0.000000e+00	5.000000e+00	
833	8.000022e-03	0.000000e+00	0.000000e+00	5.000000e+00	
834	8.000022e-03	0.000000e+00	0.000000e+00	5.000000e+00	
835	8.000022e-03	0.000000e+00	0.000000e+00	5.000000e+00	
836	8.000022e-03	0.000000e+00	0.000000e+00	5.000000e+00	
837	8.000022e-03	0.000000e+00	0.000000e+00	5.000000e+00	
838	8.000023e-03	0.000000e+00	0.000000e+00	5.000000e+00	
839	8.000023e-03	0.000000e+00	0.000000e+00	5.000000e+00	
840	8.000023e-03	0.000000e+00	0.000000e+00	5.000000e+00	
841	8.000023e-03	0.000000e+00	0.000000e+00	5.000000e+00	
842	8.000023e-03	0.000000e+00	0.000000e+00	5.000000e+00	
843	8.000024e-03	0.000000e+00	0.000000e+00	5.000000e+00	
844	8.000024e-03	0.000000e+00	0.000000e+00	5.000000e+00	
845	8.000024e-03	0.000000e+00	0.000000e+00	5.000000e+00	
846	8.000024e-03	0.000000e+00	0.000000e+00	5.000000e+00	
847	8.000024e-03	0.000000e+00	0.000000e+00	5.000000e+00	
848	8.000024e-03	0.000000e+00	0.000000e+00	5.000000e+00	
849	8.000025e-03	0.000000e+00	0.000000e+00	5.000000e+00	
850	8.000025e-03	0.000000e+00	0.000000e+00	5.000000e+00	
851	8.000025e-03	0.000000e+00	0.000000e+00	5.000000e+00	
852	8.000025e-03	0.000000e+00	0.000000e+00	5.000000e+00	
853	8.000026e-03	0.000000e+00	0.000000e+00	5.000000e+00	
854	8.000026e-03	0.000000e+00	0.000000e+00	5.000000e+00	
855	8.000026e-03	0.000000e+00	0.000000e+00	5.000000e+00	
856	8.000026e-03	0.000000e+00	0.000000e+00	5.000000e+00	
857	8.000026e-03	0.000000e+00	0.000000e+00	5.000000e+00	
858	8.000026e-03	0.000000e+00	0.000000e+00	5.000000e+00	
859	8.000026e-03	0.000000e+00	0.000000e+00	5.000000e+00	
860	8.000026e-03	0.000000e+00	0.000000e+00	5.000000e+00	
861	8.000026e-03	0.000000e+00	0.000000e+00	5.000000e+00	
862	8.000026e-03	0.000000e+00	0.000000e+00	5.000000e+00	
863	8.000026e-03	0.000000e+00	0.000000e+00	5.000000e+00	
864	8.000027e-03	0.000000e+00	0.000000e+00	5.000000e+00	
865	8.000028e-03	0.000000e+00	0.000000e+00	5.000000e+00	
866	8.000030e-03	0.000000e+00	0.000000e+00	5.000000e+00	

Index   time            V(11/b4)        V(12/a4)        V(13/s3)        
--------------------------------------------------------------------------------
867	8.000034e-03	0.000000e+00	0.000000e+00	5.000000e+00	
868	8.000042e-03	0.000000e+00	0.000000e+00	5.000000e+00	
869	8.000058e-03	0.000000e+00	0.000000e+00	5.000000e+00	
870	8.000091e-03	0.000000e+00	0.000000e+00	5.000000e+00	
871	8.000157e-03	0.000000e+00	0.000000e+00	5.000000e+00	
872	8.000288e-03	0.000000e+00	0.000000e+00	5.000000e+00	
873	8.000550e-03	0.000000e+00	0.000000e+00	5.000000e+00	
874	8.001074e-03	0.000000e+00	0.000000e+00	5.000000e+00	
875	8.002123e-03	0.000000e+00	0.000000e+00	5.000000e+00	
876	8.004220e-03	0.000000e+00	0.000000e+00	5.000000e+00	
877	8.008414e-03	0.000000e+00	0.000000e+00	5.000000e+00	
878	8.016803e-03	0.000000e+00	0.000000e+00	5.000000e+00	
879	8.033580e-03	0.000000e+00	0.000000e+00	5.000000e+00	
880	8.067135e-03	0.000000e+00	0.000000e+00	5.000000e+00	
881	8.134243e-03	0.000000e+00	0.000000e+00	5.000000e+00	
882	8.234243e-03	0.000000e+00	0.000000e+00	5.000000e+00	
883	8.334243e-03	0.000000e+00	0.000000e+00	5.000000e+00	
884	8.434243e-03	0.000000e+00	0.000000e+00	5.000000e+00	
885	8.534243e-03	0.000000e+00	0.000000e+00	5.000000e+00	
886	8.634243e-03	0.000000e+00	0.000000e+00	5.000000e+00	
887	8.734243e-03	0.000000e+00	0.000000e+00	5.000000e+00	
888	8.834243e-03	0.000000e+00	0.000000e+00	5.000000e+00	
889	8.934243e-03	0.000000e+00	0.000000e+00	5.000000e+00	
890	9.000010e-03	0.000000e+00	0.000000e+00	5.000000e+00	
891	9.000011e-03	0.000000e+00	0.000000e+00	5.000000e+00	
892	9.000013e-03	0.000000e+00	0.000000e+00	5.000000e+00	
893	9.000017e-03	0.000000e+00	0.000000e+00	5.000000e+00	
894	9.000020e-03	0.000000e+00	0.000000e+00	5.000000e+00	
895	9.000021e-03	0.000000e+00	0.000000e+00	5.000000e+00	
896	9.000021e-03	0.000000e+00	0.000000e+00	5.000000e+00	
897	9.000021e-03	0.000000e+00	0.000000e+00	5.000000e+00	
898	9.000021e-03	0.000000e+00	0.000000e+00	5.000000e+00	
899	9.000022e-03	0.000000e+00	0.000000e+00	5.000000e+00	
900	9.000022e-03	0.000000e+00	0.000000e+00	5.000000e+00	
901	9.000022e-03	0.000000e+00	0.000000e+00	5.000000e+00	
902	9.000022e-03	0.000000e+00	0.000000e+00	5.000000e+00	
903	9.000022e-03	0.000000e+00	0.000000e+00	5.000000e+00	
904	9.000023e-03	0.000000e+00	0.000000e+00	5.000000e+00	
905	9.000023e-03	0.000000e+00	0.000000e+00	5.000000e+00	
906	9.000023e-03	0.000000e+00	0.000000e+00	5.000000e+00	
907	9.000023e-03	0.000000e+00	0.000000e+00	5.000000e+00	
908	9.000023e-03	0.000000e+00	0.000000e+00	5.000000e+00	
909	9.000024e-03	0.000000e+00	0.000000e+00	5.000000e+00	
910	9.000024e-03	0.000000e+00	0.000000e+00	5.000000e+00	
911	9.000024e-03	0.000000e+00	0.000000e+00	5.000000e+00	
912	9.000024e-03	0.000000e+00	0.000000e+00	5.000000e+00	
913	9.000024e-03	0.000000e+00	0.000000e+00	5.000000e+00	
914	9.000025e-03	0.000000e+00	0.000000e+00	5.000000e+00	
915	9.000025e-03	0.000000e+00	0.000000e+00	5.000000e+00	
916	9.000025e-03	0.000000e+00	0.000000e+00	5.000000e+00	
917	9.000025e-03	0.000000e+00	0.000000e+00	5.000000e+00	
918	9.000025e-03	0.000000e+00	0.000000e+00	5.000000e+00	
919	9.000025e-03	0.000000e+00	0.000000e+00	5.000000e+00	
920	9.000025e-03	0.000000e+00	0.000000e+00	5.000000e+00	
921	9.000025e-03	0.000000e+00	0.000000e+00	5.000000e+00	
922	9.000025e-03	0.000000e+00	0.000000e+00	5.000000e+00	
923	9.000025e-03	0.000000e+00	0.000000e+00	5.000000e+00	
924	9.000025e-03	0.000000e+00	0.000000e+00	5.000000e+00	

Index   time            V(11/b4)        V(12/a4)        V(13/s3)        
--------------------------------------------------------------------------------
925	9.000026e-03	0.000000e+00	0.000000e+00	5.000000e+00	
926	9.000026e-03	0.000000e+00	0.000000e+00	5.000000e+00	
927	9.000026e-03	0.000000e+00	0.000000e+00	5.000000e+00	
928	9.000026e-03	0.000000e+00	0.000000e+00	5.000000e+00	
929	9.000026e-03	0.000000e+00	0.000000e+00	5.000000e+00	
930	9.000026e-03	0.000000e+00	0.000000e+00	5.000000e+00	
931	9.000026e-03	0.000000e+00	0.000000e+00	5.000000e+00	
932	9.000026e-03	0.000000e+00	0.000000e+00	5.000000e+00	
933	9.000026e-03	0.000000e+00	0.000000e+00	5.000000e+00	
934	9.000026e-03	0.000000e+00	0.000000e+00	5.000000e+00	
935	9.000026e-03	0.000000e+00	0.000000e+00	5.000000e+00	
936	9.000027e-03	0.000000e+00	0.000000e+00	5.000000e+00	
937	9.000027e-03	0.000000e+00	0.000000e+00	5.000000e+00	
938	9.000028e-03	0.000000e+00	0.000000e+00	5.000000e+00	
939	9.000030e-03	0.000000e+00	0.000000e+00	5.000000e+00	
940	9.000034e-03	0.000000e+00	0.000000e+00	5.000000e+00	
941	9.000042e-03	0.000000e+00	0.000000e+00	5.000000e+00	
942	9.000059e-03	0.000000e+00	0.000000e+00	5.000000e+00	
943	9.000092e-03	0.000000e+00	0.000000e+00	5.000000e+00	
944	9.000157e-03	0.000000e+00	0.000000e+00	5.000000e+00	
945	9.000288e-03	0.000000e+00	0.000000e+00	5.000000e+00	
946	9.000550e-03	0.000000e+00	0.000000e+00	5.000000e+00	
947	9.001075e-03	0.000000e+00	0.000000e+00	5.000000e+00	
948	9.002123e-03	0.000000e+00	0.000000e+00	5.000000e+00	
949	9.004220e-03	0.000000e+00	0.000000e+00	5.000000e+00	
950	9.008415e-03	0.000000e+00	0.000000e+00	5.000000e+00	
951	9.016803e-03	0.000000e+00	0.000000e+00	5.000000e+00	
952	9.033581e-03	0.000000e+00	0.000000e+00	5.000000e+00	
953	9.067135e-03	0.000000e+00	0.000000e+00	5.000000e+00	
954	9.134244e-03	0.000000e+00	0.000000e+00	5.000000e+00	
955	9.234244e-03	0.000000e+00	0.000000e+00	5.000000e+00	
956	9.334244e-03	0.000000e+00	0.000000e+00	5.000000e+00	
957	9.434244e-03	0.000000e+00	0.000000e+00	5.000000e+00	
958	9.534244e-03	0.000000e+00	0.000000e+00	5.000000e+00	
959	9.634244e-03	0.000000e+00	0.000000e+00	5.000000e+00	
960	9.734244e-03	0.000000e+00	0.000000e+00	5.000000e+00	
961	9.834244e-03	0.000000e+00	0.000000e+00	5.000000e+00	
962	9.934244e-03	0.000000e+00	0.000000e+00	5.000000e+00	
963	1.000000e-02	0.000000e+00	0.000000e+00	5.000000e+00	
964	1.000000e-02	0.000000e+00	0.000000e+00	5.000000e+00	
965	1.000000e-02	0.000000e+00	0.000000e+00	5.000000e+00	
966	1.000001e-02	0.000000e+00	0.000000e+00	5.000000e+00	
967	1.000001e-02	0.000000e+00	0.000000e+00	5.000000e+00	
968	1.000001e-02	0.000000e+00	0.000000e+00	5.000000e+00	
969	1.000001e-02	0.000000e+00	0.000000e+00	5.000000e+00	
970	1.000001e-02	0.000000e+00	0.000000e+00	5.000000e+00	
971	1.000001e-02	0.000000e+00	0.000000e+00	5.000000e+00	
972	1.000001e-02	0.000000e+00	0.000000e+00	5.000000e+00	
973	1.000001e-02	0.000000e+00	0.000000e+00	5.000000e+00	
974	1.000001e-02	0.000000e+00	0.000000e+00	5.000000e+00	
975	1.000001e-02	0.000000e+00	0.000000e+00	5.000000e+00	
976	1.000001e-02	0.000000e+00	0.000000e+00	5.000000e+00	
977	1.000001e-02	0.000000e+00	0.000000e+00	5.000000e+00	
978	1.000001e-02	0.000000e+00	0.000000e+00	5.000000e+00	
979	1.000001e-02	0.000000e+00	0.000000e+00	5.000000e+00	
980	1.000001e-02	0.000000e+00	0.000000e+00	5.000000e+00	
981	1.000001e-02	0.000000e+00	0.000000e+00	5.000000e+00	
982	1.000001e-02	0.000000e+00	0.000000e+00	5.000000e+00	

Index   time            V(11/b4)        V(12/a4)        V(13/s3)        
--------------------------------------------------------------------------------
983	1.000001e-02	0.000000e+00	0.000000e+00	5.000000e+00	
984	1.000001e-02	0.000000e+00	0.000000e+00	5.000000e+00	
985	1.000001e-02	0.000000e+00	0.000000e+00	5.000000e+00	
986	1.000001e-02	0.000000e+00	0.000000e+00	5.000000e+00	
987	1.000001e-02	0.000000e+00	0.000000e+00	5.000000e+00	
988	1.000001e-02	0.000000e+00	0.000000e+00	5.000000e+00	
989	1.000001e-02	0.000000e+00	0.000000e+00	5.000000e+00	
990	1.000001e-02	0.000000e+00	0.000000e+00	5.000000e+00	
991	1.000001e-02	0.000000e+00	0.000000e+00	5.000000e+00	
992	1.000001e-02	0.000000e+00	0.000000e+00	5.000000e+00	
993	1.000001e-02	0.000000e+00	0.000000e+00	5.000000e+00	
994	1.000001e-02	0.000000e+00	0.000000e+00	5.000000e+00	
995	1.000001e-02	0.000000e+00	0.000000e+00	5.000000e+00	
996	1.000001e-02	0.000000e+00	0.000000e+00	5.000000e+00	
997	1.000001e-02	0.000000e+00	0.000000e+00	5.000000e+00	
998	1.000001e-02	0.000000e+00	0.000000e+00	5.000000e+00	
999	1.000001e-02	0.000000e+00	0.000000e+00	5.000000e+00	
1000	1.000001e-02	0.000000e+00	0.000000e+00	5.000000e+00	
1001	1.000001e-02	0.000000e+00	0.000000e+00	5.000000e+00	
1002	1.000001e-02	0.000000e+00	0.000000e+00	5.000000e+00	
1003	1.000001e-02	0.000000e+00	0.000000e+00	5.000000e+00	
1004	1.000001e-02	0.000000e+00	0.000000e+00	5.000000e+00	
1005	1.000001e-02	0.000000e+00	0.000000e+00	5.000000e+00	
1006	1.000001e-02	0.000000e+00	0.000000e+00	5.000000e+00	
1007	1.000001e-02	0.000000e+00	0.000000e+00	5.000000e+00	
1008	1.000001e-02	0.000000e+00	0.000000e+00	5.000000e+00	
1009	1.000001e-02	0.000000e+00	0.000000e+00	5.000000e+00	
1010	1.000001e-02	0.000000e+00	0.000000e+00	5.000000e+00	
1011	1.000001e-02	0.000000e+00	0.000000e+00	5.000000e+00	
1012	1.000002e-02	0.000000e+00	0.000000e+00	5.000000e+00	
1013	1.000002e-02	0.000000e+00	0.000000e+00	5.000000e+00	
1014	1.000002e-02	0.000000e+00	0.000000e+00	5.000000e+00	
1015	1.000002e-02	0.000000e+00	0.000000e+00	5.000000e+00	
1016	1.000002e-02	0.000000e+00	0.000000e+00	5.000000e+00	
1017	1.000002e-02	0.000000e+00	0.000000e+00	5.000000e+00	
1018	1.000002e-02	0.000000e+00	0.000000e+00	5.000000e+00	
1019	1.000002e-02	0.000000e+00	0.000000e+00	5.000000e+00	
1020	1.000002e-02	0.000000e+00	0.000000e+00	5.000000e+00	
1021	1.000002e-02	0.000000e+00	0.000000e+00	5.000000e+00	
1022	1.000002e-02	0.000000e+00	0.000000e+00	5.000000e+00	
1023	1.000002e-02	0.000000e+00	0.000000e+00	5.000000e+00	
1024	1.000002e-02	0.000000e+00	0.000000e+00	5.000000e+00	
1025	1.000002e-02	0.000000e+00	0.000000e+00	5.000000e+00	
1026	1.000002e-02	0.000000e+00	0.000000e+00	5.000000e+00	
1027	1.000002e-02	0.000000e+00	0.000000e+00	5.000000e+00	
1028	1.000002e-02	0.000000e+00	0.000000e+00	4.800000e+00	
1029	1.000002e-02	0.000000e+00	0.000000e+00	4.400000e+00	
1030	1.000002e-02	0.000000e+00	0.000000e+00	3.600000e+00	
1031	1.000002e-02	0.000000e+00	0.000000e+00	2.000000e+00	
1032	1.000002e-02	0.000000e+00	0.000000e+00	5.000000e-01	
1033	1.000002e-02	0.000000e+00	0.000000e+00	5.000000e-01	
1034	1.000002e-02	0.000000e+00	0.000000e+00	5.000000e-01	
1035	1.000002e-02	0.000000e+00	0.000000e+00	5.000000e-01	
1036	1.000002e-02	0.000000e+00	0.000000e+00	5.000000e-01	
1037	1.000002e-02	0.000000e+00	0.000000e+00	5.000000e-01	
1038	1.000002e-02	0.000000e+00	0.000000e+00	5.000000e-01	
1039	1.000003e-02	0.000000e+00	0.000000e+00	5.000000e-01	
1040	1.000003e-02	0.000000e+00	0.000000e+00	5.000000e-01	

Index   time            V(11/b4)        V(12/a4)        V(13/s3)        
--------------------------------------------------------------------------------
1041	1.000003e-02	0.000000e+00	0.000000e+00	5.000000e-01	
1042	1.000003e-02	0.000000e+00	0.000000e+00	5.000000e-01	
1043	1.000003e-02	0.000000e+00	0.000000e+00	5.000000e-01	
1044	1.000003e-02	0.000000e+00	0.000000e+00	5.000000e-01	
1045	1.000003e-02	0.000000e+00	0.000000e+00	5.000000e-01	
1046	1.000003e-02	0.000000e+00	0.000000e+00	5.000000e-01	
1047	1.000003e-02	0.000000e+00	0.000000e+00	4.500000e-01	
1048	1.000003e-02	0.000000e+00	0.000000e+00	3.500000e-01	
1049	1.000003e-02	0.000000e+00	0.000000e+00	1.500000e-01	
1050	1.000003e-02	0.000000e+00	0.000000e+00	1.997902e-09	
1051	1.000003e-02	0.000000e+00	0.000000e+00	0.000000e+00	
1052	1.000003e-02	0.000000e+00	0.000000e+00	0.000000e+00	
1053	1.000003e-02	0.000000e+00	0.000000e+00	0.000000e+00	
1054	1.000003e-02	0.000000e+00	0.000000e+00	0.000000e+00	
1055	1.000003e-02	0.000000e+00	0.000000e+00	0.000000e+00	
1056	1.000003e-02	0.000000e+00	0.000000e+00	0.000000e+00	
1057	1.000003e-02	0.000000e+00	0.000000e+00	0.000000e+00	
1058	1.000003e-02	0.000000e+00	0.000000e+00	0.000000e+00	
1059	1.000003e-02	0.000000e+00	0.000000e+00	0.000000e+00	
1060	1.000004e-02	0.000000e+00	0.000000e+00	0.000000e+00	
1061	1.000004e-02	0.000000e+00	0.000000e+00	0.000000e+00	
1062	1.000006e-02	0.000000e+00	0.000000e+00	0.000000e+00	
1063	1.000009e-02	0.000000e+00	0.000000e+00	0.000000e+00	
1064	1.000016e-02	0.000000e+00	0.000000e+00	0.000000e+00	
1065	1.000029e-02	0.000000e+00	0.000000e+00	0.000000e+00	
1066	1.000055e-02	0.000000e+00	0.000000e+00	0.000000e+00	
1067	1.000108e-02	0.000000e+00	0.000000e+00	0.000000e+00	
1068	1.000212e-02	0.000000e+00	0.000000e+00	0.000000e+00	
1069	1.000422e-02	0.000000e+00	0.000000e+00	0.000000e+00	
1070	1.000842e-02	0.000000e+00	0.000000e+00	0.000000e+00	
1071	1.001681e-02	0.000000e+00	0.000000e+00	0.000000e+00	
1072	1.003358e-02	0.000000e+00	0.000000e+00	0.000000e+00	
1073	1.006714e-02	0.000000e+00	0.000000e+00	0.000000e+00	
1074	1.013425e-02	0.000000e+00	0.000000e+00	0.000000e+00	
1075	1.023425e-02	0.000000e+00	0.000000e+00	0.000000e+00	
1076	1.033425e-02	0.000000e+00	0.000000e+00	0.000000e+00	
1077	1.043425e-02	0.000000e+00	0.000000e+00	0.000000e+00	
1078	1.053425e-02	0.000000e+00	0.000000e+00	0.000000e+00	
1079	1.063425e-02	0.000000e+00	0.000000e+00	0.000000e+00	
1080	1.073425e-02	0.000000e+00	0.000000e+00	0.000000e+00	
1081	1.083425e-02	0.000000e+00	0.000000e+00	0.000000e+00	
1082	1.093425e-02	0.000000e+00	0.000000e+00	0.000000e+00	
1083	1.100001e-02	0.000000e+00	0.000000e+00	0.000000e+00	
1084	1.100001e-02	0.000000e+00	0.000000e+00	0.000000e+00	
1085	1.100001e-02	0.000000e+00	0.000000e+00	0.000000e+00	
1086	1.100002e-02	0.000000e+00	0.000000e+00	0.000000e+00	
1087	1.100002e-02	0.000000e+00	0.000000e+00	0.000000e+00	
1088	1.100002e-02	0.000000e+00	0.000000e+00	0.000000e+00	
1089	1.100002e-02	0.000000e+00	0.000000e+00	0.000000e+00	
1090	1.100002e-02	0.000000e+00	0.000000e+00	0.000000e+00	
1091	1.100002e-02	0.000000e+00	0.000000e+00	0.000000e+00	
1092	1.100002e-02	0.000000e+00	0.000000e+00	0.000000e+00	
1093	1.100002e-02	0.000000e+00	0.000000e+00	0.000000e+00	
1094	1.100002e-02	0.000000e+00	0.000000e+00	0.000000e+00	
1095	1.100002e-02	0.000000e+00	0.000000e+00	0.000000e+00	
1096	1.100002e-02	0.000000e+00	0.000000e+00	0.000000e+00	
1097	1.100002e-02	0.000000e+00	0.000000e+00	0.000000e+00	
1098	1.100002e-02	0.000000e+00	0.000000e+00	0.000000e+00	

Index   time            V(11/b4)        V(12/a4)        V(13/s3)        
--------------------------------------------------------------------------------
1099	1.100002e-02	0.000000e+00	0.000000e+00	0.000000e+00	
1100	1.100002e-02	0.000000e+00	0.000000e+00	0.000000e+00	
1101	1.100002e-02	0.000000e+00	0.000000e+00	0.000000e+00	
1102	1.100002e-02	0.000000e+00	0.000000e+00	0.000000e+00	
1103	1.100002e-02	0.000000e+00	0.000000e+00	0.000000e+00	
1104	1.100002e-02	0.000000e+00	0.000000e+00	0.000000e+00	
1105	1.100002e-02	0.000000e+00	0.000000e+00	0.000000e+00	
1106	1.100002e-02	0.000000e+00	0.000000e+00	0.000000e+00	
1107	1.100002e-02	0.000000e+00	0.000000e+00	0.000000e+00	
1108	1.100003e-02	0.000000e+00	0.000000e+00	0.000000e+00	
1109	1.100003e-02	0.000000e+00	0.000000e+00	0.000000e+00	
1110	1.100003e-02	0.000000e+00	0.000000e+00	0.000000e+00	
1111	1.100003e-02	0.000000e+00	0.000000e+00	0.000000e+00	
1112	1.100003e-02	0.000000e+00	0.000000e+00	0.000000e+00	
1113	1.100003e-02	0.000000e+00	0.000000e+00	0.000000e+00	
1114	1.100003e-02	0.000000e+00	0.000000e+00	0.000000e+00	
1115	1.100003e-02	0.000000e+00	0.000000e+00	0.000000e+00	
1116	1.100003e-02	0.000000e+00	0.000000e+00	0.000000e+00	
1117	1.100003e-02	0.000000e+00	0.000000e+00	0.000000e+00	
1118	1.100003e-02	0.000000e+00	0.000000e+00	0.000000e+00	
1119	1.100003e-02	0.000000e+00	0.000000e+00	0.000000e+00	
1120	1.100003e-02	0.000000e+00	0.000000e+00	0.000000e+00	
1121	1.100003e-02	0.000000e+00	0.000000e+00	0.000000e+00	
1122	1.100003e-02	0.000000e+00	0.000000e+00	0.000000e+00	
1123	1.100003e-02	0.000000e+00	0.000000e+00	0.000000e+00	
1124	1.100003e-02	0.000000e+00	0.000000e+00	0.000000e+00	
1125	1.100003e-02	0.000000e+00	0.000000e+00	0.000000e+00	
1126	1.100003e-02	0.000000e+00	0.000000e+00	0.000000e+00	
1127	1.100003e-02	0.000000e+00	0.000000e+00	0.000000e+00	
1128	1.100003e-02	0.000000e+00	0.000000e+00	0.000000e+00	
1129	1.100003e-02	0.000000e+00	0.000000e+00	0.000000e+00	
1130	1.100003e-02	0.000000e+00	0.000000e+00	0.000000e+00	
1131	1.100003e-02	0.000000e+00	0.000000e+00	0.000000e+00	
1132	1.100003e-02	0.000000e+00	0.000000e+00	0.000000e+00	
1133	1.100003e-02	0.000000e+00	0.000000e+00	0.000000e+00	
1134	1.100004e-02	0.000000e+00	0.000000e+00	0.000000e+00	
1135	1.100006e-02	0.000000e+00	0.000000e+00	0.000000e+00	
1136	1.100009e-02	0.000000e+00	0.000000e+00	0.000000e+00	
1137	1.100016e-02	0.000000e+00	0.000000e+00	0.000000e+00	
1138	1.100029e-02	0.000000e+00	0.000000e+00	0.000000e+00	
1139	1.100055e-02	0.000000e+00	0.000000e+00	0.000000e+00	
1140	1.100107e-02	0.000000e+00	0.000000e+00	0.000000e+00	
1141	1.100212e-02	0.000000e+00	0.000000e+00	0.000000e+00	
1142	1.100422e-02	0.000000e+00	0.000000e+00	0.000000e+00	
1143	1.100841e-02	0.000000e+00	0.000000e+00	0.000000e+00	
1144	1.101680e-02	0.000000e+00	0.000000e+00	0.000000e+00	
1145	1.103358e-02	0.000000e+00	0.000000e+00	0.000000e+00	
1146	1.106713e-02	0.000000e+00	0.000000e+00	0.000000e+00	
1147	1.113424e-02	0.000000e+00	0.000000e+00	0.000000e+00	
1148	1.123424e-02	0.000000e+00	0.000000e+00	0.000000e+00	
1149	1.133424e-02	0.000000e+00	0.000000e+00	0.000000e+00	
1150	1.143424e-02	0.000000e+00	0.000000e+00	0.000000e+00	
1151	1.153424e-02	0.000000e+00	0.000000e+00	0.000000e+00	
1152	1.163424e-02	0.000000e+00	0.000000e+00	0.000000e+00	
1153	1.173424e-02	0.000000e+00	0.000000e+00	0.000000e+00	
1154	1.183424e-02	0.000000e+00	0.000000e+00	0.000000e+00	
1155	1.193424e-02	0.000000e+00	0.000000e+00	0.000000e+00	
1156	1.200000e-02	0.000000e+00	0.000000e+00	0.000000e+00	

Index   time            V(11/b4)        V(12/a4)        V(13/s3)        
--------------------------------------------------------------------------------
1157	1.200000e-02	0.000000e+00	0.000000e+00	0.000000e+00	
1158	1.200000e-02	0.000000e+00	0.000000e+00	0.000000e+00	
1159	1.200001e-02	0.000000e+00	0.000000e+00	0.000000e+00	
1160	1.200001e-02	0.000000e+00	0.000000e+00	0.000000e+00	
1161	1.200001e-02	0.000000e+00	0.000000e+00	0.000000e+00	
1162	1.200001e-02	0.000000e+00	0.000000e+00	0.000000e+00	
1163	1.200001e-02	0.000000e+00	0.000000e+00	0.000000e+00	
1164	1.200001e-02	0.000000e+00	0.000000e+00	0.000000e+00	
1165	1.200001e-02	0.000000e+00	0.000000e+00	0.000000e+00	
1166	1.200001e-02	0.000000e+00	0.000000e+00	0.000000e+00	
1167	1.200001e-02	0.000000e+00	0.000000e+00	0.000000e+00	
1168	1.200001e-02	0.000000e+00	0.000000e+00	0.000000e+00	
1169	1.200001e-02	0.000000e+00	0.000000e+00	0.000000e+00	
1170	1.200001e-02	0.000000e+00	0.000000e+00	0.000000e+00	
1171	1.200001e-02	0.000000e+00	0.000000e+00	0.000000e+00	
1172	1.200001e-02	0.000000e+00	0.000000e+00	0.000000e+00	
1173	1.200001e-02	0.000000e+00	0.000000e+00	0.000000e+00	
1174	1.200001e-02	0.000000e+00	0.000000e+00	0.000000e+00	
1175	1.200001e-02	0.000000e+00	0.000000e+00	0.000000e+00	
1176	1.200001e-02	0.000000e+00	0.000000e+00	0.000000e+00	
1177	1.200001e-02	0.000000e+00	0.000000e+00	0.000000e+00	
1178	1.200001e-02	0.000000e+00	0.000000e+00	0.000000e+00	
1179	1.200001e-02	0.000000e+00	0.000000e+00	0.000000e+00	
1180	1.200001e-02	0.000000e+00	0.000000e+00	0.000000e+00	
1181	1.200001e-02	0.000000e+00	0.000000e+00	0.000000e+00	
1182	1.200001e-02	0.000000e+00	0.000000e+00	0.000000e+00	
1183	1.200001e-02	0.000000e+00	0.000000e+00	5.000000e-02	
1184	1.200001e-02	0.000000e+00	0.000000e+00	1.500000e-01	
1185	1.200001e-02	0.000000e+00	0.000000e+00	3.500000e-01	
1186	1.200001e-02	0.000000e+00	0.000000e+00	5.000000e-01	
1187	1.200001e-02	0.000000e+00	0.000000e+00	5.000000e-01	
1188	1.200001e-02	0.000000e+00	0.000000e+00	5.000000e-01	
1189	1.200001e-02	0.000000e+00	0.000000e+00	5.000000e-01	
1190	1.200001e-02	0.000000e+00	0.000000e+00	5.000000e-01	
1191	1.200001e-02	0.000000e+00	0.000000e+00	5.000000e-01	
1192	1.200001e-02	0.000000e+00	0.000000e+00	5.000000e-01	
1193	1.200001e-02	0.000000e+00	0.000000e+00	5.000000e-01	
1194	1.200001e-02	0.000000e+00	0.000000e+00	5.000000e-01	
1195	1.200001e-02	0.000000e+00	0.000000e+00	5.000000e-01	
1196	1.200001e-02	0.000000e+00	0.000000e+00	5.000000e-01	
1197	1.200001e-02	0.000000e+00	0.000000e+00	5.000000e-01	
1198	1.200001e-02	0.000000e+00	0.000000e+00	5.000000e-01	
1199	1.200001e-02	0.000000e+00	0.000000e+00	5.000000e-01	
1200	1.200001e-02	0.000000e+00	0.000000e+00	5.000000e-01	
1201	1.200001e-02	0.000000e+00	0.000000e+00	5.000000e-01	
1202	1.200001e-02	0.000000e+00	0.000000e+00	5.000000e-01	
1203	1.200001e-02	0.000000e+00	0.000000e+00	5.000000e-01	
1204	1.200001e-02	0.000000e+00	0.000000e+00	5.000000e-01	
1205	1.200001e-02	0.000000e+00	0.000000e+00	5.000000e-01	
1206	1.200001e-02	0.000000e+00	0.000000e+00	5.000000e-01	
1207	1.200001e-02	0.000000e+00	0.000000e+00	5.000000e-01	
1208	1.200001e-02	0.000000e+00	0.000000e+00	5.000000e-01	
1209	1.200001e-02	0.000000e+00	0.000000e+00	5.460800e-01	
1210	1.200001e-02	0.000000e+00	0.000000e+00	6.382400e-01	
1211	1.200001e-02	0.000000e+00	0.000000e+00	8.225600e-01	
1212	1.200001e-02	0.000000e+00	0.000000e+00	1.191200e+00	
1213	1.200001e-02	0.000000e+00	0.000000e+00	1.928480e+00	
1214	1.200001e-02	0.000000e+00	0.000000e+00	3.403040e+00	

Index   time            V(11/b4)        V(12/a4)        V(13/s3)        
--------------------------------------------------------------------------------
1215	1.200001e-02	0.000000e+00	0.000000e+00	5.000000e+00	
1216	1.200001e-02	0.000000e+00	0.000000e+00	5.000000e+00	
1217	1.200002e-02	0.000000e+00	0.000000e+00	5.000000e+00	
1218	1.200002e-02	0.000000e+00	0.000000e+00	5.000000e+00	
1219	1.200002e-02	0.000000e+00	0.000000e+00	5.000000e+00	
1220	1.200002e-02	0.000000e+00	0.000000e+00	5.000000e+00	
1221	1.200002e-02	0.000000e+00	0.000000e+00	5.000000e+00	
1222	1.200002e-02	0.000000e+00	0.000000e+00	5.000000e+00	
1223	1.200002e-02	0.000000e+00	0.000000e+00	5.000000e+00	
1224	1.200002e-02	0.000000e+00	0.000000e+00	5.000000e+00	
1225	1.200002e-02	0.000000e+00	0.000000e+00	5.000000e+00	
1226	1.200002e-02	0.000000e+00	0.000000e+00	4.550000e+00	
1227	1.200002e-02	0.000000e+00	0.000000e+00	3.650000e+00	
1228	1.200002e-02	0.000000e+00	0.000000e+00	1.850000e+00	
1229	1.200002e-02	0.000000e+00	0.000000e+00	5.000000e-01	
1230	1.200002e-02	0.000000e+00	0.000000e+00	5.000000e-01	
1231	1.200002e-02	0.000000e+00	0.000000e+00	5.000000e-01	
1232	1.200002e-02	0.000000e+00	0.000000e+00	5.000000e-01	
1233	1.200002e-02	0.000000e+00	0.000000e+00	5.000000e-01	
1234	1.200002e-02	0.000000e+00	0.000000e+00	7.880000e-01	
1235	1.200002e-02	0.000000e+00	0.000000e+00	1.364000e+00	
1236	1.200002e-02	0.000000e+00	0.000000e+00	2.516000e+00	
1237	1.200002e-02	0.000000e+00	0.000000e+00	4.820000e+00	
1238	1.200002e-02	0.000000e+00	0.000000e+00	5.000000e+00	
1239	1.200002e-02	0.000000e+00	0.000000e+00	5.000000e+00	
1240	1.200002e-02	0.000000e+00	0.000000e+00	5.000000e+00	
1241	1.200002e-02	0.000000e+00	0.000000e+00	5.000000e+00	
1242	1.200002e-02	0.000000e+00	0.000000e+00	5.000000e+00	
1243	1.200002e-02	0.000000e+00	0.000000e+00	5.000000e+00	
1244	1.200002e-02	0.000000e+00	0.000000e+00	5.000000e+00	
1245	1.200003e-02	0.000000e+00	0.000000e+00	5.000000e+00	
1246	1.200003e-02	0.000000e+00	0.000000e+00	5.000000e+00	
1247	1.200003e-02	0.000000e+00	0.000000e+00	5.000000e+00	
1248	1.200003e-02	0.000000e+00	0.000000e+00	5.000000e+00	
1249	1.200003e-02	0.000000e+00	0.000000e+00	5.000000e+00	
1250	1.200003e-02	0.000000e+00	0.000000e+00	5.000000e+00	
1251	1.200003e-02	0.000000e+00	0.000000e+00	5.000000e+00	
1252	1.200003e-02	0.000000e+00	0.000000e+00	5.000000e+00	
1253	1.200003e-02	0.000000e+00	0.000000e+00	5.000000e+00	
1254	1.200003e-02	0.000000e+00	0.000000e+00	5.000000e+00	
1255	1.200003e-02	0.000000e+00	0.000000e+00	5.000000e+00	
1256	1.200003e-02	0.000000e+00	0.000000e+00	5.000000e+00	
1257	1.200003e-02	0.000000e+00	0.000000e+00	5.000000e+00	
1258	1.200003e-02	0.000000e+00	0.000000e+00	5.000000e+00	
1259	1.200003e-02	0.000000e+00	0.000000e+00	5.000000e+00	
1260	1.200003e-02	0.000000e+00	0.000000e+00	5.000000e+00	
1261	1.200003e-02	0.000000e+00	0.000000e+00	5.000000e+00	
1262	1.200003e-02	0.000000e+00	0.000000e+00	5.000000e+00	
1263	1.200003e-02	0.000000e+00	0.000000e+00	5.000000e+00	
1264	1.200003e-02	0.000000e+00	0.000000e+00	5.000000e+00	
1265	1.200003e-02	0.000000e+00	0.000000e+00	5.000000e+00	
1266	1.200004e-02	0.000000e+00	0.000000e+00	5.000000e+00	
1267	1.200006e-02	0.000000e+00	0.000000e+00	5.000000e+00	
1268	1.200009e-02	0.000000e+00	0.000000e+00	5.000000e+00	
1269	1.200016e-02	0.000000e+00	0.000000e+00	5.000000e+00	
1270	1.200029e-02	0.000000e+00	0.000000e+00	5.000000e+00	
1271	1.200055e-02	0.000000e+00	0.000000e+00	5.000000e+00	
1272	1.200108e-02	0.000000e+00	0.000000e+00	5.000000e+00	

Index   time            V(11/b4)        V(12/a4)        V(13/s3)        
--------------------------------------------------------------------------------
1273	1.200212e-02	0.000000e+00	0.000000e+00	5.000000e+00	
1274	1.200422e-02	0.000000e+00	0.000000e+00	5.000000e+00	
1275	1.200842e-02	0.000000e+00	0.000000e+00	5.000000e+00	
1276	1.201680e-02	0.000000e+00	0.000000e+00	5.000000e+00	
1277	1.203358e-02	0.000000e+00	0.000000e+00	5.000000e+00	
1278	1.206714e-02	0.000000e+00	0.000000e+00	5.000000e+00	
1279	1.213424e-02	0.000000e+00	0.000000e+00	5.000000e+00	
1280	1.223424e-02	0.000000e+00	0.000000e+00	5.000000e+00	
1281	1.233424e-02	0.000000e+00	0.000000e+00	5.000000e+00	
1282	1.243424e-02	0.000000e+00	0.000000e+00	5.000000e+00	
1283	1.253424e-02	0.000000e+00	0.000000e+00	5.000000e+00	
1284	1.263424e-02	0.000000e+00	0.000000e+00	5.000000e+00	
1285	1.273424e-02	0.000000e+00	0.000000e+00	5.000000e+00	
1286	1.283424e-02	0.000000e+00	0.000000e+00	5.000000e+00	
1287	1.293424e-02	0.000000e+00	0.000000e+00	5.000000e+00	
1288	1.300001e-02	0.000000e+00	0.000000e+00	5.000000e+00	
1289	1.300001e-02	0.000000e+00	0.000000e+00	5.000000e+00	
1290	1.300001e-02	0.000000e+00	0.000000e+00	5.000000e+00	
1291	1.300002e-02	0.000000e+00	0.000000e+00	5.000000e+00	
1292	1.300002e-02	0.000000e+00	0.000000e+00	5.000000e+00	
1293	1.300002e-02	0.000000e+00	0.000000e+00	5.000000e+00	
1294	1.300002e-02	0.000000e+00	0.000000e+00	5.000000e+00	
1295	1.300002e-02	0.000000e+00	0.000000e+00	5.000000e+00	
1296	1.300002e-02	0.000000e+00	0.000000e+00	5.000000e+00	
1297	1.300002e-02	0.000000e+00	0.000000e+00	5.000000e+00	
1298	1.300002e-02	0.000000e+00	0.000000e+00	5.000000e+00	
1299	1.300002e-02	0.000000e+00	0.000000e+00	5.000000e+00	
1300	1.300002e-02	0.000000e+00	0.000000e+00	5.000000e+00	
1301	1.300002e-02	0.000000e+00	0.000000e+00	5.000000e+00	
1302	1.300002e-02	0.000000e+00	0.000000e+00	5.000000e+00	
1303	1.300002e-02	0.000000e+00	0.000000e+00	5.000000e+00	
1304	1.300002e-02	0.000000e+00	0.000000e+00	5.000000e+00	
1305	1.300002e-02	0.000000e+00	0.000000e+00	5.000000e+00	
1306	1.300002e-02	0.000000e+00	0.000000e+00	5.000000e+00	
1307	1.300002e-02	0.000000e+00	0.000000e+00	5.000000e+00	
1308	1.300002e-02	0.000000e+00	0.000000e+00	5.000000e+00	
1309	1.300002e-02	0.000000e+00	0.000000e+00	5.000000e+00	
1310	1.300002e-02	0.000000e+00	0.000000e+00	5.000000e+00	
1311	1.300002e-02	0.000000e+00	0.000000e+00	5.000000e+00	
1312	1.300002e-02	0.000000e+00	0.000000e+00	5.000000e+00	
1313	1.300003e-02	0.000000e+00	0.000000e+00	5.000000e+00	
1314	1.300003e-02	0.000000e+00	0.000000e+00	5.000000e+00	
1315	1.300003e-02	0.000000e+00	0.000000e+00	5.000000e+00	
1316	1.300003e-02	0.000000e+00	0.000000e+00	5.000000e+00	
1317	1.300003e-02	0.000000e+00	0.000000e+00	5.000000e+00	
1318	1.300003e-02	0.000000e+00	0.000000e+00	5.000000e+00	
1319	1.300003e-02	0.000000e+00	0.000000e+00	5.000000e+00	
1320	1.300003e-02	0.000000e+00	0.000000e+00	5.000000e+00	
1321	1.300003e-02	0.000000e+00	0.000000e+00	5.000000e+00	
1322	1.300003e-02	0.000000e+00	0.000000e+00	5.000000e+00	
1323	1.300003e-02	0.000000e+00	0.000000e+00	5.000000e+00	
1324	1.300003e-02	0.000000e+00	0.000000e+00	5.000000e+00	
1325	1.300003e-02	0.000000e+00	0.000000e+00	5.000000e+00	
1326	1.300003e-02	0.000000e+00	0.000000e+00	5.000000e+00	
1327	1.300003e-02	0.000000e+00	0.000000e+00	5.000000e+00	
1328	1.300003e-02	0.000000e+00	0.000000e+00	5.000000e+00	
1329	1.300003e-02	0.000000e+00	0.000000e+00	5.000000e+00	
1330	1.300003e-02	0.000000e+00	0.000000e+00	5.000000e+00	

Index   time            V(11/b4)        V(12/a4)        V(13/s3)        
--------------------------------------------------------------------------------
1331	1.300003e-02	0.000000e+00	0.000000e+00	5.000000e+00	
1332	1.300003e-02	0.000000e+00	0.000000e+00	5.000000e+00	
1333	1.300003e-02	0.000000e+00	0.000000e+00	5.000000e+00	
1334	1.300003e-02	0.000000e+00	0.000000e+00	5.000000e+00	
1335	1.300003e-02	0.000000e+00	0.000000e+00	5.000000e+00	
1336	1.300003e-02	0.000000e+00	0.000000e+00	5.000000e+00	
1337	1.300003e-02	0.000000e+00	0.000000e+00	5.000000e+00	
1338	1.300003e-02	0.000000e+00	0.000000e+00	5.000000e+00	
1339	1.300004e-02	0.000000e+00	0.000000e+00	5.000000e+00	
1340	1.300006e-02	0.000000e+00	0.000000e+00	5.000000e+00	
1341	1.300009e-02	0.000000e+00	0.000000e+00	5.000000e+00	
1342	1.300016e-02	0.000000e+00	0.000000e+00	5.000000e+00	
1343	1.300029e-02	0.000000e+00	0.000000e+00	5.000000e+00	
1344	1.300055e-02	0.000000e+00	0.000000e+00	5.000000e+00	
1345	1.300107e-02	0.000000e+00	0.000000e+00	5.000000e+00	
1346	1.300212e-02	0.000000e+00	0.000000e+00	5.000000e+00	
1347	1.300422e-02	0.000000e+00	0.000000e+00	5.000000e+00	
1348	1.300841e-02	0.000000e+00	0.000000e+00	5.000000e+00	
1349	1.301680e-02	0.000000e+00	0.000000e+00	5.000000e+00	
1350	1.303358e-02	0.000000e+00	0.000000e+00	5.000000e+00	
1351	1.306713e-02	0.000000e+00	0.000000e+00	5.000000e+00	
1352	1.313424e-02	0.000000e+00	0.000000e+00	5.000000e+00	
1353	1.323424e-02	0.000000e+00	0.000000e+00	5.000000e+00	
1354	1.333424e-02	0.000000e+00	0.000000e+00	5.000000e+00	
1355	1.343424e-02	0.000000e+00	0.000000e+00	5.000000e+00	
1356	1.353424e-02	0.000000e+00	0.000000e+00	5.000000e+00	
1357	1.363424e-02	0.000000e+00	0.000000e+00	5.000000e+00	
1358	1.373424e-02	0.000000e+00	0.000000e+00	5.000000e+00	
1359	1.383424e-02	0.000000e+00	0.000000e+00	5.000000e+00	
1360	1.393424e-02	0.000000e+00	0.000000e+00	5.000000e+00	
1361	1.400000e-02	0.000000e+00	0.000000e+00	5.000000e+00	
1362	1.400000e-02	0.000000e+00	0.000000e+00	5.000000e+00	
1363	1.400000e-02	0.000000e+00	0.000000e+00	5.000000e+00	
1364	1.400001e-02	0.000000e+00	0.000000e+00	5.000000e+00	
1365	1.400001e-02	0.000000e+00	0.000000e+00	5.000000e+00	
1366	1.400001e-02	0.000000e+00	0.000000e+00	5.000000e+00	
1367	1.400001e-02	0.000000e+00	0.000000e+00	5.000000e+00	
1368	1.400001e-02	0.000000e+00	0.000000e+00	5.000000e+00	
1369	1.400001e-02	0.000000e+00	0.000000e+00	5.000000e+00	
1370	1.400001e-02	0.000000e+00	0.000000e+00	5.000000e+00	
1371	1.400001e-02	0.000000e+00	0.000000e+00	5.000000e+00	
1372	1.400001e-02	0.000000e+00	0.000000e+00	5.000000e+00	
1373	1.400001e-02	0.000000e+00	0.000000e+00	5.000000e+00	
1374	1.400001e-02	0.000000e+00	0.000000e+00	5.000000e+00	
1375	1.400001e-02	0.000000e+00	0.000000e+00	5.000000e+00	
1376	1.400001e-02	0.000000e+00	0.000000e+00	5.000000e+00	
1377	1.400001e-02	0.000000e+00	0.000000e+00	5.000000e+00	
1378	1.400001e-02	0.000000e+00	0.000000e+00	5.000000e+00	
1379	1.400001e-02	0.000000e+00	0.000000e+00	5.000000e+00	
1380	1.400001e-02	0.000000e+00	0.000000e+00	5.000000e+00	
1381	1.400001e-02	0.000000e+00	0.000000e+00	5.000000e+00	
1382	1.400001e-02	0.000000e+00	0.000000e+00	5.000000e+00	
1383	1.400001e-02	0.000000e+00	0.000000e+00	5.000000e+00	
1384	1.400001e-02	0.000000e+00	0.000000e+00	5.000000e+00	
1385	1.400001e-02	0.000000e+00	0.000000e+00	5.000000e+00	
1386	1.400001e-02	0.000000e+00	0.000000e+00	5.000000e+00	
1387	1.400001e-02	0.000000e+00	0.000000e+00	5.000000e+00	
1388	1.400001e-02	0.000000e+00	0.000000e+00	5.000000e+00	

Index   time            V(11/b4)        V(12/a4)        V(13/s3)        
--------------------------------------------------------------------------------
1389	1.400001e-02	0.000000e+00	0.000000e+00	5.000000e+00	
1390	1.400001e-02	0.000000e+00	0.000000e+00	5.000000e+00	
1391	1.400001e-02	0.000000e+00	0.000000e+00	5.000000e+00	
1392	1.400001e-02	0.000000e+00	0.000000e+00	5.000000e+00	
1393	1.400001e-02	0.000000e+00	0.000000e+00	5.000000e+00	
1394	1.400001e-02	0.000000e+00	0.000000e+00	5.000000e+00	
1395	1.400001e-02	0.000000e+00	0.000000e+00	5.000000e+00	
1396	1.400001e-02	0.000000e+00	0.000000e+00	5.000000e+00	
1397	1.400001e-02	0.000000e+00	0.000000e+00	5.000000e+00	
1398	1.400001e-02	0.000000e+00	0.000000e+00	5.000000e+00	
1399	1.400001e-02	0.000000e+00	0.000000e+00	5.000000e+00	
1400	1.400001e-02	0.000000e+00	0.000000e+00	5.000000e+00	
1401	1.400001e-02	0.000000e+00	0.000000e+00	5.000000e+00	
1402	1.400001e-02	0.000000e+00	0.000000e+00	5.000000e+00	
1403	1.400001e-02	0.000000e+00	0.000000e+00	5.000000e+00	
1404	1.400001e-02	0.000000e+00	0.000000e+00	5.000000e+00	
1405	1.400001e-02	0.000000e+00	0.000000e+00	5.000000e+00	
1406	1.400001e-02	0.000000e+00	0.000000e+00	5.000000e+00	
1407	1.400001e-02	0.000000e+00	0.000000e+00	5.000000e+00	
1408	1.400001e-02	0.000000e+00	0.000000e+00	5.000000e+00	
1409	1.400001e-02	0.000000e+00	0.000000e+00	5.000000e+00	
1410	1.400002e-02	0.000000e+00	0.000000e+00	5.000000e+00	
1411	1.400002e-02	0.000000e+00	0.000000e+00	5.000000e+00	
1412	1.400002e-02	0.000000e+00	0.000000e+00	5.000000e+00	
1413	1.400002e-02	0.000000e+00	0.000000e+00	5.000000e+00	
1414	1.400002e-02	0.000000e+00	0.000000e+00	5.000000e+00	
1415	1.400002e-02	0.000000e+00	0.000000e+00	5.000000e+00	
1416	1.400002e-02	0.000000e+00	0.000000e+00	5.000000e+00	
1417	1.400002e-02	0.000000e+00	0.000000e+00	5.000000e+00	
1418	1.400002e-02	0.000000e+00	0.000000e+00	5.000000e+00	
1419	1.400002e-02	0.000000e+00	0.000000e+00	5.000000e+00	
1420	1.400002e-02	0.000000e+00	0.000000e+00	5.000000e+00	
1421	1.400002e-02	0.000000e+00	0.000000e+00	5.000000e+00	
1422	1.400002e-02	0.000000e+00	0.000000e+00	5.000000e+00	
1423	1.400002e-02	0.000000e+00	0.000000e+00	5.000000e+00	
1424	1.400002e-02	0.000000e+00	0.000000e+00	5.000000e+00	
1425	1.400002e-02	0.000000e+00	0.000000e+00	5.000000e+00	
1426	1.400002e-02	0.000000e+00	0.000000e+00	4.800000e+00	
1427	1.400002e-02	0.000000e+00	0.000000e+00	4.400000e+00	
1428	1.400002e-02	0.000000e+00	0.000000e+00	3.600000e+00	
1429	1.400002e-02	0.000000e+00	0.000000e+00	2.000000e+00	
1430	1.400002e-02	0.000000e+00	0.000000e+00	5.000000e-01	
1431	1.400002e-02	0.000000e+00	0.000000e+00	5.000000e-01	
1432	1.400002e-02	0.000000e+00	0.000000e+00	5.000000e-01	
1433	1.400002e-02	0.000000e+00	0.000000e+00	5.000000e-01	
1434	1.400002e-02	0.000000e+00	0.000000e+00	5.000000e-01	
1435	1.400002e-02	0.000000e+00	0.000000e+00	5.000000e-01	
1436	1.400002e-02	0.000000e+00	0.000000e+00	5.000000e-01	
1437	1.400003e-02	0.000000e+00	0.000000e+00	5.000000e-01	
1438	1.400003e-02	0.000000e+00	0.000000e+00	5.000000e-01	
1439	1.400003e-02	0.000000e+00	0.000000e+00	5.000000e-01	
1440	1.400003e-02	0.000000e+00	0.000000e+00	5.000000e-01	
1441	1.400003e-02	0.000000e+00	0.000000e+00	5.000000e-01	
1442	1.400003e-02	0.000000e+00	0.000000e+00	5.000000e-01	
1443	1.400003e-02	0.000000e+00	0.000000e+00	5.000000e-01	
1444	1.400003e-02	0.000000e+00	0.000000e+00	5.000000e-01	
1445	1.400003e-02	0.000000e+00	0.000000e+00	4.500000e-01	
1446	1.400003e-02	0.000000e+00	0.000000e+00	3.500000e-01	

Index   time            V(11/b4)        V(12/a4)        V(13/s3)        
--------------------------------------------------------------------------------
1447	1.400003e-02	0.000000e+00	0.000000e+00	1.500000e-01	
1448	1.400003e-02	0.000000e+00	0.000000e+00	0.000000e+00	
1449	1.400003e-02	0.000000e+00	0.000000e+00	0.000000e+00	
1450	1.400003e-02	0.000000e+00	0.000000e+00	0.000000e+00	
1451	1.400003e-02	0.000000e+00	0.000000e+00	0.000000e+00	
1452	1.400003e-02	0.000000e+00	0.000000e+00	0.000000e+00	
1453	1.400003e-02	0.000000e+00	0.000000e+00	0.000000e+00	
1454	1.400003e-02	0.000000e+00	0.000000e+00	0.000000e+00	
1455	1.400003e-02	0.000000e+00	0.000000e+00	0.000000e+00	
1456	1.400003e-02	0.000000e+00	0.000000e+00	0.000000e+00	
1457	1.400003e-02	0.000000e+00	0.000000e+00	0.000000e+00	
1458	1.400004e-02	0.000000e+00	0.000000e+00	0.000000e+00	
1459	1.400004e-02	0.000000e+00	0.000000e+00	0.000000e+00	
1460	1.400006e-02	0.000000e+00	0.000000e+00	0.000000e+00	
1461	1.400009e-02	0.000000e+00	0.000000e+00	0.000000e+00	
1462	1.400016e-02	0.000000e+00	0.000000e+00	0.000000e+00	
1463	1.400029e-02	0.000000e+00	0.000000e+00	0.000000e+00	
1464	1.400055e-02	0.000000e+00	0.000000e+00	0.000000e+00	
1465	1.400108e-02	0.000000e+00	0.000000e+00	0.000000e+00	
1466	1.400212e-02	0.000000e+00	0.000000e+00	0.000000e+00	
1467	1.400422e-02	0.000000e+00	0.000000e+00	0.000000e+00	
1468	1.400842e-02	0.000000e+00	0.000000e+00	0.000000e+00	
1469	1.401681e-02	0.000000e+00	0.000000e+00	0.000000e+00	
1470	1.403358e-02	0.000000e+00	0.000000e+00	0.000000e+00	
1471	1.406714e-02	0.000000e+00	0.000000e+00	0.000000e+00	
1472	1.413425e-02	0.000000e+00	0.000000e+00	0.000000e+00	
1473	1.423425e-02	0.000000e+00	0.000000e+00	0.000000e+00	
1474	1.433425e-02	0.000000e+00	0.000000e+00	0.000000e+00	
1475	1.443425e-02	0.000000e+00	0.000000e+00	0.000000e+00	
1476	1.453425e-02	0.000000e+00	0.000000e+00	0.000000e+00	
1477	1.463425e-02	0.000000e+00	0.000000e+00	0.000000e+00	
1478	1.473425e-02	0.000000e+00	0.000000e+00	0.000000e+00	
1479	1.483425e-02	0.000000e+00	0.000000e+00	0.000000e+00	
1480	1.493425e-02	0.000000e+00	0.000000e+00	0.000000e+00	
1481	1.500001e-02	0.000000e+00	0.000000e+00	0.000000e+00	
1482	1.500001e-02	0.000000e+00	0.000000e+00	0.000000e+00	
1483	1.500001e-02	0.000000e+00	0.000000e+00	0.000000e+00	
1484	1.500002e-02	0.000000e+00	0.000000e+00	0.000000e+00	
1485	1.500002e-02	0.000000e+00	0.000000e+00	0.000000e+00	
1486	1.500002e-02	0.000000e+00	0.000000e+00	0.000000e+00	
1487	1.500002e-02	0.000000e+00	0.000000e+00	0.000000e+00	
1488	1.500002e-02	0.000000e+00	0.000000e+00	0.000000e+00	
1489	1.500002e-02	0.000000e+00	0.000000e+00	0.000000e+00	
1490	1.500002e-02	0.000000e+00	0.000000e+00	0.000000e+00	
1491	1.500002e-02	0.000000e+00	0.000000e+00	0.000000e+00	
1492	1.500002e-02	0.000000e+00	0.000000e+00	0.000000e+00	
1493	1.500002e-02	0.000000e+00	0.000000e+00	0.000000e+00	
1494	1.500002e-02	0.000000e+00	0.000000e+00	0.000000e+00	
1495	1.500002e-02	0.000000e+00	0.000000e+00	0.000000e+00	
1496	1.500002e-02	0.000000e+00	0.000000e+00	0.000000e+00	
1497	1.500002e-02	0.000000e+00	0.000000e+00	0.000000e+00	
1498	1.500002e-02	0.000000e+00	0.000000e+00	0.000000e+00	
1499	1.500002e-02	0.000000e+00	0.000000e+00	0.000000e+00	
1500	1.500002e-02	0.000000e+00	0.000000e+00	0.000000e+00	
1501	1.500002e-02	0.000000e+00	0.000000e+00	0.000000e+00	
1502	1.500002e-02	0.000000e+00	0.000000e+00	0.000000e+00	
1503	1.500002e-02	0.000000e+00	0.000000e+00	0.000000e+00	
1504	1.500002e-02	0.000000e+00	0.000000e+00	0.000000e+00	

Index   time            V(11/b4)        V(12/a4)        V(13/s3)        
--------------------------------------------------------------------------------
1505	1.500002e-02	0.000000e+00	0.000000e+00	0.000000e+00	
1506	1.500003e-02	0.000000e+00	0.000000e+00	0.000000e+00	
1507	1.500003e-02	0.000000e+00	0.000000e+00	0.000000e+00	
1508	1.500003e-02	0.000000e+00	0.000000e+00	0.000000e+00	
1509	1.500003e-02	0.000000e+00	0.000000e+00	0.000000e+00	
1510	1.500003e-02	0.000000e+00	0.000000e+00	0.000000e+00	
1511	1.500003e-02	0.000000e+00	0.000000e+00	0.000000e+00	
1512	1.500003e-02	0.000000e+00	0.000000e+00	0.000000e+00	
1513	1.500003e-02	0.000000e+00	0.000000e+00	0.000000e+00	
1514	1.500003e-02	0.000000e+00	0.000000e+00	0.000000e+00	
1515	1.500003e-02	0.000000e+00	0.000000e+00	0.000000e+00	
1516	1.500003e-02	0.000000e+00	0.000000e+00	0.000000e+00	
1517	1.500003e-02	0.000000e+00	0.000000e+00	0.000000e+00	
1518	1.500003e-02	0.000000e+00	0.000000e+00	0.000000e+00	
1519	1.500003e-02	0.000000e+00	0.000000e+00	0.000000e+00	
1520	1.500003e-02	0.000000e+00	0.000000e+00	0.000000e+00	
1521	1.500003e-02	0.000000e+00	0.000000e+00	0.000000e+00	
1522	1.500003e-02	0.000000e+00	0.000000e+00	0.000000e+00	
1523	1.500003e-02	0.000000e+00	0.000000e+00	0.000000e+00	
1524	1.500003e-02	0.000000e+00	0.000000e+00	0.000000e+00	
1525	1.500003e-02	0.000000e+00	0.000000e+00	0.000000e+00	
1526	1.500003e-02	0.000000e+00	0.000000e+00	0.000000e+00	
1527	1.500003e-02	0.000000e+00	0.000000e+00	0.000000e+00	
1528	1.500003e-02	0.000000e+00	0.000000e+00	0.000000e+00	
1529	1.500003e-02	0.000000e+00	0.000000e+00	0.000000e+00	
1530	1.500003e-02	0.000000e+00	0.000000e+00	0.000000e+00	
1531	1.500003e-02	0.000000e+00	0.000000e+00	0.000000e+00	
1532	1.500004e-02	0.000000e+00	0.000000e+00	0.000000e+00	
1533	1.500006e-02	0.000000e+00	0.000000e+00	0.000000e+00	
1534	1.500009e-02	0.000000e+00	0.000000e+00	0.000000e+00	
1535	1.500016e-02	0.000000e+00	0.000000e+00	0.000000e+00	
1536	1.500029e-02	0.000000e+00	0.000000e+00	0.000000e+00	
1537	1.500055e-02	0.000000e+00	0.000000e+00	0.000000e+00	
1538	1.500107e-02	0.000000e+00	0.000000e+00	0.000000e+00	
1539	1.500212e-02	0.000000e+00	0.000000e+00	0.000000e+00	
1540	1.500422e-02	0.000000e+00	0.000000e+00	0.000000e+00	
1541	1.500841e-02	0.000000e+00	0.000000e+00	0.000000e+00	
1542	1.501680e-02	0.000000e+00	0.000000e+00	0.000000e+00	
1543	1.503358e-02	0.000000e+00	0.000000e+00	0.000000e+00	
1544	1.506713e-02	0.000000e+00	0.000000e+00	0.000000e+00	
1545	1.513424e-02	0.000000e+00	0.000000e+00	0.000000e+00	
1546	1.523424e-02	0.000000e+00	0.000000e+00	0.000000e+00	
1547	1.533424e-02	0.000000e+00	0.000000e+00	0.000000e+00	
1548	1.543424e-02	0.000000e+00	0.000000e+00	0.000000e+00	
1549	1.553424e-02	0.000000e+00	0.000000e+00	0.000000e+00	
1550	1.563424e-02	0.000000e+00	0.000000e+00	0.000000e+00	
1551	1.573424e-02	0.000000e+00	0.000000e+00	0.000000e+00	
1552	1.583424e-02	0.000000e+00	0.000000e+00	0.000000e+00	
1553	1.593424e-02	0.000000e+00	0.000000e+00	0.000000e+00	
1554	1.600000e-02	0.000000e+00	0.000000e+00	0.000000e+00	

                                kicad schematic
                                Transient Analysis  Mon Nov 03 10:54:37  2025
--------------------------------------------------------------------------------
Index   time            V(14/a3)        V(15/b3)        
--------------------------------------------------------------------------------
0	0.000000e+00	0.000000e+00	0.000000e+00	
1	1.000000e-10	5.000000e-02	5.000000e-02	
2	2.000000e-10	1.000000e-01	1.000000e-01	
3	4.000000e-10	2.000000e-01	2.000000e-01	
4	8.000000e-10	4.000000e-01	4.000000e-01	
5	1.600000e-09	8.000000e-01	8.000000e-01	
6	3.200000e-09	1.600000e+00	1.600000e+00	
7	6.400000e-09	3.200000e+00	3.200000e+00	
8	7.200000e-09	3.600000e+00	3.600000e+00	
9	7.210000e-09	3.605000e+00	3.605000e+00	
10	7.230000e-09	3.615000e+00	3.615000e+00	
11	7.270000e-09	3.635000e+00	3.635000e+00	
12	7.300000e-09	3.650000e+00	3.650000e+00	
13	7.308000e-09	3.654000e+00	3.654000e+00	
14	7.324000e-09	3.662000e+00	3.662000e+00	
15	7.356000e-09	3.678000e+00	3.678000e+00	
16	7.420000e-09	3.710000e+00	3.710000e+00	
17	7.548000e-09	3.774000e+00	3.774000e+00	
18	7.804000e-09	3.902000e+00	3.902000e+00	
19	8.200000e-09	4.100000e+00	4.100000e+00	
20	8.210000e-09	4.105000e+00	4.105000e+00	
21	8.230000e-09	4.115000e+00	4.115000e+00	
22	8.270000e-09	4.135000e+00	4.135000e+00	
23	8.300000e-09	4.150000e+00	4.150000e+00	
24	8.308000e-09	4.154000e+00	4.154000e+00	
25	8.324000e-09	4.162000e+00	4.162000e+00	
26	8.356000e-09	4.178000e+00	4.178000e+00	
27	8.420000e-09	4.210000e+00	4.210000e+00	
28	8.548000e-09	4.274000e+00	4.274000e+00	
29	8.804000e-09	4.402000e+00	4.402000e+00	
30	9.200000e-09	4.600000e+00	4.600000e+00	
31	9.210000e-09	4.605000e+00	4.605000e+00	
32	9.230000e-09	4.615000e+00	4.615000e+00	
33	9.270000e-09	4.635000e+00	4.635000e+00	
34	9.300000e-09	4.650000e+00	4.650000e+00	
35	9.308000e-09	4.654000e+00	4.654000e+00	
36	9.324000e-09	4.662000e+00	4.662000e+00	
37	9.356000e-09	4.678000e+00	4.678000e+00	
38	9.420000e-09	4.710000e+00	4.710000e+00	
39	9.548000e-09	4.774000e+00	4.774000e+00	
40	9.804000e-09	4.902000e+00	4.902000e+00	
41	1.000000e-08	5.000000e+00	5.000000e+00	
42	1.005120e-08	5.000000e+00	5.000000e+00	
43	1.015360e-08	5.000000e+00	5.000000e+00	
44	1.035840e-08	5.000000e+00	5.000000e+00	
45	1.076800e-08	5.000000e+00	5.000000e+00	
46	1.140000e-08	5.000000e+00	5.000000e+00	
47	1.148192e-08	5.000000e+00	5.000000e+00	
48	1.164576e-08	5.000000e+00	5.000000e+00	
49	1.197344e-08	5.000000e+00	5.000000e+00	
50	1.230000e-08	5.000000e+00	5.000000e+00	
51	1.236554e-08	5.000000e+00	5.000000e+00	
52	1.240000e-08	5.000000e+00	5.000000e+00	
53	1.241311e-08	5.000000e+00	5.000000e+00	
54	1.243932e-08	5.000000e+00	5.000000e+00	

Index   time            V(14/a3)        V(15/b3)        
--------------------------------------------------------------------------------
55	1.249175e-08	5.000000e+00	5.000000e+00	
56	1.259661e-08	5.000000e+00	5.000000e+00	
57	1.280632e-08	5.000000e+00	5.000000e+00	
58	1.322575e-08	5.000000e+00	5.000000e+00	
59	1.330000e-08	5.000000e+00	5.000000e+00	
60	1.338389e-08	5.000000e+00	5.000000e+00	
61	1.340000e-08	5.000000e+00	5.000000e+00	
62	1.341678e-08	5.000000e+00	5.000000e+00	
63	1.345033e-08	5.000000e+00	5.000000e+00	
64	1.351744e-08	5.000000e+00	5.000000e+00	
65	1.365166e-08	5.000000e+00	5.000000e+00	
66	1.392009e-08	5.000000e+00	5.000000e+00	
67	1.430000e-08	5.000000e+00	5.000000e+00	
68	1.435369e-08	5.000000e+00	5.000000e+00	
69	1.440000e-08	5.000000e+00	5.000000e+00	
70	1.441074e-08	5.000000e+00	5.000000e+00	
71	1.443221e-08	5.000000e+00	5.000000e+00	
72	1.447516e-08	5.000000e+00	5.000000e+00	
73	1.456106e-08	5.000000e+00	5.000000e+00	
74	1.473286e-08	5.000000e+00	5.000000e+00	
75	1.507646e-08	5.000000e+00	5.000000e+00	
76	1.530000e-08	5.000000e+00	5.000000e+00	
77	1.536872e-08	5.000000e+00	5.000000e+00	
78	1.550616e-08	5.000000e+00	5.000000e+00	
79	1.578104e-08	5.000000e+00	5.000000e+00	
80	1.633079e-08	5.000000e+00	5.000000e+00	
81	1.743030e-08	5.000000e+00	5.000000e+00	
82	1.962933e-08	5.000000e+00	5.000000e+00	
83	2.402737e-08	5.000000e+00	5.000000e+00	
84	3.282347e-08	5.000000e+00	5.000000e+00	
85	5.041565e-08	5.000000e+00	5.000000e+00	
86	8.560002e-08	5.000000e+00	5.000000e+00	
87	1.559688e-07	5.000000e+00	5.000000e+00	
88	2.967063e-07	5.000000e+00	5.000000e+00	
89	5.781812e-07	5.000000e+00	5.000000e+00	
90	1.141131e-06	5.000000e+00	5.000000e+00	
91	2.267031e-06	5.000000e+00	5.000000e+00	
92	4.518831e-06	5.000000e+00	5.000000e+00	
93	9.022431e-06	5.000000e+00	5.000000e+00	
94	1.802963e-05	5.000000e+00	5.000000e+00	
95	3.604403e-05	5.000000e+00	5.000000e+00	
96	7.207283e-05	5.000000e+00	5.000000e+00	
97	1.441304e-04	5.000000e+00	5.000000e+00	
98	2.441304e-04	5.000000e+00	5.000000e+00	
99	3.441304e-04	5.000000e+00	5.000000e+00	
100	4.441304e-04	5.000000e+00	5.000000e+00	
101	5.441304e-04	5.000000e+00	5.000000e+00	
102	6.441304e-04	5.000000e+00	5.000000e+00	
103	7.441304e-04	5.000000e+00	5.000000e+00	
104	8.441304e-04	5.000000e+00	5.000000e+00	
105	9.441304e-04	5.000000e+00	5.000000e+00	
106	1.000010e-03	5.000000e+00	5.000000e+00	
107	1.000011e-03	5.000000e+00	5.000000e+00	
108	1.000013e-03	5.000000e+00	5.000000e+00	
109	1.000017e-03	5.000000e+00	5.000000e+00	
110	1.000020e-03	5.000000e+00	5.000000e+00	
111	1.000021e-03	5.000000e+00	5.000000e+00	
112	1.000021e-03	5.000000e+00	5.000000e+00	

Index   time            V(14/a3)        V(15/b3)        
--------------------------------------------------------------------------------
113	1.000021e-03	5.000000e+00	5.000000e+00	
114	1.000021e-03	5.000000e+00	5.000000e+00	
115	1.000022e-03	5.000000e+00	5.000000e+00	
116	1.000022e-03	5.000000e+00	5.000000e+00	
117	1.000022e-03	5.000000e+00	5.000000e+00	
118	1.000022e-03	5.000000e+00	5.000000e+00	
119	1.000022e-03	5.000000e+00	5.000000e+00	
120	1.000023e-03	5.000000e+00	5.000000e+00	
121	1.000023e-03	5.000000e+00	5.000000e+00	
122	1.000023e-03	5.000000e+00	5.000000e+00	
123	1.000023e-03	5.000000e+00	5.000000e+00	
124	1.000023e-03	5.000000e+00	5.000000e+00	
125	1.000024e-03	5.000000e+00	5.000000e+00	
126	1.000024e-03	5.000000e+00	5.000000e+00	
127	1.000024e-03	5.000000e+00	5.000000e+00	
128	1.000024e-03	5.000000e+00	5.000000e+00	
129	1.000024e-03	5.000000e+00	5.000000e+00	
130	1.000025e-03	5.000000e+00	5.000000e+00	
131	1.000025e-03	5.000000e+00	5.000000e+00	
132	1.000025e-03	5.000000e+00	5.000000e+00	
133	1.000025e-03	5.000000e+00	5.000000e+00	
134	1.000025e-03	5.000000e+00	5.000000e+00	
135	1.000025e-03	5.000000e+00	5.000000e+00	
136	1.000025e-03	5.000000e+00	5.000000e+00	
137	1.000025e-03	5.000000e+00	5.000000e+00	
138	1.000025e-03	5.000000e+00	5.000000e+00	
139	1.000025e-03	5.000000e+00	5.000000e+00	
140	1.000025e-03	5.000000e+00	5.000000e+00	
141	1.000026e-03	5.000000e+00	5.000000e+00	
142	1.000026e-03	5.000000e+00	5.000000e+00	
143	1.000026e-03	5.000000e+00	5.000000e+00	
144	1.000026e-03	5.000000e+00	5.000000e+00	
145	1.000026e-03	5.000000e+00	5.000000e+00	
146	1.000026e-03	5.000000e+00	5.000000e+00	
147	1.000026e-03	5.000000e+00	5.000000e+00	
148	1.000026e-03	5.000000e+00	5.000000e+00	
149	1.000026e-03	5.000000e+00	5.000000e+00	
150	1.000026e-03	5.000000e+00	5.000000e+00	
151	1.000026e-03	5.000000e+00	5.000000e+00	
152	1.000027e-03	5.000000e+00	5.000000e+00	
153	1.000027e-03	5.000000e+00	5.000000e+00	
154	1.000028e-03	5.000000e+00	5.000000e+00	
155	1.000030e-03	5.000000e+00	5.000000e+00	
156	1.000034e-03	5.000000e+00	5.000000e+00	
157	1.000042e-03	5.000000e+00	5.000000e+00	
158	1.000059e-03	5.000000e+00	5.000000e+00	
159	1.000092e-03	5.000000e+00	5.000000e+00	
160	1.000157e-03	5.000000e+00	5.000000e+00	
161	1.000288e-03	5.000000e+00	5.000000e+00	
162	1.000550e-03	5.000000e+00	5.000000e+00	
163	1.001075e-03	5.000000e+00	5.000000e+00	
164	1.002123e-03	5.000000e+00	5.000000e+00	
165	1.004220e-03	5.000000e+00	5.000000e+00	
166	1.008415e-03	5.000000e+00	5.000000e+00	
167	1.016803e-03	5.000000e+00	5.000000e+00	
168	1.033581e-03	5.000000e+00	5.000000e+00	
169	1.067135e-03	5.000000e+00	5.000000e+00	
170	1.134244e-03	5.000000e+00	5.000000e+00	

Index   time            V(14/a3)        V(15/b3)        
--------------------------------------------------------------------------------
171	1.234244e-03	5.000000e+00	5.000000e+00	
172	1.334244e-03	5.000000e+00	5.000000e+00	
173	1.434244e-03	5.000000e+00	5.000000e+00	
174	1.534244e-03	5.000000e+00	5.000000e+00	
175	1.634244e-03	5.000000e+00	5.000000e+00	
176	1.734244e-03	5.000000e+00	5.000000e+00	
177	1.834244e-03	5.000000e+00	5.000000e+00	
178	1.934244e-03	5.000000e+00	5.000000e+00	
179	2.000000e-03	5.000000e+00	5.000000e+00	
180	2.000001e-03	5.000000e+00	5.000000e+00	
181	2.000003e-03	5.000000e+00	5.000000e+00	
182	2.000007e-03	5.000000e+00	5.000000e+00	
183	2.000007e-03	5.000000e+00	5.000000e+00	
184	2.000007e-03	5.000000e+00	5.000000e+00	
185	2.000007e-03	5.000000e+00	5.000000e+00	
186	2.000007e-03	5.000000e+00	5.000000e+00	
187	2.000007e-03	5.000000e+00	5.000000e+00	
188	2.000007e-03	5.000000e+00	5.000000e+00	
189	2.000007e-03	5.000000e+00	5.000000e+00	
190	2.000007e-03	5.000000e+00	5.000000e+00	
191	2.000007e-03	5.000000e+00	5.000000e+00	
192	2.000008e-03	5.000000e+00	5.000000e+00	
193	2.000008e-03	5.000000e+00	5.000000e+00	
194	2.000009e-03	5.000000e+00	5.000000e+00	
195	2.000009e-03	5.000000e+00	5.000000e+00	
196	2.000009e-03	5.000000e+00	5.000000e+00	
197	2.000009e-03	5.000000e+00	5.000000e+00	
198	2.000009e-03	5.000000e+00	5.000000e+00	
199	2.000009e-03	5.000000e+00	5.000000e+00	
200	2.000009e-03	5.000000e+00	5.000000e+00	
201	2.000009e-03	5.000000e+00	5.000000e+00	
202	2.000009e-03	5.000000e+00	5.000000e+00	
203	2.000009e-03	5.000000e+00	5.000000e+00	
204	2.000010e-03	5.000000e+00	5.000000e+00	
205	2.000010e-03	5.000000e+00	5.000000e+00	
206	2.000010e-03	5.000000e+00	5.000000e+00	
207	2.000010e-03	5.000000e+00	5.000000e+00	
208	2.000010e-03	5.000000e+00	5.000000e+00	
209	2.000011e-03	5.000000e+00	5.000000e+00	
210	2.000012e-03	5.000000e+00	5.000000e+00	
211	2.000012e-03	5.000000e+00	5.000000e+00	
212	2.000012e-03	5.000000e+00	5.000000e+00	
213	2.000012e-03	5.000000e+00	5.000000e+00	
214	2.000013e-03	5.000000e+00	5.000000e+00	
215	2.000013e-03	5.000000e+00	5.000000e+00	
216	2.000013e-03	5.000000e+00	5.000000e+00	
217	2.000013e-03	5.000000e+00	5.000000e+00	
218	2.000013e-03	5.000000e+00	5.000000e+00	
219	2.000013e-03	5.000000e+00	5.000000e+00	
220	2.000013e-03	5.000000e+00	5.000000e+00	
221	2.000013e-03	5.000000e+00	5.000000e+00	
222	2.000013e-03	5.000000e+00	5.000000e+00	
223	2.000014e-03	5.000000e+00	5.000000e+00	
224	2.000014e-03	5.000000e+00	5.000000e+00	
225	2.000014e-03	5.000000e+00	5.000000e+00	
226	2.000014e-03	5.000000e+00	5.000000e+00	
227	2.000015e-03	5.000000e+00	5.000000e+00	
228	2.000015e-03	5.000000e+00	5.000000e+00	

Index   time            V(14/a3)        V(15/b3)        
--------------------------------------------------------------------------------
229	2.000017e-03	5.000000e+00	5.000000e+00	
230	2.000020e-03	5.000000e+00	5.000000e+00	
231	2.000020e-03	5.000000e+00	5.000000e+00	
232	2.000020e-03	5.000000e+00	5.000000e+00	
233	2.000021e-03	5.000000e+00	5.000000e+00	
234	2.000022e-03	5.000000e+00	5.000000e+00	
235	2.000022e-03	5.000000e+00	5.000000e+00	
236	2.000022e-03	5.000000e+00	5.000000e+00	
237	2.000022e-03	5.000000e+00	5.000000e+00	
238	2.000023e-03	5.000000e+00	5.000000e+00	
239	2.000023e-03	5.000000e+00	5.000000e+00	
240	2.000023e-03	5.000000e+00	5.000000e+00	
241	2.000023e-03	5.000000e+00	5.000000e+00	
242	2.000024e-03	5.000000e+00	5.000000e+00	
243	2.000024e-03	5.000000e+00	5.000000e+00	
244	2.000024e-03	5.000000e+00	5.000000e+00	
245	2.000024e-03	5.000000e+00	5.000000e+00	
246	2.000024e-03	5.000000e+00	5.000000e+00	
247	2.000024e-03	5.000000e+00	5.000000e+00	
248	2.000025e-03	5.000000e+00	5.000000e+00	
249	2.000025e-03	5.000000e+00	5.000000e+00	
250	2.000025e-03	5.000000e+00	5.000000e+00	
251	2.000025e-03	5.000000e+00	5.000000e+00	
252	2.000025e-03	5.000000e+00	5.000000e+00	
253	2.000025e-03	5.000000e+00	5.000000e+00	
254	2.000025e-03	5.000000e+00	5.000000e+00	
255	2.000025e-03	5.000000e+00	5.000000e+00	
256	2.000026e-03	5.000000e+00	5.000000e+00	
257	2.000026e-03	5.000000e+00	5.000000e+00	
258	2.000026e-03	5.000000e+00	5.000000e+00	
259	2.000026e-03	5.000000e+00	5.000000e+00	
260	2.000026e-03	5.000000e+00	5.000000e+00	
261	2.000027e-03	5.000000e+00	5.000000e+00	
262	2.000028e-03	5.000000e+00	5.000000e+00	
263	2.000028e-03	5.000000e+00	5.000000e+00	
264	2.000028e-03	5.000000e+00	5.000000e+00	
265	2.000028e-03	5.000000e+00	5.000000e+00	
266	2.000028e-03	5.000000e+00	5.000000e+00	
267	2.000028e-03	5.000000e+00	5.000000e+00	
268	2.000028e-03	5.000000e+00	5.000000e+00	
269	2.000028e-03	5.000000e+00	5.000000e+00	
270	2.000028e-03	5.000000e+00	5.000000e+00	
271	2.000028e-03	5.000000e+00	5.000000e+00	
272	2.000028e-03	5.000000e+00	5.000000e+00	
273	2.000029e-03	5.000000e+00	5.000000e+00	
274	2.000030e-03	5.000000e+00	5.000000e+00	
275	2.000032e-03	5.000000e+00	5.000000e+00	
276	2.000036e-03	5.000000e+00	5.000000e+00	
277	2.000044e-03	5.000000e+00	5.000000e+00	
278	2.000061e-03	5.000000e+00	5.000000e+00	
279	2.000093e-03	5.000000e+00	5.000000e+00	
280	2.000159e-03	5.000000e+00	5.000000e+00	
281	2.000290e-03	5.000000e+00	5.000000e+00	
282	2.000552e-03	5.000000e+00	5.000000e+00	
283	2.001076e-03	5.000000e+00	5.000000e+00	
284	2.002125e-03	5.000000e+00	5.000000e+00	
285	2.004222e-03	5.000000e+00	5.000000e+00	
286	2.008416e-03	5.000000e+00	5.000000e+00	

Index   time            V(14/a3)        V(15/b3)        
--------------------------------------------------------------------------------
287	2.016805e-03	5.000000e+00	5.000000e+00	
288	2.033582e-03	5.000000e+00	5.000000e+00	
289	2.067137e-03	5.000000e+00	5.000000e+00	
290	2.134246e-03	5.000000e+00	5.000000e+00	
291	2.234246e-03	5.000000e+00	5.000000e+00	
292	2.334246e-03	5.000000e+00	5.000000e+00	
293	2.434246e-03	5.000000e+00	5.000000e+00	
294	2.534246e-03	5.000000e+00	5.000000e+00	
295	2.634246e-03	5.000000e+00	5.000000e+00	
296	2.734246e-03	5.000000e+00	5.000000e+00	
297	2.834246e-03	5.000000e+00	5.000000e+00	
298	2.934246e-03	5.000000e+00	5.000000e+00	
299	3.000010e-03	5.000000e+00	5.000000e+00	
300	3.000011e-03	5.000000e+00	5.000000e+00	
301	3.000013e-03	5.000000e+00	5.000000e+00	
302	3.000017e-03	5.000000e+00	5.000000e+00	
303	3.000020e-03	5.000000e+00	5.000000e+00	
304	3.000021e-03	5.000000e+00	5.000000e+00	
305	3.000021e-03	5.000000e+00	5.000000e+00	
306	3.000021e-03	5.000000e+00	5.000000e+00	
307	3.000021e-03	5.000000e+00	5.000000e+00	
308	3.000022e-03	5.000000e+00	5.000000e+00	
309	3.000022e-03	5.000000e+00	5.000000e+00	
310	3.000022e-03	5.000000e+00	5.000000e+00	
311	3.000022e-03	5.000000e+00	5.000000e+00	
312	3.000022e-03	5.000000e+00	5.000000e+00	
313	3.000023e-03	5.000000e+00	5.000000e+00	
314	3.000023e-03	5.000000e+00	5.000000e+00	
315	3.000023e-03	5.000000e+00	5.000000e+00	
316	3.000023e-03	5.000000e+00	5.000000e+00	
317	3.000023e-03	5.000000e+00	5.000000e+00	
318	3.000024e-03	5.000000e+00	5.000000e+00	
319	3.000024e-03	5.000000e+00	5.000000e+00	
320	3.000024e-03	5.000000e+00	5.000000e+00	
321	3.000024e-03	5.000000e+00	5.000000e+00	
322	3.000024e-03	5.000000e+00	5.000000e+00	
323	3.000025e-03	5.000000e+00	5.000000e+00	
324	3.000025e-03	5.000000e+00	5.000000e+00	
325	3.000025e-03	5.000000e+00	5.000000e+00	
326	3.000025e-03	5.000000e+00	5.000000e+00	
327	3.000025e-03	5.000000e+00	5.000000e+00	
328	3.000025e-03	5.000000e+00	5.000000e+00	
329	3.000025e-03	5.000000e+00	5.000000e+00	
330	3.000025e-03	5.000000e+00	5.000000e+00	
331	3.000025e-03	5.000000e+00	5.000000e+00	
332	3.000025e-03	5.000000e+00	5.000000e+00	
333	3.000025e-03	5.000000e+00	5.000000e+00	
334	3.000026e-03	5.000000e+00	5.000000e+00	
335	3.000026e-03	5.000000e+00	5.000000e+00	
336	3.000026e-03	5.000000e+00	5.000000e+00	
337	3.000026e-03	5.000000e+00	5.000000e+00	
338	3.000026e-03	5.000000e+00	5.000000e+00	
339	3.000026e-03	5.000000e+00	5.000000e+00	
340	3.000026e-03	5.000000e+00	5.000000e+00	
341	3.000026e-03	5.000000e+00	5.000000e+00	
342	3.000026e-03	5.000000e+00	5.000000e+00	
343	3.000026e-03	5.000000e+00	5.000000e+00	
344	3.000026e-03	5.000000e+00	5.000000e+00	

Index   time            V(14/a3)        V(15/b3)        
--------------------------------------------------------------------------------
345	3.000027e-03	5.000000e+00	5.000000e+00	
346	3.000027e-03	5.000000e+00	5.000000e+00	
347	3.000028e-03	5.000000e+00	5.000000e+00	
348	3.000030e-03	5.000000e+00	5.000000e+00	
349	3.000034e-03	5.000000e+00	5.000000e+00	
350	3.000042e-03	5.000000e+00	5.000000e+00	
351	3.000059e-03	5.000000e+00	5.000000e+00	
352	3.000092e-03	5.000000e+00	5.000000e+00	
353	3.000157e-03	5.000000e+00	5.000000e+00	
354	3.000288e-03	5.000000e+00	5.000000e+00	
355	3.000550e-03	5.000000e+00	5.000000e+00	
356	3.001075e-03	5.000000e+00	5.000000e+00	
357	3.002123e-03	5.000000e+00	5.000000e+00	
358	3.004220e-03	5.000000e+00	5.000000e+00	
359	3.008415e-03	5.000000e+00	5.000000e+00	
360	3.016803e-03	5.000000e+00	5.000000e+00	
361	3.033581e-03	5.000000e+00	5.000000e+00	
362	3.067135e-03	5.000000e+00	5.000000e+00	
363	3.134244e-03	5.000000e+00	5.000000e+00	
364	3.234244e-03	5.000000e+00	5.000000e+00	
365	3.334244e-03	5.000000e+00	5.000000e+00	
366	3.434244e-03	5.000000e+00	5.000000e+00	
367	3.534244e-03	5.000000e+00	5.000000e+00	
368	3.634244e-03	5.000000e+00	5.000000e+00	
369	3.734244e-03	5.000000e+00	5.000000e+00	
370	3.834244e-03	5.000000e+00	5.000000e+00	
371	3.934244e-03	5.000000e+00	5.000000e+00	
372	4.000000e-03	5.000000e+00	5.000000e+00	
373	4.000001e-03	5.000000e+00	5.000000e+00	
374	4.000003e-03	5.000000e+00	5.000000e+00	
375	4.000007e-03	5.000000e+00	5.000000e+00	
376	4.000008e-03	5.000000e+00	5.000000e+00	
377	4.000008e-03	5.000000e+00	5.000000e+00	
378	4.000008e-03	5.000000e+00	5.000000e+00	
379	4.000008e-03	5.000000e+00	5.000000e+00	
380	4.000008e-03	5.000000e+00	5.000000e+00	
381	4.000008e-03	5.000000e+00	5.000000e+00	
382	4.000008e-03	5.000000e+00	5.000000e+00	
383	4.000008e-03	5.000000e+00	5.000000e+00	
384	4.000008e-03	5.000000e+00	5.000000e+00	
385	4.000008e-03	5.000000e+00	5.000000e+00	
386	4.000009e-03	5.000000e+00	5.000000e+00	
387	4.000009e-03	5.000000e+00	5.000000e+00	
388	4.000010e-03	5.000000e+00	5.000000e+00	
389	4.000010e-03	4.948800e+00	4.948800e+00	
390	4.000010e-03	4.898800e+00	4.898800e+00	
391	4.000010e-03	4.888560e+00	4.888560e+00	
392	4.000010e-03	4.868080e+00	4.868080e+00	
393	4.000010e-03	4.827120e+00	4.827120e+00	
394	4.000011e-03	4.745200e+00	4.745200e+00	
395	4.000011e-03	4.581360e+00	4.581360e+00	
396	4.000011e-03	4.253680e+00	4.253680e+00	
397	4.000012e-03	4.000000e+00	4.000000e+00	
398	4.000012e-03	3.955000e+00	3.955000e+00	
399	4.000012e-03	3.865000e+00	3.865000e+00	
400	4.000013e-03	3.685000e+00	3.685000e+00	
401	4.000013e-03	3.550000e+00	3.550000e+00	
402	4.000013e-03	3.514000e+00	3.514000e+00	

Index   time            V(14/a3)        V(15/b3)        
--------------------------------------------------------------------------------
403	4.000013e-03	3.500000e+00	3.500000e+00	
404	4.000013e-03	3.492800e+00	3.492800e+00	
405	4.000013e-03	3.478400e+00	3.478400e+00	
406	4.000013e-03	3.449600e+00	3.449600e+00	
407	4.000013e-03	3.392000e+00	3.392000e+00	
408	4.000013e-03	3.276800e+00	3.276800e+00	
409	4.000014e-03	3.050000e+00	3.050000e+00	
410	4.000014e-03	3.026960e+00	3.026960e+00	
411	4.000014e-03	3.000000e+00	3.000000e+00	
412	4.000014e-03	2.995392e+00	2.995392e+00	
413	4.000014e-03	2.986176e+00	2.986176e+00	
414	4.000014e-03	2.967744e+00	2.967744e+00	
415	4.000014e-03	2.930880e+00	2.930880e+00	
416	4.000014e-03	2.857152e+00	2.857152e+00	
417	4.000015e-03	2.709696e+00	2.709696e+00	
418	4.000015e-03	2.550000e+00	2.550000e+00	
419	4.000015e-03	2.520509e+00	2.520509e+00	
420	4.000015e-03	2.461526e+00	2.461526e+00	
421	4.000015e-03	2.343562e+00	2.343562e+00	
422	4.000016e-03	2.107632e+00	2.107632e+00	
423	4.000017e-03	1.635773e+00	1.635773e+00	
424	4.000019e-03	6.920544e-01	6.920544e-01	
425	4.000020e-03	0.000000e+00	0.000000e+00	
426	4.000020e-03	0.000000e+00	0.000000e+00	
427	4.000021e-03	0.000000e+00	0.000000e+00	
428	4.000022e-03	0.000000e+00	0.000000e+00	
429	4.000022e-03	0.000000e+00	0.000000e+00	
430	4.000022e-03	0.000000e+00	0.000000e+00	
431	4.000022e-03	0.000000e+00	0.000000e+00	
432	4.000023e-03	0.000000e+00	0.000000e+00	
433	4.000023e-03	0.000000e+00	0.000000e+00	
434	4.000023e-03	0.000000e+00	0.000000e+00	
435	4.000023e-03	0.000000e+00	0.000000e+00	
436	4.000024e-03	0.000000e+00	0.000000e+00	
437	4.000024e-03	0.000000e+00	0.000000e+00	
438	4.000024e-03	0.000000e+00	0.000000e+00	
439	4.000024e-03	0.000000e+00	0.000000e+00	
440	4.000024e-03	0.000000e+00	0.000000e+00	
441	4.000025e-03	0.000000e+00	0.000000e+00	
442	4.000025e-03	0.000000e+00	0.000000e+00	
443	4.000025e-03	0.000000e+00	0.000000e+00	
444	4.000025e-03	0.000000e+00	0.000000e+00	
445	4.000025e-03	0.000000e+00	0.000000e+00	
446	4.000025e-03	0.000000e+00	0.000000e+00	
447	4.000025e-03	0.000000e+00	0.000000e+00	
448	4.000025e-03	0.000000e+00	0.000000e+00	
449	4.000026e-03	0.000000e+00	0.000000e+00	
450	4.000026e-03	0.000000e+00	0.000000e+00	
451	4.000026e-03	0.000000e+00	0.000000e+00	
452	4.000026e-03	0.000000e+00	0.000000e+00	
453	4.000026e-03	0.000000e+00	0.000000e+00	
454	4.000027e-03	0.000000e+00	0.000000e+00	
455	4.000027e-03	0.000000e+00	0.000000e+00	
456	4.000027e-03	0.000000e+00	0.000000e+00	
457	4.000027e-03	0.000000e+00	0.000000e+00	
458	4.000027e-03	0.000000e+00	0.000000e+00	
459	4.000027e-03	0.000000e+00	0.000000e+00	
460	4.000027e-03	0.000000e+00	0.000000e+00	

Index   time            V(14/a3)        V(15/b3)        
--------------------------------------------------------------------------------
461	4.000027e-03	0.000000e+00	0.000000e+00	
462	4.000027e-03	0.000000e+00	0.000000e+00	
463	4.000027e-03	0.000000e+00	0.000000e+00	
464	4.000027e-03	0.000000e+00	0.000000e+00	
465	4.000028e-03	0.000000e+00	0.000000e+00	
466	4.000029e-03	0.000000e+00	0.000000e+00	
467	4.000031e-03	0.000000e+00	0.000000e+00	
468	4.000035e-03	0.000000e+00	0.000000e+00	
469	4.000043e-03	0.000000e+00	0.000000e+00	
470	4.000059e-03	0.000000e+00	0.000000e+00	
471	4.000092e-03	0.000000e+00	0.000000e+00	
472	4.000158e-03	0.000000e+00	0.000000e+00	
473	4.000289e-03	0.000000e+00	0.000000e+00	
474	4.000551e-03	0.000000e+00	0.000000e+00	
475	4.001075e-03	0.000000e+00	0.000000e+00	
476	4.002124e-03	0.000000e+00	0.000000e+00	
477	4.004221e-03	0.000000e+00	0.000000e+00	
478	4.008415e-03	0.000000e+00	0.000000e+00	
479	4.016804e-03	0.000000e+00	0.000000e+00	
480	4.033581e-03	0.000000e+00	0.000000e+00	
481	4.067136e-03	0.000000e+00	0.000000e+00	
482	4.134244e-03	0.000000e+00	0.000000e+00	
483	4.234244e-03	0.000000e+00	0.000000e+00	
484	4.334244e-03	0.000000e+00	0.000000e+00	
485	4.434244e-03	0.000000e+00	0.000000e+00	
486	4.534244e-03	0.000000e+00	0.000000e+00	
487	4.634244e-03	0.000000e+00	0.000000e+00	
488	4.734244e-03	0.000000e+00	0.000000e+00	
489	4.834244e-03	0.000000e+00	0.000000e+00	
490	4.934244e-03	0.000000e+00	0.000000e+00	
491	5.000010e-03	0.000000e+00	0.000000e+00	
492	5.000011e-03	0.000000e+00	0.000000e+00	
493	5.000013e-03	0.000000e+00	0.000000e+00	
494	5.000017e-03	0.000000e+00	0.000000e+00	
495	5.000020e-03	0.000000e+00	0.000000e+00	
496	5.000021e-03	0.000000e+00	0.000000e+00	
497	5.000021e-03	0.000000e+00	0.000000e+00	
498	5.000021e-03	0.000000e+00	0.000000e+00	
499	5.000021e-03	0.000000e+00	0.000000e+00	
500	5.000022e-03	0.000000e+00	0.000000e+00	
501	5.000022e-03	0.000000e+00	0.000000e+00	
502	5.000022e-03	0.000000e+00	0.000000e+00	
503	5.000022e-03	0.000000e+00	0.000000e+00	
504	5.000022e-03	0.000000e+00	0.000000e+00	
505	5.000023e-03	0.000000e+00	0.000000e+00	
506	5.000023e-03	0.000000e+00	0.000000e+00	
507	5.000023e-03	0.000000e+00	0.000000e+00	
508	5.000023e-03	0.000000e+00	0.000000e+00	
509	5.000023e-03	0.000000e+00	0.000000e+00	
510	5.000024e-03	0.000000e+00	0.000000e+00	
511	5.000024e-03	0.000000e+00	0.000000e+00	
512	5.000024e-03	0.000000e+00	0.000000e+00	
513	5.000024e-03	0.000000e+00	0.000000e+00	
514	5.000024e-03	0.000000e+00	0.000000e+00	
515	5.000025e-03	0.000000e+00	0.000000e+00	
516	5.000025e-03	0.000000e+00	0.000000e+00	
517	5.000025e-03	0.000000e+00	0.000000e+00	
518	5.000025e-03	0.000000e+00	0.000000e+00	

Index   time            V(14/a3)        V(15/b3)        
--------------------------------------------------------------------------------
519	5.000025e-03	0.000000e+00	0.000000e+00	
520	5.000025e-03	0.000000e+00	0.000000e+00	
521	5.000025e-03	0.000000e+00	0.000000e+00	
522	5.000025e-03	0.000000e+00	0.000000e+00	
523	5.000025e-03	0.000000e+00	0.000000e+00	
524	5.000025e-03	0.000000e+00	0.000000e+00	
525	5.000025e-03	0.000000e+00	0.000000e+00	
526	5.000026e-03	0.000000e+00	0.000000e+00	
527	5.000026e-03	0.000000e+00	0.000000e+00	
528	5.000026e-03	0.000000e+00	0.000000e+00	
529	5.000026e-03	0.000000e+00	0.000000e+00	
530	5.000026e-03	0.000000e+00	0.000000e+00	
531	5.000026e-03	0.000000e+00	0.000000e+00	
532	5.000026e-03	0.000000e+00	0.000000e+00	
533	5.000026e-03	0.000000e+00	0.000000e+00	
534	5.000026e-03	0.000000e+00	0.000000e+00	
535	5.000026e-03	0.000000e+00	0.000000e+00	
536	5.000026e-03	0.000000e+00	0.000000e+00	
537	5.000027e-03	0.000000e+00	0.000000e+00	
538	5.000027e-03	0.000000e+00	0.000000e+00	
539	5.000028e-03	0.000000e+00	0.000000e+00	
540	5.000030e-03	0.000000e+00	0.000000e+00	
541	5.000034e-03	0.000000e+00	0.000000e+00	
542	5.000042e-03	0.000000e+00	0.000000e+00	
543	5.000059e-03	0.000000e+00	0.000000e+00	
544	5.000092e-03	0.000000e+00	0.000000e+00	
545	5.000157e-03	0.000000e+00	0.000000e+00	
546	5.000288e-03	0.000000e+00	0.000000e+00	
547	5.000550e-03	0.000000e+00	0.000000e+00	
548	5.001075e-03	0.000000e+00	0.000000e+00	
549	5.002123e-03	0.000000e+00	0.000000e+00	
550	5.004220e-03	0.000000e+00	0.000000e+00	
551	5.008415e-03	0.000000e+00	0.000000e+00	
552	5.016803e-03	0.000000e+00	0.000000e+00	
553	5.033581e-03	0.000000e+00	0.000000e+00	
554	5.067135e-03	0.000000e+00	0.000000e+00	
555	5.134244e-03	0.000000e+00	0.000000e+00	
556	5.234244e-03	0.000000e+00	0.000000e+00	
557	5.334244e-03	0.000000e+00	0.000000e+00	
558	5.434244e-03	0.000000e+00	0.000000e+00	
559	5.534244e-03	0.000000e+00	0.000000e+00	
560	5.634244e-03	0.000000e+00	0.000000e+00	
561	5.734244e-03	0.000000e+00	0.000000e+00	
562	5.834244e-03	0.000000e+00	0.000000e+00	
563	5.934244e-03	0.000000e+00	0.000000e+00	
564	6.000000e-03	0.000000e+00	0.000000e+00	
565	6.000001e-03	0.000000e+00	0.000000e+00	
566	6.000003e-03	0.000000e+00	0.000000e+00	
567	6.000007e-03	0.000000e+00	0.000000e+00	
568	6.000009e-03	0.000000e+00	0.000000e+00	
569	6.000009e-03	0.000000e+00	0.000000e+00	
570	6.000009e-03	0.000000e+00	0.000000e+00	
571	6.000009e-03	0.000000e+00	0.000000e+00	
572	6.000009e-03	0.000000e+00	0.000000e+00	
573	6.000009e-03	0.000000e+00	0.000000e+00	
574	6.000009e-03	0.000000e+00	0.000000e+00	
575	6.000009e-03	0.000000e+00	0.000000e+00	
576	6.000009e-03	0.000000e+00	0.000000e+00	

Index   time            V(14/a3)        V(15/b3)        
--------------------------------------------------------------------------------
577	6.000009e-03	0.000000e+00	0.000000e+00	
578	6.000010e-03	0.000000e+00	0.000000e+00	
579	6.000010e-03	0.000000e+00	0.000000e+00	
580	6.000010e-03	0.000000e+00	0.000000e+00	
581	6.000010e-03	0.000000e+00	0.000000e+00	
582	6.000010e-03	0.000000e+00	0.000000e+00	
583	6.000011e-03	0.000000e+00	0.000000e+00	
584	6.000012e-03	0.000000e+00	0.000000e+00	
585	6.000012e-03	0.000000e+00	0.000000e+00	
586	6.000012e-03	0.000000e+00	0.000000e+00	
587	6.000012e-03	0.000000e+00	0.000000e+00	
588	6.000013e-03	0.000000e+00	0.000000e+00	
589	6.000013e-03	0.000000e+00	0.000000e+00	
590	6.000013e-03	0.000000e+00	0.000000e+00	
591	6.000013e-03	0.000000e+00	0.000000e+00	
592	6.000013e-03	0.000000e+00	0.000000e+00	
593	6.000013e-03	0.000000e+00	0.000000e+00	
594	6.000013e-03	0.000000e+00	0.000000e+00	
595	6.000013e-03	0.000000e+00	0.000000e+00	
596	6.000013e-03	0.000000e+00	0.000000e+00	
597	6.000014e-03	0.000000e+00	0.000000e+00	
598	6.000014e-03	0.000000e+00	0.000000e+00	
599	6.000014e-03	0.000000e+00	0.000000e+00	
600	6.000014e-03	0.000000e+00	0.000000e+00	
601	6.000015e-03	0.000000e+00	0.000000e+00	
602	6.000015e-03	0.000000e+00	0.000000e+00	
603	6.000017e-03	0.000000e+00	0.000000e+00	
604	6.000020e-03	0.000000e+00	0.000000e+00	
605	6.000020e-03	0.000000e+00	0.000000e+00	
606	6.000020e-03	0.000000e+00	0.000000e+00	
607	6.000021e-03	0.000000e+00	0.000000e+00	
608	6.000022e-03	0.000000e+00	0.000000e+00	
609	6.000022e-03	0.000000e+00	0.000000e+00	
610	6.000022e-03	0.000000e+00	0.000000e+00	
611	6.000022e-03	0.000000e+00	0.000000e+00	
612	6.000023e-03	0.000000e+00	0.000000e+00	
613	6.000023e-03	0.000000e+00	0.000000e+00	
614	6.000023e-03	0.000000e+00	0.000000e+00	
615	6.000023e-03	0.000000e+00	0.000000e+00	
616	6.000024e-03	0.000000e+00	0.000000e+00	
617	6.000024e-03	0.000000e+00	0.000000e+00	
618	6.000024e-03	0.000000e+00	0.000000e+00	
619	6.000024e-03	0.000000e+00	0.000000e+00	
620	6.000024e-03	0.000000e+00	0.000000e+00	
621	6.000024e-03	0.000000e+00	0.000000e+00	
622	6.000025e-03	0.000000e+00	0.000000e+00	
623	6.000025e-03	0.000000e+00	0.000000e+00	
624	6.000025e-03	0.000000e+00	0.000000e+00	
625	6.000025e-03	0.000000e+00	0.000000e+00	
626	6.000025e-03	0.000000e+00	0.000000e+00	
627	6.000025e-03	0.000000e+00	0.000000e+00	
628	6.000025e-03	0.000000e+00	0.000000e+00	
629	6.000025e-03	0.000000e+00	0.000000e+00	
630	6.000026e-03	0.000000e+00	0.000000e+00	
631	6.000026e-03	0.000000e+00	0.000000e+00	
632	6.000026e-03	0.000000e+00	0.000000e+00	
633	6.000026e-03	0.000000e+00	0.000000e+00	
634	6.000026e-03	0.000000e+00	0.000000e+00	

Index   time            V(14/a3)        V(15/b3)        
--------------------------------------------------------------------------------
635	6.000027e-03	0.000000e+00	0.000000e+00	
636	6.000028e-03	0.000000e+00	0.000000e+00	
637	6.000028e-03	0.000000e+00	0.000000e+00	
638	6.000028e-03	0.000000e+00	0.000000e+00	
639	6.000028e-03	0.000000e+00	0.000000e+00	
640	6.000028e-03	0.000000e+00	0.000000e+00	
641	6.000028e-03	0.000000e+00	0.000000e+00	
642	6.000028e-03	0.000000e+00	0.000000e+00	
643	6.000028e-03	0.000000e+00	0.000000e+00	
644	6.000028e-03	0.000000e+00	0.000000e+00	
645	6.000028e-03	0.000000e+00	0.000000e+00	
646	6.000028e-03	0.000000e+00	0.000000e+00	
647	6.000029e-03	0.000000e+00	0.000000e+00	
648	6.000030e-03	0.000000e+00	0.000000e+00	
649	6.000032e-03	0.000000e+00	0.000000e+00	
650	6.000036e-03	0.000000e+00	0.000000e+00	
651	6.000044e-03	0.000000e+00	0.000000e+00	
652	6.000061e-03	0.000000e+00	0.000000e+00	
653	6.000093e-03	0.000000e+00	0.000000e+00	
654	6.000159e-03	0.000000e+00	0.000000e+00	
655	6.000290e-03	0.000000e+00	0.000000e+00	
656	6.000552e-03	0.000000e+00	0.000000e+00	
657	6.001076e-03	0.000000e+00	0.000000e+00	
658	6.002125e-03	0.000000e+00	0.000000e+00	
659	6.004222e-03	0.000000e+00	0.000000e+00	
660	6.008416e-03	0.000000e+00	0.000000e+00	
661	6.016805e-03	0.000000e+00	0.000000e+00	
662	6.033582e-03	0.000000e+00	0.000000e+00	
663	6.067137e-03	0.000000e+00	0.000000e+00	
664	6.134246e-03	0.000000e+00	0.000000e+00	
665	6.234246e-03	0.000000e+00	0.000000e+00	
666	6.334246e-03	0.000000e+00	0.000000e+00	
667	6.434246e-03	0.000000e+00	0.000000e+00	
668	6.534246e-03	0.000000e+00	0.000000e+00	
669	6.634246e-03	0.000000e+00	0.000000e+00	
670	6.734246e-03	0.000000e+00	0.000000e+00	
671	6.834246e-03	0.000000e+00	0.000000e+00	
672	6.934246e-03	0.000000e+00	0.000000e+00	
673	7.000010e-03	0.000000e+00	0.000000e+00	
674	7.000011e-03	0.000000e+00	0.000000e+00	
675	7.000013e-03	0.000000e+00	0.000000e+00	
676	7.000017e-03	0.000000e+00	0.000000e+00	
677	7.000020e-03	0.000000e+00	0.000000e+00	
678	7.000021e-03	0.000000e+00	0.000000e+00	
679	7.000021e-03	0.000000e+00	0.000000e+00	
680	7.000021e-03	0.000000e+00	0.000000e+00	
681	7.000021e-03	0.000000e+00	0.000000e+00	
682	7.000022e-03	0.000000e+00	0.000000e+00	
683	7.000022e-03	0.000000e+00	0.000000e+00	
684	7.000022e-03	0.000000e+00	0.000000e+00	
685	7.000022e-03	0.000000e+00	0.000000e+00	
686	7.000022e-03	0.000000e+00	0.000000e+00	
687	7.000023e-03	0.000000e+00	0.000000e+00	
688	7.000023e-03	0.000000e+00	0.000000e+00	
689	7.000023e-03	0.000000e+00	0.000000e+00	
690	7.000023e-03	0.000000e+00	0.000000e+00	
691	7.000023e-03	0.000000e+00	0.000000e+00	
692	7.000024e-03	0.000000e+00	0.000000e+00	

Index   time            V(14/a3)        V(15/b3)        
--------------------------------------------------------------------------------
693	7.000024e-03	0.000000e+00	0.000000e+00	
694	7.000024e-03	0.000000e+00	0.000000e+00	
695	7.000024e-03	0.000000e+00	0.000000e+00	
696	7.000024e-03	0.000000e+00	0.000000e+00	
697	7.000025e-03	0.000000e+00	0.000000e+00	
698	7.000025e-03	0.000000e+00	0.000000e+00	
699	7.000025e-03	0.000000e+00	0.000000e+00	
700	7.000025e-03	0.000000e+00	0.000000e+00	
701	7.000025e-03	0.000000e+00	0.000000e+00	
702	7.000025e-03	0.000000e+00	0.000000e+00	
703	7.000025e-03	0.000000e+00	0.000000e+00	
704	7.000025e-03	0.000000e+00	0.000000e+00	
705	7.000025e-03	0.000000e+00	0.000000e+00	
706	7.000025e-03	0.000000e+00	0.000000e+00	
707	7.000025e-03	0.000000e+00	0.000000e+00	
708	7.000026e-03	0.000000e+00	0.000000e+00	
709	7.000026e-03	0.000000e+00	0.000000e+00	
710	7.000026e-03	0.000000e+00	0.000000e+00	
711	7.000026e-03	0.000000e+00	0.000000e+00	
712	7.000026e-03	0.000000e+00	0.000000e+00	
713	7.000026e-03	0.000000e+00	0.000000e+00	
714	7.000026e-03	0.000000e+00	0.000000e+00	
715	7.000026e-03	0.000000e+00	0.000000e+00	
716	7.000026e-03	0.000000e+00	0.000000e+00	
717	7.000026e-03	0.000000e+00	0.000000e+00	
718	7.000026e-03	0.000000e+00	0.000000e+00	
719	7.000027e-03	0.000000e+00	0.000000e+00	
720	7.000027e-03	0.000000e+00	0.000000e+00	
721	7.000028e-03	0.000000e+00	0.000000e+00	
722	7.000030e-03	0.000000e+00	0.000000e+00	
723	7.000034e-03	0.000000e+00	0.000000e+00	
724	7.000042e-03	0.000000e+00	0.000000e+00	
725	7.000059e-03	0.000000e+00	0.000000e+00	
726	7.000092e-03	0.000000e+00	0.000000e+00	
727	7.000157e-03	0.000000e+00	0.000000e+00	
728	7.000288e-03	0.000000e+00	0.000000e+00	
729	7.000550e-03	0.000000e+00	0.000000e+00	
730	7.001075e-03	0.000000e+00	0.000000e+00	
731	7.002123e-03	0.000000e+00	0.000000e+00	
732	7.004220e-03	0.000000e+00	0.000000e+00	
733	7.008415e-03	0.000000e+00	0.000000e+00	
734	7.016803e-03	0.000000e+00	0.000000e+00	
735	7.033581e-03	0.000000e+00	0.000000e+00	
736	7.067135e-03	0.000000e+00	0.000000e+00	
737	7.134244e-03	0.000000e+00	0.000000e+00	
738	7.234244e-03	0.000000e+00	0.000000e+00	
739	7.334244e-03	0.000000e+00	0.000000e+00	
740	7.434244e-03	0.000000e+00	0.000000e+00	
741	7.534244e-03	0.000000e+00	0.000000e+00	
742	7.634244e-03	0.000000e+00	0.000000e+00	
743	7.734244e-03	0.000000e+00	0.000000e+00	
744	7.834244e-03	0.000000e+00	0.000000e+00	
745	7.934244e-03	0.000000e+00	0.000000e+00	
746	8.000000e-03	0.000000e+00	0.000000e+00	
747	8.000001e-03	5.000000e-01	5.000000e-01	
748	8.000003e-03	1.500000e+00	1.500000e+00	
749	8.000007e-03	3.500000e+00	3.500000e+00	
750	8.000007e-03	3.505000e+00	3.505000e+00	

Index   time            V(14/a3)        V(15/b3)        
--------------------------------------------------------------------------------
751	8.000007e-03	3.515000e+00	3.515000e+00	
752	8.000007e-03	3.535000e+00	3.535000e+00	
753	8.000007e-03	3.550000e+00	3.550000e+00	
754	8.000007e-03	3.554000e+00	3.554000e+00	
755	8.000007e-03	3.562000e+00	3.562000e+00	
756	8.000007e-03	3.578000e+00	3.578000e+00	
757	8.000007e-03	3.610000e+00	3.610000e+00	
758	8.000007e-03	3.674000e+00	3.674000e+00	
759	8.000008e-03	3.802000e+00	3.802000e+00	
760	8.000008e-03	4.000000e+00	4.000000e+00	
761	8.000008e-03	4.005000e+00	4.005000e+00	
762	8.000008e-03	4.015000e+00	4.015000e+00	
763	8.000008e-03	4.035000e+00	4.035000e+00	
764	8.000008e-03	4.050000e+00	4.050000e+00	
765	8.000008e-03	4.054000e+00	4.054000e+00	
766	8.000008e-03	4.062000e+00	4.062000e+00	
767	8.000008e-03	4.078000e+00	4.078000e+00	
768	8.000008e-03	4.110000e+00	4.110000e+00	
769	8.000008e-03	4.174000e+00	4.174000e+00	
770	8.000009e-03	4.302000e+00	4.302000e+00	
771	8.000009e-03	4.558000e+00	4.558000e+00	
772	8.000010e-03	5.000000e+00	5.000000e+00	
773	8.000010e-03	5.000000e+00	5.000000e+00	
774	8.000010e-03	5.000000e+00	5.000000e+00	
775	8.000011e-03	5.000000e+00	5.000000e+00	
776	8.000011e-03	5.000000e+00	5.000000e+00	
777	8.000011e-03	5.000000e+00	5.000000e+00	
778	8.000011e-03	5.000000e+00	5.000000e+00	
779	8.000011e-03	5.000000e+00	5.000000e+00	
780	8.000011e-03	5.000000e+00	5.000000e+00	
781	8.000011e-03	5.000000e+00	5.000000e+00	
782	8.000011e-03	5.000000e+00	5.000000e+00	
783	8.000011e-03	5.000000e+00	5.000000e+00	
784	8.000011e-03	5.000000e+00	5.000000e+00	
785	8.000011e-03	5.000000e+00	5.000000e+00	
786	8.000012e-03	5.000000e+00	5.000000e+00	
787	8.000012e-03	5.000000e+00	5.000000e+00	
788	8.000012e-03	5.000000e+00	5.000000e+00	
789	8.000012e-03	5.000000e+00	5.000000e+00	
790	8.000012e-03	5.000000e+00	5.000000e+00	
791	8.000013e-03	5.000000e+00	5.000000e+00	
792	8.000013e-03	5.000000e+00	5.000000e+00	
793	8.000013e-03	5.000000e+00	5.000000e+00	
794	8.000013e-03	5.000000e+00	5.000000e+00	
795	8.000013e-03	5.000000e+00	5.000000e+00	
796	8.000013e-03	5.000000e+00	5.000000e+00	
797	8.000013e-03	5.000000e+00	5.000000e+00	
798	8.000013e-03	5.000000e+00	5.000000e+00	
799	8.000014e-03	5.000000e+00	5.000000e+00	
800	8.000014e-03	5.000000e+00	5.000000e+00	
801	8.000014e-03	5.000000e+00	5.000000e+00	
802	8.000014e-03	5.000000e+00	5.000000e+00	
803	8.000014e-03	5.000000e+00	5.000000e+00	
804	8.000014e-03	5.000000e+00	5.000000e+00	
805	8.000014e-03	5.000000e+00	5.000000e+00	
806	8.000014e-03	5.000000e+00	5.000000e+00	
807	8.000014e-03	5.000000e+00	5.000000e+00	
808	8.000015e-03	5.000000e+00	5.000000e+00	

Index   time            V(14/a3)        V(15/b3)        
--------------------------------------------------------------------------------
809	8.000015e-03	5.000000e+00	5.000000e+00	
810	8.000015e-03	5.000000e+00	5.000000e+00	
811	8.000015e-03	5.000000e+00	5.000000e+00	
812	8.000015e-03	5.000000e+00	5.000000e+00	
813	8.000015e-03	5.000000e+00	5.000000e+00	
814	8.000015e-03	5.000000e+00	5.000000e+00	
815	8.000015e-03	5.000000e+00	5.000000e+00	
816	8.000015e-03	5.000000e+00	5.000000e+00	
817	8.000016e-03	5.000000e+00	5.000000e+00	
818	8.000016e-03	5.000000e+00	5.000000e+00	
819	8.000016e-03	5.000000e+00	5.000000e+00	
820	8.000016e-03	5.000000e+00	5.000000e+00	
821	8.000017e-03	5.000000e+00	5.000000e+00	
822	8.000017e-03	5.000000e+00	5.000000e+00	
823	8.000019e-03	5.000000e+00	5.000000e+00	
824	8.000020e-03	5.000000e+00	5.000000e+00	
825	8.000020e-03	5.000000e+00	5.000000e+00	
826	8.000021e-03	5.000000e+00	5.000000e+00	
827	8.000021e-03	5.000000e+00	5.000000e+00	
828	8.000021e-03	5.000000e+00	5.000000e+00	
829	8.000021e-03	5.000000e+00	5.000000e+00	
830	8.000022e-03	5.000000e+00	5.000000e+00	
831	8.000022e-03	5.000000e+00	5.000000e+00	
832	8.000022e-03	5.000000e+00	5.000000e+00	
833	8.000022e-03	5.000000e+00	5.000000e+00	
834	8.000022e-03	5.000000e+00	5.000000e+00	
835	8.000022e-03	5.000000e+00	5.000000e+00	
836	8.000022e-03	5.000000e+00	5.000000e+00	
837	8.000022e-03	5.000000e+00	5.000000e+00	
838	8.000023e-03	5.000000e+00	5.000000e+00	
839	8.000023e-03	5.000000e+00	5.000000e+00	
840	8.000023e-03	5.000000e+00	5.000000e+00	
841	8.000023e-03	5.000000e+00	5.000000e+00	
842	8.000023e-03	5.000000e+00	5.000000e+00	
843	8.000024e-03	5.000000e+00	5.000000e+00	
844	8.000024e-03	5.000000e+00	5.000000e+00	
845	8.000024e-03	5.000000e+00	5.000000e+00	
846	8.000024e-03	5.000000e+00	5.000000e+00	
847	8.000024e-03	5.000000e+00	5.000000e+00	
848	8.000024e-03	5.000000e+00	5.000000e+00	
849	8.000025e-03	5.000000e+00	5.000000e+00	
850	8.000025e-03	5.000000e+00	5.000000e+00	
851	8.000025e-03	5.000000e+00	5.000000e+00	
852	8.000025e-03	5.000000e+00	5.000000e+00	
853	8.000026e-03	5.000000e+00	5.000000e+00	
854	8.000026e-03	5.000000e+00	5.000000e+00	
855	8.000026e-03	5.000000e+00	5.000000e+00	
856	8.000026e-03	5.000000e+00	5.000000e+00	
857	8.000026e-03	5.000000e+00	5.000000e+00	
858	8.000026e-03	5.000000e+00	5.000000e+00	
859	8.000026e-03	5.000000e+00	5.000000e+00	
860	8.000026e-03	5.000000e+00	5.000000e+00	
861	8.000026e-03	5.000000e+00	5.000000e+00	
862	8.000026e-03	5.000000e+00	5.000000e+00	
863	8.000026e-03	5.000000e+00	5.000000e+00	
864	8.000027e-03	5.000000e+00	5.000000e+00	
865	8.000028e-03	5.000000e+00	5.000000e+00	
866	8.000030e-03	5.000000e+00	5.000000e+00	

Index   time            V(14/a3)        V(15/b3)        
--------------------------------------------------------------------------------
867	8.000034e-03	5.000000e+00	5.000000e+00	
868	8.000042e-03	5.000000e+00	5.000000e+00	
869	8.000058e-03	5.000000e+00	5.000000e+00	
870	8.000091e-03	5.000000e+00	5.000000e+00	
871	8.000157e-03	5.000000e+00	5.000000e+00	
872	8.000288e-03	5.000000e+00	5.000000e+00	
873	8.000550e-03	5.000000e+00	5.000000e+00	
874	8.001074e-03	5.000000e+00	5.000000e+00	
875	8.002123e-03	5.000000e+00	5.000000e+00	
876	8.004220e-03	5.000000e+00	5.000000e+00	
877	8.008414e-03	5.000000e+00	5.000000e+00	
878	8.016803e-03	5.000000e+00	5.000000e+00	
879	8.033580e-03	5.000000e+00	5.000000e+00	
880	8.067135e-03	5.000000e+00	5.000000e+00	
881	8.134243e-03	5.000000e+00	5.000000e+00	
882	8.234243e-03	5.000000e+00	5.000000e+00	
883	8.334243e-03	5.000000e+00	5.000000e+00	
884	8.434243e-03	5.000000e+00	5.000000e+00	
885	8.534243e-03	5.000000e+00	5.000000e+00	
886	8.634243e-03	5.000000e+00	5.000000e+00	
887	8.734243e-03	5.000000e+00	5.000000e+00	
888	8.834243e-03	5.000000e+00	5.000000e+00	
889	8.934243e-03	5.000000e+00	5.000000e+00	
890	9.000010e-03	5.000000e+00	5.000000e+00	
891	9.000011e-03	5.000000e+00	5.000000e+00	
892	9.000013e-03	5.000000e+00	5.000000e+00	
893	9.000017e-03	5.000000e+00	5.000000e+00	
894	9.000020e-03	5.000000e+00	5.000000e+00	
895	9.000021e-03	5.000000e+00	5.000000e+00	
896	9.000021e-03	5.000000e+00	5.000000e+00	
897	9.000021e-03	5.000000e+00	5.000000e+00	
898	9.000021e-03	5.000000e+00	5.000000e+00	
899	9.000022e-03	5.000000e+00	5.000000e+00	
900	9.000022e-03	5.000000e+00	5.000000e+00	
901	9.000022e-03	5.000000e+00	5.000000e+00	
902	9.000022e-03	5.000000e+00	5.000000e+00	
903	9.000022e-03	5.000000e+00	5.000000e+00	
904	9.000023e-03	5.000000e+00	5.000000e+00	
905	9.000023e-03	5.000000e+00	5.000000e+00	
906	9.000023e-03	5.000000e+00	5.000000e+00	
907	9.000023e-03	5.000000e+00	5.000000e+00	
908	9.000023e-03	5.000000e+00	5.000000e+00	
909	9.000024e-03	5.000000e+00	5.000000e+00	
910	9.000024e-03	5.000000e+00	5.000000e+00	
911	9.000024e-03	5.000000e+00	5.000000e+00	
912	9.000024e-03	5.000000e+00	5.000000e+00	
913	9.000024e-03	5.000000e+00	5.000000e+00	
914	9.000025e-03	5.000000e+00	5.000000e+00	
915	9.000025e-03	5.000000e+00	5.000000e+00	
916	9.000025e-03	5.000000e+00	5.000000e+00	
917	9.000025e-03	5.000000e+00	5.000000e+00	
918	9.000025e-03	5.000000e+00	5.000000e+00	
919	9.000025e-03	5.000000e+00	5.000000e+00	
920	9.000025e-03	5.000000e+00	5.000000e+00	
921	9.000025e-03	5.000000e+00	5.000000e+00	
922	9.000025e-03	5.000000e+00	5.000000e+00	
923	9.000025e-03	5.000000e+00	5.000000e+00	
924	9.000025e-03	5.000000e+00	5.000000e+00	

Index   time            V(14/a3)        V(15/b3)        
--------------------------------------------------------------------------------
925	9.000026e-03	5.000000e+00	5.000000e+00	
926	9.000026e-03	5.000000e+00	5.000000e+00	
927	9.000026e-03	5.000000e+00	5.000000e+00	
928	9.000026e-03	5.000000e+00	5.000000e+00	
929	9.000026e-03	5.000000e+00	5.000000e+00	
930	9.000026e-03	5.000000e+00	5.000000e+00	
931	9.000026e-03	5.000000e+00	5.000000e+00	
932	9.000026e-03	5.000000e+00	5.000000e+00	
933	9.000026e-03	5.000000e+00	5.000000e+00	
934	9.000026e-03	5.000000e+00	5.000000e+00	
935	9.000026e-03	5.000000e+00	5.000000e+00	
936	9.000027e-03	5.000000e+00	5.000000e+00	
937	9.000027e-03	5.000000e+00	5.000000e+00	
938	9.000028e-03	5.000000e+00	5.000000e+00	
939	9.000030e-03	5.000000e+00	5.000000e+00	
940	9.000034e-03	5.000000e+00	5.000000e+00	
941	9.000042e-03	5.000000e+00	5.000000e+00	
942	9.000059e-03	5.000000e+00	5.000000e+00	
943	9.000092e-03	5.000000e+00	5.000000e+00	
944	9.000157e-03	5.000000e+00	5.000000e+00	
945	9.000288e-03	5.000000e+00	5.000000e+00	
946	9.000550e-03	5.000000e+00	5.000000e+00	
947	9.001075e-03	5.000000e+00	5.000000e+00	
948	9.002123e-03	5.000000e+00	5.000000e+00	
949	9.004220e-03	5.000000e+00	5.000000e+00	
950	9.008415e-03	5.000000e+00	5.000000e+00	
951	9.016803e-03	5.000000e+00	5.000000e+00	
952	9.033581e-03	5.000000e+00	5.000000e+00	
953	9.067135e-03	5.000000e+00	5.000000e+00	
954	9.134244e-03	5.000000e+00	5.000000e+00	
955	9.234244e-03	5.000000e+00	5.000000e+00	
956	9.334244e-03	5.000000e+00	5.000000e+00	
957	9.434244e-03	5.000000e+00	5.000000e+00	
958	9.534244e-03	5.000000e+00	5.000000e+00	
959	9.634244e-03	5.000000e+00	5.000000e+00	
960	9.734244e-03	5.000000e+00	5.000000e+00	
961	9.834244e-03	5.000000e+00	5.000000e+00	
962	9.934244e-03	5.000000e+00	5.000000e+00	
963	1.000000e-02	5.000000e+00	5.000000e+00	
964	1.000000e-02	5.000000e+00	5.000000e+00	
965	1.000000e-02	5.000000e+00	5.000000e+00	
966	1.000001e-02	5.000000e+00	5.000000e+00	
967	1.000001e-02	5.000000e+00	5.000000e+00	
968	1.000001e-02	5.000000e+00	5.000000e+00	
969	1.000001e-02	5.000000e+00	5.000000e+00	
970	1.000001e-02	5.000000e+00	5.000000e+00	
971	1.000001e-02	5.000000e+00	5.000000e+00	
972	1.000001e-02	5.000000e+00	5.000000e+00	
973	1.000001e-02	5.000000e+00	5.000000e+00	
974	1.000001e-02	5.000000e+00	5.000000e+00	
975	1.000001e-02	5.000000e+00	5.000000e+00	
976	1.000001e-02	5.000000e+00	5.000000e+00	
977	1.000001e-02	5.000000e+00	5.000000e+00	
978	1.000001e-02	5.000000e+00	5.000000e+00	
979	1.000001e-02	5.000000e+00	5.000000e+00	
980	1.000001e-02	5.000000e+00	5.000000e+00	
981	1.000001e-02	5.000000e+00	5.000000e+00	
982	1.000001e-02	5.000000e+00	5.000000e+00	

Index   time            V(14/a3)        V(15/b3)        
--------------------------------------------------------------------------------
983	1.000001e-02	5.000000e+00	5.000000e+00	
984	1.000001e-02	5.000000e+00	5.000000e+00	
985	1.000001e-02	5.000000e+00	5.000000e+00	
986	1.000001e-02	5.000000e+00	5.000000e+00	
987	1.000001e-02	5.000000e+00	5.000000e+00	
988	1.000001e-02	5.000000e+00	5.000000e+00	
989	1.000001e-02	5.000000e+00	5.000000e+00	
990	1.000001e-02	5.000000e+00	5.000000e+00	
991	1.000001e-02	5.000000e+00	5.000000e+00	
992	1.000001e-02	5.000000e+00	5.000000e+00	
993	1.000001e-02	5.000000e+00	5.000000e+00	
994	1.000001e-02	5.000000e+00	5.000000e+00	
995	1.000001e-02	5.000000e+00	5.000000e+00	
996	1.000001e-02	5.000000e+00	5.000000e+00	
997	1.000001e-02	5.000000e+00	5.000000e+00	
998	1.000001e-02	5.000000e+00	5.000000e+00	
999	1.000001e-02	5.000000e+00	5.000000e+00	
1000	1.000001e-02	5.000000e+00	5.000000e+00	
1001	1.000001e-02	5.000000e+00	5.000000e+00	
1002	1.000001e-02	5.000000e+00	5.000000e+00	
1003	1.000001e-02	5.000000e+00	5.000000e+00	
1004	1.000001e-02	5.000000e+00	5.000000e+00	
1005	1.000001e-02	5.000000e+00	5.000000e+00	
1006	1.000001e-02	5.000000e+00	5.000000e+00	
1007	1.000001e-02	5.000000e+00	5.000000e+00	
1008	1.000001e-02	5.000000e+00	5.000000e+00	
1009	1.000001e-02	5.000000e+00	5.000000e+00	
1010	1.000001e-02	5.000000e+00	5.000000e+00	
1011	1.000001e-02	5.000000e+00	5.000000e+00	
1012	1.000002e-02	5.000000e+00	5.000000e+00	
1013	1.000002e-02	5.000000e+00	5.000000e+00	
1014	1.000002e-02	5.000000e+00	5.000000e+00	
1015	1.000002e-02	5.000000e+00	5.000000e+00	
1016	1.000002e-02	5.000000e+00	5.000000e+00	
1017	1.000002e-02	5.000000e+00	5.000000e+00	
1018	1.000002e-02	5.000000e+00	5.000000e+00	
1019	1.000002e-02	5.000000e+00	5.000000e+00	
1020	1.000002e-02	5.000000e+00	5.000000e+00	
1021	1.000002e-02	5.000000e+00	5.000000e+00	
1022	1.000002e-02	5.000000e+00	5.000000e+00	
1023	1.000002e-02	5.000000e+00	5.000000e+00	
1024	1.000002e-02	5.000000e+00	5.000000e+00	
1025	1.000002e-02	5.000000e+00	5.000000e+00	
1026	1.000002e-02	5.000000e+00	5.000000e+00	
1027	1.000002e-02	5.000000e+00	5.000000e+00	
1028	1.000002e-02	5.000000e+00	5.000000e+00	
1029	1.000002e-02	5.000000e+00	5.000000e+00	
1030	1.000002e-02	5.000000e+00	5.000000e+00	
1031	1.000002e-02	5.000000e+00	5.000000e+00	
1032	1.000002e-02	5.000000e+00	5.000000e+00	
1033	1.000002e-02	5.000000e+00	5.000000e+00	
1034	1.000002e-02	5.000000e+00	5.000000e+00	
1035	1.000002e-02	5.000000e+00	5.000000e+00	
1036	1.000002e-02	5.000000e+00	5.000000e+00	
1037	1.000002e-02	5.000000e+00	5.000000e+00	
1038	1.000002e-02	5.000000e+00	5.000000e+00	
1039	1.000003e-02	5.000000e+00	5.000000e+00	
1040	1.000003e-02	5.000000e+00	5.000000e+00	

Index   time            V(14/a3)        V(15/b3)        
--------------------------------------------------------------------------------
1041	1.000003e-02	5.000000e+00	5.000000e+00	
1042	1.000003e-02	5.000000e+00	5.000000e+00	
1043	1.000003e-02	5.000000e+00	5.000000e+00	
1044	1.000003e-02	5.000000e+00	5.000000e+00	
1045	1.000003e-02	5.000000e+00	5.000000e+00	
1046	1.000003e-02	5.000000e+00	5.000000e+00	
1047	1.000003e-02	5.000000e+00	5.000000e+00	
1048	1.000003e-02	5.000000e+00	5.000000e+00	
1049	1.000003e-02	5.000000e+00	5.000000e+00	
1050	1.000003e-02	5.000000e+00	5.000000e+00	
1051	1.000003e-02	5.000000e+00	5.000000e+00	
1052	1.000003e-02	5.000000e+00	5.000000e+00	
1053	1.000003e-02	5.000000e+00	5.000000e+00	
1054	1.000003e-02	5.000000e+00	5.000000e+00	
1055	1.000003e-02	5.000000e+00	5.000000e+00	
1056	1.000003e-02	5.000000e+00	5.000000e+00	
1057	1.000003e-02	5.000000e+00	5.000000e+00	
1058	1.000003e-02	5.000000e+00	5.000000e+00	
1059	1.000003e-02	5.000000e+00	5.000000e+00	
1060	1.000004e-02	5.000000e+00	5.000000e+00	
1061	1.000004e-02	5.000000e+00	5.000000e+00	
1062	1.000006e-02	5.000000e+00	5.000000e+00	
1063	1.000009e-02	5.000000e+00	5.000000e+00	
1064	1.000016e-02	5.000000e+00	5.000000e+00	
1065	1.000029e-02	5.000000e+00	5.000000e+00	
1066	1.000055e-02	5.000000e+00	5.000000e+00	
1067	1.000108e-02	5.000000e+00	5.000000e+00	
1068	1.000212e-02	5.000000e+00	5.000000e+00	
1069	1.000422e-02	5.000000e+00	5.000000e+00	
1070	1.000842e-02	5.000000e+00	5.000000e+00	
1071	1.001681e-02	5.000000e+00	5.000000e+00	
1072	1.003358e-02	5.000000e+00	5.000000e+00	
1073	1.006714e-02	5.000000e+00	5.000000e+00	
1074	1.013425e-02	5.000000e+00	5.000000e+00	
1075	1.023425e-02	5.000000e+00	5.000000e+00	
1076	1.033425e-02	5.000000e+00	5.000000e+00	
1077	1.043425e-02	5.000000e+00	5.000000e+00	
1078	1.053425e-02	5.000000e+00	5.000000e+00	
1079	1.063425e-02	5.000000e+00	5.000000e+00	
1080	1.073425e-02	5.000000e+00	5.000000e+00	
1081	1.083425e-02	5.000000e+00	5.000000e+00	
1082	1.093425e-02	5.000000e+00	5.000000e+00	
1083	1.100001e-02	5.000000e+00	5.000000e+00	
1084	1.100001e-02	5.000000e+00	5.000000e+00	
1085	1.100001e-02	5.000000e+00	5.000000e+00	
1086	1.100002e-02	5.000000e+00	5.000000e+00	
1087	1.100002e-02	5.000000e+00	5.000000e+00	
1088	1.100002e-02	5.000000e+00	5.000000e+00	
1089	1.100002e-02	5.000000e+00	5.000000e+00	
1090	1.100002e-02	5.000000e+00	5.000000e+00	
1091	1.100002e-02	5.000000e+00	5.000000e+00	
1092	1.100002e-02	5.000000e+00	5.000000e+00	
1093	1.100002e-02	5.000000e+00	5.000000e+00	
1094	1.100002e-02	5.000000e+00	5.000000e+00	
1095	1.100002e-02	5.000000e+00	5.000000e+00	
1096	1.100002e-02	5.000000e+00	5.000000e+00	
1097	1.100002e-02	5.000000e+00	5.000000e+00	
1098	1.100002e-02	5.000000e+00	5.000000e+00	

Index   time            V(14/a3)        V(15/b3)        
--------------------------------------------------------------------------------
1099	1.100002e-02	5.000000e+00	5.000000e+00	
1100	1.100002e-02	5.000000e+00	5.000000e+00	
1101	1.100002e-02	5.000000e+00	5.000000e+00	
1102	1.100002e-02	5.000000e+00	5.000000e+00	
1103	1.100002e-02	5.000000e+00	5.000000e+00	
1104	1.100002e-02	5.000000e+00	5.000000e+00	
1105	1.100002e-02	5.000000e+00	5.000000e+00	
1106	1.100002e-02	5.000000e+00	5.000000e+00	
1107	1.100002e-02	5.000000e+00	5.000000e+00	
1108	1.100003e-02	5.000000e+00	5.000000e+00	
1109	1.100003e-02	5.000000e+00	5.000000e+00	
1110	1.100003e-02	5.000000e+00	5.000000e+00	
1111	1.100003e-02	5.000000e+00	5.000000e+00	
1112	1.100003e-02	5.000000e+00	5.000000e+00	
1113	1.100003e-02	5.000000e+00	5.000000e+00	
1114	1.100003e-02	5.000000e+00	5.000000e+00	
1115	1.100003e-02	5.000000e+00	5.000000e+00	
1116	1.100003e-02	5.000000e+00	5.000000e+00	
1117	1.100003e-02	5.000000e+00	5.000000e+00	
1118	1.100003e-02	5.000000e+00	5.000000e+00	
1119	1.100003e-02	5.000000e+00	5.000000e+00	
1120	1.100003e-02	5.000000e+00	5.000000e+00	
1121	1.100003e-02	5.000000e+00	5.000000e+00	
1122	1.100003e-02	5.000000e+00	5.000000e+00	
1123	1.100003e-02	5.000000e+00	5.000000e+00	
1124	1.100003e-02	5.000000e+00	5.000000e+00	
1125	1.100003e-02	5.000000e+00	5.000000e+00	
1126	1.100003e-02	5.000000e+00	5.000000e+00	
1127	1.100003e-02	5.000000e+00	5.000000e+00	
1128	1.100003e-02	5.000000e+00	5.000000e+00	
1129	1.100003e-02	5.000000e+00	5.000000e+00	
1130	1.100003e-02	5.000000e+00	5.000000e+00	
1131	1.100003e-02	5.000000e+00	5.000000e+00	
1132	1.100003e-02	5.000000e+00	5.000000e+00	
1133	1.100003e-02	5.000000e+00	5.000000e+00	
1134	1.100004e-02	5.000000e+00	5.000000e+00	
1135	1.100006e-02	5.000000e+00	5.000000e+00	
1136	1.100009e-02	5.000000e+00	5.000000e+00	
1137	1.100016e-02	5.000000e+00	5.000000e+00	
1138	1.100029e-02	5.000000e+00	5.000000e+00	
1139	1.100055e-02	5.000000e+00	5.000000e+00	
1140	1.100107e-02	5.000000e+00	5.000000e+00	
1141	1.100212e-02	5.000000e+00	5.000000e+00	
1142	1.100422e-02	5.000000e+00	5.000000e+00	
1143	1.100841e-02	5.000000e+00	5.000000e+00	
1144	1.101680e-02	5.000000e+00	5.000000e+00	
1145	1.103358e-02	5.000000e+00	5.000000e+00	
1146	1.106713e-02	5.000000e+00	5.000000e+00	
1147	1.113424e-02	5.000000e+00	5.000000e+00	
1148	1.123424e-02	5.000000e+00	5.000000e+00	
1149	1.133424e-02	5.000000e+00	5.000000e+00	
1150	1.143424e-02	5.000000e+00	5.000000e+00	
1151	1.153424e-02	5.000000e+00	5.000000e+00	
1152	1.163424e-02	5.000000e+00	5.000000e+00	
1153	1.173424e-02	5.000000e+00	5.000000e+00	
1154	1.183424e-02	5.000000e+00	5.000000e+00	
1155	1.193424e-02	5.000000e+00	5.000000e+00	
1156	1.200000e-02	5.000000e+00	5.000000e+00	

Index   time            V(14/a3)        V(15/b3)        
--------------------------------------------------------------------------------
1157	1.200000e-02	5.000000e+00	5.000000e+00	
1158	1.200000e-02	5.000000e+00	5.000000e+00	
1159	1.200001e-02	5.000000e+00	5.000000e+00	
1160	1.200001e-02	5.000000e+00	5.000000e+00	
1161	1.200001e-02	5.000000e+00	5.000000e+00	
1162	1.200001e-02	5.000000e+00	5.000000e+00	
1163	1.200001e-02	5.000000e+00	5.000000e+00	
1164	1.200001e-02	5.000000e+00	5.000000e+00	
1165	1.200001e-02	5.000000e+00	5.000000e+00	
1166	1.200001e-02	5.000000e+00	5.000000e+00	
1167	1.200001e-02	5.000000e+00	5.000000e+00	
1168	1.200001e-02	5.000000e+00	5.000000e+00	
1169	1.200001e-02	5.000000e+00	5.000000e+00	
1170	1.200001e-02	5.000000e+00	5.000000e+00	
1171	1.200001e-02	5.000000e+00	5.000000e+00	
1172	1.200001e-02	5.000000e+00	5.000000e+00	
1173	1.200001e-02	5.000000e+00	5.000000e+00	
1174	1.200001e-02	5.000000e+00	5.000000e+00	
1175	1.200001e-02	5.000000e+00	5.000000e+00	
1176	1.200001e-02	5.000000e+00	5.000000e+00	
1177	1.200001e-02	5.000000e+00	5.000000e+00	
1178	1.200001e-02	5.000000e+00	5.000000e+00	
1179	1.200001e-02	5.000000e+00	5.000000e+00	
1180	1.200001e-02	5.000000e+00	5.000000e+00	
1181	1.200001e-02	5.000000e+00	5.000000e+00	
1182	1.200001e-02	5.000000e+00	5.000000e+00	
1183	1.200001e-02	4.995000e+00	4.995000e+00	
1184	1.200001e-02	4.985000e+00	4.985000e+00	
1185	1.200001e-02	4.965000e+00	4.965000e+00	
1186	1.200001e-02	4.950000e+00	4.950000e+00	
1187	1.200001e-02	4.946000e+00	4.946000e+00	
1188	1.200001e-02	4.938000e+00	4.938000e+00	
1189	1.200001e-02	4.922000e+00	4.922000e+00	
1190	1.200001e-02	4.890000e+00	4.890000e+00	
1191	1.200001e-02	4.826000e+00	4.826000e+00	
1192	1.200001e-02	4.698000e+00	4.698000e+00	
1193	1.200001e-02	4.442000e+00	4.442000e+00	
1194	1.200001e-02	4.000000e+00	4.000000e+00	
1195	1.200001e-02	3.955000e+00	3.955000e+00	
1196	1.200001e-02	3.865000e+00	3.865000e+00	
1197	1.200001e-02	3.685000e+00	3.685000e+00	
1198	1.200001e-02	3.550000e+00	3.550000e+00	
1199	1.200001e-02	3.514000e+00	3.514000e+00	
1200	1.200001e-02	3.500000e+00	3.500000e+00	
1201	1.200001e-02	3.492800e+00	3.492800e+00	
1202	1.200001e-02	3.478400e+00	3.478400e+00	
1203	1.200001e-02	3.449600e+00	3.449600e+00	
1204	1.200001e-02	3.392000e+00	3.392000e+00	
1205	1.200001e-02	3.276800e+00	3.276800e+00	
1206	1.200001e-02	3.050000e+00	3.050000e+00	
1207	1.200001e-02	3.026960e+00	3.026960e+00	
1208	1.200001e-02	3.000000e+00	3.000000e+00	
1209	1.200001e-02	2.995392e+00	2.995392e+00	
1210	1.200001e-02	2.986176e+00	2.986176e+00	
1211	1.200001e-02	2.967744e+00	2.967744e+00	
1212	1.200001e-02	2.930880e+00	2.930880e+00	
1213	1.200001e-02	2.857152e+00	2.857152e+00	
1214	1.200001e-02	2.709696e+00	2.709696e+00	

Index   time            V(14/a3)        V(15/b3)        
--------------------------------------------------------------------------------
1215	1.200001e-02	2.550000e+00	2.550000e+00	
1216	1.200001e-02	2.520509e+00	2.520509e+00	
1217	1.200002e-02	2.461526e+00	2.461526e+00	
1218	1.200002e-02	2.343562e+00	2.343562e+00	
1219	1.200002e-02	2.107632e+00	2.107632e+00	
1220	1.200002e-02	1.635773e+00	1.635773e+00	
1221	1.200002e-02	6.920544e-01	6.920544e-01	
1222	1.200002e-02	4.633796e-10	4.633796e-10	
1223	1.200002e-02	0.000000e+00	0.000000e+00	
1224	1.200002e-02	0.000000e+00	0.000000e+00	
1225	1.200002e-02	0.000000e+00	0.000000e+00	
1226	1.200002e-02	0.000000e+00	0.000000e+00	
1227	1.200002e-02	0.000000e+00	0.000000e+00	
1228	1.200002e-02	0.000000e+00	0.000000e+00	
1229	1.200002e-02	0.000000e+00	0.000000e+00	
1230	1.200002e-02	0.000000e+00	0.000000e+00	
1231	1.200002e-02	0.000000e+00	0.000000e+00	
1232	1.200002e-02	0.000000e+00	0.000000e+00	
1233	1.200002e-02	0.000000e+00	0.000000e+00	
1234	1.200002e-02	0.000000e+00	0.000000e+00	
1235	1.200002e-02	0.000000e+00	0.000000e+00	
1236	1.200002e-02	0.000000e+00	0.000000e+00	
1237	1.200002e-02	0.000000e+00	0.000000e+00	
1238	1.200002e-02	0.000000e+00	0.000000e+00	
1239	1.200002e-02	0.000000e+00	0.000000e+00	
1240	1.200002e-02	0.000000e+00	0.000000e+00	
1241	1.200002e-02	0.000000e+00	0.000000e+00	
1242	1.200002e-02	0.000000e+00	0.000000e+00	
1243	1.200002e-02	0.000000e+00	0.000000e+00	
1244	1.200002e-02	0.000000e+00	0.000000e+00	
1245	1.200003e-02	0.000000e+00	0.000000e+00	
1246	1.200003e-02	0.000000e+00	0.000000e+00	
1247	1.200003e-02	0.000000e+00	0.000000e+00	
1248	1.200003e-02	0.000000e+00	0.000000e+00	
1249	1.200003e-02	0.000000e+00	0.000000e+00	
1250	1.200003e-02	0.000000e+00	0.000000e+00	
1251	1.200003e-02	0.000000e+00	0.000000e+00	
1252	1.200003e-02	0.000000e+00	0.000000e+00	
1253	1.200003e-02	0.000000e+00	0.000000e+00	
1254	1.200003e-02	0.000000e+00	0.000000e+00	
1255	1.200003e-02	0.000000e+00	0.000000e+00	
1256	1.200003e-02	0.000000e+00	0.000000e+00	
1257	1.200003e-02	0.000000e+00	0.000000e+00	
1258	1.200003e-02	0.000000e+00	0.000000e+00	
1259	1.200003e-02	0.000000e+00	0.000000e+00	
1260	1.200003e-02	0.000000e+00	0.000000e+00	
1261	1.200003e-02	0.000000e+00	0.000000e+00	
1262	1.200003e-02	0.000000e+00	0.000000e+00	
1263	1.200003e-02	0.000000e+00	0.000000e+00	
1264	1.200003e-02	0.000000e+00	0.000000e+00	
1265	1.200003e-02	0.000000e+00	0.000000e+00	
1266	1.200004e-02	0.000000e+00	0.000000e+00	
1267	1.200006e-02	0.000000e+00	0.000000e+00	
1268	1.200009e-02	0.000000e+00	0.000000e+00	
1269	1.200016e-02	0.000000e+00	0.000000e+00	
1270	1.200029e-02	0.000000e+00	0.000000e+00	
1271	1.200055e-02	0.000000e+00	0.000000e+00	
1272	1.200108e-02	0.000000e+00	0.000000e+00	

Index   time            V(14/a3)        V(15/b3)        
--------------------------------------------------------------------------------
1273	1.200212e-02	0.000000e+00	0.000000e+00	
1274	1.200422e-02	0.000000e+00	0.000000e+00	
1275	1.200842e-02	0.000000e+00	0.000000e+00	
1276	1.201680e-02	0.000000e+00	0.000000e+00	
1277	1.203358e-02	0.000000e+00	0.000000e+00	
1278	1.206714e-02	0.000000e+00	0.000000e+00	
1279	1.213424e-02	0.000000e+00	0.000000e+00	
1280	1.223424e-02	0.000000e+00	0.000000e+00	
1281	1.233424e-02	0.000000e+00	0.000000e+00	
1282	1.243424e-02	0.000000e+00	0.000000e+00	
1283	1.253424e-02	0.000000e+00	0.000000e+00	
1284	1.263424e-02	0.000000e+00	0.000000e+00	
1285	1.273424e-02	0.000000e+00	0.000000e+00	
1286	1.283424e-02	0.000000e+00	0.000000e+00	
1287	1.293424e-02	0.000000e+00	0.000000e+00	
1288	1.300001e-02	0.000000e+00	0.000000e+00	
1289	1.300001e-02	0.000000e+00	0.000000e+00	
1290	1.300001e-02	0.000000e+00	0.000000e+00	
1291	1.300002e-02	0.000000e+00	0.000000e+00	
1292	1.300002e-02	0.000000e+00	0.000000e+00	
1293	1.300002e-02	0.000000e+00	0.000000e+00	
1294	1.300002e-02	0.000000e+00	0.000000e+00	
1295	1.300002e-02	0.000000e+00	0.000000e+00	
1296	1.300002e-02	0.000000e+00	0.000000e+00	
1297	1.300002e-02	0.000000e+00	0.000000e+00	
1298	1.300002e-02	0.000000e+00	0.000000e+00	
1299	1.300002e-02	0.000000e+00	0.000000e+00	
1300	1.300002e-02	0.000000e+00	0.000000e+00	
1301	1.300002e-02	0.000000e+00	0.000000e+00	
1302	1.300002e-02	0.000000e+00	0.000000e+00	
1303	1.300002e-02	0.000000e+00	0.000000e+00	
1304	1.300002e-02	0.000000e+00	0.000000e+00	
1305	1.300002e-02	0.000000e+00	0.000000e+00	
1306	1.300002e-02	0.000000e+00	0.000000e+00	
1307	1.300002e-02	0.000000e+00	0.000000e+00	
1308	1.300002e-02	0.000000e+00	0.000000e+00	
1309	1.300002e-02	0.000000e+00	0.000000e+00	
1310	1.300002e-02	0.000000e+00	0.000000e+00	
1311	1.300002e-02	0.000000e+00	0.000000e+00	
1312	1.300002e-02	0.000000e+00	0.000000e+00	
1313	1.300003e-02	0.000000e+00	0.000000e+00	
1314	1.300003e-02	0.000000e+00	0.000000e+00	
1315	1.300003e-02	0.000000e+00	0.000000e+00	
1316	1.300003e-02	0.000000e+00	0.000000e+00	
1317	1.300003e-02	0.000000e+00	0.000000e+00	
1318	1.300003e-02	0.000000e+00	0.000000e+00	
1319	1.300003e-02	0.000000e+00	0.000000e+00	
1320	1.300003e-02	0.000000e+00	0.000000e+00	
1321	1.300003e-02	0.000000e+00	0.000000e+00	
1322	1.300003e-02	0.000000e+00	0.000000e+00	
1323	1.300003e-02	0.000000e+00	0.000000e+00	
1324	1.300003e-02	0.000000e+00	0.000000e+00	
1325	1.300003e-02	0.000000e+00	0.000000e+00	
1326	1.300003e-02	0.000000e+00	0.000000e+00	
1327	1.300003e-02	0.000000e+00	0.000000e+00	
1328	1.300003e-02	0.000000e+00	0.000000e+00	
1329	1.300003e-02	0.000000e+00	0.000000e+00	
1330	1.300003e-02	0.000000e+00	0.000000e+00	

Index   time            V(14/a3)        V(15/b3)        
--------------------------------------------------------------------------------
1331	1.300003e-02	0.000000e+00	0.000000e+00	
1332	1.300003e-02	0.000000e+00	0.000000e+00	
1333	1.300003e-02	0.000000e+00	0.000000e+00	
1334	1.300003e-02	0.000000e+00	0.000000e+00	
1335	1.300003e-02	0.000000e+00	0.000000e+00	
1336	1.300003e-02	0.000000e+00	0.000000e+00	
1337	1.300003e-02	0.000000e+00	0.000000e+00	
1338	1.300003e-02	0.000000e+00	0.000000e+00	
1339	1.300004e-02	0.000000e+00	0.000000e+00	
1340	1.300006e-02	0.000000e+00	0.000000e+00	
1341	1.300009e-02	0.000000e+00	0.000000e+00	
1342	1.300016e-02	0.000000e+00	0.000000e+00	
1343	1.300029e-02	0.000000e+00	0.000000e+00	
1344	1.300055e-02	0.000000e+00	0.000000e+00	
1345	1.300107e-02	0.000000e+00	0.000000e+00	
1346	1.300212e-02	0.000000e+00	0.000000e+00	
1347	1.300422e-02	0.000000e+00	0.000000e+00	
1348	1.300841e-02	0.000000e+00	0.000000e+00	
1349	1.301680e-02	0.000000e+00	0.000000e+00	
1350	1.303358e-02	0.000000e+00	0.000000e+00	
1351	1.306713e-02	0.000000e+00	0.000000e+00	
1352	1.313424e-02	0.000000e+00	0.000000e+00	
1353	1.323424e-02	0.000000e+00	0.000000e+00	
1354	1.333424e-02	0.000000e+00	0.000000e+00	
1355	1.343424e-02	0.000000e+00	0.000000e+00	
1356	1.353424e-02	0.000000e+00	0.000000e+00	
1357	1.363424e-02	0.000000e+00	0.000000e+00	
1358	1.373424e-02	0.000000e+00	0.000000e+00	
1359	1.383424e-02	0.000000e+00	0.000000e+00	
1360	1.393424e-02	0.000000e+00	0.000000e+00	
1361	1.400000e-02	0.000000e+00	0.000000e+00	
1362	1.400000e-02	0.000000e+00	0.000000e+00	
1363	1.400000e-02	0.000000e+00	0.000000e+00	
1364	1.400001e-02	0.000000e+00	0.000000e+00	
1365	1.400001e-02	0.000000e+00	0.000000e+00	
1366	1.400001e-02	0.000000e+00	0.000000e+00	
1367	1.400001e-02	0.000000e+00	0.000000e+00	
1368	1.400001e-02	0.000000e+00	0.000000e+00	
1369	1.400001e-02	0.000000e+00	0.000000e+00	
1370	1.400001e-02	0.000000e+00	0.000000e+00	
1371	1.400001e-02	0.000000e+00	0.000000e+00	
1372	1.400001e-02	0.000000e+00	0.000000e+00	
1373	1.400001e-02	0.000000e+00	0.000000e+00	
1374	1.400001e-02	0.000000e+00	0.000000e+00	
1375	1.400001e-02	0.000000e+00	0.000000e+00	
1376	1.400001e-02	0.000000e+00	0.000000e+00	
1377	1.400001e-02	0.000000e+00	0.000000e+00	
1378	1.400001e-02	0.000000e+00	0.000000e+00	
1379	1.400001e-02	0.000000e+00	0.000000e+00	
1380	1.400001e-02	0.000000e+00	0.000000e+00	
1381	1.400001e-02	0.000000e+00	0.000000e+00	
1382	1.400001e-02	0.000000e+00	0.000000e+00	
1383	1.400001e-02	0.000000e+00	0.000000e+00	
1384	1.400001e-02	0.000000e+00	0.000000e+00	
1385	1.400001e-02	0.000000e+00	0.000000e+00	
1386	1.400001e-02	0.000000e+00	0.000000e+00	
1387	1.400001e-02	0.000000e+00	0.000000e+00	
1388	1.400001e-02	0.000000e+00	0.000000e+00	

Index   time            V(14/a3)        V(15/b3)        
--------------------------------------------------------------------------------
1389	1.400001e-02	0.000000e+00	0.000000e+00	
1390	1.400001e-02	0.000000e+00	0.000000e+00	
1391	1.400001e-02	0.000000e+00	0.000000e+00	
1392	1.400001e-02	0.000000e+00	0.000000e+00	
1393	1.400001e-02	0.000000e+00	0.000000e+00	
1394	1.400001e-02	0.000000e+00	0.000000e+00	
1395	1.400001e-02	0.000000e+00	0.000000e+00	
1396	1.400001e-02	0.000000e+00	0.000000e+00	
1397	1.400001e-02	0.000000e+00	0.000000e+00	
1398	1.400001e-02	0.000000e+00	0.000000e+00	
1399	1.400001e-02	0.000000e+00	0.000000e+00	
1400	1.400001e-02	0.000000e+00	0.000000e+00	
1401	1.400001e-02	0.000000e+00	0.000000e+00	
1402	1.400001e-02	0.000000e+00	0.000000e+00	
1403	1.400001e-02	0.000000e+00	0.000000e+00	
1404	1.400001e-02	0.000000e+00	0.000000e+00	
1405	1.400001e-02	0.000000e+00	0.000000e+00	
1406	1.400001e-02	0.000000e+00	0.000000e+00	
1407	1.400001e-02	0.000000e+00	0.000000e+00	
1408	1.400001e-02	0.000000e+00	0.000000e+00	
1409	1.400001e-02	0.000000e+00	0.000000e+00	
1410	1.400002e-02	0.000000e+00	0.000000e+00	
1411	1.400002e-02	0.000000e+00	0.000000e+00	
1412	1.400002e-02	0.000000e+00	0.000000e+00	
1413	1.400002e-02	0.000000e+00	0.000000e+00	
1414	1.400002e-02	0.000000e+00	0.000000e+00	
1415	1.400002e-02	0.000000e+00	0.000000e+00	
1416	1.400002e-02	0.000000e+00	0.000000e+00	
1417	1.400002e-02	0.000000e+00	0.000000e+00	
1418	1.400002e-02	0.000000e+00	0.000000e+00	
1419	1.400002e-02	0.000000e+00	0.000000e+00	
1420	1.400002e-02	0.000000e+00	0.000000e+00	
1421	1.400002e-02	0.000000e+00	0.000000e+00	
1422	1.400002e-02	0.000000e+00	0.000000e+00	
1423	1.400002e-02	0.000000e+00	0.000000e+00	
1424	1.400002e-02	0.000000e+00	0.000000e+00	
1425	1.400002e-02	0.000000e+00	0.000000e+00	
1426	1.400002e-02	0.000000e+00	0.000000e+00	
1427	1.400002e-02	0.000000e+00	0.000000e+00	
1428	1.400002e-02	0.000000e+00	0.000000e+00	
1429	1.400002e-02	0.000000e+00	0.000000e+00	
1430	1.400002e-02	0.000000e+00	0.000000e+00	
1431	1.400002e-02	0.000000e+00	0.000000e+00	
1432	1.400002e-02	0.000000e+00	0.000000e+00	
1433	1.400002e-02	0.000000e+00	0.000000e+00	
1434	1.400002e-02	0.000000e+00	0.000000e+00	
1435	1.400002e-02	0.000000e+00	0.000000e+00	
1436	1.400002e-02	0.000000e+00	0.000000e+00	
1437	1.400003e-02	0.000000e+00	0.000000e+00	
1438	1.400003e-02	0.000000e+00	0.000000e+00	
1439	1.400003e-02	0.000000e+00	0.000000e+00	
1440	1.400003e-02	0.000000e+00	0.000000e+00	
1441	1.400003e-02	0.000000e+00	0.000000e+00	
1442	1.400003e-02	0.000000e+00	0.000000e+00	
1443	1.400003e-02	0.000000e+00	0.000000e+00	
1444	1.400003e-02	0.000000e+00	0.000000e+00	
1445	1.400003e-02	0.000000e+00	0.000000e+00	
1446	1.400003e-02	0.000000e+00	0.000000e+00	

Index   time            V(14/a3)        V(15/b3)        
--------------------------------------------------------------------------------
1447	1.400003e-02	0.000000e+00	0.000000e+00	
1448	1.400003e-02	0.000000e+00	0.000000e+00	
1449	1.400003e-02	0.000000e+00	0.000000e+00	
1450	1.400003e-02	0.000000e+00	0.000000e+00	
1451	1.400003e-02	0.000000e+00	0.000000e+00	
1452	1.400003e-02	0.000000e+00	0.000000e+00	
1453	1.400003e-02	0.000000e+00	0.000000e+00	
1454	1.400003e-02	0.000000e+00	0.000000e+00	
1455	1.400003e-02	0.000000e+00	0.000000e+00	
1456	1.400003e-02	0.000000e+00	0.000000e+00	
1457	1.400003e-02	0.000000e+00	0.000000e+00	
1458	1.400004e-02	0.000000e+00	0.000000e+00	
1459	1.400004e-02	0.000000e+00	0.000000e+00	
1460	1.400006e-02	0.000000e+00	0.000000e+00	
1461	1.400009e-02	0.000000e+00	0.000000e+00	
1462	1.400016e-02	0.000000e+00	0.000000e+00	
1463	1.400029e-02	0.000000e+00	0.000000e+00	
1464	1.400055e-02	0.000000e+00	0.000000e+00	
1465	1.400108e-02	0.000000e+00	0.000000e+00	
1466	1.400212e-02	0.000000e+00	0.000000e+00	
1467	1.400422e-02	0.000000e+00	0.000000e+00	
1468	1.400842e-02	0.000000e+00	0.000000e+00	
1469	1.401681e-02	0.000000e+00	0.000000e+00	
1470	1.403358e-02	0.000000e+00	0.000000e+00	
1471	1.406714e-02	0.000000e+00	0.000000e+00	
1472	1.413425e-02	0.000000e+00	0.000000e+00	
1473	1.423425e-02	0.000000e+00	0.000000e+00	
1474	1.433425e-02	0.000000e+00	0.000000e+00	
1475	1.443425e-02	0.000000e+00	0.000000e+00	
1476	1.453425e-02	0.000000e+00	0.000000e+00	
1477	1.463425e-02	0.000000e+00	0.000000e+00	
1478	1.473425e-02	0.000000e+00	0.000000e+00	
1479	1.483425e-02	0.000000e+00	0.000000e+00	
1480	1.493425e-02	0.000000e+00	0.000000e+00	
1481	1.500001e-02	0.000000e+00	0.000000e+00	
1482	1.500001e-02	0.000000e+00	0.000000e+00	
1483	1.500001e-02	0.000000e+00	0.000000e+00	
1484	1.500002e-02	0.000000e+00	0.000000e+00	
1485	1.500002e-02	0.000000e+00	0.000000e+00	
1486	1.500002e-02	0.000000e+00	0.000000e+00	
1487	1.500002e-02	0.000000e+00	0.000000e+00	
1488	1.500002e-02	0.000000e+00	0.000000e+00	
1489	1.500002e-02	0.000000e+00	0.000000e+00	
1490	1.500002e-02	0.000000e+00	0.000000e+00	
1491	1.500002e-02	0.000000e+00	0.000000e+00	
1492	1.500002e-02	0.000000e+00	0.000000e+00	
1493	1.500002e-02	0.000000e+00	0.000000e+00	
1494	1.500002e-02	0.000000e+00	0.000000e+00	
1495	1.500002e-02	0.000000e+00	0.000000e+00	
1496	1.500002e-02	0.000000e+00	0.000000e+00	
1497	1.500002e-02	0.000000e+00	0.000000e+00	
1498	1.500002e-02	0.000000e+00	0.000000e+00	
1499	1.500002e-02	0.000000e+00	0.000000e+00	
1500	1.500002e-02	0.000000e+00	0.000000e+00	
1501	1.500002e-02	0.000000e+00	0.000000e+00	
1502	1.500002e-02	0.000000e+00	0.000000e+00	
1503	1.500002e-02	0.000000e+00	0.000000e+00	
1504	1.500002e-02	0.000000e+00	0.000000e+00	

Index   time            V(14/a3)        V(15/b3)        
--------------------------------------------------------------------------------
1505	1.500002e-02	0.000000e+00	0.000000e+00	
1506	1.500003e-02	0.000000e+00	0.000000e+00	
1507	1.500003e-02	0.000000e+00	0.000000e+00	
1508	1.500003e-02	0.000000e+00	0.000000e+00	
1509	1.500003e-02	0.000000e+00	0.000000e+00	
1510	1.500003e-02	0.000000e+00	0.000000e+00	
1511	1.500003e-02	0.000000e+00	0.000000e+00	
1512	1.500003e-02	0.000000e+00	0.000000e+00	
1513	1.500003e-02	0.000000e+00	0.000000e+00	
1514	1.500003e-02	0.000000e+00	0.000000e+00	
1515	1.500003e-02	0.000000e+00	0.000000e+00	
1516	1.500003e-02	0.000000e+00	0.000000e+00	
1517	1.500003e-02	0.000000e+00	0.000000e+00	
1518	1.500003e-02	0.000000e+00	0.000000e+00	
1519	1.500003e-02	0.000000e+00	0.000000e+00	
1520	1.500003e-02	0.000000e+00	0.000000e+00	
1521	1.500003e-02	0.000000e+00	0.000000e+00	
1522	1.500003e-02	0.000000e+00	0.000000e+00	
1523	1.500003e-02	0.000000e+00	0.000000e+00	
1524	1.500003e-02	0.000000e+00	0.000000e+00	
1525	1.500003e-02	0.000000e+00	0.000000e+00	
1526	1.500003e-02	0.000000e+00	0.000000e+00	
1527	1.500003e-02	0.000000e+00	0.000000e+00	
1528	1.500003e-02	0.000000e+00	0.000000e+00	
1529	1.500003e-02	0.000000e+00	0.000000e+00	
1530	1.500003e-02	0.000000e+00	0.000000e+00	
1531	1.500003e-02	0.000000e+00	0.000000e+00	
1532	1.500004e-02	0.000000e+00	0.000000e+00	
1533	1.500006e-02	0.000000e+00	0.000000e+00	
1534	1.500009e-02	0.000000e+00	0.000000e+00	
1535	1.500016e-02	0.000000e+00	0.000000e+00	
1536	1.500029e-02	0.000000e+00	0.000000e+00	
1537	1.500055e-02	0.000000e+00	0.000000e+00	
1538	1.500107e-02	0.000000e+00	0.000000e+00	
1539	1.500212e-02	0.000000e+00	0.000000e+00	
1540	1.500422e-02	0.000000e+00	0.000000e+00	
1541	1.500841e-02	0.000000e+00	0.000000e+00	
1542	1.501680e-02	0.000000e+00	0.000000e+00	
1543	1.503358e-02	0.000000e+00	0.000000e+00	
1544	1.506713e-02	0.000000e+00	0.000000e+00	
1545	1.513424e-02	0.000000e+00	0.000000e+00	
1546	1.523424e-02	0.000000e+00	0.000000e+00	
1547	1.533424e-02	0.000000e+00	0.000000e+00	
1548	1.543424e-02	0.000000e+00	0.000000e+00	
1549	1.553424e-02	0.000000e+00	0.000000e+00	
1550	1.563424e-02	0.000000e+00	0.000000e+00	
1551	1.573424e-02	0.000000e+00	0.000000e+00	
1552	1.583424e-02	0.000000e+00	0.000000e+00	
1553	1.593424e-02	0.000000e+00	0.000000e+00	
1554	1.600000e-02	0.000000e+00	0.000000e+00	
