                                kicad schematic
                                Transient Analysis  Tue Nov 04 17:57:04  2025
--------------------------------------------------------------------------------
Index   time            a9#branch_1_0   a10#branch_1_0  v1#branch       
--------------------------------------------------------------------------------
0	0.000000e+00	0.000000e+00	0.000000e+00	0.000000e+00	
1	1.000000e-10	0.000000e+00	0.000000e+00	0.000000e+00	
2	2.000000e-10	0.000000e+00	0.000000e+00	0.000000e+00	
3	4.000000e-10	0.000000e+00	0.000000e+00	0.000000e+00	
4	8.000000e-10	0.000000e+00	0.000000e+00	0.000000e+00	
5	1.600000e-09	0.000000e+00	0.000000e+00	0.000000e+00	
6	3.200000e-09	0.000000e+00	0.000000e+00	0.000000e+00	
7	6.400000e-09	0.000000e+00	0.000000e+00	0.000000e+00	
8	7.200000e-09	0.000000e+00	0.000000e+00	0.000000e+00	
9	7.290000e-09	0.000000e+00	0.000000e+00	0.000000e+00	
10	7.470000e-09	0.000000e+00	0.000000e+00	0.000000e+00	
11	7.830000e-09	0.000000e+00	0.000000e+00	0.000000e+00	
12	8.100000e-09	0.000000e+00	0.000000e+00	0.000000e+00	
13	8.172000e-09	0.000000e+00	0.000000e+00	0.000000e+00	
14	8.316000e-09	0.000000e+00	0.000000e+00	0.000000e+00	
15	8.604000e-09	0.000000e+00	0.000000e+00	0.000000e+00	
16	9.180000e-09	0.000000e+00	0.000000e+00	0.000000e+00	
17	1.000000e-08	0.000000e+00	0.000000e+00	0.000000e+00	
18	1.011520e-08	0.000000e+00	0.000000e+00	0.000000e+00	
19	1.034560e-08	0.000000e+00	0.000000e+00	0.000000e+00	
20	1.040000e-08	0.000000e+00	0.000000e+00	0.000000e+00	
21	1.041000e-08	0.000000e+00	0.000000e+00	0.000000e+00	
22	1.043000e-08	0.000000e+00	0.000000e+00	0.000000e+00	
23	1.047000e-08	0.000000e+00	0.000000e+00	0.000000e+00	
24	1.050000e-08	0.000000e+00	0.000000e+00	0.000000e+00	
25	1.050800e-08	0.000000e+00	0.000000e+00	0.000000e+00	
26	1.052400e-08	0.000000e+00	0.000000e+00	0.000000e+00	
27	1.055600e-08	0.000000e+00	0.000000e+00	0.000000e+00	
28	1.062000e-08	0.000000e+00	0.000000e+00	0.000000e+00	
29	1.074800e-08	0.000000e+00	0.000000e+00	0.000000e+00	
30	1.100400e-08	0.000000e+00	0.000000e+00	0.000000e+00	
31	1.151600e-08	0.000000e+00	0.000000e+00	0.000000e+00	
32	1.254000e-08	0.000000e+00	0.000000e+00	0.000000e+00	
33	1.458800e-08	0.000000e+00	0.000000e+00	0.000000e+00	
34	1.868400e-08	0.000000e+00	0.000000e+00	0.000000e+00	
35	2.687600e-08	0.000000e+00	0.000000e+00	0.000000e+00	
36	4.326000e-08	0.000000e+00	0.000000e+00	0.000000e+00	
37	7.602800e-08	0.000000e+00	0.000000e+00	0.000000e+00	
38	1.415640e-07	0.000000e+00	0.000000e+00	0.000000e+00	
39	2.726360e-07	0.000000e+00	0.000000e+00	0.000000e+00	
40	5.347800e-07	0.000000e+00	0.000000e+00	0.000000e+00	
41	1.059068e-06	0.000000e+00	0.000000e+00	0.000000e+00	
42	2.107644e-06	0.000000e+00	0.000000e+00	0.000000e+00	
43	4.204796e-06	0.000000e+00	0.000000e+00	0.000000e+00	
44	8.399100e-06	0.000000e+00	0.000000e+00	0.000000e+00	
45	1.678771e-05	0.000000e+00	0.000000e+00	0.000000e+00	
46	2.678771e-05	0.000000e+00	0.000000e+00	0.000000e+00	
47	3.678771e-05	0.000000e+00	0.000000e+00	0.000000e+00	
48	4.678771e-05	0.000000e+00	0.000000e+00	0.000000e+00	
49	5.678771e-05	0.000000e+00	0.000000e+00	0.000000e+00	
50	6.678771e-05	0.000000e+00	0.000000e+00	0.000000e+00	
51	7.678771e-05	0.000000e+00	0.000000e+00	0.000000e+00	
52	8.678771e-05	0.000000e+00	0.000000e+00	0.000000e+00	
53	9.678771e-05	0.000000e+00	0.000000e+00	0.000000e+00	
54	1.067877e-04	0.000000e+00	0.000000e+00	0.000000e+00	

Index   time            a9#branch_1_0   a10#branch_1_0  v1#branch       
--------------------------------------------------------------------------------
55	1.167877e-04	0.000000e+00	0.000000e+00	0.000000e+00	
56	1.267877e-04	0.000000e+00	0.000000e+00	0.000000e+00	
57	1.367877e-04	0.000000e+00	0.000000e+00	0.000000e+00	
58	1.467877e-04	0.000000e+00	0.000000e+00	0.000000e+00	
59	1.567877e-04	0.000000e+00	0.000000e+00	0.000000e+00	
60	1.667877e-04	0.000000e+00	0.000000e+00	0.000000e+00	
61	1.767877e-04	0.000000e+00	0.000000e+00	0.000000e+00	
62	1.867877e-04	0.000000e+00	0.000000e+00	0.000000e+00	
63	1.967877e-04	0.000000e+00	0.000000e+00	0.000000e+00	
64	2.067877e-04	0.000000e+00	0.000000e+00	0.000000e+00	
65	2.167877e-04	0.000000e+00	0.000000e+00	0.000000e+00	
66	2.267877e-04	0.000000e+00	0.000000e+00	0.000000e+00	
67	2.367877e-04	0.000000e+00	0.000000e+00	0.000000e+00	
68	2.467877e-04	0.000000e+00	0.000000e+00	0.000000e+00	
69	2.567877e-04	0.000000e+00	0.000000e+00	0.000000e+00	
70	2.667877e-04	0.000000e+00	0.000000e+00	0.000000e+00	
71	2.767877e-04	0.000000e+00	0.000000e+00	0.000000e+00	
72	2.867877e-04	0.000000e+00	0.000000e+00	0.000000e+00	
73	2.967877e-04	0.000000e+00	0.000000e+00	0.000000e+00	
74	3.067877e-04	0.000000e+00	0.000000e+00	0.000000e+00	
75	3.167877e-04	0.000000e+00	0.000000e+00	0.000000e+00	
76	3.267877e-04	0.000000e+00	0.000000e+00	0.000000e+00	
77	3.367877e-04	0.000000e+00	0.000000e+00	0.000000e+00	
78	3.467877e-04	0.000000e+00	0.000000e+00	0.000000e+00	
79	3.567877e-04	0.000000e+00	0.000000e+00	0.000000e+00	
80	3.667877e-04	0.000000e+00	0.000000e+00	0.000000e+00	
81	3.767877e-04	0.000000e+00	0.000000e+00	0.000000e+00	
82	3.867877e-04	0.000000e+00	0.000000e+00	0.000000e+00	
83	3.967877e-04	0.000000e+00	0.000000e+00	0.000000e+00	
84	4.067877e-04	0.000000e+00	0.000000e+00	0.000000e+00	
85	4.167877e-04	0.000000e+00	0.000000e+00	0.000000e+00	
86	4.267877e-04	0.000000e+00	0.000000e+00	0.000000e+00	
87	4.367877e-04	0.000000e+00	0.000000e+00	0.000000e+00	
88	4.467877e-04	0.000000e+00	0.000000e+00	0.000000e+00	
89	4.567877e-04	0.000000e+00	0.000000e+00	0.000000e+00	
90	4.667877e-04	0.000000e+00	0.000000e+00	0.000000e+00	
91	4.767877e-04	0.000000e+00	0.000000e+00	0.000000e+00	
92	4.867877e-04	0.000000e+00	0.000000e+00	0.000000e+00	
93	4.967877e-04	0.000000e+00	0.000000e+00	0.000000e+00	
94	5.067877e-04	0.000000e+00	0.000000e+00	0.000000e+00	
95	5.167877e-04	0.000000e+00	0.000000e+00	0.000000e+00	
96	5.267877e-04	0.000000e+00	0.000000e+00	0.000000e+00	
97	5.367877e-04	0.000000e+00	0.000000e+00	0.000000e+00	
98	5.467877e-04	0.000000e+00	0.000000e+00	0.000000e+00	
99	5.567877e-04	0.000000e+00	0.000000e+00	0.000000e+00	
100	5.667877e-04	0.000000e+00	0.000000e+00	0.000000e+00	
101	5.767877e-04	0.000000e+00	0.000000e+00	0.000000e+00	
102	5.867877e-04	0.000000e+00	0.000000e+00	0.000000e+00	
103	5.967877e-04	0.000000e+00	0.000000e+00	0.000000e+00	
104	6.067877e-04	0.000000e+00	0.000000e+00	0.000000e+00	
105	6.167877e-04	0.000000e+00	0.000000e+00	0.000000e+00	
106	6.267877e-04	0.000000e+00	0.000000e+00	0.000000e+00	
107	6.367877e-04	0.000000e+00	0.000000e+00	0.000000e+00	
108	6.467877e-04	0.000000e+00	0.000000e+00	0.000000e+00	
109	6.567877e-04	0.000000e+00	0.000000e+00	0.000000e+00	
110	6.667877e-04	0.000000e+00	0.000000e+00	0.000000e+00	
111	6.767877e-04	0.000000e+00	0.000000e+00	0.000000e+00	
112	6.867877e-04	0.000000e+00	0.000000e+00	0.000000e+00	

Index   time            a9#branch_1_0   a10#branch_1_0  v1#branch       
--------------------------------------------------------------------------------
113	6.967877e-04	0.000000e+00	0.000000e+00	0.000000e+00	
114	7.067877e-04	0.000000e+00	0.000000e+00	0.000000e+00	
115	7.167877e-04	0.000000e+00	0.000000e+00	0.000000e+00	
116	7.267877e-04	0.000000e+00	0.000000e+00	0.000000e+00	
117	7.367877e-04	0.000000e+00	0.000000e+00	0.000000e+00	
118	7.467877e-04	0.000000e+00	0.000000e+00	0.000000e+00	
119	7.567877e-04	0.000000e+00	0.000000e+00	0.000000e+00	
120	7.667877e-04	0.000000e+00	0.000000e+00	0.000000e+00	
121	7.767877e-04	0.000000e+00	0.000000e+00	0.000000e+00	
122	7.867877e-04	0.000000e+00	0.000000e+00	0.000000e+00	
123	7.967877e-04	0.000000e+00	0.000000e+00	0.000000e+00	
124	8.067877e-04	0.000000e+00	0.000000e+00	0.000000e+00	
125	8.167877e-04	0.000000e+00	0.000000e+00	0.000000e+00	
126	8.267877e-04	0.000000e+00	0.000000e+00	0.000000e+00	
127	8.367877e-04	0.000000e+00	0.000000e+00	0.000000e+00	
128	8.467877e-04	0.000000e+00	0.000000e+00	0.000000e+00	
129	8.567877e-04	0.000000e+00	0.000000e+00	0.000000e+00	
130	8.667877e-04	0.000000e+00	0.000000e+00	0.000000e+00	
131	8.767877e-04	0.000000e+00	0.000000e+00	0.000000e+00	
132	8.867877e-04	0.000000e+00	0.000000e+00	0.000000e+00	
133	8.967877e-04	0.000000e+00	0.000000e+00	0.000000e+00	
134	9.067877e-04	0.000000e+00	0.000000e+00	0.000000e+00	
135	9.167877e-04	0.000000e+00	0.000000e+00	0.000000e+00	
136	9.267877e-04	0.000000e+00	0.000000e+00	0.000000e+00	
137	9.367877e-04	0.000000e+00	0.000000e+00	0.000000e+00	
138	9.467877e-04	0.000000e+00	0.000000e+00	0.000000e+00	
139	9.567877e-04	0.000000e+00	0.000000e+00	0.000000e+00	
140	9.667877e-04	0.000000e+00	0.000000e+00	0.000000e+00	
141	9.767877e-04	0.000000e+00	0.000000e+00	0.000000e+00	
142	9.867877e-04	0.000000e+00	0.000000e+00	0.000000e+00	
143	9.967877e-04	0.000000e+00	0.000000e+00	0.000000e+00	
144	1.000010e-03	0.000000e+00	0.000000e+00	0.000000e+00	
145	1.000011e-03	0.000000e+00	0.000000e+00	0.000000e+00	
146	1.000013e-03	0.000000e+00	0.000000e+00	0.000000e+00	
147	1.000017e-03	0.000000e+00	0.000000e+00	0.000000e+00	
148	1.000020e-03	0.000000e+00	0.000000e+00	0.000000e+00	
149	1.000021e-03	0.000000e+00	0.000000e+00	0.000000e+00	
150	1.000021e-03	0.000000e+00	0.000000e+00	0.000000e+00	
151	1.000021e-03	0.000000e+00	0.000000e+00	0.000000e+00	
152	1.000021e-03	0.000000e+00	0.000000e+00	0.000000e+00	
153	1.000021e-03	0.000000e+00	0.000000e+00	0.000000e+00	
154	1.000021e-03	0.000000e+00	0.000000e+00	0.000000e+00	
155	1.000021e-03	0.000000e+00	0.000000e+00	0.000000e+00	
156	1.000021e-03	0.000000e+00	0.000000e+00	0.000000e+00	
157	1.000021e-03	0.000000e+00	0.000000e+00	0.000000e+00	
158	1.000021e-03	0.000000e+00	0.000000e+00	0.000000e+00	
159	1.000021e-03	0.000000e+00	0.000000e+00	0.000000e+00	
160	1.000022e-03	0.000000e+00	0.000000e+00	0.000000e+00	
161	1.000022e-03	0.000000e+00	0.000000e+00	0.000000e+00	
162	1.000023e-03	0.000000e+00	0.000000e+00	0.000000e+00	
163	1.000024e-03	0.000000e+00	0.000000e+00	0.000000e+00	
164	1.000024e-03	0.000000e+00	0.000000e+00	0.000000e+00	
165	1.000024e-03	0.000000e+00	0.000000e+00	0.000000e+00	
166	1.000025e-03	0.000000e+00	0.000000e+00	0.000000e+00	
167	1.000025e-03	0.000000e+00	0.000000e+00	0.000000e+00	
168	1.000025e-03	0.000000e+00	0.000000e+00	0.000000e+00	
169	1.000025e-03	0.000000e+00	0.000000e+00	0.000000e+00	
170	1.000025e-03	0.000000e+00	0.000000e+00	0.000000e+00	

Index   time            a9#branch_1_0   a10#branch_1_0  v1#branch       
--------------------------------------------------------------------------------
171	1.000026e-03	0.000000e+00	0.000000e+00	0.000000e+00	
172	1.000027e-03	0.000000e+00	0.000000e+00	0.000000e+00	
173	1.000029e-03	0.000000e+00	0.000000e+00	0.000000e+00	
174	1.000034e-03	0.000000e+00	0.000000e+00	0.000000e+00	
175	1.000043e-03	0.000000e+00	0.000000e+00	0.000000e+00	
176	1.000062e-03	0.000000e+00	0.000000e+00	0.000000e+00	
177	1.000099e-03	0.000000e+00	0.000000e+00	0.000000e+00	
178	1.000172e-03	0.000000e+00	0.000000e+00	0.000000e+00	
179	1.000320e-03	0.000000e+00	0.000000e+00	0.000000e+00	
180	1.000615e-03	0.000000e+00	0.000000e+00	0.000000e+00	
181	1.001204e-03	0.000000e+00	0.000000e+00	0.000000e+00	
182	1.002384e-03	0.000000e+00	0.000000e+00	0.000000e+00	
183	1.004743e-03	0.000000e+00	0.000000e+00	0.000000e+00	
184	1.009462e-03	0.000000e+00	0.000000e+00	0.000000e+00	
185	1.018899e-03	0.000000e+00	0.000000e+00	0.000000e+00	
186	1.028899e-03	0.000000e+00	0.000000e+00	0.000000e+00	
187	1.038899e-03	0.000000e+00	0.000000e+00	0.000000e+00	
188	1.048899e-03	0.000000e+00	0.000000e+00	0.000000e+00	
189	1.058899e-03	0.000000e+00	0.000000e+00	0.000000e+00	
190	1.068899e-03	0.000000e+00	0.000000e+00	0.000000e+00	
191	1.078899e-03	0.000000e+00	0.000000e+00	0.000000e+00	
192	1.088899e-03	0.000000e+00	0.000000e+00	0.000000e+00	
193	1.098899e-03	0.000000e+00	0.000000e+00	0.000000e+00	
194	1.108899e-03	0.000000e+00	0.000000e+00	0.000000e+00	
195	1.118899e-03	0.000000e+00	0.000000e+00	0.000000e+00	
196	1.128899e-03	0.000000e+00	0.000000e+00	0.000000e+00	
197	1.138899e-03	0.000000e+00	0.000000e+00	0.000000e+00	
198	1.148899e-03	0.000000e+00	0.000000e+00	0.000000e+00	
199	1.158899e-03	0.000000e+00	0.000000e+00	0.000000e+00	
200	1.168899e-03	0.000000e+00	0.000000e+00	0.000000e+00	
201	1.178899e-03	0.000000e+00	0.000000e+00	0.000000e+00	
202	1.188899e-03	0.000000e+00	0.000000e+00	0.000000e+00	
203	1.198899e-03	0.000000e+00	0.000000e+00	0.000000e+00	
204	1.208899e-03	0.000000e+00	0.000000e+00	0.000000e+00	
205	1.218899e-03	0.000000e+00	0.000000e+00	0.000000e+00	
206	1.228899e-03	0.000000e+00	0.000000e+00	0.000000e+00	
207	1.238899e-03	0.000000e+00	0.000000e+00	0.000000e+00	
208	1.248899e-03	0.000000e+00	0.000000e+00	0.000000e+00	
209	1.258899e-03	0.000000e+00	0.000000e+00	0.000000e+00	
210	1.268899e-03	0.000000e+00	0.000000e+00	0.000000e+00	
211	1.278899e-03	0.000000e+00	0.000000e+00	0.000000e+00	
212	1.288899e-03	0.000000e+00	0.000000e+00	0.000000e+00	
213	1.298899e-03	0.000000e+00	0.000000e+00	0.000000e+00	
214	1.308899e-03	0.000000e+00	0.000000e+00	0.000000e+00	
215	1.318899e-03	0.000000e+00	0.000000e+00	0.000000e+00	
216	1.328899e-03	0.000000e+00	0.000000e+00	0.000000e+00	
217	1.338899e-03	0.000000e+00	0.000000e+00	0.000000e+00	
218	1.348899e-03	0.000000e+00	0.000000e+00	0.000000e+00	
219	1.358899e-03	0.000000e+00	0.000000e+00	0.000000e+00	
220	1.368899e-03	0.000000e+00	0.000000e+00	0.000000e+00	
221	1.378899e-03	0.000000e+00	0.000000e+00	0.000000e+00	
222	1.388899e-03	0.000000e+00	0.000000e+00	0.000000e+00	
223	1.398899e-03	0.000000e+00	0.000000e+00	0.000000e+00	
224	1.408899e-03	0.000000e+00	0.000000e+00	0.000000e+00	
225	1.418899e-03	0.000000e+00	0.000000e+00	0.000000e+00	
226	1.428899e-03	0.000000e+00	0.000000e+00	0.000000e+00	
227	1.438899e-03	0.000000e+00	0.000000e+00	0.000000e+00	
228	1.448899e-03	0.000000e+00	0.000000e+00	0.000000e+00	

Index   time            a9#branch_1_0   a10#branch_1_0  v1#branch       
--------------------------------------------------------------------------------
229	1.458899e-03	0.000000e+00	0.000000e+00	0.000000e+00	
230	1.468899e-03	0.000000e+00	0.000000e+00	0.000000e+00	
231	1.478899e-03	0.000000e+00	0.000000e+00	0.000000e+00	
232	1.488899e-03	0.000000e+00	0.000000e+00	0.000000e+00	
233	1.498899e-03	0.000000e+00	0.000000e+00	0.000000e+00	
234	1.508899e-03	0.000000e+00	0.000000e+00	0.000000e+00	
235	1.518899e-03	0.000000e+00	0.000000e+00	0.000000e+00	
236	1.528899e-03	0.000000e+00	0.000000e+00	0.000000e+00	
237	1.538899e-03	0.000000e+00	0.000000e+00	0.000000e+00	
238	1.548899e-03	0.000000e+00	0.000000e+00	0.000000e+00	
239	1.558899e-03	0.000000e+00	0.000000e+00	0.000000e+00	
240	1.568899e-03	0.000000e+00	0.000000e+00	0.000000e+00	
241	1.578899e-03	0.000000e+00	0.000000e+00	0.000000e+00	
242	1.588899e-03	0.000000e+00	0.000000e+00	0.000000e+00	
243	1.598899e-03	0.000000e+00	0.000000e+00	0.000000e+00	
244	1.608899e-03	0.000000e+00	0.000000e+00	0.000000e+00	
245	1.618899e-03	0.000000e+00	0.000000e+00	0.000000e+00	
246	1.628899e-03	0.000000e+00	0.000000e+00	0.000000e+00	
247	1.638899e-03	0.000000e+00	0.000000e+00	0.000000e+00	
248	1.648899e-03	0.000000e+00	0.000000e+00	0.000000e+00	
249	1.658899e-03	0.000000e+00	0.000000e+00	0.000000e+00	
250	1.668899e-03	0.000000e+00	0.000000e+00	0.000000e+00	
251	1.678899e-03	0.000000e+00	0.000000e+00	0.000000e+00	
252	1.688899e-03	0.000000e+00	0.000000e+00	0.000000e+00	
253	1.698899e-03	0.000000e+00	0.000000e+00	0.000000e+00	
254	1.708899e-03	0.000000e+00	0.000000e+00	0.000000e+00	
255	1.718899e-03	0.000000e+00	0.000000e+00	0.000000e+00	
256	1.728899e-03	0.000000e+00	0.000000e+00	0.000000e+00	
257	1.738899e-03	0.000000e+00	0.000000e+00	0.000000e+00	
258	1.748899e-03	0.000000e+00	0.000000e+00	0.000000e+00	
259	1.758899e-03	0.000000e+00	0.000000e+00	0.000000e+00	
260	1.768899e-03	0.000000e+00	0.000000e+00	0.000000e+00	
261	1.778899e-03	0.000000e+00	0.000000e+00	0.000000e+00	
262	1.788899e-03	0.000000e+00	0.000000e+00	0.000000e+00	
263	1.798899e-03	0.000000e+00	0.000000e+00	0.000000e+00	
264	1.808899e-03	0.000000e+00	0.000000e+00	0.000000e+00	
265	1.818899e-03	0.000000e+00	0.000000e+00	0.000000e+00	
266	1.828899e-03	0.000000e+00	0.000000e+00	0.000000e+00	
267	1.838899e-03	0.000000e+00	0.000000e+00	0.000000e+00	
268	1.848899e-03	0.000000e+00	0.000000e+00	0.000000e+00	
269	1.858899e-03	0.000000e+00	0.000000e+00	0.000000e+00	
270	1.868899e-03	0.000000e+00	0.000000e+00	0.000000e+00	
271	1.878899e-03	0.000000e+00	0.000000e+00	0.000000e+00	
272	1.888899e-03	0.000000e+00	0.000000e+00	0.000000e+00	
273	1.898899e-03	0.000000e+00	0.000000e+00	0.000000e+00	
274	1.908899e-03	0.000000e+00	0.000000e+00	0.000000e+00	
275	1.918899e-03	0.000000e+00	0.000000e+00	0.000000e+00	
276	1.928899e-03	0.000000e+00	0.000000e+00	0.000000e+00	
277	1.938899e-03	0.000000e+00	0.000000e+00	0.000000e+00	
278	1.948899e-03	0.000000e+00	0.000000e+00	0.000000e+00	
279	1.958899e-03	0.000000e+00	0.000000e+00	0.000000e+00	
280	1.968899e-03	0.000000e+00	0.000000e+00	0.000000e+00	
281	1.978899e-03	0.000000e+00	0.000000e+00	0.000000e+00	
282	1.988899e-03	0.000000e+00	0.000000e+00	0.000000e+00	
283	1.998899e-03	0.000000e+00	0.000000e+00	0.000000e+00	
284	2.000000e-03	0.000000e+00	0.000000e+00	0.000000e+00	
285	2.000001e-03	0.000000e+00	0.000000e+00	0.000000e+00	
286	2.000003e-03	0.000000e+00	0.000000e+00	0.000000e+00	

Index   time            a9#branch_1_0   a10#branch_1_0  v1#branch       
--------------------------------------------------------------------------------
287	2.000007e-03	0.000000e+00	0.000000e+00	0.000000e+00	
288	2.000007e-03	0.000000e+00	0.000000e+00	0.000000e+00	
289	2.000007e-03	0.000000e+00	0.000000e+00	0.000000e+00	
290	2.000008e-03	0.000000e+00	0.000000e+00	0.000000e+00	
291	2.000008e-03	0.000000e+00	0.000000e+00	0.000000e+00	
292	2.000008e-03	0.000000e+00	0.000000e+00	0.000000e+00	
293	2.000008e-03	0.000000e+00	0.000000e+00	0.000000e+00	
294	2.000008e-03	0.000000e+00	0.000000e+00	0.000000e+00	
295	2.000009e-03	0.000000e+00	0.000000e+00	0.000000e+00	
296	2.000010e-03	0.000000e+00	0.000000e+00	0.000000e+00	
297	2.000010e-03	0.000000e+00	0.000000e+00	0.000000e+00	
298	2.000010e-03	0.000000e+00	0.000000e+00	0.000000e+00	
299	2.000011e-03	0.000000e+00	0.000000e+00	0.000000e+00	
300	2.000011e-03	0.000000e+00	0.000000e+00	0.000000e+00	
301	2.000011e-03	0.000000e+00	0.000000e+00	0.000000e+00	
302	2.000011e-03	0.000000e+00	0.000000e+00	0.000000e+00	
303	2.000011e-03	0.000000e+00	0.000000e+00	0.000000e+00	
304	2.000011e-03	0.000000e+00	0.000000e+00	0.000000e+00	
305	2.000011e-03	0.000000e+00	0.000000e+00	0.000000e+00	
306	2.000011e-03	0.000000e+00	0.000000e+00	0.000000e+00	
307	2.000011e-03	0.000000e+00	0.000000e+00	0.000000e+00	
308	2.000011e-03	0.000000e+00	0.000000e+00	0.000000e+00	
309	2.000011e-03	0.000000e+00	0.000000e+00	0.000000e+00	
310	2.000012e-03	0.000000e+00	0.000000e+00	0.000000e+00	
311	2.000012e-03	0.000000e+00	0.000000e+00	0.000000e+00	
312	2.000013e-03	0.000000e+00	0.000000e+00	0.000000e+00	
313	2.000015e-03	0.000000e+00	0.000000e+00	0.000000e+00	
314	2.000019e-03	0.000000e+00	0.000000e+00	0.000000e+00	
315	2.000020e-03	0.000000e+00	0.000000e+00	0.000000e+00	
316	2.000021e-03	0.000000e+00	0.000000e+00	0.000000e+00	
317	2.000022e-03	0.000000e+00	0.000000e+00	0.000000e+00	
318	2.000023e-03	0.000000e+00	0.000000e+00	0.000000e+00	
319	2.000023e-03	0.000000e+00	0.000000e+00	0.000000e+00	
320	2.000024e-03	0.000000e+00	0.000000e+00	0.000000e+00	
321	2.000024e-03	0.000000e+00	0.000000e+00	0.000000e+00	
322	2.000024e-03	0.000000e+00	0.000000e+00	0.000000e+00	
323	2.000024e-03	0.000000e+00	0.000000e+00	0.000000e+00	
324	2.000025e-03	0.000000e+00	0.000000e+00	0.000000e+00	
325	2.000025e-03	0.000000e+00	0.000000e+00	0.000000e+00	
326	2.000025e-03	0.000000e+00	0.000000e+00	0.000000e+00	
327	2.000027e-03	0.000000e+00	0.000000e+00	0.000000e+00	
328	2.000029e-03	0.000000e+00	0.000000e+00	0.000000e+00	
329	2.000034e-03	0.000000e+00	0.000000e+00	0.000000e+00	
330	2.000045e-03	0.000000e+00	0.000000e+00	0.000000e+00	
331	2.000065e-03	0.000000e+00	0.000000e+00	0.000000e+00	
332	2.000106e-03	0.000000e+00	0.000000e+00	0.000000e+00	
333	2.000188e-03	0.000000e+00	0.000000e+00	0.000000e+00	
334	2.000352e-03	0.000000e+00	0.000000e+00	0.000000e+00	
335	2.000680e-03	0.000000e+00	0.000000e+00	0.000000e+00	
336	2.001335e-03	0.000000e+00	0.000000e+00	0.000000e+00	
337	2.002646e-03	0.000000e+00	0.000000e+00	0.000000e+00	
338	2.005267e-03	0.000000e+00	0.000000e+00	0.000000e+00	
339	2.010510e-03	0.000000e+00	0.000000e+00	0.000000e+00	
340	2.020510e-03	0.000000e+00	0.000000e+00	0.000000e+00	
341	2.030510e-03	0.000000e+00	0.000000e+00	0.000000e+00	
342	2.040510e-03	0.000000e+00	0.000000e+00	0.000000e+00	
343	2.050510e-03	0.000000e+00	0.000000e+00	0.000000e+00	
344	2.060510e-03	0.000000e+00	0.000000e+00	0.000000e+00	

Index   time            a9#branch_1_0   a10#branch_1_0  v1#branch       
--------------------------------------------------------------------------------
345	2.070510e-03	0.000000e+00	0.000000e+00	0.000000e+00	
346	2.080510e-03	0.000000e+00	0.000000e+00	0.000000e+00	
347	2.090510e-03	0.000000e+00	0.000000e+00	0.000000e+00	
348	2.100510e-03	0.000000e+00	0.000000e+00	0.000000e+00	
349	2.110510e-03	0.000000e+00	0.000000e+00	0.000000e+00	
350	2.120510e-03	0.000000e+00	0.000000e+00	0.000000e+00	
351	2.130510e-03	0.000000e+00	0.000000e+00	0.000000e+00	
352	2.140510e-03	0.000000e+00	0.000000e+00	0.000000e+00	
353	2.150510e-03	0.000000e+00	0.000000e+00	0.000000e+00	
354	2.160510e-03	0.000000e+00	0.000000e+00	0.000000e+00	
355	2.170510e-03	0.000000e+00	0.000000e+00	0.000000e+00	
356	2.180510e-03	0.000000e+00	0.000000e+00	0.000000e+00	
357	2.190510e-03	0.000000e+00	0.000000e+00	0.000000e+00	
358	2.200510e-03	0.000000e+00	0.000000e+00	0.000000e+00	
359	2.210510e-03	0.000000e+00	0.000000e+00	0.000000e+00	
360	2.220510e-03	0.000000e+00	0.000000e+00	0.000000e+00	
361	2.230510e-03	0.000000e+00	0.000000e+00	0.000000e+00	
362	2.240510e-03	0.000000e+00	0.000000e+00	0.000000e+00	
363	2.250510e-03	0.000000e+00	0.000000e+00	0.000000e+00	
364	2.260510e-03	0.000000e+00	0.000000e+00	0.000000e+00	
365	2.270510e-03	0.000000e+00	0.000000e+00	0.000000e+00	
366	2.280510e-03	0.000000e+00	0.000000e+00	0.000000e+00	
367	2.290510e-03	0.000000e+00	0.000000e+00	0.000000e+00	
368	2.300510e-03	0.000000e+00	0.000000e+00	0.000000e+00	
369	2.310510e-03	0.000000e+00	0.000000e+00	0.000000e+00	
370	2.320510e-03	0.000000e+00	0.000000e+00	0.000000e+00	
371	2.330510e-03	0.000000e+00	0.000000e+00	0.000000e+00	
372	2.340510e-03	0.000000e+00	0.000000e+00	0.000000e+00	
373	2.350510e-03	0.000000e+00	0.000000e+00	0.000000e+00	
374	2.360510e-03	0.000000e+00	0.000000e+00	0.000000e+00	
375	2.370510e-03	0.000000e+00	0.000000e+00	0.000000e+00	
376	2.380510e-03	0.000000e+00	0.000000e+00	0.000000e+00	
377	2.390510e-03	0.000000e+00	0.000000e+00	0.000000e+00	
378	2.400510e-03	0.000000e+00	0.000000e+00	0.000000e+00	
379	2.410510e-03	0.000000e+00	0.000000e+00	0.000000e+00	
380	2.420510e-03	0.000000e+00	0.000000e+00	0.000000e+00	
381	2.430510e-03	0.000000e+00	0.000000e+00	0.000000e+00	
382	2.440510e-03	0.000000e+00	0.000000e+00	0.000000e+00	
383	2.450510e-03	0.000000e+00	0.000000e+00	0.000000e+00	
384	2.460510e-03	0.000000e+00	0.000000e+00	0.000000e+00	
385	2.470510e-03	0.000000e+00	0.000000e+00	0.000000e+00	
386	2.480510e-03	0.000000e+00	0.000000e+00	0.000000e+00	
387	2.490510e-03	0.000000e+00	0.000000e+00	0.000000e+00	
388	2.500510e-03	0.000000e+00	0.000000e+00	0.000000e+00	
389	2.510510e-03	0.000000e+00	0.000000e+00	0.000000e+00	
390	2.520510e-03	0.000000e+00	0.000000e+00	0.000000e+00	
391	2.530510e-03	0.000000e+00	0.000000e+00	0.000000e+00	
392	2.540510e-03	0.000000e+00	0.000000e+00	0.000000e+00	
393	2.550510e-03	0.000000e+00	0.000000e+00	0.000000e+00	
394	2.560510e-03	0.000000e+00	0.000000e+00	0.000000e+00	
395	2.570510e-03	0.000000e+00	0.000000e+00	0.000000e+00	
396	2.580510e-03	0.000000e+00	0.000000e+00	0.000000e+00	
397	2.590510e-03	0.000000e+00	0.000000e+00	0.000000e+00	
398	2.600510e-03	0.000000e+00	0.000000e+00	0.000000e+00	
399	2.610510e-03	0.000000e+00	0.000000e+00	0.000000e+00	
400	2.620510e-03	0.000000e+00	0.000000e+00	0.000000e+00	
401	2.630510e-03	0.000000e+00	0.000000e+00	0.000000e+00	
402	2.640510e-03	0.000000e+00	0.000000e+00	0.000000e+00	

Index   time            a9#branch_1_0   a10#branch_1_0  v1#branch       
--------------------------------------------------------------------------------
403	2.650510e-03	0.000000e+00	0.000000e+00	0.000000e+00	
404	2.660510e-03	0.000000e+00	0.000000e+00	0.000000e+00	
405	2.670510e-03	0.000000e+00	0.000000e+00	0.000000e+00	
406	2.680510e-03	0.000000e+00	0.000000e+00	0.000000e+00	
407	2.690510e-03	0.000000e+00	0.000000e+00	0.000000e+00	
408	2.700510e-03	0.000000e+00	0.000000e+00	0.000000e+00	
409	2.710510e-03	0.000000e+00	0.000000e+00	0.000000e+00	
410	2.720510e-03	0.000000e+00	0.000000e+00	0.000000e+00	
411	2.730510e-03	0.000000e+00	0.000000e+00	0.000000e+00	
412	2.740510e-03	0.000000e+00	0.000000e+00	0.000000e+00	
413	2.750510e-03	0.000000e+00	0.000000e+00	0.000000e+00	
414	2.760510e-03	0.000000e+00	0.000000e+00	0.000000e+00	
415	2.770510e-03	0.000000e+00	0.000000e+00	0.000000e+00	
416	2.780510e-03	0.000000e+00	0.000000e+00	0.000000e+00	
417	2.790510e-03	0.000000e+00	0.000000e+00	0.000000e+00	
418	2.800510e-03	0.000000e+00	0.000000e+00	0.000000e+00	
419	2.810510e-03	0.000000e+00	0.000000e+00	0.000000e+00	
420	2.820510e-03	0.000000e+00	0.000000e+00	0.000000e+00	
421	2.830510e-03	0.000000e+00	0.000000e+00	0.000000e+00	
422	2.840510e-03	0.000000e+00	0.000000e+00	0.000000e+00	
423	2.850510e-03	0.000000e+00	0.000000e+00	0.000000e+00	
424	2.860510e-03	0.000000e+00	0.000000e+00	0.000000e+00	
425	2.870510e-03	0.000000e+00	0.000000e+00	0.000000e+00	
426	2.880510e-03	0.000000e+00	0.000000e+00	0.000000e+00	
427	2.890510e-03	0.000000e+00	0.000000e+00	0.000000e+00	
428	2.900510e-03	0.000000e+00	0.000000e+00	0.000000e+00	
429	2.910510e-03	0.000000e+00	0.000000e+00	0.000000e+00	
430	2.920510e-03	0.000000e+00	0.000000e+00	0.000000e+00	
431	2.930510e-03	0.000000e+00	0.000000e+00	0.000000e+00	
432	2.940510e-03	0.000000e+00	0.000000e+00	0.000000e+00	
433	2.950510e-03	0.000000e+00	0.000000e+00	0.000000e+00	
434	2.960510e-03	0.000000e+00	0.000000e+00	0.000000e+00	
435	2.970510e-03	0.000000e+00	0.000000e+00	0.000000e+00	
436	2.980510e-03	0.000000e+00	0.000000e+00	0.000000e+00	
437	2.990510e-03	0.000000e+00	0.000000e+00	0.000000e+00	
438	3.000010e-03	0.000000e+00	0.000000e+00	0.000000e+00	
439	3.000011e-03	0.000000e+00	0.000000e+00	0.000000e+00	
440	3.000013e-03	0.000000e+00	0.000000e+00	0.000000e+00	
441	3.000017e-03	0.000000e+00	0.000000e+00	0.000000e+00	
442	3.000020e-03	0.000000e+00	0.000000e+00	0.000000e+00	
443	3.000021e-03	0.000000e+00	0.000000e+00	0.000000e+00	
444	3.000022e-03	0.000000e+00	0.000000e+00	0.000000e+00	
445	3.000026e-03	0.000000e+00	0.000000e+00	0.000000e+00	
446	3.000032e-03	0.000000e+00	0.000000e+00	0.000000e+00	
447	3.000045e-03	0.000000e+00	0.000000e+00	0.000000e+00	
448	3.000070e-03	0.000000e+00	0.000000e+00	0.000000e+00	
449	3.000122e-03	0.000000e+00	0.000000e+00	0.000000e+00	
450	3.000224e-03	0.000000e+00	0.000000e+00	0.000000e+00	
451	3.000429e-03	0.000000e+00	0.000000e+00	0.000000e+00	
452	3.000838e-03	0.000000e+00	0.000000e+00	0.000000e+00	
453	3.001658e-03	0.000000e+00	0.000000e+00	0.000000e+00	
454	3.003296e-03	0.000000e+00	0.000000e+00	0.000000e+00	
455	3.006573e-03	0.000000e+00	0.000000e+00	0.000000e+00	
456	3.013126e-03	0.000000e+00	0.000000e+00	0.000000e+00	
457	3.023126e-03	0.000000e+00	0.000000e+00	0.000000e+00	
458	3.033126e-03	0.000000e+00	0.000000e+00	0.000000e+00	
459	3.043126e-03	0.000000e+00	0.000000e+00	0.000000e+00	
460	3.053126e-03	0.000000e+00	0.000000e+00	0.000000e+00	

Index   time            a9#branch_1_0   a10#branch_1_0  v1#branch       
--------------------------------------------------------------------------------
461	3.063126e-03	0.000000e+00	0.000000e+00	0.000000e+00	
462	3.073126e-03	0.000000e+00	0.000000e+00	0.000000e+00	
463	3.083126e-03	0.000000e+00	0.000000e+00	0.000000e+00	
464	3.093126e-03	0.000000e+00	0.000000e+00	0.000000e+00	
465	3.103126e-03	0.000000e+00	0.000000e+00	0.000000e+00	
466	3.113126e-03	0.000000e+00	0.000000e+00	0.000000e+00	
467	3.123126e-03	0.000000e+00	0.000000e+00	0.000000e+00	
468	3.133126e-03	0.000000e+00	0.000000e+00	0.000000e+00	
469	3.143126e-03	0.000000e+00	0.000000e+00	0.000000e+00	
470	3.153126e-03	0.000000e+00	0.000000e+00	0.000000e+00	
471	3.163126e-03	0.000000e+00	0.000000e+00	0.000000e+00	
472	3.173126e-03	0.000000e+00	0.000000e+00	0.000000e+00	
473	3.183126e-03	0.000000e+00	0.000000e+00	0.000000e+00	
474	3.193126e-03	0.000000e+00	0.000000e+00	0.000000e+00	
475	3.203126e-03	0.000000e+00	0.000000e+00	0.000000e+00	
476	3.213126e-03	0.000000e+00	0.000000e+00	0.000000e+00	
477	3.223126e-03	0.000000e+00	0.000000e+00	0.000000e+00	
478	3.233126e-03	0.000000e+00	0.000000e+00	0.000000e+00	
479	3.243126e-03	0.000000e+00	0.000000e+00	0.000000e+00	
480	3.253126e-03	0.000000e+00	0.000000e+00	0.000000e+00	
481	3.263126e-03	0.000000e+00	0.000000e+00	0.000000e+00	
482	3.273126e-03	0.000000e+00	0.000000e+00	0.000000e+00	
483	3.283126e-03	0.000000e+00	0.000000e+00	0.000000e+00	
484	3.293126e-03	0.000000e+00	0.000000e+00	0.000000e+00	
485	3.303126e-03	0.000000e+00	0.000000e+00	0.000000e+00	
486	3.313126e-03	0.000000e+00	0.000000e+00	0.000000e+00	
487	3.323126e-03	0.000000e+00	0.000000e+00	0.000000e+00	
488	3.333126e-03	0.000000e+00	0.000000e+00	0.000000e+00	
489	3.343126e-03	0.000000e+00	0.000000e+00	0.000000e+00	
490	3.353126e-03	0.000000e+00	0.000000e+00	0.000000e+00	
491	3.363126e-03	0.000000e+00	0.000000e+00	0.000000e+00	
492	3.373126e-03	0.000000e+00	0.000000e+00	0.000000e+00	
493	3.383126e-03	0.000000e+00	0.000000e+00	0.000000e+00	
494	3.393126e-03	0.000000e+00	0.000000e+00	0.000000e+00	
495	3.403126e-03	0.000000e+00	0.000000e+00	0.000000e+00	
496	3.413126e-03	0.000000e+00	0.000000e+00	0.000000e+00	
497	3.423126e-03	0.000000e+00	0.000000e+00	0.000000e+00	
498	3.433126e-03	0.000000e+00	0.000000e+00	0.000000e+00	
499	3.443126e-03	0.000000e+00	0.000000e+00	0.000000e+00	
500	3.453126e-03	0.000000e+00	0.000000e+00	0.000000e+00	
501	3.463126e-03	0.000000e+00	0.000000e+00	0.000000e+00	
502	3.473126e-03	0.000000e+00	0.000000e+00	0.000000e+00	
503	3.483126e-03	0.000000e+00	0.000000e+00	0.000000e+00	
504	3.493126e-03	0.000000e+00	0.000000e+00	0.000000e+00	
505	3.503126e-03	0.000000e+00	0.000000e+00	0.000000e+00	
506	3.513126e-03	0.000000e+00	0.000000e+00	0.000000e+00	
507	3.523126e-03	0.000000e+00	0.000000e+00	0.000000e+00	
508	3.533126e-03	0.000000e+00	0.000000e+00	0.000000e+00	
509	3.543126e-03	0.000000e+00	0.000000e+00	0.000000e+00	
510	3.553126e-03	0.000000e+00	0.000000e+00	0.000000e+00	
511	3.563126e-03	0.000000e+00	0.000000e+00	0.000000e+00	
512	3.573126e-03	0.000000e+00	0.000000e+00	0.000000e+00	
513	3.583126e-03	0.000000e+00	0.000000e+00	0.000000e+00	
514	3.593126e-03	0.000000e+00	0.000000e+00	0.000000e+00	
515	3.603126e-03	0.000000e+00	0.000000e+00	0.000000e+00	
516	3.613126e-03	0.000000e+00	0.000000e+00	0.000000e+00	
517	3.623126e-03	0.000000e+00	0.000000e+00	0.000000e+00	
518	3.633126e-03	0.000000e+00	0.000000e+00	0.000000e+00	

Index   time            a9#branch_1_0   a10#branch_1_0  v1#branch       
--------------------------------------------------------------------------------
519	3.643126e-03	0.000000e+00	0.000000e+00	0.000000e+00	
520	3.653126e-03	0.000000e+00	0.000000e+00	0.000000e+00	
521	3.663126e-03	0.000000e+00	0.000000e+00	0.000000e+00	
522	3.673126e-03	0.000000e+00	0.000000e+00	0.000000e+00	
523	3.683126e-03	0.000000e+00	0.000000e+00	0.000000e+00	
524	3.693126e-03	0.000000e+00	0.000000e+00	0.000000e+00	
525	3.703126e-03	0.000000e+00	0.000000e+00	0.000000e+00	
526	3.713126e-03	0.000000e+00	0.000000e+00	0.000000e+00	
527	3.723126e-03	0.000000e+00	0.000000e+00	0.000000e+00	
528	3.733126e-03	0.000000e+00	0.000000e+00	0.000000e+00	
529	3.743126e-03	0.000000e+00	0.000000e+00	0.000000e+00	
530	3.753126e-03	0.000000e+00	0.000000e+00	0.000000e+00	
531	3.763126e-03	0.000000e+00	0.000000e+00	0.000000e+00	
532	3.773126e-03	0.000000e+00	0.000000e+00	0.000000e+00	
533	3.783126e-03	0.000000e+00	0.000000e+00	0.000000e+00	
534	3.793126e-03	0.000000e+00	0.000000e+00	0.000000e+00	
535	3.803126e-03	0.000000e+00	0.000000e+00	0.000000e+00	
536	3.813126e-03	0.000000e+00	0.000000e+00	0.000000e+00	
537	3.823126e-03	0.000000e+00	0.000000e+00	0.000000e+00	
538	3.833126e-03	0.000000e+00	0.000000e+00	0.000000e+00	
539	3.843126e-03	0.000000e+00	0.000000e+00	0.000000e+00	
540	3.853126e-03	0.000000e+00	0.000000e+00	0.000000e+00	
541	3.863126e-03	0.000000e+00	0.000000e+00	0.000000e+00	
542	3.873126e-03	0.000000e+00	0.000000e+00	0.000000e+00	
543	3.883126e-03	0.000000e+00	0.000000e+00	0.000000e+00	
544	3.893126e-03	0.000000e+00	0.000000e+00	0.000000e+00	
545	3.903126e-03	0.000000e+00	0.000000e+00	0.000000e+00	
546	3.913126e-03	0.000000e+00	0.000000e+00	0.000000e+00	
547	3.923126e-03	0.000000e+00	0.000000e+00	0.000000e+00	
548	3.933126e-03	0.000000e+00	0.000000e+00	0.000000e+00	
549	3.943126e-03	0.000000e+00	0.000000e+00	0.000000e+00	
550	3.953126e-03	0.000000e+00	0.000000e+00	0.000000e+00	
551	3.963126e-03	0.000000e+00	0.000000e+00	0.000000e+00	
552	3.973126e-03	0.000000e+00	0.000000e+00	0.000000e+00	
553	3.983126e-03	0.000000e+00	0.000000e+00	0.000000e+00	
554	3.993126e-03	0.000000e+00	0.000000e+00	0.000000e+00	
555	4.000000e-03	0.000000e+00	0.000000e+00	0.000000e+00	

                                kicad schematic
                                Transient Analysis  Tue Nov 04 17:57:04  2025
--------------------------------------------------------------------------------
Index   time            v2#branch       v3#branch       v4#branch       
--------------------------------------------------------------------------------
0	0.000000e+00	0.000000e+00	0.000000e+00	0.000000e+00	
1	1.000000e-10	0.000000e+00	0.000000e+00	0.000000e+00	
2	2.000000e-10	0.000000e+00	0.000000e+00	0.000000e+00	
3	4.000000e-10	0.000000e+00	0.000000e+00	0.000000e+00	
4	8.000000e-10	0.000000e+00	0.000000e+00	0.000000e+00	
5	1.600000e-09	0.000000e+00	0.000000e+00	0.000000e+00	
6	3.200000e-09	0.000000e+00	0.000000e+00	0.000000e+00	
7	6.400000e-09	0.000000e+00	0.000000e+00	0.000000e+00	
8	7.200000e-09	0.000000e+00	0.000000e+00	0.000000e+00	
9	7.290000e-09	0.000000e+00	0.000000e+00	0.000000e+00	
10	7.470000e-09	0.000000e+00	0.000000e+00	0.000000e+00	
11	7.830000e-09	0.000000e+00	0.000000e+00	0.000000e+00	
12	8.100000e-09	0.000000e+00	0.000000e+00	0.000000e+00	
13	8.172000e-09	0.000000e+00	0.000000e+00	0.000000e+00	
14	8.316000e-09	0.000000e+00	0.000000e+00	0.000000e+00	
15	8.604000e-09	0.000000e+00	0.000000e+00	0.000000e+00	
16	9.180000e-09	0.000000e+00	0.000000e+00	0.000000e+00	
17	1.000000e-08	0.000000e+00	0.000000e+00	0.000000e+00	
18	1.011520e-08	0.000000e+00	0.000000e+00	0.000000e+00	
19	1.034560e-08	0.000000e+00	0.000000e+00	0.000000e+00	
20	1.040000e-08	0.000000e+00	0.000000e+00	0.000000e+00	
21	1.041000e-08	0.000000e+00	0.000000e+00	0.000000e+00	
22	1.043000e-08	0.000000e+00	0.000000e+00	0.000000e+00	
23	1.047000e-08	0.000000e+00	0.000000e+00	0.000000e+00	
24	1.050000e-08	0.000000e+00	0.000000e+00	0.000000e+00	
25	1.050800e-08	0.000000e+00	0.000000e+00	0.000000e+00	
26	1.052400e-08	0.000000e+00	0.000000e+00	0.000000e+00	
27	1.055600e-08	0.000000e+00	0.000000e+00	0.000000e+00	
28	1.062000e-08	0.000000e+00	0.000000e+00	0.000000e+00	
29	1.074800e-08	0.000000e+00	0.000000e+00	0.000000e+00	
30	1.100400e-08	0.000000e+00	0.000000e+00	0.000000e+00	
31	1.151600e-08	0.000000e+00	0.000000e+00	0.000000e+00	
32	1.254000e-08	0.000000e+00	0.000000e+00	0.000000e+00	
33	1.458800e-08	0.000000e+00	0.000000e+00	0.000000e+00	
34	1.868400e-08	0.000000e+00	0.000000e+00	0.000000e+00	
35	2.687600e-08	0.000000e+00	0.000000e+00	0.000000e+00	
36	4.326000e-08	0.000000e+00	0.000000e+00	0.000000e+00	
37	7.602800e-08	0.000000e+00	0.000000e+00	0.000000e+00	
38	1.415640e-07	0.000000e+00	0.000000e+00	0.000000e+00	
39	2.726360e-07	0.000000e+00	0.000000e+00	0.000000e+00	
40	5.347800e-07	0.000000e+00	0.000000e+00	0.000000e+00	
41	1.059068e-06	0.000000e+00	0.000000e+00	0.000000e+00	
42	2.107644e-06	0.000000e+00	0.000000e+00	0.000000e+00	
43	4.204796e-06	0.000000e+00	0.000000e+00	0.000000e+00	
44	8.399100e-06	0.000000e+00	0.000000e+00	0.000000e+00	
45	1.678771e-05	0.000000e+00	0.000000e+00	0.000000e+00	
46	2.678771e-05	0.000000e+00	0.000000e+00	0.000000e+00	
47	3.678771e-05	0.000000e+00	0.000000e+00	0.000000e+00	
48	4.678771e-05	0.000000e+00	0.000000e+00	0.000000e+00	
49	5.678771e-05	0.000000e+00	0.000000e+00	0.000000e+00	
50	6.678771e-05	0.000000e+00	0.000000e+00	0.000000e+00	
51	7.678771e-05	0.000000e+00	0.000000e+00	0.000000e+00	
52	8.678771e-05	0.000000e+00	0.000000e+00	0.000000e+00	
53	9.678771e-05	0.000000e+00	0.000000e+00	0.000000e+00	
54	1.067877e-04	0.000000e+00	0.000000e+00	0.000000e+00	

Index   time            v2#branch       v3#branch       v4#branch       
--------------------------------------------------------------------------------
55	1.167877e-04	0.000000e+00	0.000000e+00	0.000000e+00	
56	1.267877e-04	0.000000e+00	0.000000e+00	0.000000e+00	
57	1.367877e-04	0.000000e+00	0.000000e+00	0.000000e+00	
58	1.467877e-04	0.000000e+00	0.000000e+00	0.000000e+00	
59	1.567877e-04	0.000000e+00	0.000000e+00	0.000000e+00	
60	1.667877e-04	0.000000e+00	0.000000e+00	0.000000e+00	
61	1.767877e-04	0.000000e+00	0.000000e+00	0.000000e+00	
62	1.867877e-04	0.000000e+00	0.000000e+00	0.000000e+00	
63	1.967877e-04	0.000000e+00	0.000000e+00	0.000000e+00	
64	2.067877e-04	0.000000e+00	0.000000e+00	0.000000e+00	
65	2.167877e-04	0.000000e+00	0.000000e+00	0.000000e+00	
66	2.267877e-04	0.000000e+00	0.000000e+00	0.000000e+00	
67	2.367877e-04	0.000000e+00	0.000000e+00	0.000000e+00	
68	2.467877e-04	0.000000e+00	0.000000e+00	0.000000e+00	
69	2.567877e-04	0.000000e+00	0.000000e+00	0.000000e+00	
70	2.667877e-04	0.000000e+00	0.000000e+00	0.000000e+00	
71	2.767877e-04	0.000000e+00	0.000000e+00	0.000000e+00	
72	2.867877e-04	0.000000e+00	0.000000e+00	0.000000e+00	
73	2.967877e-04	0.000000e+00	0.000000e+00	0.000000e+00	
74	3.067877e-04	0.000000e+00	0.000000e+00	0.000000e+00	
75	3.167877e-04	0.000000e+00	0.000000e+00	0.000000e+00	
76	3.267877e-04	0.000000e+00	0.000000e+00	0.000000e+00	
77	3.367877e-04	0.000000e+00	0.000000e+00	0.000000e+00	
78	3.467877e-04	0.000000e+00	0.000000e+00	0.000000e+00	
79	3.567877e-04	0.000000e+00	0.000000e+00	0.000000e+00	
80	3.667877e-04	0.000000e+00	0.000000e+00	0.000000e+00	
81	3.767877e-04	0.000000e+00	0.000000e+00	0.000000e+00	
82	3.867877e-04	0.000000e+00	0.000000e+00	0.000000e+00	
83	3.967877e-04	0.000000e+00	0.000000e+00	0.000000e+00	
84	4.067877e-04	0.000000e+00	0.000000e+00	0.000000e+00	
85	4.167877e-04	0.000000e+00	0.000000e+00	0.000000e+00	
86	4.267877e-04	0.000000e+00	0.000000e+00	0.000000e+00	
87	4.367877e-04	0.000000e+00	0.000000e+00	0.000000e+00	
88	4.467877e-04	0.000000e+00	0.000000e+00	0.000000e+00	
89	4.567877e-04	0.000000e+00	0.000000e+00	0.000000e+00	
90	4.667877e-04	0.000000e+00	0.000000e+00	0.000000e+00	
91	4.767877e-04	0.000000e+00	0.000000e+00	0.000000e+00	
92	4.867877e-04	0.000000e+00	0.000000e+00	0.000000e+00	
93	4.967877e-04	0.000000e+00	0.000000e+00	0.000000e+00	
94	5.067877e-04	0.000000e+00	0.000000e+00	0.000000e+00	
95	5.167877e-04	0.000000e+00	0.000000e+00	0.000000e+00	
96	5.267877e-04	0.000000e+00	0.000000e+00	0.000000e+00	
97	5.367877e-04	0.000000e+00	0.000000e+00	0.000000e+00	
98	5.467877e-04	0.000000e+00	0.000000e+00	0.000000e+00	
99	5.567877e-04	0.000000e+00	0.000000e+00	0.000000e+00	
100	5.667877e-04	0.000000e+00	0.000000e+00	0.000000e+00	
101	5.767877e-04	0.000000e+00	0.000000e+00	0.000000e+00	
102	5.867877e-04	0.000000e+00	0.000000e+00	0.000000e+00	
103	5.967877e-04	0.000000e+00	0.000000e+00	0.000000e+00	
104	6.067877e-04	0.000000e+00	0.000000e+00	0.000000e+00	
105	6.167877e-04	0.000000e+00	0.000000e+00	0.000000e+00	
106	6.267877e-04	0.000000e+00	0.000000e+00	0.000000e+00	
107	6.367877e-04	0.000000e+00	0.000000e+00	0.000000e+00	
108	6.467877e-04	0.000000e+00	0.000000e+00	0.000000e+00	
109	6.567877e-04	0.000000e+00	0.000000e+00	0.000000e+00	
110	6.667877e-04	0.000000e+00	0.000000e+00	0.000000e+00	
111	6.767877e-04	0.000000e+00	0.000000e+00	0.000000e+00	
112	6.867877e-04	0.000000e+00	0.000000e+00	0.000000e+00	

Index   time            v2#branch       v3#branch       v4#branch       
--------------------------------------------------------------------------------
113	6.967877e-04	0.000000e+00	0.000000e+00	0.000000e+00	
114	7.067877e-04	0.000000e+00	0.000000e+00	0.000000e+00	
115	7.167877e-04	0.000000e+00	0.000000e+00	0.000000e+00	
116	7.267877e-04	0.000000e+00	0.000000e+00	0.000000e+00	
117	7.367877e-04	0.000000e+00	0.000000e+00	0.000000e+00	
118	7.467877e-04	0.000000e+00	0.000000e+00	0.000000e+00	
119	7.567877e-04	0.000000e+00	0.000000e+00	0.000000e+00	
120	7.667877e-04	0.000000e+00	0.000000e+00	0.000000e+00	
121	7.767877e-04	0.000000e+00	0.000000e+00	0.000000e+00	
122	7.867877e-04	0.000000e+00	0.000000e+00	0.000000e+00	
123	7.967877e-04	0.000000e+00	0.000000e+00	0.000000e+00	
124	8.067877e-04	0.000000e+00	0.000000e+00	0.000000e+00	
125	8.167877e-04	0.000000e+00	0.000000e+00	0.000000e+00	
126	8.267877e-04	0.000000e+00	0.000000e+00	0.000000e+00	
127	8.367877e-04	0.000000e+00	0.000000e+00	0.000000e+00	
128	8.467877e-04	0.000000e+00	0.000000e+00	0.000000e+00	
129	8.567877e-04	0.000000e+00	0.000000e+00	0.000000e+00	
130	8.667877e-04	0.000000e+00	0.000000e+00	0.000000e+00	
131	8.767877e-04	0.000000e+00	0.000000e+00	0.000000e+00	
132	8.867877e-04	0.000000e+00	0.000000e+00	0.000000e+00	
133	8.967877e-04	0.000000e+00	0.000000e+00	0.000000e+00	
134	9.067877e-04	0.000000e+00	0.000000e+00	0.000000e+00	
135	9.167877e-04	0.000000e+00	0.000000e+00	0.000000e+00	
136	9.267877e-04	0.000000e+00	0.000000e+00	0.000000e+00	
137	9.367877e-04	0.000000e+00	0.000000e+00	0.000000e+00	
138	9.467877e-04	0.000000e+00	0.000000e+00	0.000000e+00	
139	9.567877e-04	0.000000e+00	0.000000e+00	0.000000e+00	
140	9.667877e-04	0.000000e+00	0.000000e+00	0.000000e+00	
141	9.767877e-04	0.000000e+00	0.000000e+00	0.000000e+00	
142	9.867877e-04	0.000000e+00	0.000000e+00	0.000000e+00	
143	9.967877e-04	0.000000e+00	0.000000e+00	0.000000e+00	
144	1.000010e-03	0.000000e+00	0.000000e+00	0.000000e+00	
145	1.000011e-03	0.000000e+00	0.000000e+00	0.000000e+00	
146	1.000013e-03	0.000000e+00	0.000000e+00	0.000000e+00	
147	1.000017e-03	0.000000e+00	0.000000e+00	0.000000e+00	
148	1.000020e-03	0.000000e+00	0.000000e+00	0.000000e+00	
149	1.000021e-03	0.000000e+00	0.000000e+00	0.000000e+00	
150	1.000021e-03	0.000000e+00	0.000000e+00	0.000000e+00	
151	1.000021e-03	0.000000e+00	0.000000e+00	0.000000e+00	
152	1.000021e-03	0.000000e+00	0.000000e+00	0.000000e+00	
153	1.000021e-03	0.000000e+00	0.000000e+00	0.000000e+00	
154	1.000021e-03	0.000000e+00	0.000000e+00	0.000000e+00	
155	1.000021e-03	0.000000e+00	0.000000e+00	0.000000e+00	
156	1.000021e-03	0.000000e+00	0.000000e+00	0.000000e+00	
157	1.000021e-03	0.000000e+00	0.000000e+00	0.000000e+00	
158	1.000021e-03	0.000000e+00	0.000000e+00	0.000000e+00	
159	1.000021e-03	0.000000e+00	0.000000e+00	0.000000e+00	
160	1.000022e-03	0.000000e+00	0.000000e+00	0.000000e+00	
161	1.000022e-03	0.000000e+00	0.000000e+00	0.000000e+00	
162	1.000023e-03	0.000000e+00	0.000000e+00	0.000000e+00	
163	1.000024e-03	0.000000e+00	0.000000e+00	0.000000e+00	
164	1.000024e-03	0.000000e+00	0.000000e+00	0.000000e+00	
165	1.000024e-03	0.000000e+00	0.000000e+00	0.000000e+00	
166	1.000025e-03	0.000000e+00	0.000000e+00	0.000000e+00	
167	1.000025e-03	0.000000e+00	0.000000e+00	0.000000e+00	
168	1.000025e-03	0.000000e+00	0.000000e+00	0.000000e+00	
169	1.000025e-03	0.000000e+00	0.000000e+00	0.000000e+00	
170	1.000025e-03	0.000000e+00	0.000000e+00	0.000000e+00	

Index   time            v2#branch       v3#branch       v4#branch       
--------------------------------------------------------------------------------
171	1.000026e-03	0.000000e+00	0.000000e+00	0.000000e+00	
172	1.000027e-03	0.000000e+00	0.000000e+00	0.000000e+00	
173	1.000029e-03	0.000000e+00	0.000000e+00	0.000000e+00	
174	1.000034e-03	0.000000e+00	0.000000e+00	0.000000e+00	
175	1.000043e-03	0.000000e+00	0.000000e+00	0.000000e+00	
176	1.000062e-03	0.000000e+00	0.000000e+00	0.000000e+00	
177	1.000099e-03	0.000000e+00	0.000000e+00	0.000000e+00	
178	1.000172e-03	0.000000e+00	0.000000e+00	0.000000e+00	
179	1.000320e-03	0.000000e+00	0.000000e+00	0.000000e+00	
180	1.000615e-03	0.000000e+00	0.000000e+00	0.000000e+00	
181	1.001204e-03	0.000000e+00	0.000000e+00	0.000000e+00	
182	1.002384e-03	0.000000e+00	0.000000e+00	0.000000e+00	
183	1.004743e-03	0.000000e+00	0.000000e+00	0.000000e+00	
184	1.009462e-03	0.000000e+00	0.000000e+00	0.000000e+00	
185	1.018899e-03	0.000000e+00	0.000000e+00	0.000000e+00	
186	1.028899e-03	0.000000e+00	0.000000e+00	0.000000e+00	
187	1.038899e-03	0.000000e+00	0.000000e+00	0.000000e+00	
188	1.048899e-03	0.000000e+00	0.000000e+00	0.000000e+00	
189	1.058899e-03	0.000000e+00	0.000000e+00	0.000000e+00	
190	1.068899e-03	0.000000e+00	0.000000e+00	0.000000e+00	
191	1.078899e-03	0.000000e+00	0.000000e+00	0.000000e+00	
192	1.088899e-03	0.000000e+00	0.000000e+00	0.000000e+00	
193	1.098899e-03	0.000000e+00	0.000000e+00	0.000000e+00	
194	1.108899e-03	0.000000e+00	0.000000e+00	0.000000e+00	
195	1.118899e-03	0.000000e+00	0.000000e+00	0.000000e+00	
196	1.128899e-03	0.000000e+00	0.000000e+00	0.000000e+00	
197	1.138899e-03	0.000000e+00	0.000000e+00	0.000000e+00	
198	1.148899e-03	0.000000e+00	0.000000e+00	0.000000e+00	
199	1.158899e-03	0.000000e+00	0.000000e+00	0.000000e+00	
200	1.168899e-03	0.000000e+00	0.000000e+00	0.000000e+00	
201	1.178899e-03	0.000000e+00	0.000000e+00	0.000000e+00	
202	1.188899e-03	0.000000e+00	0.000000e+00	0.000000e+00	
203	1.198899e-03	0.000000e+00	0.000000e+00	0.000000e+00	
204	1.208899e-03	0.000000e+00	0.000000e+00	0.000000e+00	
205	1.218899e-03	0.000000e+00	0.000000e+00	0.000000e+00	
206	1.228899e-03	0.000000e+00	0.000000e+00	0.000000e+00	
207	1.238899e-03	0.000000e+00	0.000000e+00	0.000000e+00	
208	1.248899e-03	0.000000e+00	0.000000e+00	0.000000e+00	
209	1.258899e-03	0.000000e+00	0.000000e+00	0.000000e+00	
210	1.268899e-03	0.000000e+00	0.000000e+00	0.000000e+00	
211	1.278899e-03	0.000000e+00	0.000000e+00	0.000000e+00	
212	1.288899e-03	0.000000e+00	0.000000e+00	0.000000e+00	
213	1.298899e-03	0.000000e+00	0.000000e+00	0.000000e+00	
214	1.308899e-03	0.000000e+00	0.000000e+00	0.000000e+00	
215	1.318899e-03	0.000000e+00	0.000000e+00	0.000000e+00	
216	1.328899e-03	0.000000e+00	0.000000e+00	0.000000e+00	
217	1.338899e-03	0.000000e+00	0.000000e+00	0.000000e+00	
218	1.348899e-03	0.000000e+00	0.000000e+00	0.000000e+00	
219	1.358899e-03	0.000000e+00	0.000000e+00	0.000000e+00	
220	1.368899e-03	0.000000e+00	0.000000e+00	0.000000e+00	
221	1.378899e-03	0.000000e+00	0.000000e+00	0.000000e+00	
222	1.388899e-03	0.000000e+00	0.000000e+00	0.000000e+00	
223	1.398899e-03	0.000000e+00	0.000000e+00	0.000000e+00	
224	1.408899e-03	0.000000e+00	0.000000e+00	0.000000e+00	
225	1.418899e-03	0.000000e+00	0.000000e+00	0.000000e+00	
226	1.428899e-03	0.000000e+00	0.000000e+00	0.000000e+00	
227	1.438899e-03	0.000000e+00	0.000000e+00	0.000000e+00	
228	1.448899e-03	0.000000e+00	0.000000e+00	0.000000e+00	

Index   time            v2#branch       v3#branch       v4#branch       
--------------------------------------------------------------------------------
229	1.458899e-03	0.000000e+00	0.000000e+00	0.000000e+00	
230	1.468899e-03	0.000000e+00	0.000000e+00	0.000000e+00	
231	1.478899e-03	0.000000e+00	0.000000e+00	0.000000e+00	
232	1.488899e-03	0.000000e+00	0.000000e+00	0.000000e+00	
233	1.498899e-03	0.000000e+00	0.000000e+00	0.000000e+00	
234	1.508899e-03	0.000000e+00	0.000000e+00	0.000000e+00	
235	1.518899e-03	0.000000e+00	0.000000e+00	0.000000e+00	
236	1.528899e-03	0.000000e+00	0.000000e+00	0.000000e+00	
237	1.538899e-03	0.000000e+00	0.000000e+00	0.000000e+00	
238	1.548899e-03	0.000000e+00	0.000000e+00	0.000000e+00	
239	1.558899e-03	0.000000e+00	0.000000e+00	0.000000e+00	
240	1.568899e-03	0.000000e+00	0.000000e+00	0.000000e+00	
241	1.578899e-03	0.000000e+00	0.000000e+00	0.000000e+00	
242	1.588899e-03	0.000000e+00	0.000000e+00	0.000000e+00	
243	1.598899e-03	0.000000e+00	0.000000e+00	0.000000e+00	
244	1.608899e-03	0.000000e+00	0.000000e+00	0.000000e+00	
245	1.618899e-03	0.000000e+00	0.000000e+00	0.000000e+00	
246	1.628899e-03	0.000000e+00	0.000000e+00	0.000000e+00	
247	1.638899e-03	0.000000e+00	0.000000e+00	0.000000e+00	
248	1.648899e-03	0.000000e+00	0.000000e+00	0.000000e+00	
249	1.658899e-03	0.000000e+00	0.000000e+00	0.000000e+00	
250	1.668899e-03	0.000000e+00	0.000000e+00	0.000000e+00	
251	1.678899e-03	0.000000e+00	0.000000e+00	0.000000e+00	
252	1.688899e-03	0.000000e+00	0.000000e+00	0.000000e+00	
253	1.698899e-03	0.000000e+00	0.000000e+00	0.000000e+00	
254	1.708899e-03	0.000000e+00	0.000000e+00	0.000000e+00	
255	1.718899e-03	0.000000e+00	0.000000e+00	0.000000e+00	
256	1.728899e-03	0.000000e+00	0.000000e+00	0.000000e+00	
257	1.738899e-03	0.000000e+00	0.000000e+00	0.000000e+00	
258	1.748899e-03	0.000000e+00	0.000000e+00	0.000000e+00	
259	1.758899e-03	0.000000e+00	0.000000e+00	0.000000e+00	
260	1.768899e-03	0.000000e+00	0.000000e+00	0.000000e+00	
261	1.778899e-03	0.000000e+00	0.000000e+00	0.000000e+00	
262	1.788899e-03	0.000000e+00	0.000000e+00	0.000000e+00	
263	1.798899e-03	0.000000e+00	0.000000e+00	0.000000e+00	
264	1.808899e-03	0.000000e+00	0.000000e+00	0.000000e+00	
265	1.818899e-03	0.000000e+00	0.000000e+00	0.000000e+00	
266	1.828899e-03	0.000000e+00	0.000000e+00	0.000000e+00	
267	1.838899e-03	0.000000e+00	0.000000e+00	0.000000e+00	
268	1.848899e-03	0.000000e+00	0.000000e+00	0.000000e+00	
269	1.858899e-03	0.000000e+00	0.000000e+00	0.000000e+00	
270	1.868899e-03	0.000000e+00	0.000000e+00	0.000000e+00	
271	1.878899e-03	0.000000e+00	0.000000e+00	0.000000e+00	
272	1.888899e-03	0.000000e+00	0.000000e+00	0.000000e+00	
273	1.898899e-03	0.000000e+00	0.000000e+00	0.000000e+00	
274	1.908899e-03	0.000000e+00	0.000000e+00	0.000000e+00	
275	1.918899e-03	0.000000e+00	0.000000e+00	0.000000e+00	
276	1.928899e-03	0.000000e+00	0.000000e+00	0.000000e+00	
277	1.938899e-03	0.000000e+00	0.000000e+00	0.000000e+00	
278	1.948899e-03	0.000000e+00	0.000000e+00	0.000000e+00	
279	1.958899e-03	0.000000e+00	0.000000e+00	0.000000e+00	
280	1.968899e-03	0.000000e+00	0.000000e+00	0.000000e+00	
281	1.978899e-03	0.000000e+00	0.000000e+00	0.000000e+00	
282	1.988899e-03	0.000000e+00	0.000000e+00	0.000000e+00	
283	1.998899e-03	0.000000e+00	0.000000e+00	0.000000e+00	
284	2.000000e-03	0.000000e+00	0.000000e+00	0.000000e+00	
285	2.000001e-03	0.000000e+00	0.000000e+00	0.000000e+00	
286	2.000003e-03	0.000000e+00	0.000000e+00	0.000000e+00	

Index   time            v2#branch       v3#branch       v4#branch       
--------------------------------------------------------------------------------
287	2.000007e-03	0.000000e+00	0.000000e+00	0.000000e+00	
288	2.000007e-03	0.000000e+00	0.000000e+00	0.000000e+00	
289	2.000007e-03	0.000000e+00	0.000000e+00	0.000000e+00	
290	2.000008e-03	0.000000e+00	0.000000e+00	0.000000e+00	
291	2.000008e-03	0.000000e+00	0.000000e+00	0.000000e+00	
292	2.000008e-03	0.000000e+00	0.000000e+00	0.000000e+00	
293	2.000008e-03	0.000000e+00	0.000000e+00	0.000000e+00	
294	2.000008e-03	0.000000e+00	0.000000e+00	0.000000e+00	
295	2.000009e-03	0.000000e+00	0.000000e+00	0.000000e+00	
296	2.000010e-03	0.000000e+00	0.000000e+00	0.000000e+00	
297	2.000010e-03	0.000000e+00	0.000000e+00	0.000000e+00	
298	2.000010e-03	0.000000e+00	0.000000e+00	0.000000e+00	
299	2.000011e-03	0.000000e+00	0.000000e+00	0.000000e+00	
300	2.000011e-03	0.000000e+00	0.000000e+00	0.000000e+00	
301	2.000011e-03	0.000000e+00	0.000000e+00	0.000000e+00	
302	2.000011e-03	0.000000e+00	0.000000e+00	0.000000e+00	
303	2.000011e-03	0.000000e+00	0.000000e+00	0.000000e+00	
304	2.000011e-03	0.000000e+00	0.000000e+00	0.000000e+00	
305	2.000011e-03	0.000000e+00	0.000000e+00	0.000000e+00	
306	2.000011e-03	0.000000e+00	0.000000e+00	0.000000e+00	
307	2.000011e-03	0.000000e+00	0.000000e+00	0.000000e+00	
308	2.000011e-03	0.000000e+00	0.000000e+00	0.000000e+00	
309	2.000011e-03	0.000000e+00	0.000000e+00	0.000000e+00	
310	2.000012e-03	0.000000e+00	0.000000e+00	0.000000e+00	
311	2.000012e-03	0.000000e+00	0.000000e+00	0.000000e+00	
312	2.000013e-03	0.000000e+00	0.000000e+00	0.000000e+00	
313	2.000015e-03	0.000000e+00	0.000000e+00	0.000000e+00	
314	2.000019e-03	0.000000e+00	0.000000e+00	0.000000e+00	
315	2.000020e-03	0.000000e+00	0.000000e+00	0.000000e+00	
316	2.000021e-03	0.000000e+00	0.000000e+00	0.000000e+00	
317	2.000022e-03	0.000000e+00	0.000000e+00	0.000000e+00	
318	2.000023e-03	0.000000e+00	0.000000e+00	0.000000e+00	
319	2.000023e-03	0.000000e+00	0.000000e+00	0.000000e+00	
320	2.000024e-03	0.000000e+00	0.000000e+00	0.000000e+00	
321	2.000024e-03	0.000000e+00	0.000000e+00	0.000000e+00	
322	2.000024e-03	0.000000e+00	0.000000e+00	0.000000e+00	
323	2.000024e-03	0.000000e+00	0.000000e+00	0.000000e+00	
324	2.000025e-03	0.000000e+00	0.000000e+00	0.000000e+00	
325	2.000025e-03	0.000000e+00	0.000000e+00	0.000000e+00	
326	2.000025e-03	0.000000e+00	0.000000e+00	0.000000e+00	
327	2.000027e-03	0.000000e+00	0.000000e+00	0.000000e+00	
328	2.000029e-03	0.000000e+00	0.000000e+00	0.000000e+00	
329	2.000034e-03	0.000000e+00	0.000000e+00	0.000000e+00	
330	2.000045e-03	0.000000e+00	0.000000e+00	0.000000e+00	
331	2.000065e-03	0.000000e+00	0.000000e+00	0.000000e+00	
332	2.000106e-03	0.000000e+00	0.000000e+00	0.000000e+00	
333	2.000188e-03	0.000000e+00	0.000000e+00	0.000000e+00	
334	2.000352e-03	0.000000e+00	0.000000e+00	0.000000e+00	
335	2.000680e-03	0.000000e+00	0.000000e+00	0.000000e+00	
336	2.001335e-03	0.000000e+00	0.000000e+00	0.000000e+00	
337	2.002646e-03	0.000000e+00	0.000000e+00	0.000000e+00	
338	2.005267e-03	0.000000e+00	0.000000e+00	0.000000e+00	
339	2.010510e-03	0.000000e+00	0.000000e+00	0.000000e+00	
340	2.020510e-03	0.000000e+00	0.000000e+00	0.000000e+00	
341	2.030510e-03	0.000000e+00	0.000000e+00	0.000000e+00	
342	2.040510e-03	0.000000e+00	0.000000e+00	0.000000e+00	
343	2.050510e-03	0.000000e+00	0.000000e+00	0.000000e+00	
344	2.060510e-03	0.000000e+00	0.000000e+00	0.000000e+00	

Index   time            v2#branch       v3#branch       v4#branch       
--------------------------------------------------------------------------------
345	2.070510e-03	0.000000e+00	0.000000e+00	0.000000e+00	
346	2.080510e-03	0.000000e+00	0.000000e+00	0.000000e+00	
347	2.090510e-03	0.000000e+00	0.000000e+00	0.000000e+00	
348	2.100510e-03	0.000000e+00	0.000000e+00	0.000000e+00	
349	2.110510e-03	0.000000e+00	0.000000e+00	0.000000e+00	
350	2.120510e-03	0.000000e+00	0.000000e+00	0.000000e+00	
351	2.130510e-03	0.000000e+00	0.000000e+00	0.000000e+00	
352	2.140510e-03	0.000000e+00	0.000000e+00	0.000000e+00	
353	2.150510e-03	0.000000e+00	0.000000e+00	0.000000e+00	
354	2.160510e-03	0.000000e+00	0.000000e+00	0.000000e+00	
355	2.170510e-03	0.000000e+00	0.000000e+00	0.000000e+00	
356	2.180510e-03	0.000000e+00	0.000000e+00	0.000000e+00	
357	2.190510e-03	0.000000e+00	0.000000e+00	0.000000e+00	
358	2.200510e-03	0.000000e+00	0.000000e+00	0.000000e+00	
359	2.210510e-03	0.000000e+00	0.000000e+00	0.000000e+00	
360	2.220510e-03	0.000000e+00	0.000000e+00	0.000000e+00	
361	2.230510e-03	0.000000e+00	0.000000e+00	0.000000e+00	
362	2.240510e-03	0.000000e+00	0.000000e+00	0.000000e+00	
363	2.250510e-03	0.000000e+00	0.000000e+00	0.000000e+00	
364	2.260510e-03	0.000000e+00	0.000000e+00	0.000000e+00	
365	2.270510e-03	0.000000e+00	0.000000e+00	0.000000e+00	
366	2.280510e-03	0.000000e+00	0.000000e+00	0.000000e+00	
367	2.290510e-03	0.000000e+00	0.000000e+00	0.000000e+00	
368	2.300510e-03	0.000000e+00	0.000000e+00	0.000000e+00	
369	2.310510e-03	0.000000e+00	0.000000e+00	0.000000e+00	
370	2.320510e-03	0.000000e+00	0.000000e+00	0.000000e+00	
371	2.330510e-03	0.000000e+00	0.000000e+00	0.000000e+00	
372	2.340510e-03	0.000000e+00	0.000000e+00	0.000000e+00	
373	2.350510e-03	0.000000e+00	0.000000e+00	0.000000e+00	
374	2.360510e-03	0.000000e+00	0.000000e+00	0.000000e+00	
375	2.370510e-03	0.000000e+00	0.000000e+00	0.000000e+00	
376	2.380510e-03	0.000000e+00	0.000000e+00	0.000000e+00	
377	2.390510e-03	0.000000e+00	0.000000e+00	0.000000e+00	
378	2.400510e-03	0.000000e+00	0.000000e+00	0.000000e+00	
379	2.410510e-03	0.000000e+00	0.000000e+00	0.000000e+00	
380	2.420510e-03	0.000000e+00	0.000000e+00	0.000000e+00	
381	2.430510e-03	0.000000e+00	0.000000e+00	0.000000e+00	
382	2.440510e-03	0.000000e+00	0.000000e+00	0.000000e+00	
383	2.450510e-03	0.000000e+00	0.000000e+00	0.000000e+00	
384	2.460510e-03	0.000000e+00	0.000000e+00	0.000000e+00	
385	2.470510e-03	0.000000e+00	0.000000e+00	0.000000e+00	
386	2.480510e-03	0.000000e+00	0.000000e+00	0.000000e+00	
387	2.490510e-03	0.000000e+00	0.000000e+00	0.000000e+00	
388	2.500510e-03	0.000000e+00	0.000000e+00	0.000000e+00	
389	2.510510e-03	0.000000e+00	0.000000e+00	0.000000e+00	
390	2.520510e-03	0.000000e+00	0.000000e+00	0.000000e+00	
391	2.530510e-03	0.000000e+00	0.000000e+00	0.000000e+00	
392	2.540510e-03	0.000000e+00	0.000000e+00	0.000000e+00	
393	2.550510e-03	0.000000e+00	0.000000e+00	0.000000e+00	
394	2.560510e-03	0.000000e+00	0.000000e+00	0.000000e+00	
395	2.570510e-03	0.000000e+00	0.000000e+00	0.000000e+00	
396	2.580510e-03	0.000000e+00	0.000000e+00	0.000000e+00	
397	2.590510e-03	0.000000e+00	0.000000e+00	0.000000e+00	
398	2.600510e-03	0.000000e+00	0.000000e+00	0.000000e+00	
399	2.610510e-03	0.000000e+00	0.000000e+00	0.000000e+00	
400	2.620510e-03	0.000000e+00	0.000000e+00	0.000000e+00	
401	2.630510e-03	0.000000e+00	0.000000e+00	0.000000e+00	
402	2.640510e-03	0.000000e+00	0.000000e+00	0.000000e+00	

Index   time            v2#branch       v3#branch       v4#branch       
--------------------------------------------------------------------------------
403	2.650510e-03	0.000000e+00	0.000000e+00	0.000000e+00	
404	2.660510e-03	0.000000e+00	0.000000e+00	0.000000e+00	
405	2.670510e-03	0.000000e+00	0.000000e+00	0.000000e+00	
406	2.680510e-03	0.000000e+00	0.000000e+00	0.000000e+00	
407	2.690510e-03	0.000000e+00	0.000000e+00	0.000000e+00	
408	2.700510e-03	0.000000e+00	0.000000e+00	0.000000e+00	
409	2.710510e-03	0.000000e+00	0.000000e+00	0.000000e+00	
410	2.720510e-03	0.000000e+00	0.000000e+00	0.000000e+00	
411	2.730510e-03	0.000000e+00	0.000000e+00	0.000000e+00	
412	2.740510e-03	0.000000e+00	0.000000e+00	0.000000e+00	
413	2.750510e-03	0.000000e+00	0.000000e+00	0.000000e+00	
414	2.760510e-03	0.000000e+00	0.000000e+00	0.000000e+00	
415	2.770510e-03	0.000000e+00	0.000000e+00	0.000000e+00	
416	2.780510e-03	0.000000e+00	0.000000e+00	0.000000e+00	
417	2.790510e-03	0.000000e+00	0.000000e+00	0.000000e+00	
418	2.800510e-03	0.000000e+00	0.000000e+00	0.000000e+00	
419	2.810510e-03	0.000000e+00	0.000000e+00	0.000000e+00	
420	2.820510e-03	0.000000e+00	0.000000e+00	0.000000e+00	
421	2.830510e-03	0.000000e+00	0.000000e+00	0.000000e+00	
422	2.840510e-03	0.000000e+00	0.000000e+00	0.000000e+00	
423	2.850510e-03	0.000000e+00	0.000000e+00	0.000000e+00	
424	2.860510e-03	0.000000e+00	0.000000e+00	0.000000e+00	
425	2.870510e-03	0.000000e+00	0.000000e+00	0.000000e+00	
426	2.880510e-03	0.000000e+00	0.000000e+00	0.000000e+00	
427	2.890510e-03	0.000000e+00	0.000000e+00	0.000000e+00	
428	2.900510e-03	0.000000e+00	0.000000e+00	0.000000e+00	
429	2.910510e-03	0.000000e+00	0.000000e+00	0.000000e+00	
430	2.920510e-03	0.000000e+00	0.000000e+00	0.000000e+00	
431	2.930510e-03	0.000000e+00	0.000000e+00	0.000000e+00	
432	2.940510e-03	0.000000e+00	0.000000e+00	0.000000e+00	
433	2.950510e-03	0.000000e+00	0.000000e+00	0.000000e+00	
434	2.960510e-03	0.000000e+00	0.000000e+00	0.000000e+00	
435	2.970510e-03	0.000000e+00	0.000000e+00	0.000000e+00	
436	2.980510e-03	0.000000e+00	0.000000e+00	0.000000e+00	
437	2.990510e-03	0.000000e+00	0.000000e+00	0.000000e+00	
438	3.000010e-03	0.000000e+00	0.000000e+00	0.000000e+00	
439	3.000011e-03	0.000000e+00	0.000000e+00	0.000000e+00	
440	3.000013e-03	0.000000e+00	0.000000e+00	0.000000e+00	
441	3.000017e-03	0.000000e+00	0.000000e+00	0.000000e+00	
442	3.000020e-03	0.000000e+00	0.000000e+00	0.000000e+00	
443	3.000021e-03	0.000000e+00	0.000000e+00	0.000000e+00	
444	3.000022e-03	0.000000e+00	0.000000e+00	0.000000e+00	
445	3.000026e-03	0.000000e+00	0.000000e+00	0.000000e+00	
446	3.000032e-03	0.000000e+00	0.000000e+00	0.000000e+00	
447	3.000045e-03	0.000000e+00	0.000000e+00	0.000000e+00	
448	3.000070e-03	0.000000e+00	0.000000e+00	0.000000e+00	
449	3.000122e-03	0.000000e+00	0.000000e+00	0.000000e+00	
450	3.000224e-03	0.000000e+00	0.000000e+00	0.000000e+00	
451	3.000429e-03	0.000000e+00	0.000000e+00	0.000000e+00	
452	3.000838e-03	0.000000e+00	0.000000e+00	0.000000e+00	
453	3.001658e-03	0.000000e+00	0.000000e+00	0.000000e+00	
454	3.003296e-03	0.000000e+00	0.000000e+00	0.000000e+00	
455	3.006573e-03	0.000000e+00	0.000000e+00	0.000000e+00	
456	3.013126e-03	0.000000e+00	0.000000e+00	0.000000e+00	
457	3.023126e-03	0.000000e+00	0.000000e+00	0.000000e+00	
458	3.033126e-03	0.000000e+00	0.000000e+00	0.000000e+00	
459	3.043126e-03	0.000000e+00	0.000000e+00	0.000000e+00	
460	3.053126e-03	0.000000e+00	0.000000e+00	0.000000e+00	

Index   time            v2#branch       v3#branch       v4#branch       
--------------------------------------------------------------------------------
461	3.063126e-03	0.000000e+00	0.000000e+00	0.000000e+00	
462	3.073126e-03	0.000000e+00	0.000000e+00	0.000000e+00	
463	3.083126e-03	0.000000e+00	0.000000e+00	0.000000e+00	
464	3.093126e-03	0.000000e+00	0.000000e+00	0.000000e+00	
465	3.103126e-03	0.000000e+00	0.000000e+00	0.000000e+00	
466	3.113126e-03	0.000000e+00	0.000000e+00	0.000000e+00	
467	3.123126e-03	0.000000e+00	0.000000e+00	0.000000e+00	
468	3.133126e-03	0.000000e+00	0.000000e+00	0.000000e+00	
469	3.143126e-03	0.000000e+00	0.000000e+00	0.000000e+00	
470	3.153126e-03	0.000000e+00	0.000000e+00	0.000000e+00	
471	3.163126e-03	0.000000e+00	0.000000e+00	0.000000e+00	
472	3.173126e-03	0.000000e+00	0.000000e+00	0.000000e+00	
473	3.183126e-03	0.000000e+00	0.000000e+00	0.000000e+00	
474	3.193126e-03	0.000000e+00	0.000000e+00	0.000000e+00	
475	3.203126e-03	0.000000e+00	0.000000e+00	0.000000e+00	
476	3.213126e-03	0.000000e+00	0.000000e+00	0.000000e+00	
477	3.223126e-03	0.000000e+00	0.000000e+00	0.000000e+00	
478	3.233126e-03	0.000000e+00	0.000000e+00	0.000000e+00	
479	3.243126e-03	0.000000e+00	0.000000e+00	0.000000e+00	
480	3.253126e-03	0.000000e+00	0.000000e+00	0.000000e+00	
481	3.263126e-03	0.000000e+00	0.000000e+00	0.000000e+00	
482	3.273126e-03	0.000000e+00	0.000000e+00	0.000000e+00	
483	3.283126e-03	0.000000e+00	0.000000e+00	0.000000e+00	
484	3.293126e-03	0.000000e+00	0.000000e+00	0.000000e+00	
485	3.303126e-03	0.000000e+00	0.000000e+00	0.000000e+00	
486	3.313126e-03	0.000000e+00	0.000000e+00	0.000000e+00	
487	3.323126e-03	0.000000e+00	0.000000e+00	0.000000e+00	
488	3.333126e-03	0.000000e+00	0.000000e+00	0.000000e+00	
489	3.343126e-03	0.000000e+00	0.000000e+00	0.000000e+00	
490	3.353126e-03	0.000000e+00	0.000000e+00	0.000000e+00	
491	3.363126e-03	0.000000e+00	0.000000e+00	0.000000e+00	
492	3.373126e-03	0.000000e+00	0.000000e+00	0.000000e+00	
493	3.383126e-03	0.000000e+00	0.000000e+00	0.000000e+00	
494	3.393126e-03	0.000000e+00	0.000000e+00	0.000000e+00	
495	3.403126e-03	0.000000e+00	0.000000e+00	0.000000e+00	
496	3.413126e-03	0.000000e+00	0.000000e+00	0.000000e+00	
497	3.423126e-03	0.000000e+00	0.000000e+00	0.000000e+00	
498	3.433126e-03	0.000000e+00	0.000000e+00	0.000000e+00	
499	3.443126e-03	0.000000e+00	0.000000e+00	0.000000e+00	
500	3.453126e-03	0.000000e+00	0.000000e+00	0.000000e+00	
501	3.463126e-03	0.000000e+00	0.000000e+00	0.000000e+00	
502	3.473126e-03	0.000000e+00	0.000000e+00	0.000000e+00	
503	3.483126e-03	0.000000e+00	0.000000e+00	0.000000e+00	
504	3.493126e-03	0.000000e+00	0.000000e+00	0.000000e+00	
505	3.503126e-03	0.000000e+00	0.000000e+00	0.000000e+00	
506	3.513126e-03	0.000000e+00	0.000000e+00	0.000000e+00	
507	3.523126e-03	0.000000e+00	0.000000e+00	0.000000e+00	
508	3.533126e-03	0.000000e+00	0.000000e+00	0.000000e+00	
509	3.543126e-03	0.000000e+00	0.000000e+00	0.000000e+00	
510	3.553126e-03	0.000000e+00	0.000000e+00	0.000000e+00	
511	3.563126e-03	0.000000e+00	0.000000e+00	0.000000e+00	
512	3.573126e-03	0.000000e+00	0.000000e+00	0.000000e+00	
513	3.583126e-03	0.000000e+00	0.000000e+00	0.000000e+00	
514	3.593126e-03	0.000000e+00	0.000000e+00	0.000000e+00	
515	3.603126e-03	0.000000e+00	0.000000e+00	0.000000e+00	
516	3.613126e-03	0.000000e+00	0.000000e+00	0.000000e+00	
517	3.623126e-03	0.000000e+00	0.000000e+00	0.000000e+00	
518	3.633126e-03	0.000000e+00	0.000000e+00	0.000000e+00	

Index   time            v2#branch       v3#branch       v4#branch       
--------------------------------------------------------------------------------
519	3.643126e-03	0.000000e+00	0.000000e+00	0.000000e+00	
520	3.653126e-03	0.000000e+00	0.000000e+00	0.000000e+00	
521	3.663126e-03	0.000000e+00	0.000000e+00	0.000000e+00	
522	3.673126e-03	0.000000e+00	0.000000e+00	0.000000e+00	
523	3.683126e-03	0.000000e+00	0.000000e+00	0.000000e+00	
524	3.693126e-03	0.000000e+00	0.000000e+00	0.000000e+00	
525	3.703126e-03	0.000000e+00	0.000000e+00	0.000000e+00	
526	3.713126e-03	0.000000e+00	0.000000e+00	0.000000e+00	
527	3.723126e-03	0.000000e+00	0.000000e+00	0.000000e+00	
528	3.733126e-03	0.000000e+00	0.000000e+00	0.000000e+00	
529	3.743126e-03	0.000000e+00	0.000000e+00	0.000000e+00	
530	3.753126e-03	0.000000e+00	0.000000e+00	0.000000e+00	
531	3.763126e-03	0.000000e+00	0.000000e+00	0.000000e+00	
532	3.773126e-03	0.000000e+00	0.000000e+00	0.000000e+00	
533	3.783126e-03	0.000000e+00	0.000000e+00	0.000000e+00	
534	3.793126e-03	0.000000e+00	0.000000e+00	0.000000e+00	
535	3.803126e-03	0.000000e+00	0.000000e+00	0.000000e+00	
536	3.813126e-03	0.000000e+00	0.000000e+00	0.000000e+00	
537	3.823126e-03	0.000000e+00	0.000000e+00	0.000000e+00	
538	3.833126e-03	0.000000e+00	0.000000e+00	0.000000e+00	
539	3.843126e-03	0.000000e+00	0.000000e+00	0.000000e+00	
540	3.853126e-03	0.000000e+00	0.000000e+00	0.000000e+00	
541	3.863126e-03	0.000000e+00	0.000000e+00	0.000000e+00	
542	3.873126e-03	0.000000e+00	0.000000e+00	0.000000e+00	
543	3.883126e-03	0.000000e+00	0.000000e+00	0.000000e+00	
544	3.893126e-03	0.000000e+00	0.000000e+00	0.000000e+00	
545	3.903126e-03	0.000000e+00	0.000000e+00	0.000000e+00	
546	3.913126e-03	0.000000e+00	0.000000e+00	0.000000e+00	
547	3.923126e-03	0.000000e+00	0.000000e+00	0.000000e+00	
548	3.933126e-03	0.000000e+00	0.000000e+00	0.000000e+00	
549	3.943126e-03	0.000000e+00	0.000000e+00	0.000000e+00	
550	3.953126e-03	0.000000e+00	0.000000e+00	0.000000e+00	
551	3.963126e-03	0.000000e+00	0.000000e+00	0.000000e+00	
552	3.973126e-03	0.000000e+00	0.000000e+00	0.000000e+00	
553	3.983126e-03	0.000000e+00	0.000000e+00	0.000000e+00	
554	3.993126e-03	0.000000e+00	0.000000e+00	0.000000e+00	
555	4.000000e-03	0.000000e+00	0.000000e+00	0.000000e+00	

                                kicad schematic
                                Transient Analysis  Tue Nov 04 17:57:04  2025
--------------------------------------------------------------------------------
Index   time            v5#branch       v6#branch       v7#branch       
--------------------------------------------------------------------------------
0	0.000000e+00	0.000000e+00	0.000000e+00	0.000000e+00	
1	1.000000e-10	0.000000e+00	0.000000e+00	0.000000e+00	
2	2.000000e-10	0.000000e+00	0.000000e+00	0.000000e+00	
3	4.000000e-10	0.000000e+00	0.000000e+00	0.000000e+00	
4	8.000000e-10	0.000000e+00	0.000000e+00	0.000000e+00	
5	1.600000e-09	0.000000e+00	0.000000e+00	0.000000e+00	
6	3.200000e-09	0.000000e+00	0.000000e+00	0.000000e+00	
7	6.400000e-09	0.000000e+00	0.000000e+00	0.000000e+00	
8	7.200000e-09	0.000000e+00	0.000000e+00	0.000000e+00	
9	7.290000e-09	0.000000e+00	0.000000e+00	0.000000e+00	
10	7.470000e-09	0.000000e+00	0.000000e+00	0.000000e+00	
11	7.830000e-09	0.000000e+00	0.000000e+00	0.000000e+00	
12	8.100000e-09	0.000000e+00	0.000000e+00	0.000000e+00	
13	8.172000e-09	0.000000e+00	0.000000e+00	0.000000e+00	
14	8.316000e-09	0.000000e+00	0.000000e+00	0.000000e+00	
15	8.604000e-09	0.000000e+00	0.000000e+00	0.000000e+00	
16	9.180000e-09	0.000000e+00	0.000000e+00	0.000000e+00	
17	1.000000e-08	0.000000e+00	0.000000e+00	0.000000e+00	
18	1.011520e-08	0.000000e+00	0.000000e+00	0.000000e+00	
19	1.034560e-08	0.000000e+00	0.000000e+00	0.000000e+00	
20	1.040000e-08	0.000000e+00	0.000000e+00	0.000000e+00	
21	1.041000e-08	0.000000e+00	0.000000e+00	0.000000e+00	
22	1.043000e-08	0.000000e+00	0.000000e+00	0.000000e+00	
23	1.047000e-08	0.000000e+00	0.000000e+00	0.000000e+00	
24	1.050000e-08	0.000000e+00	0.000000e+00	0.000000e+00	
25	1.050800e-08	0.000000e+00	0.000000e+00	0.000000e+00	
26	1.052400e-08	0.000000e+00	0.000000e+00	0.000000e+00	
27	1.055600e-08	0.000000e+00	0.000000e+00	0.000000e+00	
28	1.062000e-08	0.000000e+00	0.000000e+00	0.000000e+00	
29	1.074800e-08	0.000000e+00	0.000000e+00	0.000000e+00	
30	1.100400e-08	0.000000e+00	0.000000e+00	0.000000e+00	
31	1.151600e-08	0.000000e+00	0.000000e+00	0.000000e+00	
32	1.254000e-08	0.000000e+00	0.000000e+00	0.000000e+00	
33	1.458800e-08	0.000000e+00	0.000000e+00	0.000000e+00	
34	1.868400e-08	0.000000e+00	0.000000e+00	0.000000e+00	
35	2.687600e-08	0.000000e+00	0.000000e+00	0.000000e+00	
36	4.326000e-08	0.000000e+00	0.000000e+00	0.000000e+00	
37	7.602800e-08	0.000000e+00	0.000000e+00	0.000000e+00	
38	1.415640e-07	0.000000e+00	0.000000e+00	0.000000e+00	
39	2.726360e-07	0.000000e+00	0.000000e+00	0.000000e+00	
40	5.347800e-07	0.000000e+00	0.000000e+00	0.000000e+00	
41	1.059068e-06	0.000000e+00	0.000000e+00	0.000000e+00	
42	2.107644e-06	0.000000e+00	0.000000e+00	0.000000e+00	
43	4.204796e-06	0.000000e+00	0.000000e+00	0.000000e+00	
44	8.399100e-06	0.000000e+00	0.000000e+00	0.000000e+00	
45	1.678771e-05	0.000000e+00	0.000000e+00	0.000000e+00	
46	2.678771e-05	0.000000e+00	0.000000e+00	0.000000e+00	
47	3.678771e-05	0.000000e+00	0.000000e+00	0.000000e+00	
48	4.678771e-05	0.000000e+00	0.000000e+00	0.000000e+00	
49	5.678771e-05	0.000000e+00	0.000000e+00	0.000000e+00	
50	6.678771e-05	0.000000e+00	0.000000e+00	0.000000e+00	
51	7.678771e-05	0.000000e+00	0.000000e+00	0.000000e+00	
52	8.678771e-05	0.000000e+00	0.000000e+00	0.000000e+00	
53	9.678771e-05	0.000000e+00	0.000000e+00	0.000000e+00	
54	1.067877e-04	0.000000e+00	0.000000e+00	0.000000e+00	

Index   time            v5#branch       v6#branch       v7#branch       
--------------------------------------------------------------------------------
55	1.167877e-04	0.000000e+00	0.000000e+00	0.000000e+00	
56	1.267877e-04	0.000000e+00	0.000000e+00	0.000000e+00	
57	1.367877e-04	0.000000e+00	0.000000e+00	0.000000e+00	
58	1.467877e-04	0.000000e+00	0.000000e+00	0.000000e+00	
59	1.567877e-04	0.000000e+00	0.000000e+00	0.000000e+00	
60	1.667877e-04	0.000000e+00	0.000000e+00	0.000000e+00	
61	1.767877e-04	0.000000e+00	0.000000e+00	0.000000e+00	
62	1.867877e-04	0.000000e+00	0.000000e+00	0.000000e+00	
63	1.967877e-04	0.000000e+00	0.000000e+00	0.000000e+00	
64	2.067877e-04	0.000000e+00	0.000000e+00	0.000000e+00	
65	2.167877e-04	0.000000e+00	0.000000e+00	0.000000e+00	
66	2.267877e-04	0.000000e+00	0.000000e+00	0.000000e+00	
67	2.367877e-04	0.000000e+00	0.000000e+00	0.000000e+00	
68	2.467877e-04	0.000000e+00	0.000000e+00	0.000000e+00	
69	2.567877e-04	0.000000e+00	0.000000e+00	0.000000e+00	
70	2.667877e-04	0.000000e+00	0.000000e+00	0.000000e+00	
71	2.767877e-04	0.000000e+00	0.000000e+00	0.000000e+00	
72	2.867877e-04	0.000000e+00	0.000000e+00	0.000000e+00	
73	2.967877e-04	0.000000e+00	0.000000e+00	0.000000e+00	
74	3.067877e-04	0.000000e+00	0.000000e+00	0.000000e+00	
75	3.167877e-04	0.000000e+00	0.000000e+00	0.000000e+00	
76	3.267877e-04	0.000000e+00	0.000000e+00	0.000000e+00	
77	3.367877e-04	0.000000e+00	0.000000e+00	0.000000e+00	
78	3.467877e-04	0.000000e+00	0.000000e+00	0.000000e+00	
79	3.567877e-04	0.000000e+00	0.000000e+00	0.000000e+00	
80	3.667877e-04	0.000000e+00	0.000000e+00	0.000000e+00	
81	3.767877e-04	0.000000e+00	0.000000e+00	0.000000e+00	
82	3.867877e-04	0.000000e+00	0.000000e+00	0.000000e+00	
83	3.967877e-04	0.000000e+00	0.000000e+00	0.000000e+00	
84	4.067877e-04	0.000000e+00	0.000000e+00	0.000000e+00	
85	4.167877e-04	0.000000e+00	0.000000e+00	0.000000e+00	
86	4.267877e-04	0.000000e+00	0.000000e+00	0.000000e+00	
87	4.367877e-04	0.000000e+00	0.000000e+00	0.000000e+00	
88	4.467877e-04	0.000000e+00	0.000000e+00	0.000000e+00	
89	4.567877e-04	0.000000e+00	0.000000e+00	0.000000e+00	
90	4.667877e-04	0.000000e+00	0.000000e+00	0.000000e+00	
91	4.767877e-04	0.000000e+00	0.000000e+00	0.000000e+00	
92	4.867877e-04	0.000000e+00	0.000000e+00	0.000000e+00	
93	4.967877e-04	0.000000e+00	0.000000e+00	0.000000e+00	
94	5.067877e-04	0.000000e+00	0.000000e+00	0.000000e+00	
95	5.167877e-04	0.000000e+00	0.000000e+00	0.000000e+00	
96	5.267877e-04	0.000000e+00	0.000000e+00	0.000000e+00	
97	5.367877e-04	0.000000e+00	0.000000e+00	0.000000e+00	
98	5.467877e-04	0.000000e+00	0.000000e+00	0.000000e+00	
99	5.567877e-04	0.000000e+00	0.000000e+00	0.000000e+00	
100	5.667877e-04	0.000000e+00	0.000000e+00	0.000000e+00	
101	5.767877e-04	0.000000e+00	0.000000e+00	0.000000e+00	
102	5.867877e-04	0.000000e+00	0.000000e+00	0.000000e+00	
103	5.967877e-04	0.000000e+00	0.000000e+00	0.000000e+00	
104	6.067877e-04	0.000000e+00	0.000000e+00	0.000000e+00	
105	6.167877e-04	0.000000e+00	0.000000e+00	0.000000e+00	
106	6.267877e-04	0.000000e+00	0.000000e+00	0.000000e+00	
107	6.367877e-04	0.000000e+00	0.000000e+00	0.000000e+00	
108	6.467877e-04	0.000000e+00	0.000000e+00	0.000000e+00	
109	6.567877e-04	0.000000e+00	0.000000e+00	0.000000e+00	
110	6.667877e-04	0.000000e+00	0.000000e+00	0.000000e+00	
111	6.767877e-04	0.000000e+00	0.000000e+00	0.000000e+00	
112	6.867877e-04	0.000000e+00	0.000000e+00	0.000000e+00	

Index   time            v5#branch       v6#branch       v7#branch       
--------------------------------------------------------------------------------
113	6.967877e-04	0.000000e+00	0.000000e+00	0.000000e+00	
114	7.067877e-04	0.000000e+00	0.000000e+00	0.000000e+00	
115	7.167877e-04	0.000000e+00	0.000000e+00	0.000000e+00	
116	7.267877e-04	0.000000e+00	0.000000e+00	0.000000e+00	
117	7.367877e-04	0.000000e+00	0.000000e+00	0.000000e+00	
118	7.467877e-04	0.000000e+00	0.000000e+00	0.000000e+00	
119	7.567877e-04	0.000000e+00	0.000000e+00	0.000000e+00	
120	7.667877e-04	0.000000e+00	0.000000e+00	0.000000e+00	
121	7.767877e-04	0.000000e+00	0.000000e+00	0.000000e+00	
122	7.867877e-04	0.000000e+00	0.000000e+00	0.000000e+00	
123	7.967877e-04	0.000000e+00	0.000000e+00	0.000000e+00	
124	8.067877e-04	0.000000e+00	0.000000e+00	0.000000e+00	
125	8.167877e-04	0.000000e+00	0.000000e+00	0.000000e+00	
126	8.267877e-04	0.000000e+00	0.000000e+00	0.000000e+00	
127	8.367877e-04	0.000000e+00	0.000000e+00	0.000000e+00	
128	8.467877e-04	0.000000e+00	0.000000e+00	0.000000e+00	
129	8.567877e-04	0.000000e+00	0.000000e+00	0.000000e+00	
130	8.667877e-04	0.000000e+00	0.000000e+00	0.000000e+00	
131	8.767877e-04	0.000000e+00	0.000000e+00	0.000000e+00	
132	8.867877e-04	0.000000e+00	0.000000e+00	0.000000e+00	
133	8.967877e-04	0.000000e+00	0.000000e+00	0.000000e+00	
134	9.067877e-04	0.000000e+00	0.000000e+00	0.000000e+00	
135	9.167877e-04	0.000000e+00	0.000000e+00	0.000000e+00	
136	9.267877e-04	0.000000e+00	0.000000e+00	0.000000e+00	
137	9.367877e-04	0.000000e+00	0.000000e+00	0.000000e+00	
138	9.467877e-04	0.000000e+00	0.000000e+00	0.000000e+00	
139	9.567877e-04	0.000000e+00	0.000000e+00	0.000000e+00	
140	9.667877e-04	0.000000e+00	0.000000e+00	0.000000e+00	
141	9.767877e-04	0.000000e+00	0.000000e+00	0.000000e+00	
142	9.867877e-04	0.000000e+00	0.000000e+00	0.000000e+00	
143	9.967877e-04	0.000000e+00	0.000000e+00	0.000000e+00	
144	1.000010e-03	0.000000e+00	0.000000e+00	0.000000e+00	
145	1.000011e-03	0.000000e+00	0.000000e+00	0.000000e+00	
146	1.000013e-03	0.000000e+00	0.000000e+00	0.000000e+00	
147	1.000017e-03	0.000000e+00	0.000000e+00	0.000000e+00	
148	1.000020e-03	0.000000e+00	0.000000e+00	0.000000e+00	
149	1.000021e-03	0.000000e+00	0.000000e+00	0.000000e+00	
150	1.000021e-03	0.000000e+00	0.000000e+00	0.000000e+00	
151	1.000021e-03	0.000000e+00	0.000000e+00	0.000000e+00	
152	1.000021e-03	0.000000e+00	0.000000e+00	0.000000e+00	
153	1.000021e-03	0.000000e+00	0.000000e+00	0.000000e+00	
154	1.000021e-03	0.000000e+00	0.000000e+00	0.000000e+00	
155	1.000021e-03	0.000000e+00	0.000000e+00	0.000000e+00	
156	1.000021e-03	0.000000e+00	0.000000e+00	0.000000e+00	
157	1.000021e-03	0.000000e+00	0.000000e+00	0.000000e+00	
158	1.000021e-03	0.000000e+00	0.000000e+00	0.000000e+00	
159	1.000021e-03	0.000000e+00	0.000000e+00	0.000000e+00	
160	1.000022e-03	0.000000e+00	0.000000e+00	0.000000e+00	
161	1.000022e-03	0.000000e+00	0.000000e+00	0.000000e+00	
162	1.000023e-03	0.000000e+00	0.000000e+00	0.000000e+00	
163	1.000024e-03	0.000000e+00	0.000000e+00	0.000000e+00	
164	1.000024e-03	0.000000e+00	0.000000e+00	0.000000e+00	
165	1.000024e-03	0.000000e+00	0.000000e+00	0.000000e+00	
166	1.000025e-03	0.000000e+00	0.000000e+00	0.000000e+00	
167	1.000025e-03	0.000000e+00	0.000000e+00	0.000000e+00	
168	1.000025e-03	0.000000e+00	0.000000e+00	0.000000e+00	
169	1.000025e-03	0.000000e+00	0.000000e+00	0.000000e+00	
170	1.000025e-03	0.000000e+00	0.000000e+00	0.000000e+00	

Index   time            v5#branch       v6#branch       v7#branch       
--------------------------------------------------------------------------------
171	1.000026e-03	0.000000e+00	0.000000e+00	0.000000e+00	
172	1.000027e-03	0.000000e+00	0.000000e+00	0.000000e+00	
173	1.000029e-03	0.000000e+00	0.000000e+00	0.000000e+00	
174	1.000034e-03	0.000000e+00	0.000000e+00	0.000000e+00	
175	1.000043e-03	0.000000e+00	0.000000e+00	0.000000e+00	
176	1.000062e-03	0.000000e+00	0.000000e+00	0.000000e+00	
177	1.000099e-03	0.000000e+00	0.000000e+00	0.000000e+00	
178	1.000172e-03	0.000000e+00	0.000000e+00	0.000000e+00	
179	1.000320e-03	0.000000e+00	0.000000e+00	0.000000e+00	
180	1.000615e-03	0.000000e+00	0.000000e+00	0.000000e+00	
181	1.001204e-03	0.000000e+00	0.000000e+00	0.000000e+00	
182	1.002384e-03	0.000000e+00	0.000000e+00	0.000000e+00	
183	1.004743e-03	0.000000e+00	0.000000e+00	0.000000e+00	
184	1.009462e-03	0.000000e+00	0.000000e+00	0.000000e+00	
185	1.018899e-03	0.000000e+00	0.000000e+00	0.000000e+00	
186	1.028899e-03	0.000000e+00	0.000000e+00	0.000000e+00	
187	1.038899e-03	0.000000e+00	0.000000e+00	0.000000e+00	
188	1.048899e-03	0.000000e+00	0.000000e+00	0.000000e+00	
189	1.058899e-03	0.000000e+00	0.000000e+00	0.000000e+00	
190	1.068899e-03	0.000000e+00	0.000000e+00	0.000000e+00	
191	1.078899e-03	0.000000e+00	0.000000e+00	0.000000e+00	
192	1.088899e-03	0.000000e+00	0.000000e+00	0.000000e+00	
193	1.098899e-03	0.000000e+00	0.000000e+00	0.000000e+00	
194	1.108899e-03	0.000000e+00	0.000000e+00	0.000000e+00	
195	1.118899e-03	0.000000e+00	0.000000e+00	0.000000e+00	
196	1.128899e-03	0.000000e+00	0.000000e+00	0.000000e+00	
197	1.138899e-03	0.000000e+00	0.000000e+00	0.000000e+00	
198	1.148899e-03	0.000000e+00	0.000000e+00	0.000000e+00	
199	1.158899e-03	0.000000e+00	0.000000e+00	0.000000e+00	
200	1.168899e-03	0.000000e+00	0.000000e+00	0.000000e+00	
201	1.178899e-03	0.000000e+00	0.000000e+00	0.000000e+00	
202	1.188899e-03	0.000000e+00	0.000000e+00	0.000000e+00	
203	1.198899e-03	0.000000e+00	0.000000e+00	0.000000e+00	
204	1.208899e-03	0.000000e+00	0.000000e+00	0.000000e+00	
205	1.218899e-03	0.000000e+00	0.000000e+00	0.000000e+00	
206	1.228899e-03	0.000000e+00	0.000000e+00	0.000000e+00	
207	1.238899e-03	0.000000e+00	0.000000e+00	0.000000e+00	
208	1.248899e-03	0.000000e+00	0.000000e+00	0.000000e+00	
209	1.258899e-03	0.000000e+00	0.000000e+00	0.000000e+00	
210	1.268899e-03	0.000000e+00	0.000000e+00	0.000000e+00	
211	1.278899e-03	0.000000e+00	0.000000e+00	0.000000e+00	
212	1.288899e-03	0.000000e+00	0.000000e+00	0.000000e+00	
213	1.298899e-03	0.000000e+00	0.000000e+00	0.000000e+00	
214	1.308899e-03	0.000000e+00	0.000000e+00	0.000000e+00	
215	1.318899e-03	0.000000e+00	0.000000e+00	0.000000e+00	
216	1.328899e-03	0.000000e+00	0.000000e+00	0.000000e+00	
217	1.338899e-03	0.000000e+00	0.000000e+00	0.000000e+00	
218	1.348899e-03	0.000000e+00	0.000000e+00	0.000000e+00	
219	1.358899e-03	0.000000e+00	0.000000e+00	0.000000e+00	
220	1.368899e-03	0.000000e+00	0.000000e+00	0.000000e+00	
221	1.378899e-03	0.000000e+00	0.000000e+00	0.000000e+00	
222	1.388899e-03	0.000000e+00	0.000000e+00	0.000000e+00	
223	1.398899e-03	0.000000e+00	0.000000e+00	0.000000e+00	
224	1.408899e-03	0.000000e+00	0.000000e+00	0.000000e+00	
225	1.418899e-03	0.000000e+00	0.000000e+00	0.000000e+00	
226	1.428899e-03	0.000000e+00	0.000000e+00	0.000000e+00	
227	1.438899e-03	0.000000e+00	0.000000e+00	0.000000e+00	
228	1.448899e-03	0.000000e+00	0.000000e+00	0.000000e+00	

Index   time            v5#branch       v6#branch       v7#branch       
--------------------------------------------------------------------------------
229	1.458899e-03	0.000000e+00	0.000000e+00	0.000000e+00	
230	1.468899e-03	0.000000e+00	0.000000e+00	0.000000e+00	
231	1.478899e-03	0.000000e+00	0.000000e+00	0.000000e+00	
232	1.488899e-03	0.000000e+00	0.000000e+00	0.000000e+00	
233	1.498899e-03	0.000000e+00	0.000000e+00	0.000000e+00	
234	1.508899e-03	0.000000e+00	0.000000e+00	0.000000e+00	
235	1.518899e-03	0.000000e+00	0.000000e+00	0.000000e+00	
236	1.528899e-03	0.000000e+00	0.000000e+00	0.000000e+00	
237	1.538899e-03	0.000000e+00	0.000000e+00	0.000000e+00	
238	1.548899e-03	0.000000e+00	0.000000e+00	0.000000e+00	
239	1.558899e-03	0.000000e+00	0.000000e+00	0.000000e+00	
240	1.568899e-03	0.000000e+00	0.000000e+00	0.000000e+00	
241	1.578899e-03	0.000000e+00	0.000000e+00	0.000000e+00	
242	1.588899e-03	0.000000e+00	0.000000e+00	0.000000e+00	
243	1.598899e-03	0.000000e+00	0.000000e+00	0.000000e+00	
244	1.608899e-03	0.000000e+00	0.000000e+00	0.000000e+00	
245	1.618899e-03	0.000000e+00	0.000000e+00	0.000000e+00	
246	1.628899e-03	0.000000e+00	0.000000e+00	0.000000e+00	
247	1.638899e-03	0.000000e+00	0.000000e+00	0.000000e+00	
248	1.648899e-03	0.000000e+00	0.000000e+00	0.000000e+00	
249	1.658899e-03	0.000000e+00	0.000000e+00	0.000000e+00	
250	1.668899e-03	0.000000e+00	0.000000e+00	0.000000e+00	
251	1.678899e-03	0.000000e+00	0.000000e+00	0.000000e+00	
252	1.688899e-03	0.000000e+00	0.000000e+00	0.000000e+00	
253	1.698899e-03	0.000000e+00	0.000000e+00	0.000000e+00	
254	1.708899e-03	0.000000e+00	0.000000e+00	0.000000e+00	
255	1.718899e-03	0.000000e+00	0.000000e+00	0.000000e+00	
256	1.728899e-03	0.000000e+00	0.000000e+00	0.000000e+00	
257	1.738899e-03	0.000000e+00	0.000000e+00	0.000000e+00	
258	1.748899e-03	0.000000e+00	0.000000e+00	0.000000e+00	
259	1.758899e-03	0.000000e+00	0.000000e+00	0.000000e+00	
260	1.768899e-03	0.000000e+00	0.000000e+00	0.000000e+00	
261	1.778899e-03	0.000000e+00	0.000000e+00	0.000000e+00	
262	1.788899e-03	0.000000e+00	0.000000e+00	0.000000e+00	
263	1.798899e-03	0.000000e+00	0.000000e+00	0.000000e+00	
264	1.808899e-03	0.000000e+00	0.000000e+00	0.000000e+00	
265	1.818899e-03	0.000000e+00	0.000000e+00	0.000000e+00	
266	1.828899e-03	0.000000e+00	0.000000e+00	0.000000e+00	
267	1.838899e-03	0.000000e+00	0.000000e+00	0.000000e+00	
268	1.848899e-03	0.000000e+00	0.000000e+00	0.000000e+00	
269	1.858899e-03	0.000000e+00	0.000000e+00	0.000000e+00	
270	1.868899e-03	0.000000e+00	0.000000e+00	0.000000e+00	
271	1.878899e-03	0.000000e+00	0.000000e+00	0.000000e+00	
272	1.888899e-03	0.000000e+00	0.000000e+00	0.000000e+00	
273	1.898899e-03	0.000000e+00	0.000000e+00	0.000000e+00	
274	1.908899e-03	0.000000e+00	0.000000e+00	0.000000e+00	
275	1.918899e-03	0.000000e+00	0.000000e+00	0.000000e+00	
276	1.928899e-03	0.000000e+00	0.000000e+00	0.000000e+00	
277	1.938899e-03	0.000000e+00	0.000000e+00	0.000000e+00	
278	1.948899e-03	0.000000e+00	0.000000e+00	0.000000e+00	
279	1.958899e-03	0.000000e+00	0.000000e+00	0.000000e+00	
280	1.968899e-03	0.000000e+00	0.000000e+00	0.000000e+00	
281	1.978899e-03	0.000000e+00	0.000000e+00	0.000000e+00	
282	1.988899e-03	0.000000e+00	0.000000e+00	0.000000e+00	
283	1.998899e-03	0.000000e+00	0.000000e+00	0.000000e+00	
284	2.000000e-03	0.000000e+00	0.000000e+00	0.000000e+00	
285	2.000001e-03	0.000000e+00	0.000000e+00	0.000000e+00	
286	2.000003e-03	0.000000e+00	0.000000e+00	0.000000e+00	

Index   time            v5#branch       v6#branch       v7#branch       
--------------------------------------------------------------------------------
287	2.000007e-03	0.000000e+00	0.000000e+00	0.000000e+00	
288	2.000007e-03	0.000000e+00	0.000000e+00	0.000000e+00	
289	2.000007e-03	0.000000e+00	0.000000e+00	0.000000e+00	
290	2.000008e-03	0.000000e+00	0.000000e+00	0.000000e+00	
291	2.000008e-03	0.000000e+00	0.000000e+00	0.000000e+00	
292	2.000008e-03	0.000000e+00	0.000000e+00	0.000000e+00	
293	2.000008e-03	0.000000e+00	0.000000e+00	0.000000e+00	
294	2.000008e-03	0.000000e+00	0.000000e+00	0.000000e+00	
295	2.000009e-03	0.000000e+00	0.000000e+00	0.000000e+00	
296	2.000010e-03	0.000000e+00	0.000000e+00	0.000000e+00	
297	2.000010e-03	0.000000e+00	0.000000e+00	0.000000e+00	
298	2.000010e-03	0.000000e+00	0.000000e+00	0.000000e+00	
299	2.000011e-03	0.000000e+00	0.000000e+00	0.000000e+00	
300	2.000011e-03	0.000000e+00	0.000000e+00	0.000000e+00	
301	2.000011e-03	0.000000e+00	0.000000e+00	0.000000e+00	
302	2.000011e-03	0.000000e+00	0.000000e+00	0.000000e+00	
303	2.000011e-03	0.000000e+00	0.000000e+00	0.000000e+00	
304	2.000011e-03	0.000000e+00	0.000000e+00	0.000000e+00	
305	2.000011e-03	0.000000e+00	0.000000e+00	0.000000e+00	
306	2.000011e-03	0.000000e+00	0.000000e+00	0.000000e+00	
307	2.000011e-03	0.000000e+00	0.000000e+00	0.000000e+00	
308	2.000011e-03	0.000000e+00	0.000000e+00	0.000000e+00	
309	2.000011e-03	0.000000e+00	0.000000e+00	0.000000e+00	
310	2.000012e-03	0.000000e+00	0.000000e+00	0.000000e+00	
311	2.000012e-03	0.000000e+00	0.000000e+00	0.000000e+00	
312	2.000013e-03	0.000000e+00	0.000000e+00	0.000000e+00	
313	2.000015e-03	0.000000e+00	0.000000e+00	0.000000e+00	
314	2.000019e-03	0.000000e+00	0.000000e+00	0.000000e+00	
315	2.000020e-03	0.000000e+00	0.000000e+00	0.000000e+00	
316	2.000021e-03	0.000000e+00	0.000000e+00	0.000000e+00	
317	2.000022e-03	0.000000e+00	0.000000e+00	0.000000e+00	
318	2.000023e-03	0.000000e+00	0.000000e+00	0.000000e+00	
319	2.000023e-03	0.000000e+00	0.000000e+00	0.000000e+00	
320	2.000024e-03	0.000000e+00	0.000000e+00	0.000000e+00	
321	2.000024e-03	0.000000e+00	0.000000e+00	0.000000e+00	
322	2.000024e-03	0.000000e+00	0.000000e+00	0.000000e+00	
323	2.000024e-03	0.000000e+00	0.000000e+00	0.000000e+00	
324	2.000025e-03	0.000000e+00	0.000000e+00	0.000000e+00	
325	2.000025e-03	0.000000e+00	0.000000e+00	0.000000e+00	
326	2.000025e-03	0.000000e+00	0.000000e+00	0.000000e+00	
327	2.000027e-03	0.000000e+00	0.000000e+00	0.000000e+00	
328	2.000029e-03	0.000000e+00	0.000000e+00	0.000000e+00	
329	2.000034e-03	0.000000e+00	0.000000e+00	0.000000e+00	
330	2.000045e-03	0.000000e+00	0.000000e+00	0.000000e+00	
331	2.000065e-03	0.000000e+00	0.000000e+00	0.000000e+00	
332	2.000106e-03	0.000000e+00	0.000000e+00	0.000000e+00	
333	2.000188e-03	0.000000e+00	0.000000e+00	0.000000e+00	
334	2.000352e-03	0.000000e+00	0.000000e+00	0.000000e+00	
335	2.000680e-03	0.000000e+00	0.000000e+00	0.000000e+00	
336	2.001335e-03	0.000000e+00	0.000000e+00	0.000000e+00	
337	2.002646e-03	0.000000e+00	0.000000e+00	0.000000e+00	
338	2.005267e-03	0.000000e+00	0.000000e+00	0.000000e+00	
339	2.010510e-03	0.000000e+00	0.000000e+00	0.000000e+00	
340	2.020510e-03	0.000000e+00	0.000000e+00	0.000000e+00	
341	2.030510e-03	0.000000e+00	0.000000e+00	0.000000e+00	
342	2.040510e-03	0.000000e+00	0.000000e+00	0.000000e+00	
343	2.050510e-03	0.000000e+00	0.000000e+00	0.000000e+00	
344	2.060510e-03	0.000000e+00	0.000000e+00	0.000000e+00	

Index   time            v5#branch       v6#branch       v7#branch       
--------------------------------------------------------------------------------
345	2.070510e-03	0.000000e+00	0.000000e+00	0.000000e+00	
346	2.080510e-03	0.000000e+00	0.000000e+00	0.000000e+00	
347	2.090510e-03	0.000000e+00	0.000000e+00	0.000000e+00	
348	2.100510e-03	0.000000e+00	0.000000e+00	0.000000e+00	
349	2.110510e-03	0.000000e+00	0.000000e+00	0.000000e+00	
350	2.120510e-03	0.000000e+00	0.000000e+00	0.000000e+00	
351	2.130510e-03	0.000000e+00	0.000000e+00	0.000000e+00	
352	2.140510e-03	0.000000e+00	0.000000e+00	0.000000e+00	
353	2.150510e-03	0.000000e+00	0.000000e+00	0.000000e+00	
354	2.160510e-03	0.000000e+00	0.000000e+00	0.000000e+00	
355	2.170510e-03	0.000000e+00	0.000000e+00	0.000000e+00	
356	2.180510e-03	0.000000e+00	0.000000e+00	0.000000e+00	
357	2.190510e-03	0.000000e+00	0.000000e+00	0.000000e+00	
358	2.200510e-03	0.000000e+00	0.000000e+00	0.000000e+00	
359	2.210510e-03	0.000000e+00	0.000000e+00	0.000000e+00	
360	2.220510e-03	0.000000e+00	0.000000e+00	0.000000e+00	
361	2.230510e-03	0.000000e+00	0.000000e+00	0.000000e+00	
362	2.240510e-03	0.000000e+00	0.000000e+00	0.000000e+00	
363	2.250510e-03	0.000000e+00	0.000000e+00	0.000000e+00	
364	2.260510e-03	0.000000e+00	0.000000e+00	0.000000e+00	
365	2.270510e-03	0.000000e+00	0.000000e+00	0.000000e+00	
366	2.280510e-03	0.000000e+00	0.000000e+00	0.000000e+00	
367	2.290510e-03	0.000000e+00	0.000000e+00	0.000000e+00	
368	2.300510e-03	0.000000e+00	0.000000e+00	0.000000e+00	
369	2.310510e-03	0.000000e+00	0.000000e+00	0.000000e+00	
370	2.320510e-03	0.000000e+00	0.000000e+00	0.000000e+00	
371	2.330510e-03	0.000000e+00	0.000000e+00	0.000000e+00	
372	2.340510e-03	0.000000e+00	0.000000e+00	0.000000e+00	
373	2.350510e-03	0.000000e+00	0.000000e+00	0.000000e+00	
374	2.360510e-03	0.000000e+00	0.000000e+00	0.000000e+00	
375	2.370510e-03	0.000000e+00	0.000000e+00	0.000000e+00	
376	2.380510e-03	0.000000e+00	0.000000e+00	0.000000e+00	
377	2.390510e-03	0.000000e+00	0.000000e+00	0.000000e+00	
378	2.400510e-03	0.000000e+00	0.000000e+00	0.000000e+00	
379	2.410510e-03	0.000000e+00	0.000000e+00	0.000000e+00	
380	2.420510e-03	0.000000e+00	0.000000e+00	0.000000e+00	
381	2.430510e-03	0.000000e+00	0.000000e+00	0.000000e+00	
382	2.440510e-03	0.000000e+00	0.000000e+00	0.000000e+00	
383	2.450510e-03	0.000000e+00	0.000000e+00	0.000000e+00	
384	2.460510e-03	0.000000e+00	0.000000e+00	0.000000e+00	
385	2.470510e-03	0.000000e+00	0.000000e+00	0.000000e+00	
386	2.480510e-03	0.000000e+00	0.000000e+00	0.000000e+00	
387	2.490510e-03	0.000000e+00	0.000000e+00	0.000000e+00	
388	2.500510e-03	0.000000e+00	0.000000e+00	0.000000e+00	
389	2.510510e-03	0.000000e+00	0.000000e+00	0.000000e+00	
390	2.520510e-03	0.000000e+00	0.000000e+00	0.000000e+00	
391	2.530510e-03	0.000000e+00	0.000000e+00	0.000000e+00	
392	2.540510e-03	0.000000e+00	0.000000e+00	0.000000e+00	
393	2.550510e-03	0.000000e+00	0.000000e+00	0.000000e+00	
394	2.560510e-03	0.000000e+00	0.000000e+00	0.000000e+00	
395	2.570510e-03	0.000000e+00	0.000000e+00	0.000000e+00	
396	2.580510e-03	0.000000e+00	0.000000e+00	0.000000e+00	
397	2.590510e-03	0.000000e+00	0.000000e+00	0.000000e+00	
398	2.600510e-03	0.000000e+00	0.000000e+00	0.000000e+00	
399	2.610510e-03	0.000000e+00	0.000000e+00	0.000000e+00	
400	2.620510e-03	0.000000e+00	0.000000e+00	0.000000e+00	
401	2.630510e-03	0.000000e+00	0.000000e+00	0.000000e+00	
402	2.640510e-03	0.000000e+00	0.000000e+00	0.000000e+00	

Index   time            v5#branch       v6#branch       v7#branch       
--------------------------------------------------------------------------------
403	2.650510e-03	0.000000e+00	0.000000e+00	0.000000e+00	
404	2.660510e-03	0.000000e+00	0.000000e+00	0.000000e+00	
405	2.670510e-03	0.000000e+00	0.000000e+00	0.000000e+00	
406	2.680510e-03	0.000000e+00	0.000000e+00	0.000000e+00	
407	2.690510e-03	0.000000e+00	0.000000e+00	0.000000e+00	
408	2.700510e-03	0.000000e+00	0.000000e+00	0.000000e+00	
409	2.710510e-03	0.000000e+00	0.000000e+00	0.000000e+00	
410	2.720510e-03	0.000000e+00	0.000000e+00	0.000000e+00	
411	2.730510e-03	0.000000e+00	0.000000e+00	0.000000e+00	
412	2.740510e-03	0.000000e+00	0.000000e+00	0.000000e+00	
413	2.750510e-03	0.000000e+00	0.000000e+00	0.000000e+00	
414	2.760510e-03	0.000000e+00	0.000000e+00	0.000000e+00	
415	2.770510e-03	0.000000e+00	0.000000e+00	0.000000e+00	
416	2.780510e-03	0.000000e+00	0.000000e+00	0.000000e+00	
417	2.790510e-03	0.000000e+00	0.000000e+00	0.000000e+00	
418	2.800510e-03	0.000000e+00	0.000000e+00	0.000000e+00	
419	2.810510e-03	0.000000e+00	0.000000e+00	0.000000e+00	
420	2.820510e-03	0.000000e+00	0.000000e+00	0.000000e+00	
421	2.830510e-03	0.000000e+00	0.000000e+00	0.000000e+00	
422	2.840510e-03	0.000000e+00	0.000000e+00	0.000000e+00	
423	2.850510e-03	0.000000e+00	0.000000e+00	0.000000e+00	
424	2.860510e-03	0.000000e+00	0.000000e+00	0.000000e+00	
425	2.870510e-03	0.000000e+00	0.000000e+00	0.000000e+00	
426	2.880510e-03	0.000000e+00	0.000000e+00	0.000000e+00	
427	2.890510e-03	0.000000e+00	0.000000e+00	0.000000e+00	
428	2.900510e-03	0.000000e+00	0.000000e+00	0.000000e+00	
429	2.910510e-03	0.000000e+00	0.000000e+00	0.000000e+00	
430	2.920510e-03	0.000000e+00	0.000000e+00	0.000000e+00	
431	2.930510e-03	0.000000e+00	0.000000e+00	0.000000e+00	
432	2.940510e-03	0.000000e+00	0.000000e+00	0.000000e+00	
433	2.950510e-03	0.000000e+00	0.000000e+00	0.000000e+00	
434	2.960510e-03	0.000000e+00	0.000000e+00	0.000000e+00	
435	2.970510e-03	0.000000e+00	0.000000e+00	0.000000e+00	
436	2.980510e-03	0.000000e+00	0.000000e+00	0.000000e+00	
437	2.990510e-03	0.000000e+00	0.000000e+00	0.000000e+00	
438	3.000010e-03	0.000000e+00	0.000000e+00	0.000000e+00	
439	3.000011e-03	0.000000e+00	0.000000e+00	0.000000e+00	
440	3.000013e-03	0.000000e+00	0.000000e+00	0.000000e+00	
441	3.000017e-03	0.000000e+00	0.000000e+00	0.000000e+00	
442	3.000020e-03	0.000000e+00	0.000000e+00	0.000000e+00	
443	3.000021e-03	0.000000e+00	0.000000e+00	0.000000e+00	
444	3.000022e-03	0.000000e+00	0.000000e+00	0.000000e+00	
445	3.000026e-03	0.000000e+00	0.000000e+00	0.000000e+00	
446	3.000032e-03	0.000000e+00	0.000000e+00	0.000000e+00	
447	3.000045e-03	0.000000e+00	0.000000e+00	0.000000e+00	
448	3.000070e-03	0.000000e+00	0.000000e+00	0.000000e+00	
449	3.000122e-03	0.000000e+00	0.000000e+00	0.000000e+00	
450	3.000224e-03	0.000000e+00	0.000000e+00	0.000000e+00	
451	3.000429e-03	0.000000e+00	0.000000e+00	0.000000e+00	
452	3.000838e-03	0.000000e+00	0.000000e+00	0.000000e+00	
453	3.001658e-03	0.000000e+00	0.000000e+00	0.000000e+00	
454	3.003296e-03	0.000000e+00	0.000000e+00	0.000000e+00	
455	3.006573e-03	0.000000e+00	0.000000e+00	0.000000e+00	
456	3.013126e-03	0.000000e+00	0.000000e+00	0.000000e+00	
457	3.023126e-03	0.000000e+00	0.000000e+00	0.000000e+00	
458	3.033126e-03	0.000000e+00	0.000000e+00	0.000000e+00	
459	3.043126e-03	0.000000e+00	0.000000e+00	0.000000e+00	
460	3.053126e-03	0.000000e+00	0.000000e+00	0.000000e+00	

Index   time            v5#branch       v6#branch       v7#branch       
--------------------------------------------------------------------------------
461	3.063126e-03	0.000000e+00	0.000000e+00	0.000000e+00	
462	3.073126e-03	0.000000e+00	0.000000e+00	0.000000e+00	
463	3.083126e-03	0.000000e+00	0.000000e+00	0.000000e+00	
464	3.093126e-03	0.000000e+00	0.000000e+00	0.000000e+00	
465	3.103126e-03	0.000000e+00	0.000000e+00	0.000000e+00	
466	3.113126e-03	0.000000e+00	0.000000e+00	0.000000e+00	
467	3.123126e-03	0.000000e+00	0.000000e+00	0.000000e+00	
468	3.133126e-03	0.000000e+00	0.000000e+00	0.000000e+00	
469	3.143126e-03	0.000000e+00	0.000000e+00	0.000000e+00	
470	3.153126e-03	0.000000e+00	0.000000e+00	0.000000e+00	
471	3.163126e-03	0.000000e+00	0.000000e+00	0.000000e+00	
472	3.173126e-03	0.000000e+00	0.000000e+00	0.000000e+00	
473	3.183126e-03	0.000000e+00	0.000000e+00	0.000000e+00	
474	3.193126e-03	0.000000e+00	0.000000e+00	0.000000e+00	
475	3.203126e-03	0.000000e+00	0.000000e+00	0.000000e+00	
476	3.213126e-03	0.000000e+00	0.000000e+00	0.000000e+00	
477	3.223126e-03	0.000000e+00	0.000000e+00	0.000000e+00	
478	3.233126e-03	0.000000e+00	0.000000e+00	0.000000e+00	
479	3.243126e-03	0.000000e+00	0.000000e+00	0.000000e+00	
480	3.253126e-03	0.000000e+00	0.000000e+00	0.000000e+00	
481	3.263126e-03	0.000000e+00	0.000000e+00	0.000000e+00	
482	3.273126e-03	0.000000e+00	0.000000e+00	0.000000e+00	
483	3.283126e-03	0.000000e+00	0.000000e+00	0.000000e+00	
484	3.293126e-03	0.000000e+00	0.000000e+00	0.000000e+00	
485	3.303126e-03	0.000000e+00	0.000000e+00	0.000000e+00	
486	3.313126e-03	0.000000e+00	0.000000e+00	0.000000e+00	
487	3.323126e-03	0.000000e+00	0.000000e+00	0.000000e+00	
488	3.333126e-03	0.000000e+00	0.000000e+00	0.000000e+00	
489	3.343126e-03	0.000000e+00	0.000000e+00	0.000000e+00	
490	3.353126e-03	0.000000e+00	0.000000e+00	0.000000e+00	
491	3.363126e-03	0.000000e+00	0.000000e+00	0.000000e+00	
492	3.373126e-03	0.000000e+00	0.000000e+00	0.000000e+00	
493	3.383126e-03	0.000000e+00	0.000000e+00	0.000000e+00	
494	3.393126e-03	0.000000e+00	0.000000e+00	0.000000e+00	
495	3.403126e-03	0.000000e+00	0.000000e+00	0.000000e+00	
496	3.413126e-03	0.000000e+00	0.000000e+00	0.000000e+00	
497	3.423126e-03	0.000000e+00	0.000000e+00	0.000000e+00	
498	3.433126e-03	0.000000e+00	0.000000e+00	0.000000e+00	
499	3.443126e-03	0.000000e+00	0.000000e+00	0.000000e+00	
500	3.453126e-03	0.000000e+00	0.000000e+00	0.000000e+00	
501	3.463126e-03	0.000000e+00	0.000000e+00	0.000000e+00	
502	3.473126e-03	0.000000e+00	0.000000e+00	0.000000e+00	
503	3.483126e-03	0.000000e+00	0.000000e+00	0.000000e+00	
504	3.493126e-03	0.000000e+00	0.000000e+00	0.000000e+00	
505	3.503126e-03	0.000000e+00	0.000000e+00	0.000000e+00	
506	3.513126e-03	0.000000e+00	0.000000e+00	0.000000e+00	
507	3.523126e-03	0.000000e+00	0.000000e+00	0.000000e+00	
508	3.533126e-03	0.000000e+00	0.000000e+00	0.000000e+00	
509	3.543126e-03	0.000000e+00	0.000000e+00	0.000000e+00	
510	3.553126e-03	0.000000e+00	0.000000e+00	0.000000e+00	
511	3.563126e-03	0.000000e+00	0.000000e+00	0.000000e+00	
512	3.573126e-03	0.000000e+00	0.000000e+00	0.000000e+00	
513	3.583126e-03	0.000000e+00	0.000000e+00	0.000000e+00	
514	3.593126e-03	0.000000e+00	0.000000e+00	0.000000e+00	
515	3.603126e-03	0.000000e+00	0.000000e+00	0.000000e+00	
516	3.613126e-03	0.000000e+00	0.000000e+00	0.000000e+00	
517	3.623126e-03	0.000000e+00	0.000000e+00	0.000000e+00	
518	3.633126e-03	0.000000e+00	0.000000e+00	0.000000e+00	

Index   time            v5#branch       v6#branch       v7#branch       
--------------------------------------------------------------------------------
519	3.643126e-03	0.000000e+00	0.000000e+00	0.000000e+00	
520	3.653126e-03	0.000000e+00	0.000000e+00	0.000000e+00	
521	3.663126e-03	0.000000e+00	0.000000e+00	0.000000e+00	
522	3.673126e-03	0.000000e+00	0.000000e+00	0.000000e+00	
523	3.683126e-03	0.000000e+00	0.000000e+00	0.000000e+00	
524	3.693126e-03	0.000000e+00	0.000000e+00	0.000000e+00	
525	3.703126e-03	0.000000e+00	0.000000e+00	0.000000e+00	
526	3.713126e-03	0.000000e+00	0.000000e+00	0.000000e+00	
527	3.723126e-03	0.000000e+00	0.000000e+00	0.000000e+00	
528	3.733126e-03	0.000000e+00	0.000000e+00	0.000000e+00	
529	3.743126e-03	0.000000e+00	0.000000e+00	0.000000e+00	
530	3.753126e-03	0.000000e+00	0.000000e+00	0.000000e+00	
531	3.763126e-03	0.000000e+00	0.000000e+00	0.000000e+00	
532	3.773126e-03	0.000000e+00	0.000000e+00	0.000000e+00	
533	3.783126e-03	0.000000e+00	0.000000e+00	0.000000e+00	
534	3.793126e-03	0.000000e+00	0.000000e+00	0.000000e+00	
535	3.803126e-03	0.000000e+00	0.000000e+00	0.000000e+00	
536	3.813126e-03	0.000000e+00	0.000000e+00	0.000000e+00	
537	3.823126e-03	0.000000e+00	0.000000e+00	0.000000e+00	
538	3.833126e-03	0.000000e+00	0.000000e+00	0.000000e+00	
539	3.843126e-03	0.000000e+00	0.000000e+00	0.000000e+00	
540	3.853126e-03	0.000000e+00	0.000000e+00	0.000000e+00	
541	3.863126e-03	0.000000e+00	0.000000e+00	0.000000e+00	
542	3.873126e-03	0.000000e+00	0.000000e+00	0.000000e+00	
543	3.883126e-03	0.000000e+00	0.000000e+00	0.000000e+00	
544	3.893126e-03	0.000000e+00	0.000000e+00	0.000000e+00	
545	3.903126e-03	0.000000e+00	0.000000e+00	0.000000e+00	
546	3.913126e-03	0.000000e+00	0.000000e+00	0.000000e+00	
547	3.923126e-03	0.000000e+00	0.000000e+00	0.000000e+00	
548	3.933126e-03	0.000000e+00	0.000000e+00	0.000000e+00	
549	3.943126e-03	0.000000e+00	0.000000e+00	0.000000e+00	
550	3.953126e-03	0.000000e+00	0.000000e+00	0.000000e+00	
551	3.963126e-03	0.000000e+00	0.000000e+00	0.000000e+00	
552	3.973126e-03	0.000000e+00	0.000000e+00	0.000000e+00	
553	3.983126e-03	0.000000e+00	0.000000e+00	0.000000e+00	
554	3.993126e-03	0.000000e+00	0.000000e+00	0.000000e+00	
555	4.000000e-03	0.000000e+00	0.000000e+00	0.000000e+00	

                                kicad schematic
                                Transient Analysis  Tue Nov 04 17:57:04  2025
--------------------------------------------------------------------------------
Index   time            v8#branch       
--------------------------------------------------------------------------------
0	0.000000e+00	0.000000e+00	
1	1.000000e-10	0.000000e+00	
2	2.000000e-10	0.000000e+00	
3	4.000000e-10	0.000000e+00	
4	8.000000e-10	0.000000e+00	
5	1.600000e-09	0.000000e+00	
6	3.200000e-09	0.000000e+00	
7	6.400000e-09	0.000000e+00	
8	7.200000e-09	0.000000e+00	
9	7.290000e-09	0.000000e+00	
10	7.470000e-09	0.000000e+00	
11	7.830000e-09	0.000000e+00	
12	8.100000e-09	0.000000e+00	
13	8.172000e-09	0.000000e+00	
14	8.316000e-09	0.000000e+00	
15	8.604000e-09	0.000000e+00	
16	9.180000e-09	0.000000e+00	
17	1.000000e-08	0.000000e+00	
18	1.011520e-08	0.000000e+00	
19	1.034560e-08	0.000000e+00	
20	1.040000e-08	0.000000e+00	
21	1.041000e-08	0.000000e+00	
22	1.043000e-08	0.000000e+00	
23	1.047000e-08	0.000000e+00	
24	1.050000e-08	0.000000e+00	
25	1.050800e-08	0.000000e+00	
26	1.052400e-08	0.000000e+00	
27	1.055600e-08	0.000000e+00	
28	1.062000e-08	0.000000e+00	
29	1.074800e-08	0.000000e+00	
30	1.100400e-08	0.000000e+00	
31	1.151600e-08	0.000000e+00	
32	1.254000e-08	0.000000e+00	
33	1.458800e-08	0.000000e+00	
34	1.868400e-08	0.000000e+00	
35	2.687600e-08	0.000000e+00	
36	4.326000e-08	0.000000e+00	
37	7.602800e-08	0.000000e+00	
38	1.415640e-07	0.000000e+00	
39	2.726360e-07	0.000000e+00	
40	5.347800e-07	0.000000e+00	
41	1.059068e-06	0.000000e+00	
42	2.107644e-06	0.000000e+00	
43	4.204796e-06	0.000000e+00	
44	8.399100e-06	0.000000e+00	
45	1.678771e-05	0.000000e+00	
46	2.678771e-05	0.000000e+00	
47	3.678771e-05	0.000000e+00	
48	4.678771e-05	0.000000e+00	
49	5.678771e-05	0.000000e+00	
50	6.678771e-05	0.000000e+00	
51	7.678771e-05	0.000000e+00	
52	8.678771e-05	0.000000e+00	
53	9.678771e-05	0.000000e+00	
54	1.067877e-04	0.000000e+00	

Index   time            v8#branch       
--------------------------------------------------------------------------------
55	1.167877e-04	0.000000e+00	
56	1.267877e-04	0.000000e+00	
57	1.367877e-04	0.000000e+00	
58	1.467877e-04	0.000000e+00	
59	1.567877e-04	0.000000e+00	
60	1.667877e-04	0.000000e+00	
61	1.767877e-04	0.000000e+00	
62	1.867877e-04	0.000000e+00	
63	1.967877e-04	0.000000e+00	
64	2.067877e-04	0.000000e+00	
65	2.167877e-04	0.000000e+00	
66	2.267877e-04	0.000000e+00	
67	2.367877e-04	0.000000e+00	
68	2.467877e-04	0.000000e+00	
69	2.567877e-04	0.000000e+00	
70	2.667877e-04	0.000000e+00	
71	2.767877e-04	0.000000e+00	
72	2.867877e-04	0.000000e+00	
73	2.967877e-04	0.000000e+00	
74	3.067877e-04	0.000000e+00	
75	3.167877e-04	0.000000e+00	
76	3.267877e-04	0.000000e+00	
77	3.367877e-04	0.000000e+00	
78	3.467877e-04	0.000000e+00	
79	3.567877e-04	0.000000e+00	
80	3.667877e-04	0.000000e+00	
81	3.767877e-04	0.000000e+00	
82	3.867877e-04	0.000000e+00	
83	3.967877e-04	0.000000e+00	
84	4.067877e-04	0.000000e+00	
85	4.167877e-04	0.000000e+00	
86	4.267877e-04	0.000000e+00	
87	4.367877e-04	0.000000e+00	
88	4.467877e-04	0.000000e+00	
89	4.567877e-04	0.000000e+00	
90	4.667877e-04	0.000000e+00	
91	4.767877e-04	0.000000e+00	
92	4.867877e-04	0.000000e+00	
93	4.967877e-04	0.000000e+00	
94	5.067877e-04	0.000000e+00	
95	5.167877e-04	0.000000e+00	
96	5.267877e-04	0.000000e+00	
97	5.367877e-04	0.000000e+00	
98	5.467877e-04	0.000000e+00	
99	5.567877e-04	0.000000e+00	
100	5.667877e-04	0.000000e+00	
101	5.767877e-04	0.000000e+00	
102	5.867877e-04	0.000000e+00	
103	5.967877e-04	0.000000e+00	
104	6.067877e-04	0.000000e+00	
105	6.167877e-04	0.000000e+00	
106	6.267877e-04	0.000000e+00	
107	6.367877e-04	0.000000e+00	
108	6.467877e-04	0.000000e+00	
109	6.567877e-04	0.000000e+00	
110	6.667877e-04	0.000000e+00	
111	6.767877e-04	0.000000e+00	
112	6.867877e-04	0.000000e+00	

Index   time            v8#branch       
--------------------------------------------------------------------------------
113	6.967877e-04	0.000000e+00	
114	7.067877e-04	0.000000e+00	
115	7.167877e-04	0.000000e+00	
116	7.267877e-04	0.000000e+00	
117	7.367877e-04	0.000000e+00	
118	7.467877e-04	0.000000e+00	
119	7.567877e-04	0.000000e+00	
120	7.667877e-04	0.000000e+00	
121	7.767877e-04	0.000000e+00	
122	7.867877e-04	0.000000e+00	
123	7.967877e-04	0.000000e+00	
124	8.067877e-04	0.000000e+00	
125	8.167877e-04	0.000000e+00	
126	8.267877e-04	0.000000e+00	
127	8.367877e-04	0.000000e+00	
128	8.467877e-04	0.000000e+00	
129	8.567877e-04	0.000000e+00	
130	8.667877e-04	0.000000e+00	
131	8.767877e-04	0.000000e+00	
132	8.867877e-04	0.000000e+00	
133	8.967877e-04	0.000000e+00	
134	9.067877e-04	0.000000e+00	
135	9.167877e-04	0.000000e+00	
136	9.267877e-04	0.000000e+00	
137	9.367877e-04	0.000000e+00	
138	9.467877e-04	0.000000e+00	
139	9.567877e-04	0.000000e+00	
140	9.667877e-04	0.000000e+00	
141	9.767877e-04	0.000000e+00	
142	9.867877e-04	0.000000e+00	
143	9.967877e-04	0.000000e+00	
144	1.000010e-03	0.000000e+00	
145	1.000011e-03	0.000000e+00	
146	1.000013e-03	0.000000e+00	
147	1.000017e-03	0.000000e+00	
148	1.000020e-03	0.000000e+00	
149	1.000021e-03	0.000000e+00	
150	1.000021e-03	0.000000e+00	
151	1.000021e-03	0.000000e+00	
152	1.000021e-03	0.000000e+00	
153	1.000021e-03	0.000000e+00	
154	1.000021e-03	0.000000e+00	
155	1.000021e-03	0.000000e+00	
156	1.000021e-03	0.000000e+00	
157	1.000021e-03	0.000000e+00	
158	1.000021e-03	0.000000e+00	
159	1.000021e-03	0.000000e+00	
160	1.000022e-03	0.000000e+00	
161	1.000022e-03	0.000000e+00	
162	1.000023e-03	0.000000e+00	
163	1.000024e-03	0.000000e+00	
164	1.000024e-03	0.000000e+00	
165	1.000024e-03	0.000000e+00	
166	1.000025e-03	0.000000e+00	
167	1.000025e-03	0.000000e+00	
168	1.000025e-03	0.000000e+00	
169	1.000025e-03	0.000000e+00	
170	1.000025e-03	0.000000e+00	

Index   time            v8#branch       
--------------------------------------------------------------------------------
171	1.000026e-03	0.000000e+00	
172	1.000027e-03	0.000000e+00	
173	1.000029e-03	0.000000e+00	
174	1.000034e-03	0.000000e+00	
175	1.000043e-03	0.000000e+00	
176	1.000062e-03	0.000000e+00	
177	1.000099e-03	0.000000e+00	
178	1.000172e-03	0.000000e+00	
179	1.000320e-03	0.000000e+00	
180	1.000615e-03	0.000000e+00	
181	1.001204e-03	0.000000e+00	
182	1.002384e-03	0.000000e+00	
183	1.004743e-03	0.000000e+00	
184	1.009462e-03	0.000000e+00	
185	1.018899e-03	0.000000e+00	
186	1.028899e-03	0.000000e+00	
187	1.038899e-03	0.000000e+00	
188	1.048899e-03	0.000000e+00	
189	1.058899e-03	0.000000e+00	
190	1.068899e-03	0.000000e+00	
191	1.078899e-03	0.000000e+00	
192	1.088899e-03	0.000000e+00	
193	1.098899e-03	0.000000e+00	
194	1.108899e-03	0.000000e+00	
195	1.118899e-03	0.000000e+00	
196	1.128899e-03	0.000000e+00	
197	1.138899e-03	0.000000e+00	
198	1.148899e-03	0.000000e+00	
199	1.158899e-03	0.000000e+00	
200	1.168899e-03	0.000000e+00	
201	1.178899e-03	0.000000e+00	
202	1.188899e-03	0.000000e+00	
203	1.198899e-03	0.000000e+00	
204	1.208899e-03	0.000000e+00	
205	1.218899e-03	0.000000e+00	
206	1.228899e-03	0.000000e+00	
207	1.238899e-03	0.000000e+00	
208	1.248899e-03	0.000000e+00	
209	1.258899e-03	0.000000e+00	
210	1.268899e-03	0.000000e+00	
211	1.278899e-03	0.000000e+00	
212	1.288899e-03	0.000000e+00	
213	1.298899e-03	0.000000e+00	
214	1.308899e-03	0.000000e+00	
215	1.318899e-03	0.000000e+00	
216	1.328899e-03	0.000000e+00	
217	1.338899e-03	0.000000e+00	
218	1.348899e-03	0.000000e+00	
219	1.358899e-03	0.000000e+00	
220	1.368899e-03	0.000000e+00	
221	1.378899e-03	0.000000e+00	
222	1.388899e-03	0.000000e+00	
223	1.398899e-03	0.000000e+00	
224	1.408899e-03	0.000000e+00	
225	1.418899e-03	0.000000e+00	
226	1.428899e-03	0.000000e+00	
227	1.438899e-03	0.000000e+00	
228	1.448899e-03	0.000000e+00	

Index   time            v8#branch       
--------------------------------------------------------------------------------
229	1.458899e-03	0.000000e+00	
230	1.468899e-03	0.000000e+00	
231	1.478899e-03	0.000000e+00	
232	1.488899e-03	0.000000e+00	
233	1.498899e-03	0.000000e+00	
234	1.508899e-03	0.000000e+00	
235	1.518899e-03	0.000000e+00	
236	1.528899e-03	0.000000e+00	
237	1.538899e-03	0.000000e+00	
238	1.548899e-03	0.000000e+00	
239	1.558899e-03	0.000000e+00	
240	1.568899e-03	0.000000e+00	
241	1.578899e-03	0.000000e+00	
242	1.588899e-03	0.000000e+00	
243	1.598899e-03	0.000000e+00	
244	1.608899e-03	0.000000e+00	
245	1.618899e-03	0.000000e+00	
246	1.628899e-03	0.000000e+00	
247	1.638899e-03	0.000000e+00	
248	1.648899e-03	0.000000e+00	
249	1.658899e-03	0.000000e+00	
250	1.668899e-03	0.000000e+00	
251	1.678899e-03	0.000000e+00	
252	1.688899e-03	0.000000e+00	
253	1.698899e-03	0.000000e+00	
254	1.708899e-03	0.000000e+00	
255	1.718899e-03	0.000000e+00	
256	1.728899e-03	0.000000e+00	
257	1.738899e-03	0.000000e+00	
258	1.748899e-03	0.000000e+00	
259	1.758899e-03	0.000000e+00	
260	1.768899e-03	0.000000e+00	
261	1.778899e-03	0.000000e+00	
262	1.788899e-03	0.000000e+00	
263	1.798899e-03	0.000000e+00	
264	1.808899e-03	0.000000e+00	
265	1.818899e-03	0.000000e+00	
266	1.828899e-03	0.000000e+00	
267	1.838899e-03	0.000000e+00	
268	1.848899e-03	0.000000e+00	
269	1.858899e-03	0.000000e+00	
270	1.868899e-03	0.000000e+00	
271	1.878899e-03	0.000000e+00	
272	1.888899e-03	0.000000e+00	
273	1.898899e-03	0.000000e+00	
274	1.908899e-03	0.000000e+00	
275	1.918899e-03	0.000000e+00	
276	1.928899e-03	0.000000e+00	
277	1.938899e-03	0.000000e+00	
278	1.948899e-03	0.000000e+00	
279	1.958899e-03	0.000000e+00	
280	1.968899e-03	0.000000e+00	
281	1.978899e-03	0.000000e+00	
282	1.988899e-03	0.000000e+00	
283	1.998899e-03	0.000000e+00	
284	2.000000e-03	0.000000e+00	
285	2.000001e-03	0.000000e+00	
286	2.000003e-03	0.000000e+00	

Index   time            v8#branch       
--------------------------------------------------------------------------------
287	2.000007e-03	0.000000e+00	
288	2.000007e-03	0.000000e+00	
289	2.000007e-03	0.000000e+00	
290	2.000008e-03	0.000000e+00	
291	2.000008e-03	0.000000e+00	
292	2.000008e-03	0.000000e+00	
293	2.000008e-03	0.000000e+00	
294	2.000008e-03	0.000000e+00	
295	2.000009e-03	0.000000e+00	
296	2.000010e-03	0.000000e+00	
297	2.000010e-03	0.000000e+00	
298	2.000010e-03	0.000000e+00	
299	2.000011e-03	0.000000e+00	
300	2.000011e-03	0.000000e+00	
301	2.000011e-03	0.000000e+00	
302	2.000011e-03	0.000000e+00	
303	2.000011e-03	0.000000e+00	
304	2.000011e-03	0.000000e+00	
305	2.000011e-03	0.000000e+00	
306	2.000011e-03	0.000000e+00	
307	2.000011e-03	0.000000e+00	
308	2.000011e-03	0.000000e+00	
309	2.000011e-03	0.000000e+00	
310	2.000012e-03	0.000000e+00	
311	2.000012e-03	0.000000e+00	
312	2.000013e-03	0.000000e+00	
313	2.000015e-03	0.000000e+00	
314	2.000019e-03	0.000000e+00	
315	2.000020e-03	0.000000e+00	
316	2.000021e-03	0.000000e+00	
317	2.000022e-03	0.000000e+00	
318	2.000023e-03	0.000000e+00	
319	2.000023e-03	0.000000e+00	
320	2.000024e-03	0.000000e+00	
321	2.000024e-03	0.000000e+00	
322	2.000024e-03	0.000000e+00	
323	2.000024e-03	0.000000e+00	
324	2.000025e-03	0.000000e+00	
325	2.000025e-03	0.000000e+00	
326	2.000025e-03	0.000000e+00	
327	2.000027e-03	0.000000e+00	
328	2.000029e-03	0.000000e+00	
329	2.000034e-03	0.000000e+00	
330	2.000045e-03	0.000000e+00	
331	2.000065e-03	0.000000e+00	
332	2.000106e-03	0.000000e+00	
333	2.000188e-03	0.000000e+00	
334	2.000352e-03	0.000000e+00	
335	2.000680e-03	0.000000e+00	
336	2.001335e-03	0.000000e+00	
337	2.002646e-03	0.000000e+00	
338	2.005267e-03	0.000000e+00	
339	2.010510e-03	0.000000e+00	
340	2.020510e-03	0.000000e+00	
341	2.030510e-03	0.000000e+00	
342	2.040510e-03	0.000000e+00	
343	2.050510e-03	0.000000e+00	
344	2.060510e-03	0.000000e+00	

Index   time            v8#branch       
--------------------------------------------------------------------------------
345	2.070510e-03	0.000000e+00	
346	2.080510e-03	0.000000e+00	
347	2.090510e-03	0.000000e+00	
348	2.100510e-03	0.000000e+00	
349	2.110510e-03	0.000000e+00	
350	2.120510e-03	0.000000e+00	
351	2.130510e-03	0.000000e+00	
352	2.140510e-03	0.000000e+00	
353	2.150510e-03	0.000000e+00	
354	2.160510e-03	0.000000e+00	
355	2.170510e-03	0.000000e+00	
356	2.180510e-03	0.000000e+00	
357	2.190510e-03	0.000000e+00	
358	2.200510e-03	0.000000e+00	
359	2.210510e-03	0.000000e+00	
360	2.220510e-03	0.000000e+00	
361	2.230510e-03	0.000000e+00	
362	2.240510e-03	0.000000e+00	
363	2.250510e-03	0.000000e+00	
364	2.260510e-03	0.000000e+00	
365	2.270510e-03	0.000000e+00	
366	2.280510e-03	0.000000e+00	
367	2.290510e-03	0.000000e+00	
368	2.300510e-03	0.000000e+00	
369	2.310510e-03	0.000000e+00	
370	2.320510e-03	0.000000e+00	
371	2.330510e-03	0.000000e+00	
372	2.340510e-03	0.000000e+00	
373	2.350510e-03	0.000000e+00	
374	2.360510e-03	0.000000e+00	
375	2.370510e-03	0.000000e+00	
376	2.380510e-03	0.000000e+00	
377	2.390510e-03	0.000000e+00	
378	2.400510e-03	0.000000e+00	
379	2.410510e-03	0.000000e+00	
380	2.420510e-03	0.000000e+00	
381	2.430510e-03	0.000000e+00	
382	2.440510e-03	0.000000e+00	
383	2.450510e-03	0.000000e+00	
384	2.460510e-03	0.000000e+00	
385	2.470510e-03	0.000000e+00	
386	2.480510e-03	0.000000e+00	
387	2.490510e-03	0.000000e+00	
388	2.500510e-03	0.000000e+00	
389	2.510510e-03	0.000000e+00	
390	2.520510e-03	0.000000e+00	
391	2.530510e-03	0.000000e+00	
392	2.540510e-03	0.000000e+00	
393	2.550510e-03	0.000000e+00	
394	2.560510e-03	0.000000e+00	
395	2.570510e-03	0.000000e+00	
396	2.580510e-03	0.000000e+00	
397	2.590510e-03	0.000000e+00	
398	2.600510e-03	0.000000e+00	
399	2.610510e-03	0.000000e+00	
400	2.620510e-03	0.000000e+00	
401	2.630510e-03	0.000000e+00	
402	2.640510e-03	0.000000e+00	

Index   time            v8#branch       
--------------------------------------------------------------------------------
403	2.650510e-03	0.000000e+00	
404	2.660510e-03	0.000000e+00	
405	2.670510e-03	0.000000e+00	
406	2.680510e-03	0.000000e+00	
407	2.690510e-03	0.000000e+00	
408	2.700510e-03	0.000000e+00	
409	2.710510e-03	0.000000e+00	
410	2.720510e-03	0.000000e+00	
411	2.730510e-03	0.000000e+00	
412	2.740510e-03	0.000000e+00	
413	2.750510e-03	0.000000e+00	
414	2.760510e-03	0.000000e+00	
415	2.770510e-03	0.000000e+00	
416	2.780510e-03	0.000000e+00	
417	2.790510e-03	0.000000e+00	
418	2.800510e-03	0.000000e+00	
419	2.810510e-03	0.000000e+00	
420	2.820510e-03	0.000000e+00	
421	2.830510e-03	0.000000e+00	
422	2.840510e-03	0.000000e+00	
423	2.850510e-03	0.000000e+00	
424	2.860510e-03	0.000000e+00	
425	2.870510e-03	0.000000e+00	
426	2.880510e-03	0.000000e+00	
427	2.890510e-03	0.000000e+00	
428	2.900510e-03	0.000000e+00	
429	2.910510e-03	0.000000e+00	
430	2.920510e-03	0.000000e+00	
431	2.930510e-03	0.000000e+00	
432	2.940510e-03	0.000000e+00	
433	2.950510e-03	0.000000e+00	
434	2.960510e-03	0.000000e+00	
435	2.970510e-03	0.000000e+00	
436	2.980510e-03	0.000000e+00	
437	2.990510e-03	0.000000e+00	
438	3.000010e-03	0.000000e+00	
439	3.000011e-03	0.000000e+00	
440	3.000013e-03	0.000000e+00	
441	3.000017e-03	0.000000e+00	
442	3.000020e-03	0.000000e+00	
443	3.000021e-03	0.000000e+00	
444	3.000022e-03	0.000000e+00	
445	3.000026e-03	0.000000e+00	
446	3.000032e-03	0.000000e+00	
447	3.000045e-03	0.000000e+00	
448	3.000070e-03	0.000000e+00	
449	3.000122e-03	0.000000e+00	
450	3.000224e-03	0.000000e+00	
451	3.000429e-03	0.000000e+00	
452	3.000838e-03	0.000000e+00	
453	3.001658e-03	0.000000e+00	
454	3.003296e-03	0.000000e+00	
455	3.006573e-03	0.000000e+00	
456	3.013126e-03	0.000000e+00	
457	3.023126e-03	0.000000e+00	
458	3.033126e-03	0.000000e+00	
459	3.043126e-03	0.000000e+00	
460	3.053126e-03	0.000000e+00	

Index   time            v8#branch       
--------------------------------------------------------------------------------
461	3.063126e-03	0.000000e+00	
462	3.073126e-03	0.000000e+00	
463	3.083126e-03	0.000000e+00	
464	3.093126e-03	0.000000e+00	
465	3.103126e-03	0.000000e+00	
466	3.113126e-03	0.000000e+00	
467	3.123126e-03	0.000000e+00	
468	3.133126e-03	0.000000e+00	
469	3.143126e-03	0.000000e+00	
470	3.153126e-03	0.000000e+00	
471	3.163126e-03	0.000000e+00	
472	3.173126e-03	0.000000e+00	
473	3.183126e-03	0.000000e+00	
474	3.193126e-03	0.000000e+00	
475	3.203126e-03	0.000000e+00	
476	3.213126e-03	0.000000e+00	
477	3.223126e-03	0.000000e+00	
478	3.233126e-03	0.000000e+00	
479	3.243126e-03	0.000000e+00	
480	3.253126e-03	0.000000e+00	
481	3.263126e-03	0.000000e+00	
482	3.273126e-03	0.000000e+00	
483	3.283126e-03	0.000000e+00	
484	3.293126e-03	0.000000e+00	
485	3.303126e-03	0.000000e+00	
486	3.313126e-03	0.000000e+00	
487	3.323126e-03	0.000000e+00	
488	3.333126e-03	0.000000e+00	
489	3.343126e-03	0.000000e+00	
490	3.353126e-03	0.000000e+00	
491	3.363126e-03	0.000000e+00	
492	3.373126e-03	0.000000e+00	
493	3.383126e-03	0.000000e+00	
494	3.393126e-03	0.000000e+00	
495	3.403126e-03	0.000000e+00	
496	3.413126e-03	0.000000e+00	
497	3.423126e-03	0.000000e+00	
498	3.433126e-03	0.000000e+00	
499	3.443126e-03	0.000000e+00	
500	3.453126e-03	0.000000e+00	
501	3.463126e-03	0.000000e+00	
502	3.473126e-03	0.000000e+00	
503	3.483126e-03	0.000000e+00	
504	3.493126e-03	0.000000e+00	
505	3.503126e-03	0.000000e+00	
506	3.513126e-03	0.000000e+00	
507	3.523126e-03	0.000000e+00	
508	3.533126e-03	0.000000e+00	
509	3.543126e-03	0.000000e+00	
510	3.553126e-03	0.000000e+00	
511	3.563126e-03	0.000000e+00	
512	3.573126e-03	0.000000e+00	
513	3.583126e-03	0.000000e+00	
514	3.593126e-03	0.000000e+00	
515	3.603126e-03	0.000000e+00	
516	3.613126e-03	0.000000e+00	
517	3.623126e-03	0.000000e+00	
518	3.633126e-03	0.000000e+00	

Index   time            v8#branch       
--------------------------------------------------------------------------------
519	3.643126e-03	0.000000e+00	
520	3.653126e-03	0.000000e+00	
521	3.663126e-03	0.000000e+00	
522	3.673126e-03	0.000000e+00	
523	3.683126e-03	0.000000e+00	
524	3.693126e-03	0.000000e+00	
525	3.703126e-03	0.000000e+00	
526	3.713126e-03	0.000000e+00	
527	3.723126e-03	0.000000e+00	
528	3.733126e-03	0.000000e+00	
529	3.743126e-03	0.000000e+00	
530	3.753126e-03	0.000000e+00	
531	3.763126e-03	0.000000e+00	
532	3.773126e-03	0.000000e+00	
533	3.783126e-03	0.000000e+00	
534	3.793126e-03	0.000000e+00	
535	3.803126e-03	0.000000e+00	
536	3.813126e-03	0.000000e+00	
537	3.823126e-03	0.000000e+00	
538	3.833126e-03	0.000000e+00	
539	3.843126e-03	0.000000e+00	
540	3.853126e-03	0.000000e+00	
541	3.863126e-03	0.000000e+00	
542	3.873126e-03	0.000000e+00	
543	3.883126e-03	0.000000e+00	
544	3.893126e-03	0.000000e+00	
545	3.903126e-03	0.000000e+00	
546	3.913126e-03	0.000000e+00	
547	3.923126e-03	0.000000e+00	
548	3.933126e-03	0.000000e+00	
549	3.943126e-03	0.000000e+00	
550	3.953126e-03	0.000000e+00	
551	3.963126e-03	0.000000e+00	
552	3.973126e-03	0.000000e+00	
553	3.983126e-03	0.000000e+00	
554	3.993126e-03	0.000000e+00	
555	4.000000e-03	0.000000e+00	
