                                kicad schematic
                                Transient Analysis  Sat Nov 15 11:04:37  2025
--------------------------------------------------------------------------------
Index   time            a7#branch_1_0   a8#branch_1_0   v1#branch       
--------------------------------------------------------------------------------
0	0.000000e+00	0.000000e+00	0.000000e+00	0.000000e+00	
1	1.000000e-10	0.000000e+00	0.000000e+00	0.000000e+00	
2	2.000000e-10	0.000000e+00	0.000000e+00	0.000000e+00	
3	4.000000e-10	0.000000e+00	0.000000e+00	0.000000e+00	
4	8.000000e-10	0.000000e+00	0.000000e+00	0.000000e+00	
5	1.600000e-09	0.000000e+00	0.000000e+00	0.000000e+00	
6	3.200000e-09	0.000000e+00	0.000000e+00	0.000000e+00	
7	6.400000e-09	0.000000e+00	0.000000e+00	0.000000e+00	
8	9.400000e-09	0.000000e+00	0.000000e+00	0.000000e+00	
9	9.410000e-09	0.000000e+00	0.000000e+00	0.000000e+00	
10	9.430000e-09	0.000000e+00	0.000000e+00	0.000000e+00	
11	9.470000e-09	0.000000e+00	0.000000e+00	0.000000e+00	
12	9.500000e-09	0.000000e+00	0.000000e+00	0.000000e+00	
13	9.508000e-09	0.000000e+00	0.000000e+00	0.000000e+00	
14	9.524000e-09	0.000000e+00	0.000000e+00	0.000000e+00	
15	9.556000e-09	0.000000e+00	0.000000e+00	0.000000e+00	
16	9.620000e-09	0.000000e+00	0.000000e+00	0.000000e+00	
17	9.748000e-09	0.000000e+00	0.000000e+00	0.000000e+00	
18	1.000000e-08	0.000000e+00	0.000000e+00	0.000000e+00	
19	1.002560e-08	0.000000e+00	0.000000e+00	0.000000e+00	
20	1.007680e-08	0.000000e+00	0.000000e+00	0.000000e+00	
21	1.017920e-08	0.000000e+00	0.000000e+00	0.000000e+00	
22	1.038400e-08	0.000000e+00	0.000000e+00	0.000000e+00	
23	1.079360e-08	0.000000e+00	0.000000e+00	0.000000e+00	
24	1.161280e-08	0.000000e+00	0.000000e+00	0.000000e+00	
25	1.240000e-08	0.000000e+00	0.000000e+00	0.000000e+00	
26	1.249000e-08	0.000000e+00	0.000000e+00	0.000000e+00	
27	1.267000e-08	0.000000e+00	0.000000e+00	0.000000e+00	
28	1.303000e-08	0.000000e+00	0.000000e+00	0.000000e+00	
29	1.330000e-08	0.000000e+00	0.000000e+00	0.000000e+00	
30	1.337200e-08	0.000000e+00	0.000000e+00	0.000000e+00	
31	1.351600e-08	0.000000e+00	0.000000e+00	0.000000e+00	
32	1.380400e-08	0.000000e+00	0.000000e+00	0.000000e+00	
33	1.438000e-08	0.000000e+00	0.000000e+00	0.000000e+00	
34	1.553200e-08	0.000000e+00	0.000000e+00	0.000000e+00	
35	1.783600e-08	0.000000e+00	0.000000e+00	0.000000e+00	
36	2.244400e-08	0.000000e+00	0.000000e+00	0.000000e+00	
37	3.166000e-08	0.000000e+00	0.000000e+00	0.000000e+00	
38	5.009200e-08	0.000000e+00	0.000000e+00	0.000000e+00	
39	8.695600e-08	0.000000e+00	0.000000e+00	0.000000e+00	
40	1.606840e-07	0.000000e+00	0.000000e+00	0.000000e+00	
41	3.081400e-07	0.000000e+00	0.000000e+00	0.000000e+00	
42	6.030520e-07	0.000000e+00	0.000000e+00	0.000000e+00	
43	1.192876e-06	0.000000e+00	0.000000e+00	0.000000e+00	
44	2.372524e-06	0.000000e+00	0.000000e+00	0.000000e+00	
45	4.731820e-06	0.000000e+00	0.000000e+00	0.000000e+00	
46	9.450412e-06	0.000000e+00	0.000000e+00	0.000000e+00	
47	1.888760e-05	0.000000e+00	0.000000e+00	0.000000e+00	
48	2.888760e-05	0.000000e+00	0.000000e+00	0.000000e+00	
49	3.888760e-05	0.000000e+00	0.000000e+00	0.000000e+00	
50	4.888760e-05	0.000000e+00	0.000000e+00	0.000000e+00	
51	5.888760e-05	0.000000e+00	0.000000e+00	0.000000e+00	
52	6.888760e-05	0.000000e+00	0.000000e+00	0.000000e+00	
53	7.888760e-05	0.000000e+00	0.000000e+00	0.000000e+00	
54	8.888760e-05	0.000000e+00	0.000000e+00	0.000000e+00	

Index   time            a7#branch_1_0   a8#branch_1_0   v1#branch       
--------------------------------------------------------------------------------
55	9.888760e-05	0.000000e+00	0.000000e+00	0.000000e+00	
56	1.088876e-04	0.000000e+00	0.000000e+00	0.000000e+00	
57	1.188876e-04	0.000000e+00	0.000000e+00	0.000000e+00	
58	1.288876e-04	0.000000e+00	0.000000e+00	0.000000e+00	
59	1.388876e-04	0.000000e+00	0.000000e+00	0.000000e+00	
60	1.488876e-04	0.000000e+00	0.000000e+00	0.000000e+00	
61	1.588876e-04	0.000000e+00	0.000000e+00	0.000000e+00	
62	1.688876e-04	0.000000e+00	0.000000e+00	0.000000e+00	
63	1.788876e-04	0.000000e+00	0.000000e+00	0.000000e+00	
64	1.888876e-04	0.000000e+00	0.000000e+00	0.000000e+00	
65	1.988876e-04	0.000000e+00	0.000000e+00	0.000000e+00	
66	2.088876e-04	0.000000e+00	0.000000e+00	0.000000e+00	
67	2.188876e-04	0.000000e+00	0.000000e+00	0.000000e+00	
68	2.288876e-04	0.000000e+00	0.000000e+00	0.000000e+00	
69	2.388876e-04	0.000000e+00	0.000000e+00	0.000000e+00	
70	2.488876e-04	0.000000e+00	0.000000e+00	0.000000e+00	
71	2.588876e-04	0.000000e+00	0.000000e+00	0.000000e+00	
72	2.688876e-04	0.000000e+00	0.000000e+00	0.000000e+00	
73	2.788876e-04	0.000000e+00	0.000000e+00	0.000000e+00	
74	2.888876e-04	0.000000e+00	0.000000e+00	0.000000e+00	
75	2.988876e-04	0.000000e+00	0.000000e+00	0.000000e+00	
76	3.088876e-04	0.000000e+00	0.000000e+00	0.000000e+00	
77	3.188876e-04	0.000000e+00	0.000000e+00	0.000000e+00	
78	3.288876e-04	0.000000e+00	0.000000e+00	0.000000e+00	
79	3.388876e-04	0.000000e+00	0.000000e+00	0.000000e+00	
80	3.488876e-04	0.000000e+00	0.000000e+00	0.000000e+00	
81	3.588876e-04	0.000000e+00	0.000000e+00	0.000000e+00	
82	3.688876e-04	0.000000e+00	0.000000e+00	0.000000e+00	
83	3.788876e-04	0.000000e+00	0.000000e+00	0.000000e+00	
84	3.888876e-04	0.000000e+00	0.000000e+00	0.000000e+00	
85	3.988876e-04	0.000000e+00	0.000000e+00	0.000000e+00	
86	4.088876e-04	0.000000e+00	0.000000e+00	0.000000e+00	
87	4.188876e-04	0.000000e+00	0.000000e+00	0.000000e+00	
88	4.288876e-04	0.000000e+00	0.000000e+00	0.000000e+00	
89	4.388876e-04	0.000000e+00	0.000000e+00	0.000000e+00	
90	4.488876e-04	0.000000e+00	0.000000e+00	0.000000e+00	
91	4.588876e-04	0.000000e+00	0.000000e+00	0.000000e+00	
92	4.688876e-04	0.000000e+00	0.000000e+00	0.000000e+00	
93	4.788876e-04	0.000000e+00	0.000000e+00	0.000000e+00	
94	4.888876e-04	0.000000e+00	0.000000e+00	0.000000e+00	
95	4.988876e-04	0.000000e+00	0.000000e+00	0.000000e+00	
96	5.088876e-04	0.000000e+00	0.000000e+00	0.000000e+00	
97	5.188876e-04	0.000000e+00	0.000000e+00	0.000000e+00	
98	5.288876e-04	0.000000e+00	0.000000e+00	0.000000e+00	
99	5.388876e-04	0.000000e+00	0.000000e+00	0.000000e+00	
100	5.488876e-04	0.000000e+00	0.000000e+00	0.000000e+00	
101	5.588876e-04	0.000000e+00	0.000000e+00	0.000000e+00	
102	5.688876e-04	0.000000e+00	0.000000e+00	0.000000e+00	
103	5.788876e-04	0.000000e+00	0.000000e+00	0.000000e+00	
104	5.888876e-04	0.000000e+00	0.000000e+00	0.000000e+00	
105	5.988876e-04	0.000000e+00	0.000000e+00	0.000000e+00	
106	6.088876e-04	0.000000e+00	0.000000e+00	0.000000e+00	
107	6.188876e-04	0.000000e+00	0.000000e+00	0.000000e+00	
108	6.288876e-04	0.000000e+00	0.000000e+00	0.000000e+00	
109	6.388876e-04	0.000000e+00	0.000000e+00	0.000000e+00	
110	6.488876e-04	0.000000e+00	0.000000e+00	0.000000e+00	
111	6.588876e-04	0.000000e+00	0.000000e+00	0.000000e+00	
112	6.688876e-04	0.000000e+00	0.000000e+00	0.000000e+00	

Index   time            a7#branch_1_0   a8#branch_1_0   v1#branch       
--------------------------------------------------------------------------------
113	6.788876e-04	0.000000e+00	0.000000e+00	0.000000e+00	
114	6.888876e-04	0.000000e+00	0.000000e+00	0.000000e+00	
115	6.988876e-04	0.000000e+00	0.000000e+00	0.000000e+00	
116	7.088876e-04	0.000000e+00	0.000000e+00	0.000000e+00	
117	7.188876e-04	0.000000e+00	0.000000e+00	0.000000e+00	
118	7.288876e-04	0.000000e+00	0.000000e+00	0.000000e+00	
119	7.388876e-04	0.000000e+00	0.000000e+00	0.000000e+00	
120	7.488876e-04	0.000000e+00	0.000000e+00	0.000000e+00	
121	7.588876e-04	0.000000e+00	0.000000e+00	0.000000e+00	
122	7.688876e-04	0.000000e+00	0.000000e+00	0.000000e+00	
123	7.788876e-04	0.000000e+00	0.000000e+00	0.000000e+00	
124	7.888876e-04	0.000000e+00	0.000000e+00	0.000000e+00	
125	7.988876e-04	0.000000e+00	0.000000e+00	0.000000e+00	
126	8.088876e-04	0.000000e+00	0.000000e+00	0.000000e+00	
127	8.188876e-04	0.000000e+00	0.000000e+00	0.000000e+00	
128	8.288876e-04	0.000000e+00	0.000000e+00	0.000000e+00	
129	8.388876e-04	0.000000e+00	0.000000e+00	0.000000e+00	
130	8.488876e-04	0.000000e+00	0.000000e+00	0.000000e+00	
131	8.588876e-04	0.000000e+00	0.000000e+00	0.000000e+00	
132	8.688876e-04	0.000000e+00	0.000000e+00	0.000000e+00	
133	8.788876e-04	0.000000e+00	0.000000e+00	0.000000e+00	
134	8.888876e-04	0.000000e+00	0.000000e+00	0.000000e+00	
135	8.988876e-04	0.000000e+00	0.000000e+00	0.000000e+00	
136	9.088876e-04	0.000000e+00	0.000000e+00	0.000000e+00	
137	9.188876e-04	0.000000e+00	0.000000e+00	0.000000e+00	
138	9.288876e-04	0.000000e+00	0.000000e+00	0.000000e+00	
139	9.388876e-04	0.000000e+00	0.000000e+00	0.000000e+00	
140	9.488876e-04	0.000000e+00	0.000000e+00	0.000000e+00	
141	9.588876e-04	0.000000e+00	0.000000e+00	0.000000e+00	
142	9.688876e-04	0.000000e+00	0.000000e+00	0.000000e+00	
143	9.788876e-04	0.000000e+00	0.000000e+00	0.000000e+00	
144	9.888876e-04	0.000000e+00	0.000000e+00	0.000000e+00	
145	9.988876e-04	0.000000e+00	0.000000e+00	0.000000e+00	
146	1.000010e-03	0.000000e+00	0.000000e+00	0.000000e+00	
147	1.000011e-03	0.000000e+00	0.000000e+00	0.000000e+00	
148	1.000013e-03	0.000000e+00	0.000000e+00	0.000000e+00	
149	1.000016e-03	0.000000e+00	0.000000e+00	0.000000e+00	
150	1.000016e-03	0.000000e+00	0.000000e+00	0.000000e+00	
151	1.000016e-03	0.000000e+00	0.000000e+00	0.000000e+00	
152	1.000017e-03	0.000000e+00	0.000000e+00	0.000000e+00	
153	1.000017e-03	0.000000e+00	0.000000e+00	0.000000e+00	
154	1.000017e-03	0.000000e+00	0.000000e+00	0.000000e+00	
155	1.000017e-03	0.000000e+00	0.000000e+00	0.000000e+00	
156	1.000017e-03	0.000000e+00	0.000000e+00	0.000000e+00	
157	1.000018e-03	0.000000e+00	0.000000e+00	0.000000e+00	
158	1.000019e-03	0.000000e+00	0.000000e+00	0.000000e+00	
159	1.000019e-03	0.000000e+00	0.000000e+00	0.000000e+00	
160	1.000019e-03	0.000000e+00	0.000000e+00	0.000000e+00	
161	1.000019e-03	0.000000e+00	0.000000e+00	0.000000e+00	
162	1.000019e-03	0.000000e+00	0.000000e+00	0.000000e+00	
163	1.000019e-03	0.000000e+00	0.000000e+00	0.000000e+00	
164	1.000019e-03	0.000000e+00	0.000000e+00	0.000000e+00	
165	1.000019e-03	0.000000e+00	0.000000e+00	0.000000e+00	
166	1.000019e-03	0.000000e+00	0.000000e+00	0.000000e+00	
167	1.000019e-03	0.000000e+00	0.000000e+00	0.000000e+00	
168	1.000020e-03	0.000000e+00	0.000000e+00	0.000000e+00	
169	1.000020e-03	0.000000e+00	0.000000e+00	0.000000e+00	
170	1.000020e-03	0.000000e+00	0.000000e+00	0.000000e+00	

Index   time            a7#branch_1_0   a8#branch_1_0   v1#branch       
--------------------------------------------------------------------------------
171	1.000020e-03	0.000000e+00	0.000000e+00	0.000000e+00	
172	1.000020e-03	0.000000e+00	0.000000e+00	0.000000e+00	
173	1.000021e-03	0.000000e+00	0.000000e+00	0.000000e+00	
174	1.000022e-03	0.000000e+00	0.000000e+00	0.000000e+00	
175	1.000023e-03	0.000000e+00	0.000000e+00	0.000000e+00	
176	1.000027e-03	0.000000e+00	0.000000e+00	0.000000e+00	
177	1.000033e-03	0.000000e+00	0.000000e+00	0.000000e+00	
178	1.000046e-03	0.000000e+00	0.000000e+00	0.000000e+00	
179	1.000072e-03	0.000000e+00	0.000000e+00	0.000000e+00	
180	1.000125e-03	0.000000e+00	0.000000e+00	0.000000e+00	
181	1.000230e-03	0.000000e+00	0.000000e+00	0.000000e+00	
182	1.000439e-03	0.000000e+00	0.000000e+00	0.000000e+00	
183	1.000859e-03	0.000000e+00	0.000000e+00	0.000000e+00	
184	1.001698e-03	0.000000e+00	0.000000e+00	0.000000e+00	
185	1.003375e-03	0.000000e+00	0.000000e+00	0.000000e+00	
186	1.006731e-03	0.000000e+00	0.000000e+00	0.000000e+00	
187	1.013442e-03	0.000000e+00	0.000000e+00	0.000000e+00	
188	1.023442e-03	0.000000e+00	0.000000e+00	0.000000e+00	
189	1.033442e-03	0.000000e+00	0.000000e+00	0.000000e+00	
190	1.043442e-03	0.000000e+00	0.000000e+00	0.000000e+00	
191	1.053442e-03	0.000000e+00	0.000000e+00	0.000000e+00	
192	1.063442e-03	0.000000e+00	0.000000e+00	0.000000e+00	
193	1.073442e-03	0.000000e+00	0.000000e+00	0.000000e+00	
194	1.083442e-03	0.000000e+00	0.000000e+00	0.000000e+00	
195	1.093442e-03	0.000000e+00	0.000000e+00	0.000000e+00	
196	1.103442e-03	0.000000e+00	0.000000e+00	0.000000e+00	
197	1.113442e-03	0.000000e+00	0.000000e+00	0.000000e+00	
198	1.123442e-03	0.000000e+00	0.000000e+00	0.000000e+00	
199	1.133442e-03	0.000000e+00	0.000000e+00	0.000000e+00	
200	1.143442e-03	0.000000e+00	0.000000e+00	0.000000e+00	
201	1.153442e-03	0.000000e+00	0.000000e+00	0.000000e+00	
202	1.163442e-03	0.000000e+00	0.000000e+00	0.000000e+00	
203	1.173442e-03	0.000000e+00	0.000000e+00	0.000000e+00	
204	1.183442e-03	0.000000e+00	0.000000e+00	0.000000e+00	
205	1.193442e-03	0.000000e+00	0.000000e+00	0.000000e+00	
206	1.203442e-03	0.000000e+00	0.000000e+00	0.000000e+00	
207	1.213442e-03	0.000000e+00	0.000000e+00	0.000000e+00	
208	1.223442e-03	0.000000e+00	0.000000e+00	0.000000e+00	
209	1.233442e-03	0.000000e+00	0.000000e+00	0.000000e+00	
210	1.243442e-03	0.000000e+00	0.000000e+00	0.000000e+00	
211	1.253442e-03	0.000000e+00	0.000000e+00	0.000000e+00	
212	1.263442e-03	0.000000e+00	0.000000e+00	0.000000e+00	
213	1.273442e-03	0.000000e+00	0.000000e+00	0.000000e+00	
214	1.283442e-03	0.000000e+00	0.000000e+00	0.000000e+00	
215	1.293442e-03	0.000000e+00	0.000000e+00	0.000000e+00	
216	1.303442e-03	0.000000e+00	0.000000e+00	0.000000e+00	
217	1.313442e-03	0.000000e+00	0.000000e+00	0.000000e+00	
218	1.323442e-03	0.000000e+00	0.000000e+00	0.000000e+00	
219	1.333442e-03	0.000000e+00	0.000000e+00	0.000000e+00	
220	1.343442e-03	0.000000e+00	0.000000e+00	0.000000e+00	
221	1.353442e-03	0.000000e+00	0.000000e+00	0.000000e+00	
222	1.363442e-03	0.000000e+00	0.000000e+00	0.000000e+00	
223	1.373442e-03	0.000000e+00	0.000000e+00	0.000000e+00	
224	1.383442e-03	0.000000e+00	0.000000e+00	0.000000e+00	
225	1.393442e-03	0.000000e+00	0.000000e+00	0.000000e+00	
226	1.403442e-03	0.000000e+00	0.000000e+00	0.000000e+00	
227	1.413442e-03	0.000000e+00	0.000000e+00	0.000000e+00	
228	1.423442e-03	0.000000e+00	0.000000e+00	0.000000e+00	

Index   time            a7#branch_1_0   a8#branch_1_0   v1#branch       
--------------------------------------------------------------------------------
229	1.433442e-03	0.000000e+00	0.000000e+00	0.000000e+00	
230	1.443442e-03	0.000000e+00	0.000000e+00	0.000000e+00	
231	1.453442e-03	0.000000e+00	0.000000e+00	0.000000e+00	
232	1.463442e-03	0.000000e+00	0.000000e+00	0.000000e+00	
233	1.473442e-03	0.000000e+00	0.000000e+00	0.000000e+00	
234	1.483442e-03	0.000000e+00	0.000000e+00	0.000000e+00	
235	1.493442e-03	0.000000e+00	0.000000e+00	0.000000e+00	
236	1.503442e-03	0.000000e+00	0.000000e+00	0.000000e+00	
237	1.513442e-03	0.000000e+00	0.000000e+00	0.000000e+00	
238	1.523442e-03	0.000000e+00	0.000000e+00	0.000000e+00	
239	1.533442e-03	0.000000e+00	0.000000e+00	0.000000e+00	
240	1.543442e-03	0.000000e+00	0.000000e+00	0.000000e+00	
241	1.553442e-03	0.000000e+00	0.000000e+00	0.000000e+00	
242	1.563442e-03	0.000000e+00	0.000000e+00	0.000000e+00	
243	1.573442e-03	0.000000e+00	0.000000e+00	0.000000e+00	
244	1.583442e-03	0.000000e+00	0.000000e+00	0.000000e+00	
245	1.593442e-03	0.000000e+00	0.000000e+00	0.000000e+00	
246	1.603442e-03	0.000000e+00	0.000000e+00	0.000000e+00	
247	1.613442e-03	0.000000e+00	0.000000e+00	0.000000e+00	
248	1.623442e-03	0.000000e+00	0.000000e+00	0.000000e+00	
249	1.633442e-03	0.000000e+00	0.000000e+00	0.000000e+00	
250	1.643442e-03	0.000000e+00	0.000000e+00	0.000000e+00	
251	1.653442e-03	0.000000e+00	0.000000e+00	0.000000e+00	
252	1.663442e-03	0.000000e+00	0.000000e+00	0.000000e+00	
253	1.673442e-03	0.000000e+00	0.000000e+00	0.000000e+00	
254	1.683442e-03	0.000000e+00	0.000000e+00	0.000000e+00	
255	1.693442e-03	0.000000e+00	0.000000e+00	0.000000e+00	
256	1.703442e-03	0.000000e+00	0.000000e+00	0.000000e+00	
257	1.713442e-03	0.000000e+00	0.000000e+00	0.000000e+00	
258	1.723442e-03	0.000000e+00	0.000000e+00	0.000000e+00	
259	1.733442e-03	0.000000e+00	0.000000e+00	0.000000e+00	
260	1.743442e-03	0.000000e+00	0.000000e+00	0.000000e+00	
261	1.753442e-03	0.000000e+00	0.000000e+00	0.000000e+00	
262	1.763442e-03	0.000000e+00	0.000000e+00	0.000000e+00	
263	1.773442e-03	0.000000e+00	0.000000e+00	0.000000e+00	
264	1.783442e-03	0.000000e+00	0.000000e+00	0.000000e+00	
265	1.793442e-03	0.000000e+00	0.000000e+00	0.000000e+00	
266	1.803442e-03	0.000000e+00	0.000000e+00	0.000000e+00	
267	1.813442e-03	0.000000e+00	0.000000e+00	0.000000e+00	
268	1.823442e-03	0.000000e+00	0.000000e+00	0.000000e+00	
269	1.833442e-03	0.000000e+00	0.000000e+00	0.000000e+00	
270	1.843442e-03	0.000000e+00	0.000000e+00	0.000000e+00	
271	1.853442e-03	0.000000e+00	0.000000e+00	0.000000e+00	
272	1.863442e-03	0.000000e+00	0.000000e+00	0.000000e+00	
273	1.873442e-03	0.000000e+00	0.000000e+00	0.000000e+00	
274	1.883442e-03	0.000000e+00	0.000000e+00	0.000000e+00	
275	1.893442e-03	0.000000e+00	0.000000e+00	0.000000e+00	
276	1.903442e-03	0.000000e+00	0.000000e+00	0.000000e+00	
277	1.913442e-03	0.000000e+00	0.000000e+00	0.000000e+00	
278	1.923442e-03	0.000000e+00	0.000000e+00	0.000000e+00	
279	1.933442e-03	0.000000e+00	0.000000e+00	0.000000e+00	
280	1.943442e-03	0.000000e+00	0.000000e+00	0.000000e+00	
281	1.953442e-03	0.000000e+00	0.000000e+00	0.000000e+00	
282	1.963442e-03	0.000000e+00	0.000000e+00	0.000000e+00	
283	1.973442e-03	0.000000e+00	0.000000e+00	0.000000e+00	
284	1.983442e-03	0.000000e+00	0.000000e+00	0.000000e+00	
285	1.993442e-03	0.000000e+00	0.000000e+00	0.000000e+00	
286	2.000000e-03	0.000000e+00	0.000000e+00	0.000000e+00	

Index   time            a7#branch_1_0   a8#branch_1_0   v1#branch       
--------------------------------------------------------------------------------
287	2.000001e-03	0.000000e+00	0.000000e+00	0.000000e+00	
288	2.000003e-03	0.000000e+00	0.000000e+00	0.000000e+00	
289	2.000007e-03	0.000000e+00	0.000000e+00	0.000000e+00	
290	2.000010e-03	0.000000e+00	0.000000e+00	0.000000e+00	
291	2.000010e-03	0.000000e+00	0.000000e+00	0.000000e+00	
292	2.000010e-03	0.000000e+00	0.000000e+00	0.000000e+00	
293	2.000010e-03	0.000000e+00	0.000000e+00	0.000000e+00	
294	2.000010e-03	0.000000e+00	0.000000e+00	0.000000e+00	
295	2.000010e-03	0.000000e+00	0.000000e+00	0.000000e+00	
296	2.000010e-03	0.000000e+00	0.000000e+00	0.000000e+00	
297	2.000010e-03	0.000000e+00	0.000000e+00	0.000000e+00	
298	2.000010e-03	0.000000e+00	0.000000e+00	0.000000e+00	
299	2.000010e-03	0.000000e+00	0.000000e+00	0.000000e+00	
300	2.000011e-03	0.000000e+00	0.000000e+00	0.000000e+00	
301	2.000011e-03	0.000000e+00	0.000000e+00	0.000000e+00	
302	2.000012e-03	0.000000e+00	0.000000e+00	0.000000e+00	
303	2.000013e-03	0.000000e+00	0.000000e+00	0.000000e+00	
304	2.000013e-03	0.000000e+00	0.000000e+00	0.000000e+00	
305	2.000013e-03	0.000000e+00	0.000000e+00	0.000000e+00	
306	2.000014e-03	0.000000e+00	0.000000e+00	0.000000e+00	
307	2.000014e-03	0.000000e+00	0.000000e+00	0.000000e+00	
308	2.000014e-03	0.000000e+00	0.000000e+00	0.000000e+00	
309	2.000014e-03	0.000000e+00	0.000000e+00	0.000000e+00	
310	2.000014e-03	0.000000e+00	0.000000e+00	0.000000e+00	
311	2.000015e-03	0.000000e+00	0.000000e+00	0.000000e+00	
312	2.000016e-03	0.000000e+00	0.000000e+00	0.000000e+00	
313	2.000018e-03	0.000000e+00	0.000000e+00	0.000000e+00	
314	2.000023e-03	0.000000e+00	0.000000e+00	0.000000e+00	
315	2.000032e-03	0.000000e+00	0.000000e+00	0.000000e+00	
316	2.000051e-03	0.000000e+00	0.000000e+00	0.000000e+00	
317	2.000088e-03	0.000000e+00	0.000000e+00	0.000000e+00	
318	2.000161e-03	0.000000e+00	0.000000e+00	0.000000e+00	
319	2.000309e-03	0.000000e+00	0.000000e+00	0.000000e+00	
320	2.000604e-03	0.000000e+00	0.000000e+00	0.000000e+00	
321	2.001193e-03	0.000000e+00	0.000000e+00	0.000000e+00	
322	2.002373e-03	0.000000e+00	0.000000e+00	0.000000e+00	
323	2.004732e-03	0.000000e+00	0.000000e+00	0.000000e+00	
324	2.009451e-03	0.000000e+00	0.000000e+00	0.000000e+00	
325	2.018888e-03	0.000000e+00	0.000000e+00	0.000000e+00	
326	2.028888e-03	0.000000e+00	0.000000e+00	0.000000e+00	
327	2.038888e-03	0.000000e+00	0.000000e+00	0.000000e+00	
328	2.048888e-03	0.000000e+00	0.000000e+00	0.000000e+00	
329	2.058888e-03	0.000000e+00	0.000000e+00	0.000000e+00	
330	2.068888e-03	0.000000e+00	0.000000e+00	0.000000e+00	
331	2.078888e-03	0.000000e+00	0.000000e+00	0.000000e+00	
332	2.088888e-03	0.000000e+00	0.000000e+00	0.000000e+00	
333	2.098888e-03	0.000000e+00	0.000000e+00	0.000000e+00	
334	2.108888e-03	0.000000e+00	0.000000e+00	0.000000e+00	
335	2.118888e-03	0.000000e+00	0.000000e+00	0.000000e+00	
336	2.128888e-03	0.000000e+00	0.000000e+00	0.000000e+00	
337	2.138888e-03	0.000000e+00	0.000000e+00	0.000000e+00	
338	2.148888e-03	0.000000e+00	0.000000e+00	0.000000e+00	
339	2.158888e-03	0.000000e+00	0.000000e+00	0.000000e+00	
340	2.168888e-03	0.000000e+00	0.000000e+00	0.000000e+00	
341	2.178888e-03	0.000000e+00	0.000000e+00	0.000000e+00	
342	2.188888e-03	0.000000e+00	0.000000e+00	0.000000e+00	
343	2.198888e-03	0.000000e+00	0.000000e+00	0.000000e+00	
344	2.208888e-03	0.000000e+00	0.000000e+00	0.000000e+00	

Index   time            a7#branch_1_0   a8#branch_1_0   v1#branch       
--------------------------------------------------------------------------------
345	2.218888e-03	0.000000e+00	0.000000e+00	0.000000e+00	
346	2.228888e-03	0.000000e+00	0.000000e+00	0.000000e+00	
347	2.238888e-03	0.000000e+00	0.000000e+00	0.000000e+00	
348	2.248888e-03	0.000000e+00	0.000000e+00	0.000000e+00	
349	2.258888e-03	0.000000e+00	0.000000e+00	0.000000e+00	
350	2.268888e-03	0.000000e+00	0.000000e+00	0.000000e+00	
351	2.278888e-03	0.000000e+00	0.000000e+00	0.000000e+00	
352	2.288888e-03	0.000000e+00	0.000000e+00	0.000000e+00	
353	2.298888e-03	0.000000e+00	0.000000e+00	0.000000e+00	
354	2.308888e-03	0.000000e+00	0.000000e+00	0.000000e+00	
355	2.318888e-03	0.000000e+00	0.000000e+00	0.000000e+00	
356	2.328888e-03	0.000000e+00	0.000000e+00	0.000000e+00	
357	2.338888e-03	0.000000e+00	0.000000e+00	0.000000e+00	
358	2.348888e-03	0.000000e+00	0.000000e+00	0.000000e+00	
359	2.358888e-03	0.000000e+00	0.000000e+00	0.000000e+00	
360	2.368888e-03	0.000000e+00	0.000000e+00	0.000000e+00	
361	2.378888e-03	0.000000e+00	0.000000e+00	0.000000e+00	
362	2.388888e-03	0.000000e+00	0.000000e+00	0.000000e+00	
363	2.398888e-03	0.000000e+00	0.000000e+00	0.000000e+00	
364	2.408888e-03	0.000000e+00	0.000000e+00	0.000000e+00	
365	2.418888e-03	0.000000e+00	0.000000e+00	0.000000e+00	
366	2.428888e-03	0.000000e+00	0.000000e+00	0.000000e+00	
367	2.438888e-03	0.000000e+00	0.000000e+00	0.000000e+00	
368	2.448888e-03	0.000000e+00	0.000000e+00	0.000000e+00	
369	2.458888e-03	0.000000e+00	0.000000e+00	0.000000e+00	
370	2.468888e-03	0.000000e+00	0.000000e+00	0.000000e+00	
371	2.478888e-03	0.000000e+00	0.000000e+00	0.000000e+00	
372	2.488888e-03	0.000000e+00	0.000000e+00	0.000000e+00	
373	2.498888e-03	0.000000e+00	0.000000e+00	0.000000e+00	
374	2.508888e-03	0.000000e+00	0.000000e+00	0.000000e+00	
375	2.518888e-03	0.000000e+00	0.000000e+00	0.000000e+00	
376	2.528888e-03	0.000000e+00	0.000000e+00	0.000000e+00	
377	2.538888e-03	0.000000e+00	0.000000e+00	0.000000e+00	
378	2.548888e-03	0.000000e+00	0.000000e+00	0.000000e+00	
379	2.558888e-03	0.000000e+00	0.000000e+00	0.000000e+00	
380	2.568888e-03	0.000000e+00	0.000000e+00	0.000000e+00	
381	2.578888e-03	0.000000e+00	0.000000e+00	0.000000e+00	
382	2.588888e-03	0.000000e+00	0.000000e+00	0.000000e+00	
383	2.598888e-03	0.000000e+00	0.000000e+00	0.000000e+00	
384	2.608888e-03	0.000000e+00	0.000000e+00	0.000000e+00	
385	2.618888e-03	0.000000e+00	0.000000e+00	0.000000e+00	
386	2.628888e-03	0.000000e+00	0.000000e+00	0.000000e+00	
387	2.638888e-03	0.000000e+00	0.000000e+00	0.000000e+00	
388	2.648888e-03	0.000000e+00	0.000000e+00	0.000000e+00	
389	2.658888e-03	0.000000e+00	0.000000e+00	0.000000e+00	
390	2.668888e-03	0.000000e+00	0.000000e+00	0.000000e+00	
391	2.678888e-03	0.000000e+00	0.000000e+00	0.000000e+00	
392	2.688888e-03	0.000000e+00	0.000000e+00	0.000000e+00	
393	2.698888e-03	0.000000e+00	0.000000e+00	0.000000e+00	
394	2.708888e-03	0.000000e+00	0.000000e+00	0.000000e+00	
395	2.718888e-03	0.000000e+00	0.000000e+00	0.000000e+00	
396	2.728888e-03	0.000000e+00	0.000000e+00	0.000000e+00	
397	2.738888e-03	0.000000e+00	0.000000e+00	0.000000e+00	
398	2.748888e-03	0.000000e+00	0.000000e+00	0.000000e+00	
399	2.758888e-03	0.000000e+00	0.000000e+00	0.000000e+00	
400	2.768888e-03	0.000000e+00	0.000000e+00	0.000000e+00	
401	2.778888e-03	0.000000e+00	0.000000e+00	0.000000e+00	
402	2.788888e-03	0.000000e+00	0.000000e+00	0.000000e+00	

Index   time            a7#branch_1_0   a8#branch_1_0   v1#branch       
--------------------------------------------------------------------------------
403	2.798888e-03	0.000000e+00	0.000000e+00	0.000000e+00	
404	2.808888e-03	0.000000e+00	0.000000e+00	0.000000e+00	
405	2.818888e-03	0.000000e+00	0.000000e+00	0.000000e+00	
406	2.828888e-03	0.000000e+00	0.000000e+00	0.000000e+00	
407	2.838888e-03	0.000000e+00	0.000000e+00	0.000000e+00	
408	2.848888e-03	0.000000e+00	0.000000e+00	0.000000e+00	
409	2.858888e-03	0.000000e+00	0.000000e+00	0.000000e+00	
410	2.868888e-03	0.000000e+00	0.000000e+00	0.000000e+00	
411	2.878888e-03	0.000000e+00	0.000000e+00	0.000000e+00	
412	2.888888e-03	0.000000e+00	0.000000e+00	0.000000e+00	
413	2.898888e-03	0.000000e+00	0.000000e+00	0.000000e+00	
414	2.908888e-03	0.000000e+00	0.000000e+00	0.000000e+00	
415	2.918888e-03	0.000000e+00	0.000000e+00	0.000000e+00	
416	2.928888e-03	0.000000e+00	0.000000e+00	0.000000e+00	
417	2.938888e-03	0.000000e+00	0.000000e+00	0.000000e+00	
418	2.948888e-03	0.000000e+00	0.000000e+00	0.000000e+00	
419	2.958888e-03	0.000000e+00	0.000000e+00	0.000000e+00	
420	2.968888e-03	0.000000e+00	0.000000e+00	0.000000e+00	
421	2.978888e-03	0.000000e+00	0.000000e+00	0.000000e+00	
422	2.988888e-03	0.000000e+00	0.000000e+00	0.000000e+00	
423	2.998888e-03	0.000000e+00	0.000000e+00	0.000000e+00	
424	3.000010e-03	0.000000e+00	0.000000e+00	0.000000e+00	
425	3.000011e-03	0.000000e+00	0.000000e+00	0.000000e+00	
426	3.000013e-03	0.000000e+00	0.000000e+00	0.000000e+00	
427	3.000016e-03	0.000000e+00	0.000000e+00	0.000000e+00	
428	3.000016e-03	0.000000e+00	0.000000e+00	0.000000e+00	
429	3.000016e-03	0.000000e+00	0.000000e+00	0.000000e+00	
430	3.000017e-03	0.000000e+00	0.000000e+00	0.000000e+00	
431	3.000017e-03	0.000000e+00	0.000000e+00	0.000000e+00	
432	3.000017e-03	0.000000e+00	0.000000e+00	0.000000e+00	
433	3.000017e-03	0.000000e+00	0.000000e+00	0.000000e+00	
434	3.000017e-03	0.000000e+00	0.000000e+00	0.000000e+00	
435	3.000018e-03	0.000000e+00	0.000000e+00	0.000000e+00	
436	3.000019e-03	0.000000e+00	0.000000e+00	0.000000e+00	
437	3.000019e-03	0.000000e+00	0.000000e+00	0.000000e+00	
438	3.000019e-03	0.000000e+00	0.000000e+00	0.000000e+00	
439	3.000019e-03	0.000000e+00	0.000000e+00	0.000000e+00	
440	3.000019e-03	0.000000e+00	0.000000e+00	0.000000e+00	
441	3.000019e-03	0.000000e+00	0.000000e+00	0.000000e+00	
442	3.000019e-03	0.000000e+00	0.000000e+00	0.000000e+00	
443	3.000019e-03	0.000000e+00	0.000000e+00	0.000000e+00	
444	3.000019e-03	0.000000e+00	0.000000e+00	0.000000e+00	
445	3.000019e-03	0.000000e+00	0.000000e+00	0.000000e+00	
446	3.000020e-03	0.000000e+00	0.000000e+00	0.000000e+00	
447	3.000020e-03	0.000000e+00	0.000000e+00	0.000000e+00	
448	3.000020e-03	0.000000e+00	0.000000e+00	0.000000e+00	
449	3.000020e-03	0.000000e+00	0.000000e+00	0.000000e+00	
450	3.000020e-03	0.000000e+00	0.000000e+00	0.000000e+00	
451	3.000021e-03	0.000000e+00	0.000000e+00	0.000000e+00	
452	3.000022e-03	0.000000e+00	0.000000e+00	0.000000e+00	
453	3.000023e-03	0.000000e+00	0.000000e+00	0.000000e+00	
454	3.000027e-03	0.000000e+00	0.000000e+00	0.000000e+00	
455	3.000033e-03	0.000000e+00	0.000000e+00	0.000000e+00	
456	3.000046e-03	0.000000e+00	0.000000e+00	0.000000e+00	
457	3.000072e-03	0.000000e+00	0.000000e+00	0.000000e+00	
458	3.000125e-03	0.000000e+00	0.000000e+00	0.000000e+00	
459	3.000230e-03	0.000000e+00	0.000000e+00	0.000000e+00	
460	3.000439e-03	0.000000e+00	0.000000e+00	0.000000e+00	

Index   time            a7#branch_1_0   a8#branch_1_0   v1#branch       
--------------------------------------------------------------------------------
461	3.000859e-03	0.000000e+00	0.000000e+00	0.000000e+00	
462	3.001698e-03	0.000000e+00	0.000000e+00	0.000000e+00	
463	3.003375e-03	0.000000e+00	0.000000e+00	0.000000e+00	
464	3.006731e-03	0.000000e+00	0.000000e+00	0.000000e+00	
465	3.013442e-03	0.000000e+00	0.000000e+00	0.000000e+00	
466	3.023442e-03	0.000000e+00	0.000000e+00	0.000000e+00	
467	3.033442e-03	0.000000e+00	0.000000e+00	0.000000e+00	
468	3.043442e-03	0.000000e+00	0.000000e+00	0.000000e+00	
469	3.053442e-03	0.000000e+00	0.000000e+00	0.000000e+00	
470	3.063442e-03	0.000000e+00	0.000000e+00	0.000000e+00	
471	3.073442e-03	0.000000e+00	0.000000e+00	0.000000e+00	
472	3.083442e-03	0.000000e+00	0.000000e+00	0.000000e+00	
473	3.093442e-03	0.000000e+00	0.000000e+00	0.000000e+00	
474	3.103442e-03	0.000000e+00	0.000000e+00	0.000000e+00	
475	3.113442e-03	0.000000e+00	0.000000e+00	0.000000e+00	
476	3.123442e-03	0.000000e+00	0.000000e+00	0.000000e+00	
477	3.133442e-03	0.000000e+00	0.000000e+00	0.000000e+00	
478	3.143442e-03	0.000000e+00	0.000000e+00	0.000000e+00	
479	3.153442e-03	0.000000e+00	0.000000e+00	0.000000e+00	
480	3.163442e-03	0.000000e+00	0.000000e+00	0.000000e+00	
481	3.173442e-03	0.000000e+00	0.000000e+00	0.000000e+00	
482	3.183442e-03	0.000000e+00	0.000000e+00	0.000000e+00	
483	3.193442e-03	0.000000e+00	0.000000e+00	0.000000e+00	
484	3.203442e-03	0.000000e+00	0.000000e+00	0.000000e+00	
485	3.213442e-03	0.000000e+00	0.000000e+00	0.000000e+00	
486	3.223442e-03	0.000000e+00	0.000000e+00	0.000000e+00	
487	3.233442e-03	0.000000e+00	0.000000e+00	0.000000e+00	
488	3.243442e-03	0.000000e+00	0.000000e+00	0.000000e+00	
489	3.253442e-03	0.000000e+00	0.000000e+00	0.000000e+00	
490	3.263442e-03	0.000000e+00	0.000000e+00	0.000000e+00	
491	3.273442e-03	0.000000e+00	0.000000e+00	0.000000e+00	
492	3.283442e-03	0.000000e+00	0.000000e+00	0.000000e+00	
493	3.293442e-03	0.000000e+00	0.000000e+00	0.000000e+00	
494	3.303442e-03	0.000000e+00	0.000000e+00	0.000000e+00	
495	3.313442e-03	0.000000e+00	0.000000e+00	0.000000e+00	
496	3.323442e-03	0.000000e+00	0.000000e+00	0.000000e+00	
497	3.333442e-03	0.000000e+00	0.000000e+00	0.000000e+00	
498	3.343442e-03	0.000000e+00	0.000000e+00	0.000000e+00	
499	3.353442e-03	0.000000e+00	0.000000e+00	0.000000e+00	
500	3.363442e-03	0.000000e+00	0.000000e+00	0.000000e+00	
501	3.373442e-03	0.000000e+00	0.000000e+00	0.000000e+00	
502	3.383442e-03	0.000000e+00	0.000000e+00	0.000000e+00	
503	3.393442e-03	0.000000e+00	0.000000e+00	0.000000e+00	
504	3.403442e-03	0.000000e+00	0.000000e+00	0.000000e+00	
505	3.413442e-03	0.000000e+00	0.000000e+00	0.000000e+00	
506	3.423442e-03	0.000000e+00	0.000000e+00	0.000000e+00	
507	3.433442e-03	0.000000e+00	0.000000e+00	0.000000e+00	
508	3.443442e-03	0.000000e+00	0.000000e+00	0.000000e+00	
509	3.453442e-03	0.000000e+00	0.000000e+00	0.000000e+00	
510	3.463442e-03	0.000000e+00	0.000000e+00	0.000000e+00	
511	3.473442e-03	0.000000e+00	0.000000e+00	0.000000e+00	
512	3.483442e-03	0.000000e+00	0.000000e+00	0.000000e+00	
513	3.493442e-03	0.000000e+00	0.000000e+00	0.000000e+00	
514	3.503442e-03	0.000000e+00	0.000000e+00	0.000000e+00	
515	3.513442e-03	0.000000e+00	0.000000e+00	0.000000e+00	
516	3.523442e-03	0.000000e+00	0.000000e+00	0.000000e+00	
517	3.533442e-03	0.000000e+00	0.000000e+00	0.000000e+00	
518	3.543442e-03	0.000000e+00	0.000000e+00	0.000000e+00	

Index   time            a7#branch_1_0   a8#branch_1_0   v1#branch       
--------------------------------------------------------------------------------
519	3.553442e-03	0.000000e+00	0.000000e+00	0.000000e+00	
520	3.563442e-03	0.000000e+00	0.000000e+00	0.000000e+00	
521	3.573442e-03	0.000000e+00	0.000000e+00	0.000000e+00	
522	3.583442e-03	0.000000e+00	0.000000e+00	0.000000e+00	
523	3.593442e-03	0.000000e+00	0.000000e+00	0.000000e+00	
524	3.603442e-03	0.000000e+00	0.000000e+00	0.000000e+00	
525	3.613442e-03	0.000000e+00	0.000000e+00	0.000000e+00	
526	3.623442e-03	0.000000e+00	0.000000e+00	0.000000e+00	
527	3.633442e-03	0.000000e+00	0.000000e+00	0.000000e+00	
528	3.643442e-03	0.000000e+00	0.000000e+00	0.000000e+00	
529	3.653442e-03	0.000000e+00	0.000000e+00	0.000000e+00	
530	3.663442e-03	0.000000e+00	0.000000e+00	0.000000e+00	
531	3.673442e-03	0.000000e+00	0.000000e+00	0.000000e+00	
532	3.683442e-03	0.000000e+00	0.000000e+00	0.000000e+00	
533	3.693442e-03	0.000000e+00	0.000000e+00	0.000000e+00	
534	3.703442e-03	0.000000e+00	0.000000e+00	0.000000e+00	
535	3.713442e-03	0.000000e+00	0.000000e+00	0.000000e+00	
536	3.723442e-03	0.000000e+00	0.000000e+00	0.000000e+00	
537	3.733442e-03	0.000000e+00	0.000000e+00	0.000000e+00	
538	3.743442e-03	0.000000e+00	0.000000e+00	0.000000e+00	
539	3.753442e-03	0.000000e+00	0.000000e+00	0.000000e+00	
540	3.763442e-03	0.000000e+00	0.000000e+00	0.000000e+00	
541	3.773442e-03	0.000000e+00	0.000000e+00	0.000000e+00	
542	3.783442e-03	0.000000e+00	0.000000e+00	0.000000e+00	
543	3.793442e-03	0.000000e+00	0.000000e+00	0.000000e+00	
544	3.803442e-03	0.000000e+00	0.000000e+00	0.000000e+00	
545	3.813442e-03	0.000000e+00	0.000000e+00	0.000000e+00	
546	3.823442e-03	0.000000e+00	0.000000e+00	0.000000e+00	
547	3.833442e-03	0.000000e+00	0.000000e+00	0.000000e+00	
548	3.843442e-03	0.000000e+00	0.000000e+00	0.000000e+00	
549	3.853442e-03	0.000000e+00	0.000000e+00	0.000000e+00	
550	3.863442e-03	0.000000e+00	0.000000e+00	0.000000e+00	
551	3.873442e-03	0.000000e+00	0.000000e+00	0.000000e+00	
552	3.883442e-03	0.000000e+00	0.000000e+00	0.000000e+00	
553	3.893442e-03	0.000000e+00	0.000000e+00	0.000000e+00	
554	3.903442e-03	0.000000e+00	0.000000e+00	0.000000e+00	
555	3.913442e-03	0.000000e+00	0.000000e+00	0.000000e+00	
556	3.923442e-03	0.000000e+00	0.000000e+00	0.000000e+00	
557	3.933442e-03	0.000000e+00	0.000000e+00	0.000000e+00	
558	3.943442e-03	0.000000e+00	0.000000e+00	0.000000e+00	
559	3.953442e-03	0.000000e+00	0.000000e+00	0.000000e+00	
560	3.963442e-03	0.000000e+00	0.000000e+00	0.000000e+00	
561	3.973442e-03	0.000000e+00	0.000000e+00	0.000000e+00	
562	3.983442e-03	0.000000e+00	0.000000e+00	0.000000e+00	
563	3.993442e-03	0.000000e+00	0.000000e+00	0.000000e+00	
564	4.000000e-03	0.000000e+00	0.000000e+00	0.000000e+00	

                                kicad schematic
                                Transient Analysis  Sat Nov 15 11:04:37  2025
--------------------------------------------------------------------------------
Index   time            v2#branch       v3#branch       v6#branch       
--------------------------------------------------------------------------------
0	0.000000e+00	0.000000e+00	0.000000e+00	0.000000e+00	
1	1.000000e-10	0.000000e+00	0.000000e+00	0.000000e+00	
2	2.000000e-10	0.000000e+00	0.000000e+00	0.000000e+00	
3	4.000000e-10	0.000000e+00	0.000000e+00	0.000000e+00	
4	8.000000e-10	0.000000e+00	0.000000e+00	0.000000e+00	
5	1.600000e-09	0.000000e+00	0.000000e+00	0.000000e+00	
6	3.200000e-09	0.000000e+00	0.000000e+00	0.000000e+00	
7	6.400000e-09	0.000000e+00	0.000000e+00	0.000000e+00	
8	9.400000e-09	0.000000e+00	0.000000e+00	0.000000e+00	
9	9.410000e-09	0.000000e+00	0.000000e+00	0.000000e+00	
10	9.430000e-09	0.000000e+00	0.000000e+00	0.000000e+00	
11	9.470000e-09	0.000000e+00	0.000000e+00	0.000000e+00	
12	9.500000e-09	0.000000e+00	0.000000e+00	0.000000e+00	
13	9.508000e-09	0.000000e+00	0.000000e+00	0.000000e+00	
14	9.524000e-09	0.000000e+00	0.000000e+00	0.000000e+00	
15	9.556000e-09	0.000000e+00	0.000000e+00	0.000000e+00	
16	9.620000e-09	0.000000e+00	0.000000e+00	0.000000e+00	
17	9.748000e-09	0.000000e+00	0.000000e+00	0.000000e+00	
18	1.000000e-08	0.000000e+00	0.000000e+00	0.000000e+00	
19	1.002560e-08	0.000000e+00	0.000000e+00	0.000000e+00	
20	1.007680e-08	0.000000e+00	0.000000e+00	0.000000e+00	
21	1.017920e-08	0.000000e+00	0.000000e+00	0.000000e+00	
22	1.038400e-08	0.000000e+00	0.000000e+00	0.000000e+00	
23	1.079360e-08	0.000000e+00	0.000000e+00	0.000000e+00	
24	1.161280e-08	0.000000e+00	0.000000e+00	0.000000e+00	
25	1.240000e-08	0.000000e+00	0.000000e+00	0.000000e+00	
26	1.249000e-08	0.000000e+00	0.000000e+00	0.000000e+00	
27	1.267000e-08	0.000000e+00	0.000000e+00	0.000000e+00	
28	1.303000e-08	0.000000e+00	0.000000e+00	0.000000e+00	
29	1.330000e-08	0.000000e+00	0.000000e+00	0.000000e+00	
30	1.337200e-08	0.000000e+00	0.000000e+00	0.000000e+00	
31	1.351600e-08	0.000000e+00	0.000000e+00	0.000000e+00	
32	1.380400e-08	0.000000e+00	0.000000e+00	0.000000e+00	
33	1.438000e-08	0.000000e+00	0.000000e+00	0.000000e+00	
34	1.553200e-08	0.000000e+00	0.000000e+00	0.000000e+00	
35	1.783600e-08	0.000000e+00	0.000000e+00	0.000000e+00	
36	2.244400e-08	0.000000e+00	0.000000e+00	0.000000e+00	
37	3.166000e-08	0.000000e+00	0.000000e+00	0.000000e+00	
38	5.009200e-08	0.000000e+00	0.000000e+00	0.000000e+00	
39	8.695600e-08	0.000000e+00	0.000000e+00	0.000000e+00	
40	1.606840e-07	0.000000e+00	0.000000e+00	0.000000e+00	
41	3.081400e-07	0.000000e+00	0.000000e+00	0.000000e+00	
42	6.030520e-07	0.000000e+00	0.000000e+00	0.000000e+00	
43	1.192876e-06	0.000000e+00	0.000000e+00	0.000000e+00	
44	2.372524e-06	0.000000e+00	0.000000e+00	0.000000e+00	
45	4.731820e-06	0.000000e+00	0.000000e+00	0.000000e+00	
46	9.450412e-06	0.000000e+00	0.000000e+00	0.000000e+00	
47	1.888760e-05	0.000000e+00	0.000000e+00	0.000000e+00	
48	2.888760e-05	0.000000e+00	0.000000e+00	0.000000e+00	
49	3.888760e-05	0.000000e+00	0.000000e+00	0.000000e+00	
50	4.888760e-05	0.000000e+00	0.000000e+00	0.000000e+00	
51	5.888760e-05	0.000000e+00	0.000000e+00	0.000000e+00	
52	6.888760e-05	0.000000e+00	0.000000e+00	0.000000e+00	
53	7.888760e-05	0.000000e+00	0.000000e+00	0.000000e+00	
54	8.888760e-05	0.000000e+00	0.000000e+00	0.000000e+00	

Index   time            v2#branch       v3#branch       v6#branch       
--------------------------------------------------------------------------------
55	9.888760e-05	0.000000e+00	0.000000e+00	0.000000e+00	
56	1.088876e-04	0.000000e+00	0.000000e+00	0.000000e+00	
57	1.188876e-04	0.000000e+00	0.000000e+00	0.000000e+00	
58	1.288876e-04	0.000000e+00	0.000000e+00	0.000000e+00	
59	1.388876e-04	0.000000e+00	0.000000e+00	0.000000e+00	
60	1.488876e-04	0.000000e+00	0.000000e+00	0.000000e+00	
61	1.588876e-04	0.000000e+00	0.000000e+00	0.000000e+00	
62	1.688876e-04	0.000000e+00	0.000000e+00	0.000000e+00	
63	1.788876e-04	0.000000e+00	0.000000e+00	0.000000e+00	
64	1.888876e-04	0.000000e+00	0.000000e+00	0.000000e+00	
65	1.988876e-04	0.000000e+00	0.000000e+00	0.000000e+00	
66	2.088876e-04	0.000000e+00	0.000000e+00	0.000000e+00	
67	2.188876e-04	0.000000e+00	0.000000e+00	0.000000e+00	
68	2.288876e-04	0.000000e+00	0.000000e+00	0.000000e+00	
69	2.388876e-04	0.000000e+00	0.000000e+00	0.000000e+00	
70	2.488876e-04	0.000000e+00	0.000000e+00	0.000000e+00	
71	2.588876e-04	0.000000e+00	0.000000e+00	0.000000e+00	
72	2.688876e-04	0.000000e+00	0.000000e+00	0.000000e+00	
73	2.788876e-04	0.000000e+00	0.000000e+00	0.000000e+00	
74	2.888876e-04	0.000000e+00	0.000000e+00	0.000000e+00	
75	2.988876e-04	0.000000e+00	0.000000e+00	0.000000e+00	
76	3.088876e-04	0.000000e+00	0.000000e+00	0.000000e+00	
77	3.188876e-04	0.000000e+00	0.000000e+00	0.000000e+00	
78	3.288876e-04	0.000000e+00	0.000000e+00	0.000000e+00	
79	3.388876e-04	0.000000e+00	0.000000e+00	0.000000e+00	
80	3.488876e-04	0.000000e+00	0.000000e+00	0.000000e+00	
81	3.588876e-04	0.000000e+00	0.000000e+00	0.000000e+00	
82	3.688876e-04	0.000000e+00	0.000000e+00	0.000000e+00	
83	3.788876e-04	0.000000e+00	0.000000e+00	0.000000e+00	
84	3.888876e-04	0.000000e+00	0.000000e+00	0.000000e+00	
85	3.988876e-04	0.000000e+00	0.000000e+00	0.000000e+00	
86	4.088876e-04	0.000000e+00	0.000000e+00	0.000000e+00	
87	4.188876e-04	0.000000e+00	0.000000e+00	0.000000e+00	
88	4.288876e-04	0.000000e+00	0.000000e+00	0.000000e+00	
89	4.388876e-04	0.000000e+00	0.000000e+00	0.000000e+00	
90	4.488876e-04	0.000000e+00	0.000000e+00	0.000000e+00	
91	4.588876e-04	0.000000e+00	0.000000e+00	0.000000e+00	
92	4.688876e-04	0.000000e+00	0.000000e+00	0.000000e+00	
93	4.788876e-04	0.000000e+00	0.000000e+00	0.000000e+00	
94	4.888876e-04	0.000000e+00	0.000000e+00	0.000000e+00	
95	4.988876e-04	0.000000e+00	0.000000e+00	0.000000e+00	
96	5.088876e-04	0.000000e+00	0.000000e+00	0.000000e+00	
97	5.188876e-04	0.000000e+00	0.000000e+00	0.000000e+00	
98	5.288876e-04	0.000000e+00	0.000000e+00	0.000000e+00	
99	5.388876e-04	0.000000e+00	0.000000e+00	0.000000e+00	
100	5.488876e-04	0.000000e+00	0.000000e+00	0.000000e+00	
101	5.588876e-04	0.000000e+00	0.000000e+00	0.000000e+00	
102	5.688876e-04	0.000000e+00	0.000000e+00	0.000000e+00	
103	5.788876e-04	0.000000e+00	0.000000e+00	0.000000e+00	
104	5.888876e-04	0.000000e+00	0.000000e+00	0.000000e+00	
105	5.988876e-04	0.000000e+00	0.000000e+00	0.000000e+00	
106	6.088876e-04	0.000000e+00	0.000000e+00	0.000000e+00	
107	6.188876e-04	0.000000e+00	0.000000e+00	0.000000e+00	
108	6.288876e-04	0.000000e+00	0.000000e+00	0.000000e+00	
109	6.388876e-04	0.000000e+00	0.000000e+00	0.000000e+00	
110	6.488876e-04	0.000000e+00	0.000000e+00	0.000000e+00	
111	6.588876e-04	0.000000e+00	0.000000e+00	0.000000e+00	
112	6.688876e-04	0.000000e+00	0.000000e+00	0.000000e+00	

Index   time            v2#branch       v3#branch       v6#branch       
--------------------------------------------------------------------------------
113	6.788876e-04	0.000000e+00	0.000000e+00	0.000000e+00	
114	6.888876e-04	0.000000e+00	0.000000e+00	0.000000e+00	
115	6.988876e-04	0.000000e+00	0.000000e+00	0.000000e+00	
116	7.088876e-04	0.000000e+00	0.000000e+00	0.000000e+00	
117	7.188876e-04	0.000000e+00	0.000000e+00	0.000000e+00	
118	7.288876e-04	0.000000e+00	0.000000e+00	0.000000e+00	
119	7.388876e-04	0.000000e+00	0.000000e+00	0.000000e+00	
120	7.488876e-04	0.000000e+00	0.000000e+00	0.000000e+00	
121	7.588876e-04	0.000000e+00	0.000000e+00	0.000000e+00	
122	7.688876e-04	0.000000e+00	0.000000e+00	0.000000e+00	
123	7.788876e-04	0.000000e+00	0.000000e+00	0.000000e+00	
124	7.888876e-04	0.000000e+00	0.000000e+00	0.000000e+00	
125	7.988876e-04	0.000000e+00	0.000000e+00	0.000000e+00	
126	8.088876e-04	0.000000e+00	0.000000e+00	0.000000e+00	
127	8.188876e-04	0.000000e+00	0.000000e+00	0.000000e+00	
128	8.288876e-04	0.000000e+00	0.000000e+00	0.000000e+00	
129	8.388876e-04	0.000000e+00	0.000000e+00	0.000000e+00	
130	8.488876e-04	0.000000e+00	0.000000e+00	0.000000e+00	
131	8.588876e-04	0.000000e+00	0.000000e+00	0.000000e+00	
132	8.688876e-04	0.000000e+00	0.000000e+00	0.000000e+00	
133	8.788876e-04	0.000000e+00	0.000000e+00	0.000000e+00	
134	8.888876e-04	0.000000e+00	0.000000e+00	0.000000e+00	
135	8.988876e-04	0.000000e+00	0.000000e+00	0.000000e+00	
136	9.088876e-04	0.000000e+00	0.000000e+00	0.000000e+00	
137	9.188876e-04	0.000000e+00	0.000000e+00	0.000000e+00	
138	9.288876e-04	0.000000e+00	0.000000e+00	0.000000e+00	
139	9.388876e-04	0.000000e+00	0.000000e+00	0.000000e+00	
140	9.488876e-04	0.000000e+00	0.000000e+00	0.000000e+00	
141	9.588876e-04	0.000000e+00	0.000000e+00	0.000000e+00	
142	9.688876e-04	0.000000e+00	0.000000e+00	0.000000e+00	
143	9.788876e-04	0.000000e+00	0.000000e+00	0.000000e+00	
144	9.888876e-04	0.000000e+00	0.000000e+00	0.000000e+00	
145	9.988876e-04	0.000000e+00	0.000000e+00	0.000000e+00	
146	1.000010e-03	0.000000e+00	0.000000e+00	0.000000e+00	
147	1.000011e-03	0.000000e+00	0.000000e+00	0.000000e+00	
148	1.000013e-03	0.000000e+00	0.000000e+00	0.000000e+00	
149	1.000016e-03	0.000000e+00	0.000000e+00	0.000000e+00	
150	1.000016e-03	0.000000e+00	0.000000e+00	0.000000e+00	
151	1.000016e-03	0.000000e+00	0.000000e+00	0.000000e+00	
152	1.000017e-03	0.000000e+00	0.000000e+00	0.000000e+00	
153	1.000017e-03	0.000000e+00	0.000000e+00	0.000000e+00	
154	1.000017e-03	0.000000e+00	0.000000e+00	0.000000e+00	
155	1.000017e-03	0.000000e+00	0.000000e+00	0.000000e+00	
156	1.000017e-03	0.000000e+00	0.000000e+00	0.000000e+00	
157	1.000018e-03	0.000000e+00	0.000000e+00	0.000000e+00	
158	1.000019e-03	0.000000e+00	0.000000e+00	0.000000e+00	
159	1.000019e-03	0.000000e+00	0.000000e+00	0.000000e+00	
160	1.000019e-03	0.000000e+00	0.000000e+00	0.000000e+00	
161	1.000019e-03	0.000000e+00	0.000000e+00	0.000000e+00	
162	1.000019e-03	0.000000e+00	0.000000e+00	0.000000e+00	
163	1.000019e-03	0.000000e+00	0.000000e+00	0.000000e+00	
164	1.000019e-03	0.000000e+00	0.000000e+00	0.000000e+00	
165	1.000019e-03	0.000000e+00	0.000000e+00	0.000000e+00	
166	1.000019e-03	0.000000e+00	0.000000e+00	0.000000e+00	
167	1.000019e-03	0.000000e+00	0.000000e+00	0.000000e+00	
168	1.000020e-03	0.000000e+00	0.000000e+00	0.000000e+00	
169	1.000020e-03	0.000000e+00	0.000000e+00	0.000000e+00	
170	1.000020e-03	0.000000e+00	0.000000e+00	0.000000e+00	

Index   time            v2#branch       v3#branch       v6#branch       
--------------------------------------------------------------------------------
171	1.000020e-03	0.000000e+00	0.000000e+00	0.000000e+00	
172	1.000020e-03	0.000000e+00	0.000000e+00	0.000000e+00	
173	1.000021e-03	0.000000e+00	0.000000e+00	0.000000e+00	
174	1.000022e-03	0.000000e+00	0.000000e+00	0.000000e+00	
175	1.000023e-03	0.000000e+00	0.000000e+00	0.000000e+00	
176	1.000027e-03	0.000000e+00	0.000000e+00	0.000000e+00	
177	1.000033e-03	0.000000e+00	0.000000e+00	0.000000e+00	
178	1.000046e-03	0.000000e+00	0.000000e+00	0.000000e+00	
179	1.000072e-03	0.000000e+00	0.000000e+00	0.000000e+00	
180	1.000125e-03	0.000000e+00	0.000000e+00	0.000000e+00	
181	1.000230e-03	0.000000e+00	0.000000e+00	0.000000e+00	
182	1.000439e-03	0.000000e+00	0.000000e+00	0.000000e+00	
183	1.000859e-03	0.000000e+00	0.000000e+00	0.000000e+00	
184	1.001698e-03	0.000000e+00	0.000000e+00	0.000000e+00	
185	1.003375e-03	0.000000e+00	0.000000e+00	0.000000e+00	
186	1.006731e-03	0.000000e+00	0.000000e+00	0.000000e+00	
187	1.013442e-03	0.000000e+00	0.000000e+00	0.000000e+00	
188	1.023442e-03	0.000000e+00	0.000000e+00	0.000000e+00	
189	1.033442e-03	0.000000e+00	0.000000e+00	0.000000e+00	
190	1.043442e-03	0.000000e+00	0.000000e+00	0.000000e+00	
191	1.053442e-03	0.000000e+00	0.000000e+00	0.000000e+00	
192	1.063442e-03	0.000000e+00	0.000000e+00	0.000000e+00	
193	1.073442e-03	0.000000e+00	0.000000e+00	0.000000e+00	
194	1.083442e-03	0.000000e+00	0.000000e+00	0.000000e+00	
195	1.093442e-03	0.000000e+00	0.000000e+00	0.000000e+00	
196	1.103442e-03	0.000000e+00	0.000000e+00	0.000000e+00	
197	1.113442e-03	0.000000e+00	0.000000e+00	0.000000e+00	
198	1.123442e-03	0.000000e+00	0.000000e+00	0.000000e+00	
199	1.133442e-03	0.000000e+00	0.000000e+00	0.000000e+00	
200	1.143442e-03	0.000000e+00	0.000000e+00	0.000000e+00	
201	1.153442e-03	0.000000e+00	0.000000e+00	0.000000e+00	
202	1.163442e-03	0.000000e+00	0.000000e+00	0.000000e+00	
203	1.173442e-03	0.000000e+00	0.000000e+00	0.000000e+00	
204	1.183442e-03	0.000000e+00	0.000000e+00	0.000000e+00	
205	1.193442e-03	0.000000e+00	0.000000e+00	0.000000e+00	
206	1.203442e-03	0.000000e+00	0.000000e+00	0.000000e+00	
207	1.213442e-03	0.000000e+00	0.000000e+00	0.000000e+00	
208	1.223442e-03	0.000000e+00	0.000000e+00	0.000000e+00	
209	1.233442e-03	0.000000e+00	0.000000e+00	0.000000e+00	
210	1.243442e-03	0.000000e+00	0.000000e+00	0.000000e+00	
211	1.253442e-03	0.000000e+00	0.000000e+00	0.000000e+00	
212	1.263442e-03	0.000000e+00	0.000000e+00	0.000000e+00	
213	1.273442e-03	0.000000e+00	0.000000e+00	0.000000e+00	
214	1.283442e-03	0.000000e+00	0.000000e+00	0.000000e+00	
215	1.293442e-03	0.000000e+00	0.000000e+00	0.000000e+00	
216	1.303442e-03	0.000000e+00	0.000000e+00	0.000000e+00	
217	1.313442e-03	0.000000e+00	0.000000e+00	0.000000e+00	
218	1.323442e-03	0.000000e+00	0.000000e+00	0.000000e+00	
219	1.333442e-03	0.000000e+00	0.000000e+00	0.000000e+00	
220	1.343442e-03	0.000000e+00	0.000000e+00	0.000000e+00	
221	1.353442e-03	0.000000e+00	0.000000e+00	0.000000e+00	
222	1.363442e-03	0.000000e+00	0.000000e+00	0.000000e+00	
223	1.373442e-03	0.000000e+00	0.000000e+00	0.000000e+00	
224	1.383442e-03	0.000000e+00	0.000000e+00	0.000000e+00	
225	1.393442e-03	0.000000e+00	0.000000e+00	0.000000e+00	
226	1.403442e-03	0.000000e+00	0.000000e+00	0.000000e+00	
227	1.413442e-03	0.000000e+00	0.000000e+00	0.000000e+00	
228	1.423442e-03	0.000000e+00	0.000000e+00	0.000000e+00	

Index   time            v2#branch       v3#branch       v6#branch       
--------------------------------------------------------------------------------
229	1.433442e-03	0.000000e+00	0.000000e+00	0.000000e+00	
230	1.443442e-03	0.000000e+00	0.000000e+00	0.000000e+00	
231	1.453442e-03	0.000000e+00	0.000000e+00	0.000000e+00	
232	1.463442e-03	0.000000e+00	0.000000e+00	0.000000e+00	
233	1.473442e-03	0.000000e+00	0.000000e+00	0.000000e+00	
234	1.483442e-03	0.000000e+00	0.000000e+00	0.000000e+00	
235	1.493442e-03	0.000000e+00	0.000000e+00	0.000000e+00	
236	1.503442e-03	0.000000e+00	0.000000e+00	0.000000e+00	
237	1.513442e-03	0.000000e+00	0.000000e+00	0.000000e+00	
238	1.523442e-03	0.000000e+00	0.000000e+00	0.000000e+00	
239	1.533442e-03	0.000000e+00	0.000000e+00	0.000000e+00	
240	1.543442e-03	0.000000e+00	0.000000e+00	0.000000e+00	
241	1.553442e-03	0.000000e+00	0.000000e+00	0.000000e+00	
242	1.563442e-03	0.000000e+00	0.000000e+00	0.000000e+00	
243	1.573442e-03	0.000000e+00	0.000000e+00	0.000000e+00	
244	1.583442e-03	0.000000e+00	0.000000e+00	0.000000e+00	
245	1.593442e-03	0.000000e+00	0.000000e+00	0.000000e+00	
246	1.603442e-03	0.000000e+00	0.000000e+00	0.000000e+00	
247	1.613442e-03	0.000000e+00	0.000000e+00	0.000000e+00	
248	1.623442e-03	0.000000e+00	0.000000e+00	0.000000e+00	
249	1.633442e-03	0.000000e+00	0.000000e+00	0.000000e+00	
250	1.643442e-03	0.000000e+00	0.000000e+00	0.000000e+00	
251	1.653442e-03	0.000000e+00	0.000000e+00	0.000000e+00	
252	1.663442e-03	0.000000e+00	0.000000e+00	0.000000e+00	
253	1.673442e-03	0.000000e+00	0.000000e+00	0.000000e+00	
254	1.683442e-03	0.000000e+00	0.000000e+00	0.000000e+00	
255	1.693442e-03	0.000000e+00	0.000000e+00	0.000000e+00	
256	1.703442e-03	0.000000e+00	0.000000e+00	0.000000e+00	
257	1.713442e-03	0.000000e+00	0.000000e+00	0.000000e+00	
258	1.723442e-03	0.000000e+00	0.000000e+00	0.000000e+00	
259	1.733442e-03	0.000000e+00	0.000000e+00	0.000000e+00	
260	1.743442e-03	0.000000e+00	0.000000e+00	0.000000e+00	
261	1.753442e-03	0.000000e+00	0.000000e+00	0.000000e+00	
262	1.763442e-03	0.000000e+00	0.000000e+00	0.000000e+00	
263	1.773442e-03	0.000000e+00	0.000000e+00	0.000000e+00	
264	1.783442e-03	0.000000e+00	0.000000e+00	0.000000e+00	
265	1.793442e-03	0.000000e+00	0.000000e+00	0.000000e+00	
266	1.803442e-03	0.000000e+00	0.000000e+00	0.000000e+00	
267	1.813442e-03	0.000000e+00	0.000000e+00	0.000000e+00	
268	1.823442e-03	0.000000e+00	0.000000e+00	0.000000e+00	
269	1.833442e-03	0.000000e+00	0.000000e+00	0.000000e+00	
270	1.843442e-03	0.000000e+00	0.000000e+00	0.000000e+00	
271	1.853442e-03	0.000000e+00	0.000000e+00	0.000000e+00	
272	1.863442e-03	0.000000e+00	0.000000e+00	0.000000e+00	
273	1.873442e-03	0.000000e+00	0.000000e+00	0.000000e+00	
274	1.883442e-03	0.000000e+00	0.000000e+00	0.000000e+00	
275	1.893442e-03	0.000000e+00	0.000000e+00	0.000000e+00	
276	1.903442e-03	0.000000e+00	0.000000e+00	0.000000e+00	
277	1.913442e-03	0.000000e+00	0.000000e+00	0.000000e+00	
278	1.923442e-03	0.000000e+00	0.000000e+00	0.000000e+00	
279	1.933442e-03	0.000000e+00	0.000000e+00	0.000000e+00	
280	1.943442e-03	0.000000e+00	0.000000e+00	0.000000e+00	
281	1.953442e-03	0.000000e+00	0.000000e+00	0.000000e+00	
282	1.963442e-03	0.000000e+00	0.000000e+00	0.000000e+00	
283	1.973442e-03	0.000000e+00	0.000000e+00	0.000000e+00	
284	1.983442e-03	0.000000e+00	0.000000e+00	0.000000e+00	
285	1.993442e-03	0.000000e+00	0.000000e+00	0.000000e+00	
286	2.000000e-03	0.000000e+00	0.000000e+00	0.000000e+00	

Index   time            v2#branch       v3#branch       v6#branch       
--------------------------------------------------------------------------------
287	2.000001e-03	0.000000e+00	0.000000e+00	0.000000e+00	
288	2.000003e-03	0.000000e+00	0.000000e+00	0.000000e+00	
289	2.000007e-03	0.000000e+00	0.000000e+00	0.000000e+00	
290	2.000010e-03	0.000000e+00	0.000000e+00	0.000000e+00	
291	2.000010e-03	0.000000e+00	0.000000e+00	0.000000e+00	
292	2.000010e-03	0.000000e+00	0.000000e+00	0.000000e+00	
293	2.000010e-03	0.000000e+00	0.000000e+00	0.000000e+00	
294	2.000010e-03	0.000000e+00	0.000000e+00	0.000000e+00	
295	2.000010e-03	0.000000e+00	0.000000e+00	0.000000e+00	
296	2.000010e-03	0.000000e+00	0.000000e+00	0.000000e+00	
297	2.000010e-03	0.000000e+00	0.000000e+00	0.000000e+00	
298	2.000010e-03	0.000000e+00	0.000000e+00	0.000000e+00	
299	2.000010e-03	0.000000e+00	0.000000e+00	0.000000e+00	
300	2.000011e-03	0.000000e+00	0.000000e+00	0.000000e+00	
301	2.000011e-03	0.000000e+00	0.000000e+00	0.000000e+00	
302	2.000012e-03	0.000000e+00	0.000000e+00	0.000000e+00	
303	2.000013e-03	0.000000e+00	0.000000e+00	0.000000e+00	
304	2.000013e-03	0.000000e+00	0.000000e+00	0.000000e+00	
305	2.000013e-03	0.000000e+00	0.000000e+00	0.000000e+00	
306	2.000014e-03	0.000000e+00	0.000000e+00	0.000000e+00	
307	2.000014e-03	0.000000e+00	0.000000e+00	0.000000e+00	
308	2.000014e-03	0.000000e+00	0.000000e+00	0.000000e+00	
309	2.000014e-03	0.000000e+00	0.000000e+00	0.000000e+00	
310	2.000014e-03	0.000000e+00	0.000000e+00	0.000000e+00	
311	2.000015e-03	0.000000e+00	0.000000e+00	0.000000e+00	
312	2.000016e-03	0.000000e+00	0.000000e+00	0.000000e+00	
313	2.000018e-03	0.000000e+00	0.000000e+00	0.000000e+00	
314	2.000023e-03	0.000000e+00	0.000000e+00	0.000000e+00	
315	2.000032e-03	0.000000e+00	0.000000e+00	0.000000e+00	
316	2.000051e-03	0.000000e+00	0.000000e+00	0.000000e+00	
317	2.000088e-03	0.000000e+00	0.000000e+00	0.000000e+00	
318	2.000161e-03	0.000000e+00	0.000000e+00	0.000000e+00	
319	2.000309e-03	0.000000e+00	0.000000e+00	0.000000e+00	
320	2.000604e-03	0.000000e+00	0.000000e+00	0.000000e+00	
321	2.001193e-03	0.000000e+00	0.000000e+00	0.000000e+00	
322	2.002373e-03	0.000000e+00	0.000000e+00	0.000000e+00	
323	2.004732e-03	0.000000e+00	0.000000e+00	0.000000e+00	
324	2.009451e-03	0.000000e+00	0.000000e+00	0.000000e+00	
325	2.018888e-03	0.000000e+00	0.000000e+00	0.000000e+00	
326	2.028888e-03	0.000000e+00	0.000000e+00	0.000000e+00	
327	2.038888e-03	0.000000e+00	0.000000e+00	0.000000e+00	
328	2.048888e-03	0.000000e+00	0.000000e+00	0.000000e+00	
329	2.058888e-03	0.000000e+00	0.000000e+00	0.000000e+00	
330	2.068888e-03	0.000000e+00	0.000000e+00	0.000000e+00	
331	2.078888e-03	0.000000e+00	0.000000e+00	0.000000e+00	
332	2.088888e-03	0.000000e+00	0.000000e+00	0.000000e+00	
333	2.098888e-03	0.000000e+00	0.000000e+00	0.000000e+00	
334	2.108888e-03	0.000000e+00	0.000000e+00	0.000000e+00	
335	2.118888e-03	0.000000e+00	0.000000e+00	0.000000e+00	
336	2.128888e-03	0.000000e+00	0.000000e+00	0.000000e+00	
337	2.138888e-03	0.000000e+00	0.000000e+00	0.000000e+00	
338	2.148888e-03	0.000000e+00	0.000000e+00	0.000000e+00	
339	2.158888e-03	0.000000e+00	0.000000e+00	0.000000e+00	
340	2.168888e-03	0.000000e+00	0.000000e+00	0.000000e+00	
341	2.178888e-03	0.000000e+00	0.000000e+00	0.000000e+00	
342	2.188888e-03	0.000000e+00	0.000000e+00	0.000000e+00	
343	2.198888e-03	0.000000e+00	0.000000e+00	0.000000e+00	
344	2.208888e-03	0.000000e+00	0.000000e+00	0.000000e+00	

Index   time            v2#branch       v3#branch       v6#branch       
--------------------------------------------------------------------------------
345	2.218888e-03	0.000000e+00	0.000000e+00	0.000000e+00	
346	2.228888e-03	0.000000e+00	0.000000e+00	0.000000e+00	
347	2.238888e-03	0.000000e+00	0.000000e+00	0.000000e+00	
348	2.248888e-03	0.000000e+00	0.000000e+00	0.000000e+00	
349	2.258888e-03	0.000000e+00	0.000000e+00	0.000000e+00	
350	2.268888e-03	0.000000e+00	0.000000e+00	0.000000e+00	
351	2.278888e-03	0.000000e+00	0.000000e+00	0.000000e+00	
352	2.288888e-03	0.000000e+00	0.000000e+00	0.000000e+00	
353	2.298888e-03	0.000000e+00	0.000000e+00	0.000000e+00	
354	2.308888e-03	0.000000e+00	0.000000e+00	0.000000e+00	
355	2.318888e-03	0.000000e+00	0.000000e+00	0.000000e+00	
356	2.328888e-03	0.000000e+00	0.000000e+00	0.000000e+00	
357	2.338888e-03	0.000000e+00	0.000000e+00	0.000000e+00	
358	2.348888e-03	0.000000e+00	0.000000e+00	0.000000e+00	
359	2.358888e-03	0.000000e+00	0.000000e+00	0.000000e+00	
360	2.368888e-03	0.000000e+00	0.000000e+00	0.000000e+00	
361	2.378888e-03	0.000000e+00	0.000000e+00	0.000000e+00	
362	2.388888e-03	0.000000e+00	0.000000e+00	0.000000e+00	
363	2.398888e-03	0.000000e+00	0.000000e+00	0.000000e+00	
364	2.408888e-03	0.000000e+00	0.000000e+00	0.000000e+00	
365	2.418888e-03	0.000000e+00	0.000000e+00	0.000000e+00	
366	2.428888e-03	0.000000e+00	0.000000e+00	0.000000e+00	
367	2.438888e-03	0.000000e+00	0.000000e+00	0.000000e+00	
368	2.448888e-03	0.000000e+00	0.000000e+00	0.000000e+00	
369	2.458888e-03	0.000000e+00	0.000000e+00	0.000000e+00	
370	2.468888e-03	0.000000e+00	0.000000e+00	0.000000e+00	
371	2.478888e-03	0.000000e+00	0.000000e+00	0.000000e+00	
372	2.488888e-03	0.000000e+00	0.000000e+00	0.000000e+00	
373	2.498888e-03	0.000000e+00	0.000000e+00	0.000000e+00	
374	2.508888e-03	0.000000e+00	0.000000e+00	0.000000e+00	
375	2.518888e-03	0.000000e+00	0.000000e+00	0.000000e+00	
376	2.528888e-03	0.000000e+00	0.000000e+00	0.000000e+00	
377	2.538888e-03	0.000000e+00	0.000000e+00	0.000000e+00	
378	2.548888e-03	0.000000e+00	0.000000e+00	0.000000e+00	
379	2.558888e-03	0.000000e+00	0.000000e+00	0.000000e+00	
380	2.568888e-03	0.000000e+00	0.000000e+00	0.000000e+00	
381	2.578888e-03	0.000000e+00	0.000000e+00	0.000000e+00	
382	2.588888e-03	0.000000e+00	0.000000e+00	0.000000e+00	
383	2.598888e-03	0.000000e+00	0.000000e+00	0.000000e+00	
384	2.608888e-03	0.000000e+00	0.000000e+00	0.000000e+00	
385	2.618888e-03	0.000000e+00	0.000000e+00	0.000000e+00	
386	2.628888e-03	0.000000e+00	0.000000e+00	0.000000e+00	
387	2.638888e-03	0.000000e+00	0.000000e+00	0.000000e+00	
388	2.648888e-03	0.000000e+00	0.000000e+00	0.000000e+00	
389	2.658888e-03	0.000000e+00	0.000000e+00	0.000000e+00	
390	2.668888e-03	0.000000e+00	0.000000e+00	0.000000e+00	
391	2.678888e-03	0.000000e+00	0.000000e+00	0.000000e+00	
392	2.688888e-03	0.000000e+00	0.000000e+00	0.000000e+00	
393	2.698888e-03	0.000000e+00	0.000000e+00	0.000000e+00	
394	2.708888e-03	0.000000e+00	0.000000e+00	0.000000e+00	
395	2.718888e-03	0.000000e+00	0.000000e+00	0.000000e+00	
396	2.728888e-03	0.000000e+00	0.000000e+00	0.000000e+00	
397	2.738888e-03	0.000000e+00	0.000000e+00	0.000000e+00	
398	2.748888e-03	0.000000e+00	0.000000e+00	0.000000e+00	
399	2.758888e-03	0.000000e+00	0.000000e+00	0.000000e+00	
400	2.768888e-03	0.000000e+00	0.000000e+00	0.000000e+00	
401	2.778888e-03	0.000000e+00	0.000000e+00	0.000000e+00	
402	2.788888e-03	0.000000e+00	0.000000e+00	0.000000e+00	

Index   time            v2#branch       v3#branch       v6#branch       
--------------------------------------------------------------------------------
403	2.798888e-03	0.000000e+00	0.000000e+00	0.000000e+00	
404	2.808888e-03	0.000000e+00	0.000000e+00	0.000000e+00	
405	2.818888e-03	0.000000e+00	0.000000e+00	0.000000e+00	
406	2.828888e-03	0.000000e+00	0.000000e+00	0.000000e+00	
407	2.838888e-03	0.000000e+00	0.000000e+00	0.000000e+00	
408	2.848888e-03	0.000000e+00	0.000000e+00	0.000000e+00	
409	2.858888e-03	0.000000e+00	0.000000e+00	0.000000e+00	
410	2.868888e-03	0.000000e+00	0.000000e+00	0.000000e+00	
411	2.878888e-03	0.000000e+00	0.000000e+00	0.000000e+00	
412	2.888888e-03	0.000000e+00	0.000000e+00	0.000000e+00	
413	2.898888e-03	0.000000e+00	0.000000e+00	0.000000e+00	
414	2.908888e-03	0.000000e+00	0.000000e+00	0.000000e+00	
415	2.918888e-03	0.000000e+00	0.000000e+00	0.000000e+00	
416	2.928888e-03	0.000000e+00	0.000000e+00	0.000000e+00	
417	2.938888e-03	0.000000e+00	0.000000e+00	0.000000e+00	
418	2.948888e-03	0.000000e+00	0.000000e+00	0.000000e+00	
419	2.958888e-03	0.000000e+00	0.000000e+00	0.000000e+00	
420	2.968888e-03	0.000000e+00	0.000000e+00	0.000000e+00	
421	2.978888e-03	0.000000e+00	0.000000e+00	0.000000e+00	
422	2.988888e-03	0.000000e+00	0.000000e+00	0.000000e+00	
423	2.998888e-03	0.000000e+00	0.000000e+00	0.000000e+00	
424	3.000010e-03	0.000000e+00	0.000000e+00	0.000000e+00	
425	3.000011e-03	0.000000e+00	0.000000e+00	0.000000e+00	
426	3.000013e-03	0.000000e+00	0.000000e+00	0.000000e+00	
427	3.000016e-03	0.000000e+00	0.000000e+00	0.000000e+00	
428	3.000016e-03	0.000000e+00	0.000000e+00	0.000000e+00	
429	3.000016e-03	0.000000e+00	0.000000e+00	0.000000e+00	
430	3.000017e-03	0.000000e+00	0.000000e+00	0.000000e+00	
431	3.000017e-03	0.000000e+00	0.000000e+00	0.000000e+00	
432	3.000017e-03	0.000000e+00	0.000000e+00	0.000000e+00	
433	3.000017e-03	0.000000e+00	0.000000e+00	0.000000e+00	
434	3.000017e-03	0.000000e+00	0.000000e+00	0.000000e+00	
435	3.000018e-03	0.000000e+00	0.000000e+00	0.000000e+00	
436	3.000019e-03	0.000000e+00	0.000000e+00	0.000000e+00	
437	3.000019e-03	0.000000e+00	0.000000e+00	0.000000e+00	
438	3.000019e-03	0.000000e+00	0.000000e+00	0.000000e+00	
439	3.000019e-03	0.000000e+00	0.000000e+00	0.000000e+00	
440	3.000019e-03	0.000000e+00	0.000000e+00	0.000000e+00	
441	3.000019e-03	0.000000e+00	0.000000e+00	0.000000e+00	
442	3.000019e-03	0.000000e+00	0.000000e+00	0.000000e+00	
443	3.000019e-03	0.000000e+00	0.000000e+00	0.000000e+00	
444	3.000019e-03	0.000000e+00	0.000000e+00	0.000000e+00	
445	3.000019e-03	0.000000e+00	0.000000e+00	0.000000e+00	
446	3.000020e-03	0.000000e+00	0.000000e+00	0.000000e+00	
447	3.000020e-03	0.000000e+00	0.000000e+00	0.000000e+00	
448	3.000020e-03	0.000000e+00	0.000000e+00	0.000000e+00	
449	3.000020e-03	0.000000e+00	0.000000e+00	0.000000e+00	
450	3.000020e-03	0.000000e+00	0.000000e+00	0.000000e+00	
451	3.000021e-03	0.000000e+00	0.000000e+00	0.000000e+00	
452	3.000022e-03	0.000000e+00	0.000000e+00	0.000000e+00	
453	3.000023e-03	0.000000e+00	0.000000e+00	0.000000e+00	
454	3.000027e-03	0.000000e+00	0.000000e+00	0.000000e+00	
455	3.000033e-03	0.000000e+00	0.000000e+00	0.000000e+00	
456	3.000046e-03	0.000000e+00	0.000000e+00	0.000000e+00	
457	3.000072e-03	0.000000e+00	0.000000e+00	0.000000e+00	
458	3.000125e-03	0.000000e+00	0.000000e+00	0.000000e+00	
459	3.000230e-03	0.000000e+00	0.000000e+00	0.000000e+00	
460	3.000439e-03	0.000000e+00	0.000000e+00	0.000000e+00	

Index   time            v2#branch       v3#branch       v6#branch       
--------------------------------------------------------------------------------
461	3.000859e-03	0.000000e+00	0.000000e+00	0.000000e+00	
462	3.001698e-03	0.000000e+00	0.000000e+00	0.000000e+00	
463	3.003375e-03	0.000000e+00	0.000000e+00	0.000000e+00	
464	3.006731e-03	0.000000e+00	0.000000e+00	0.000000e+00	
465	3.013442e-03	0.000000e+00	0.000000e+00	0.000000e+00	
466	3.023442e-03	0.000000e+00	0.000000e+00	0.000000e+00	
467	3.033442e-03	0.000000e+00	0.000000e+00	0.000000e+00	
468	3.043442e-03	0.000000e+00	0.000000e+00	0.000000e+00	
469	3.053442e-03	0.000000e+00	0.000000e+00	0.000000e+00	
470	3.063442e-03	0.000000e+00	0.000000e+00	0.000000e+00	
471	3.073442e-03	0.000000e+00	0.000000e+00	0.000000e+00	
472	3.083442e-03	0.000000e+00	0.000000e+00	0.000000e+00	
473	3.093442e-03	0.000000e+00	0.000000e+00	0.000000e+00	
474	3.103442e-03	0.000000e+00	0.000000e+00	0.000000e+00	
475	3.113442e-03	0.000000e+00	0.000000e+00	0.000000e+00	
476	3.123442e-03	0.000000e+00	0.000000e+00	0.000000e+00	
477	3.133442e-03	0.000000e+00	0.000000e+00	0.000000e+00	
478	3.143442e-03	0.000000e+00	0.000000e+00	0.000000e+00	
479	3.153442e-03	0.000000e+00	0.000000e+00	0.000000e+00	
480	3.163442e-03	0.000000e+00	0.000000e+00	0.000000e+00	
481	3.173442e-03	0.000000e+00	0.000000e+00	0.000000e+00	
482	3.183442e-03	0.000000e+00	0.000000e+00	0.000000e+00	
483	3.193442e-03	0.000000e+00	0.000000e+00	0.000000e+00	
484	3.203442e-03	0.000000e+00	0.000000e+00	0.000000e+00	
485	3.213442e-03	0.000000e+00	0.000000e+00	0.000000e+00	
486	3.223442e-03	0.000000e+00	0.000000e+00	0.000000e+00	
487	3.233442e-03	0.000000e+00	0.000000e+00	0.000000e+00	
488	3.243442e-03	0.000000e+00	0.000000e+00	0.000000e+00	
489	3.253442e-03	0.000000e+00	0.000000e+00	0.000000e+00	
490	3.263442e-03	0.000000e+00	0.000000e+00	0.000000e+00	
491	3.273442e-03	0.000000e+00	0.000000e+00	0.000000e+00	
492	3.283442e-03	0.000000e+00	0.000000e+00	0.000000e+00	
493	3.293442e-03	0.000000e+00	0.000000e+00	0.000000e+00	
494	3.303442e-03	0.000000e+00	0.000000e+00	0.000000e+00	
495	3.313442e-03	0.000000e+00	0.000000e+00	0.000000e+00	
496	3.323442e-03	0.000000e+00	0.000000e+00	0.000000e+00	
497	3.333442e-03	0.000000e+00	0.000000e+00	0.000000e+00	
498	3.343442e-03	0.000000e+00	0.000000e+00	0.000000e+00	
499	3.353442e-03	0.000000e+00	0.000000e+00	0.000000e+00	
500	3.363442e-03	0.000000e+00	0.000000e+00	0.000000e+00	
501	3.373442e-03	0.000000e+00	0.000000e+00	0.000000e+00	
502	3.383442e-03	0.000000e+00	0.000000e+00	0.000000e+00	
503	3.393442e-03	0.000000e+00	0.000000e+00	0.000000e+00	
504	3.403442e-03	0.000000e+00	0.000000e+00	0.000000e+00	
505	3.413442e-03	0.000000e+00	0.000000e+00	0.000000e+00	
506	3.423442e-03	0.000000e+00	0.000000e+00	0.000000e+00	
507	3.433442e-03	0.000000e+00	0.000000e+00	0.000000e+00	
508	3.443442e-03	0.000000e+00	0.000000e+00	0.000000e+00	
509	3.453442e-03	0.000000e+00	0.000000e+00	0.000000e+00	
510	3.463442e-03	0.000000e+00	0.000000e+00	0.000000e+00	
511	3.473442e-03	0.000000e+00	0.000000e+00	0.000000e+00	
512	3.483442e-03	0.000000e+00	0.000000e+00	0.000000e+00	
513	3.493442e-03	0.000000e+00	0.000000e+00	0.000000e+00	
514	3.503442e-03	0.000000e+00	0.000000e+00	0.000000e+00	
515	3.513442e-03	0.000000e+00	0.000000e+00	0.000000e+00	
516	3.523442e-03	0.000000e+00	0.000000e+00	0.000000e+00	
517	3.533442e-03	0.000000e+00	0.000000e+00	0.000000e+00	
518	3.543442e-03	0.000000e+00	0.000000e+00	0.000000e+00	

Index   time            v2#branch       v3#branch       v6#branch       
--------------------------------------------------------------------------------
519	3.553442e-03	0.000000e+00	0.000000e+00	0.000000e+00	
520	3.563442e-03	0.000000e+00	0.000000e+00	0.000000e+00	
521	3.573442e-03	0.000000e+00	0.000000e+00	0.000000e+00	
522	3.583442e-03	0.000000e+00	0.000000e+00	0.000000e+00	
523	3.593442e-03	0.000000e+00	0.000000e+00	0.000000e+00	
524	3.603442e-03	0.000000e+00	0.000000e+00	0.000000e+00	
525	3.613442e-03	0.000000e+00	0.000000e+00	0.000000e+00	
526	3.623442e-03	0.000000e+00	0.000000e+00	0.000000e+00	
527	3.633442e-03	0.000000e+00	0.000000e+00	0.000000e+00	
528	3.643442e-03	0.000000e+00	0.000000e+00	0.000000e+00	
529	3.653442e-03	0.000000e+00	0.000000e+00	0.000000e+00	
530	3.663442e-03	0.000000e+00	0.000000e+00	0.000000e+00	
531	3.673442e-03	0.000000e+00	0.000000e+00	0.000000e+00	
532	3.683442e-03	0.000000e+00	0.000000e+00	0.000000e+00	
533	3.693442e-03	0.000000e+00	0.000000e+00	0.000000e+00	
534	3.703442e-03	0.000000e+00	0.000000e+00	0.000000e+00	
535	3.713442e-03	0.000000e+00	0.000000e+00	0.000000e+00	
536	3.723442e-03	0.000000e+00	0.000000e+00	0.000000e+00	
537	3.733442e-03	0.000000e+00	0.000000e+00	0.000000e+00	
538	3.743442e-03	0.000000e+00	0.000000e+00	0.000000e+00	
539	3.753442e-03	0.000000e+00	0.000000e+00	0.000000e+00	
540	3.763442e-03	0.000000e+00	0.000000e+00	0.000000e+00	
541	3.773442e-03	0.000000e+00	0.000000e+00	0.000000e+00	
542	3.783442e-03	0.000000e+00	0.000000e+00	0.000000e+00	
543	3.793442e-03	0.000000e+00	0.000000e+00	0.000000e+00	
544	3.803442e-03	0.000000e+00	0.000000e+00	0.000000e+00	
545	3.813442e-03	0.000000e+00	0.000000e+00	0.000000e+00	
546	3.823442e-03	0.000000e+00	0.000000e+00	0.000000e+00	
547	3.833442e-03	0.000000e+00	0.000000e+00	0.000000e+00	
548	3.843442e-03	0.000000e+00	0.000000e+00	0.000000e+00	
549	3.853442e-03	0.000000e+00	0.000000e+00	0.000000e+00	
550	3.863442e-03	0.000000e+00	0.000000e+00	0.000000e+00	
551	3.873442e-03	0.000000e+00	0.000000e+00	0.000000e+00	
552	3.883442e-03	0.000000e+00	0.000000e+00	0.000000e+00	
553	3.893442e-03	0.000000e+00	0.000000e+00	0.000000e+00	
554	3.903442e-03	0.000000e+00	0.000000e+00	0.000000e+00	
555	3.913442e-03	0.000000e+00	0.000000e+00	0.000000e+00	
556	3.923442e-03	0.000000e+00	0.000000e+00	0.000000e+00	
557	3.933442e-03	0.000000e+00	0.000000e+00	0.000000e+00	
558	3.943442e-03	0.000000e+00	0.000000e+00	0.000000e+00	
559	3.953442e-03	0.000000e+00	0.000000e+00	0.000000e+00	
560	3.963442e-03	0.000000e+00	0.000000e+00	0.000000e+00	
561	3.973442e-03	0.000000e+00	0.000000e+00	0.000000e+00	
562	3.983442e-03	0.000000e+00	0.000000e+00	0.000000e+00	
563	3.993442e-03	0.000000e+00	0.000000e+00	0.000000e+00	
564	4.000000e-03	0.000000e+00	0.000000e+00	0.000000e+00	

                                kicad schematic
                                Transient Analysis  Sat Nov 15 11:04:37  2025
--------------------------------------------------------------------------------
Index   time            v7#branch       v8#branch       v9#branch       
--------------------------------------------------------------------------------
0	0.000000e+00	0.000000e+00	0.000000e+00	0.000000e+00	
1	1.000000e-10	0.000000e+00	0.000000e+00	0.000000e+00	
2	2.000000e-10	0.000000e+00	0.000000e+00	0.000000e+00	
3	4.000000e-10	0.000000e+00	0.000000e+00	0.000000e+00	
4	8.000000e-10	0.000000e+00	0.000000e+00	0.000000e+00	
5	1.600000e-09	0.000000e+00	0.000000e+00	0.000000e+00	
6	3.200000e-09	0.000000e+00	0.000000e+00	0.000000e+00	
7	6.400000e-09	0.000000e+00	0.000000e+00	0.000000e+00	
8	9.400000e-09	0.000000e+00	0.000000e+00	0.000000e+00	
9	9.410000e-09	0.000000e+00	0.000000e+00	0.000000e+00	
10	9.430000e-09	0.000000e+00	0.000000e+00	0.000000e+00	
11	9.470000e-09	0.000000e+00	0.000000e+00	0.000000e+00	
12	9.500000e-09	0.000000e+00	0.000000e+00	0.000000e+00	
13	9.508000e-09	0.000000e+00	0.000000e+00	0.000000e+00	
14	9.524000e-09	0.000000e+00	0.000000e+00	0.000000e+00	
15	9.556000e-09	0.000000e+00	0.000000e+00	0.000000e+00	
16	9.620000e-09	0.000000e+00	0.000000e+00	0.000000e+00	
17	9.748000e-09	0.000000e+00	0.000000e+00	0.000000e+00	
18	1.000000e-08	0.000000e+00	0.000000e+00	0.000000e+00	
19	1.002560e-08	0.000000e+00	0.000000e+00	0.000000e+00	
20	1.007680e-08	0.000000e+00	0.000000e+00	0.000000e+00	
21	1.017920e-08	0.000000e+00	0.000000e+00	0.000000e+00	
22	1.038400e-08	0.000000e+00	0.000000e+00	0.000000e+00	
23	1.079360e-08	0.000000e+00	0.000000e+00	0.000000e+00	
24	1.161280e-08	0.000000e+00	0.000000e+00	0.000000e+00	
25	1.240000e-08	0.000000e+00	0.000000e+00	0.000000e+00	
26	1.249000e-08	0.000000e+00	0.000000e+00	0.000000e+00	
27	1.267000e-08	0.000000e+00	0.000000e+00	0.000000e+00	
28	1.303000e-08	0.000000e+00	0.000000e+00	0.000000e+00	
29	1.330000e-08	0.000000e+00	0.000000e+00	0.000000e+00	
30	1.337200e-08	0.000000e+00	0.000000e+00	0.000000e+00	
31	1.351600e-08	0.000000e+00	0.000000e+00	0.000000e+00	
32	1.380400e-08	0.000000e+00	0.000000e+00	0.000000e+00	
33	1.438000e-08	0.000000e+00	0.000000e+00	0.000000e+00	
34	1.553200e-08	0.000000e+00	0.000000e+00	0.000000e+00	
35	1.783600e-08	0.000000e+00	0.000000e+00	0.000000e+00	
36	2.244400e-08	0.000000e+00	0.000000e+00	0.000000e+00	
37	3.166000e-08	0.000000e+00	0.000000e+00	0.000000e+00	
38	5.009200e-08	0.000000e+00	0.000000e+00	0.000000e+00	
39	8.695600e-08	0.000000e+00	0.000000e+00	0.000000e+00	
40	1.606840e-07	0.000000e+00	0.000000e+00	0.000000e+00	
41	3.081400e-07	0.000000e+00	0.000000e+00	0.000000e+00	
42	6.030520e-07	0.000000e+00	0.000000e+00	0.000000e+00	
43	1.192876e-06	0.000000e+00	0.000000e+00	0.000000e+00	
44	2.372524e-06	0.000000e+00	0.000000e+00	0.000000e+00	
45	4.731820e-06	0.000000e+00	0.000000e+00	0.000000e+00	
46	9.450412e-06	0.000000e+00	0.000000e+00	0.000000e+00	
47	1.888760e-05	0.000000e+00	0.000000e+00	0.000000e+00	
48	2.888760e-05	0.000000e+00	0.000000e+00	0.000000e+00	
49	3.888760e-05	0.000000e+00	0.000000e+00	0.000000e+00	
50	4.888760e-05	0.000000e+00	0.000000e+00	0.000000e+00	
51	5.888760e-05	0.000000e+00	0.000000e+00	0.000000e+00	
52	6.888760e-05	0.000000e+00	0.000000e+00	0.000000e+00	
53	7.888760e-05	0.000000e+00	0.000000e+00	0.000000e+00	
54	8.888760e-05	0.000000e+00	0.000000e+00	0.000000e+00	

Index   time            v7#branch       v8#branch       v9#branch       
--------------------------------------------------------------------------------
55	9.888760e-05	0.000000e+00	0.000000e+00	0.000000e+00	
56	1.088876e-04	0.000000e+00	0.000000e+00	0.000000e+00	
57	1.188876e-04	0.000000e+00	0.000000e+00	0.000000e+00	
58	1.288876e-04	0.000000e+00	0.000000e+00	0.000000e+00	
59	1.388876e-04	0.000000e+00	0.000000e+00	0.000000e+00	
60	1.488876e-04	0.000000e+00	0.000000e+00	0.000000e+00	
61	1.588876e-04	0.000000e+00	0.000000e+00	0.000000e+00	
62	1.688876e-04	0.000000e+00	0.000000e+00	0.000000e+00	
63	1.788876e-04	0.000000e+00	0.000000e+00	0.000000e+00	
64	1.888876e-04	0.000000e+00	0.000000e+00	0.000000e+00	
65	1.988876e-04	0.000000e+00	0.000000e+00	0.000000e+00	
66	2.088876e-04	0.000000e+00	0.000000e+00	0.000000e+00	
67	2.188876e-04	0.000000e+00	0.000000e+00	0.000000e+00	
68	2.288876e-04	0.000000e+00	0.000000e+00	0.000000e+00	
69	2.388876e-04	0.000000e+00	0.000000e+00	0.000000e+00	
70	2.488876e-04	0.000000e+00	0.000000e+00	0.000000e+00	
71	2.588876e-04	0.000000e+00	0.000000e+00	0.000000e+00	
72	2.688876e-04	0.000000e+00	0.000000e+00	0.000000e+00	
73	2.788876e-04	0.000000e+00	0.000000e+00	0.000000e+00	
74	2.888876e-04	0.000000e+00	0.000000e+00	0.000000e+00	
75	2.988876e-04	0.000000e+00	0.000000e+00	0.000000e+00	
76	3.088876e-04	0.000000e+00	0.000000e+00	0.000000e+00	
77	3.188876e-04	0.000000e+00	0.000000e+00	0.000000e+00	
78	3.288876e-04	0.000000e+00	0.000000e+00	0.000000e+00	
79	3.388876e-04	0.000000e+00	0.000000e+00	0.000000e+00	
80	3.488876e-04	0.000000e+00	0.000000e+00	0.000000e+00	
81	3.588876e-04	0.000000e+00	0.000000e+00	0.000000e+00	
82	3.688876e-04	0.000000e+00	0.000000e+00	0.000000e+00	
83	3.788876e-04	0.000000e+00	0.000000e+00	0.000000e+00	
84	3.888876e-04	0.000000e+00	0.000000e+00	0.000000e+00	
85	3.988876e-04	0.000000e+00	0.000000e+00	0.000000e+00	
86	4.088876e-04	0.000000e+00	0.000000e+00	0.000000e+00	
87	4.188876e-04	0.000000e+00	0.000000e+00	0.000000e+00	
88	4.288876e-04	0.000000e+00	0.000000e+00	0.000000e+00	
89	4.388876e-04	0.000000e+00	0.000000e+00	0.000000e+00	
90	4.488876e-04	0.000000e+00	0.000000e+00	0.000000e+00	
91	4.588876e-04	0.000000e+00	0.000000e+00	0.000000e+00	
92	4.688876e-04	0.000000e+00	0.000000e+00	0.000000e+00	
93	4.788876e-04	0.000000e+00	0.000000e+00	0.000000e+00	
94	4.888876e-04	0.000000e+00	0.000000e+00	0.000000e+00	
95	4.988876e-04	0.000000e+00	0.000000e+00	0.000000e+00	
96	5.088876e-04	0.000000e+00	0.000000e+00	0.000000e+00	
97	5.188876e-04	0.000000e+00	0.000000e+00	0.000000e+00	
98	5.288876e-04	0.000000e+00	0.000000e+00	0.000000e+00	
99	5.388876e-04	0.000000e+00	0.000000e+00	0.000000e+00	
100	5.488876e-04	0.000000e+00	0.000000e+00	0.000000e+00	
101	5.588876e-04	0.000000e+00	0.000000e+00	0.000000e+00	
102	5.688876e-04	0.000000e+00	0.000000e+00	0.000000e+00	
103	5.788876e-04	0.000000e+00	0.000000e+00	0.000000e+00	
104	5.888876e-04	0.000000e+00	0.000000e+00	0.000000e+00	
105	5.988876e-04	0.000000e+00	0.000000e+00	0.000000e+00	
106	6.088876e-04	0.000000e+00	0.000000e+00	0.000000e+00	
107	6.188876e-04	0.000000e+00	0.000000e+00	0.000000e+00	
108	6.288876e-04	0.000000e+00	0.000000e+00	0.000000e+00	
109	6.388876e-04	0.000000e+00	0.000000e+00	0.000000e+00	
110	6.488876e-04	0.000000e+00	0.000000e+00	0.000000e+00	
111	6.588876e-04	0.000000e+00	0.000000e+00	0.000000e+00	
112	6.688876e-04	0.000000e+00	0.000000e+00	0.000000e+00	

Index   time            v7#branch       v8#branch       v9#branch       
--------------------------------------------------------------------------------
113	6.788876e-04	0.000000e+00	0.000000e+00	0.000000e+00	
114	6.888876e-04	0.000000e+00	0.000000e+00	0.000000e+00	
115	6.988876e-04	0.000000e+00	0.000000e+00	0.000000e+00	
116	7.088876e-04	0.000000e+00	0.000000e+00	0.000000e+00	
117	7.188876e-04	0.000000e+00	0.000000e+00	0.000000e+00	
118	7.288876e-04	0.000000e+00	0.000000e+00	0.000000e+00	
119	7.388876e-04	0.000000e+00	0.000000e+00	0.000000e+00	
120	7.488876e-04	0.000000e+00	0.000000e+00	0.000000e+00	
121	7.588876e-04	0.000000e+00	0.000000e+00	0.000000e+00	
122	7.688876e-04	0.000000e+00	0.000000e+00	0.000000e+00	
123	7.788876e-04	0.000000e+00	0.000000e+00	0.000000e+00	
124	7.888876e-04	0.000000e+00	0.000000e+00	0.000000e+00	
125	7.988876e-04	0.000000e+00	0.000000e+00	0.000000e+00	
126	8.088876e-04	0.000000e+00	0.000000e+00	0.000000e+00	
127	8.188876e-04	0.000000e+00	0.000000e+00	0.000000e+00	
128	8.288876e-04	0.000000e+00	0.000000e+00	0.000000e+00	
129	8.388876e-04	0.000000e+00	0.000000e+00	0.000000e+00	
130	8.488876e-04	0.000000e+00	0.000000e+00	0.000000e+00	
131	8.588876e-04	0.000000e+00	0.000000e+00	0.000000e+00	
132	8.688876e-04	0.000000e+00	0.000000e+00	0.000000e+00	
133	8.788876e-04	0.000000e+00	0.000000e+00	0.000000e+00	
134	8.888876e-04	0.000000e+00	0.000000e+00	0.000000e+00	
135	8.988876e-04	0.000000e+00	0.000000e+00	0.000000e+00	
136	9.088876e-04	0.000000e+00	0.000000e+00	0.000000e+00	
137	9.188876e-04	0.000000e+00	0.000000e+00	0.000000e+00	
138	9.288876e-04	0.000000e+00	0.000000e+00	0.000000e+00	
139	9.388876e-04	0.000000e+00	0.000000e+00	0.000000e+00	
140	9.488876e-04	0.000000e+00	0.000000e+00	0.000000e+00	
141	9.588876e-04	0.000000e+00	0.000000e+00	0.000000e+00	
142	9.688876e-04	0.000000e+00	0.000000e+00	0.000000e+00	
143	9.788876e-04	0.000000e+00	0.000000e+00	0.000000e+00	
144	9.888876e-04	0.000000e+00	0.000000e+00	0.000000e+00	
145	9.988876e-04	0.000000e+00	0.000000e+00	0.000000e+00	
146	1.000010e-03	0.000000e+00	0.000000e+00	0.000000e+00	
147	1.000011e-03	0.000000e+00	0.000000e+00	0.000000e+00	
148	1.000013e-03	0.000000e+00	0.000000e+00	0.000000e+00	
149	1.000016e-03	0.000000e+00	0.000000e+00	0.000000e+00	
150	1.000016e-03	0.000000e+00	0.000000e+00	0.000000e+00	
151	1.000016e-03	0.000000e+00	0.000000e+00	0.000000e+00	
152	1.000017e-03	0.000000e+00	0.000000e+00	0.000000e+00	
153	1.000017e-03	0.000000e+00	0.000000e+00	0.000000e+00	
154	1.000017e-03	0.000000e+00	0.000000e+00	0.000000e+00	
155	1.000017e-03	0.000000e+00	0.000000e+00	0.000000e+00	
156	1.000017e-03	0.000000e+00	0.000000e+00	0.000000e+00	
157	1.000018e-03	0.000000e+00	0.000000e+00	0.000000e+00	
158	1.000019e-03	0.000000e+00	0.000000e+00	0.000000e+00	
159	1.000019e-03	0.000000e+00	0.000000e+00	0.000000e+00	
160	1.000019e-03	0.000000e+00	0.000000e+00	0.000000e+00	
161	1.000019e-03	0.000000e+00	0.000000e+00	0.000000e+00	
162	1.000019e-03	0.000000e+00	0.000000e+00	0.000000e+00	
163	1.000019e-03	0.000000e+00	0.000000e+00	0.000000e+00	
164	1.000019e-03	0.000000e+00	0.000000e+00	0.000000e+00	
165	1.000019e-03	0.000000e+00	0.000000e+00	0.000000e+00	
166	1.000019e-03	0.000000e+00	0.000000e+00	0.000000e+00	
167	1.000019e-03	0.000000e+00	0.000000e+00	0.000000e+00	
168	1.000020e-03	0.000000e+00	0.000000e+00	0.000000e+00	
169	1.000020e-03	0.000000e+00	0.000000e+00	0.000000e+00	
170	1.000020e-03	0.000000e+00	0.000000e+00	0.000000e+00	

Index   time            v7#branch       v8#branch       v9#branch       
--------------------------------------------------------------------------------
171	1.000020e-03	0.000000e+00	0.000000e+00	0.000000e+00	
172	1.000020e-03	0.000000e+00	0.000000e+00	0.000000e+00	
173	1.000021e-03	0.000000e+00	0.000000e+00	0.000000e+00	
174	1.000022e-03	0.000000e+00	0.000000e+00	0.000000e+00	
175	1.000023e-03	0.000000e+00	0.000000e+00	0.000000e+00	
176	1.000027e-03	0.000000e+00	0.000000e+00	0.000000e+00	
177	1.000033e-03	0.000000e+00	0.000000e+00	0.000000e+00	
178	1.000046e-03	0.000000e+00	0.000000e+00	0.000000e+00	
179	1.000072e-03	0.000000e+00	0.000000e+00	0.000000e+00	
180	1.000125e-03	0.000000e+00	0.000000e+00	0.000000e+00	
181	1.000230e-03	0.000000e+00	0.000000e+00	0.000000e+00	
182	1.000439e-03	0.000000e+00	0.000000e+00	0.000000e+00	
183	1.000859e-03	0.000000e+00	0.000000e+00	0.000000e+00	
184	1.001698e-03	0.000000e+00	0.000000e+00	0.000000e+00	
185	1.003375e-03	0.000000e+00	0.000000e+00	0.000000e+00	
186	1.006731e-03	0.000000e+00	0.000000e+00	0.000000e+00	
187	1.013442e-03	0.000000e+00	0.000000e+00	0.000000e+00	
188	1.023442e-03	0.000000e+00	0.000000e+00	0.000000e+00	
189	1.033442e-03	0.000000e+00	0.000000e+00	0.000000e+00	
190	1.043442e-03	0.000000e+00	0.000000e+00	0.000000e+00	
191	1.053442e-03	0.000000e+00	0.000000e+00	0.000000e+00	
192	1.063442e-03	0.000000e+00	0.000000e+00	0.000000e+00	
193	1.073442e-03	0.000000e+00	0.000000e+00	0.000000e+00	
194	1.083442e-03	0.000000e+00	0.000000e+00	0.000000e+00	
195	1.093442e-03	0.000000e+00	0.000000e+00	0.000000e+00	
196	1.103442e-03	0.000000e+00	0.000000e+00	0.000000e+00	
197	1.113442e-03	0.000000e+00	0.000000e+00	0.000000e+00	
198	1.123442e-03	0.000000e+00	0.000000e+00	0.000000e+00	
199	1.133442e-03	0.000000e+00	0.000000e+00	0.000000e+00	
200	1.143442e-03	0.000000e+00	0.000000e+00	0.000000e+00	
201	1.153442e-03	0.000000e+00	0.000000e+00	0.000000e+00	
202	1.163442e-03	0.000000e+00	0.000000e+00	0.000000e+00	
203	1.173442e-03	0.000000e+00	0.000000e+00	0.000000e+00	
204	1.183442e-03	0.000000e+00	0.000000e+00	0.000000e+00	
205	1.193442e-03	0.000000e+00	0.000000e+00	0.000000e+00	
206	1.203442e-03	0.000000e+00	0.000000e+00	0.000000e+00	
207	1.213442e-03	0.000000e+00	0.000000e+00	0.000000e+00	
208	1.223442e-03	0.000000e+00	0.000000e+00	0.000000e+00	
209	1.233442e-03	0.000000e+00	0.000000e+00	0.000000e+00	
210	1.243442e-03	0.000000e+00	0.000000e+00	0.000000e+00	
211	1.253442e-03	0.000000e+00	0.000000e+00	0.000000e+00	
212	1.263442e-03	0.000000e+00	0.000000e+00	0.000000e+00	
213	1.273442e-03	0.000000e+00	0.000000e+00	0.000000e+00	
214	1.283442e-03	0.000000e+00	0.000000e+00	0.000000e+00	
215	1.293442e-03	0.000000e+00	0.000000e+00	0.000000e+00	
216	1.303442e-03	0.000000e+00	0.000000e+00	0.000000e+00	
217	1.313442e-03	0.000000e+00	0.000000e+00	0.000000e+00	
218	1.323442e-03	0.000000e+00	0.000000e+00	0.000000e+00	
219	1.333442e-03	0.000000e+00	0.000000e+00	0.000000e+00	
220	1.343442e-03	0.000000e+00	0.000000e+00	0.000000e+00	
221	1.353442e-03	0.000000e+00	0.000000e+00	0.000000e+00	
222	1.363442e-03	0.000000e+00	0.000000e+00	0.000000e+00	
223	1.373442e-03	0.000000e+00	0.000000e+00	0.000000e+00	
224	1.383442e-03	0.000000e+00	0.000000e+00	0.000000e+00	
225	1.393442e-03	0.000000e+00	0.000000e+00	0.000000e+00	
226	1.403442e-03	0.000000e+00	0.000000e+00	0.000000e+00	
227	1.413442e-03	0.000000e+00	0.000000e+00	0.000000e+00	
228	1.423442e-03	0.000000e+00	0.000000e+00	0.000000e+00	

Index   time            v7#branch       v8#branch       v9#branch       
--------------------------------------------------------------------------------
229	1.433442e-03	0.000000e+00	0.000000e+00	0.000000e+00	
230	1.443442e-03	0.000000e+00	0.000000e+00	0.000000e+00	
231	1.453442e-03	0.000000e+00	0.000000e+00	0.000000e+00	
232	1.463442e-03	0.000000e+00	0.000000e+00	0.000000e+00	
233	1.473442e-03	0.000000e+00	0.000000e+00	0.000000e+00	
234	1.483442e-03	0.000000e+00	0.000000e+00	0.000000e+00	
235	1.493442e-03	0.000000e+00	0.000000e+00	0.000000e+00	
236	1.503442e-03	0.000000e+00	0.000000e+00	0.000000e+00	
237	1.513442e-03	0.000000e+00	0.000000e+00	0.000000e+00	
238	1.523442e-03	0.000000e+00	0.000000e+00	0.000000e+00	
239	1.533442e-03	0.000000e+00	0.000000e+00	0.000000e+00	
240	1.543442e-03	0.000000e+00	0.000000e+00	0.000000e+00	
241	1.553442e-03	0.000000e+00	0.000000e+00	0.000000e+00	
242	1.563442e-03	0.000000e+00	0.000000e+00	0.000000e+00	
243	1.573442e-03	0.000000e+00	0.000000e+00	0.000000e+00	
244	1.583442e-03	0.000000e+00	0.000000e+00	0.000000e+00	
245	1.593442e-03	0.000000e+00	0.000000e+00	0.000000e+00	
246	1.603442e-03	0.000000e+00	0.000000e+00	0.000000e+00	
247	1.613442e-03	0.000000e+00	0.000000e+00	0.000000e+00	
248	1.623442e-03	0.000000e+00	0.000000e+00	0.000000e+00	
249	1.633442e-03	0.000000e+00	0.000000e+00	0.000000e+00	
250	1.643442e-03	0.000000e+00	0.000000e+00	0.000000e+00	
251	1.653442e-03	0.000000e+00	0.000000e+00	0.000000e+00	
252	1.663442e-03	0.000000e+00	0.000000e+00	0.000000e+00	
253	1.673442e-03	0.000000e+00	0.000000e+00	0.000000e+00	
254	1.683442e-03	0.000000e+00	0.000000e+00	0.000000e+00	
255	1.693442e-03	0.000000e+00	0.000000e+00	0.000000e+00	
256	1.703442e-03	0.000000e+00	0.000000e+00	0.000000e+00	
257	1.713442e-03	0.000000e+00	0.000000e+00	0.000000e+00	
258	1.723442e-03	0.000000e+00	0.000000e+00	0.000000e+00	
259	1.733442e-03	0.000000e+00	0.000000e+00	0.000000e+00	
260	1.743442e-03	0.000000e+00	0.000000e+00	0.000000e+00	
261	1.753442e-03	0.000000e+00	0.000000e+00	0.000000e+00	
262	1.763442e-03	0.000000e+00	0.000000e+00	0.000000e+00	
263	1.773442e-03	0.000000e+00	0.000000e+00	0.000000e+00	
264	1.783442e-03	0.000000e+00	0.000000e+00	0.000000e+00	
265	1.793442e-03	0.000000e+00	0.000000e+00	0.000000e+00	
266	1.803442e-03	0.000000e+00	0.000000e+00	0.000000e+00	
267	1.813442e-03	0.000000e+00	0.000000e+00	0.000000e+00	
268	1.823442e-03	0.000000e+00	0.000000e+00	0.000000e+00	
269	1.833442e-03	0.000000e+00	0.000000e+00	0.000000e+00	
270	1.843442e-03	0.000000e+00	0.000000e+00	0.000000e+00	
271	1.853442e-03	0.000000e+00	0.000000e+00	0.000000e+00	
272	1.863442e-03	0.000000e+00	0.000000e+00	0.000000e+00	
273	1.873442e-03	0.000000e+00	0.000000e+00	0.000000e+00	
274	1.883442e-03	0.000000e+00	0.000000e+00	0.000000e+00	
275	1.893442e-03	0.000000e+00	0.000000e+00	0.000000e+00	
276	1.903442e-03	0.000000e+00	0.000000e+00	0.000000e+00	
277	1.913442e-03	0.000000e+00	0.000000e+00	0.000000e+00	
278	1.923442e-03	0.000000e+00	0.000000e+00	0.000000e+00	
279	1.933442e-03	0.000000e+00	0.000000e+00	0.000000e+00	
280	1.943442e-03	0.000000e+00	0.000000e+00	0.000000e+00	
281	1.953442e-03	0.000000e+00	0.000000e+00	0.000000e+00	
282	1.963442e-03	0.000000e+00	0.000000e+00	0.000000e+00	
283	1.973442e-03	0.000000e+00	0.000000e+00	0.000000e+00	
284	1.983442e-03	0.000000e+00	0.000000e+00	0.000000e+00	
285	1.993442e-03	0.000000e+00	0.000000e+00	0.000000e+00	
286	2.000000e-03	0.000000e+00	0.000000e+00	0.000000e+00	

Index   time            v7#branch       v8#branch       v9#branch       
--------------------------------------------------------------------------------
287	2.000001e-03	0.000000e+00	0.000000e+00	0.000000e+00	
288	2.000003e-03	0.000000e+00	0.000000e+00	0.000000e+00	
289	2.000007e-03	0.000000e+00	0.000000e+00	0.000000e+00	
290	2.000010e-03	0.000000e+00	0.000000e+00	0.000000e+00	
291	2.000010e-03	0.000000e+00	0.000000e+00	0.000000e+00	
292	2.000010e-03	0.000000e+00	0.000000e+00	0.000000e+00	
293	2.000010e-03	0.000000e+00	0.000000e+00	0.000000e+00	
294	2.000010e-03	0.000000e+00	0.000000e+00	0.000000e+00	
295	2.000010e-03	0.000000e+00	0.000000e+00	0.000000e+00	
296	2.000010e-03	0.000000e+00	0.000000e+00	0.000000e+00	
297	2.000010e-03	0.000000e+00	0.000000e+00	0.000000e+00	
298	2.000010e-03	0.000000e+00	0.000000e+00	0.000000e+00	
299	2.000010e-03	0.000000e+00	0.000000e+00	0.000000e+00	
300	2.000011e-03	0.000000e+00	0.000000e+00	0.000000e+00	
301	2.000011e-03	0.000000e+00	0.000000e+00	0.000000e+00	
302	2.000012e-03	0.000000e+00	0.000000e+00	0.000000e+00	
303	2.000013e-03	0.000000e+00	0.000000e+00	0.000000e+00	
304	2.000013e-03	0.000000e+00	0.000000e+00	0.000000e+00	
305	2.000013e-03	0.000000e+00	0.000000e+00	0.000000e+00	
306	2.000014e-03	0.000000e+00	0.000000e+00	0.000000e+00	
307	2.000014e-03	0.000000e+00	0.000000e+00	0.000000e+00	
308	2.000014e-03	0.000000e+00	0.000000e+00	0.000000e+00	
309	2.000014e-03	0.000000e+00	0.000000e+00	0.000000e+00	
310	2.000014e-03	0.000000e+00	0.000000e+00	0.000000e+00	
311	2.000015e-03	0.000000e+00	0.000000e+00	0.000000e+00	
312	2.000016e-03	0.000000e+00	0.000000e+00	0.000000e+00	
313	2.000018e-03	0.000000e+00	0.000000e+00	0.000000e+00	
314	2.000023e-03	0.000000e+00	0.000000e+00	0.000000e+00	
315	2.000032e-03	0.000000e+00	0.000000e+00	0.000000e+00	
316	2.000051e-03	0.000000e+00	0.000000e+00	0.000000e+00	
317	2.000088e-03	0.000000e+00	0.000000e+00	0.000000e+00	
318	2.000161e-03	0.000000e+00	0.000000e+00	0.000000e+00	
319	2.000309e-03	0.000000e+00	0.000000e+00	0.000000e+00	
320	2.000604e-03	0.000000e+00	0.000000e+00	0.000000e+00	
321	2.001193e-03	0.000000e+00	0.000000e+00	0.000000e+00	
322	2.002373e-03	0.000000e+00	0.000000e+00	0.000000e+00	
323	2.004732e-03	0.000000e+00	0.000000e+00	0.000000e+00	
324	2.009451e-03	0.000000e+00	0.000000e+00	0.000000e+00	
325	2.018888e-03	0.000000e+00	0.000000e+00	0.000000e+00	
326	2.028888e-03	0.000000e+00	0.000000e+00	0.000000e+00	
327	2.038888e-03	0.000000e+00	0.000000e+00	0.000000e+00	
328	2.048888e-03	0.000000e+00	0.000000e+00	0.000000e+00	
329	2.058888e-03	0.000000e+00	0.000000e+00	0.000000e+00	
330	2.068888e-03	0.000000e+00	0.000000e+00	0.000000e+00	
331	2.078888e-03	0.000000e+00	0.000000e+00	0.000000e+00	
332	2.088888e-03	0.000000e+00	0.000000e+00	0.000000e+00	
333	2.098888e-03	0.000000e+00	0.000000e+00	0.000000e+00	
334	2.108888e-03	0.000000e+00	0.000000e+00	0.000000e+00	
335	2.118888e-03	0.000000e+00	0.000000e+00	0.000000e+00	
336	2.128888e-03	0.000000e+00	0.000000e+00	0.000000e+00	
337	2.138888e-03	0.000000e+00	0.000000e+00	0.000000e+00	
338	2.148888e-03	0.000000e+00	0.000000e+00	0.000000e+00	
339	2.158888e-03	0.000000e+00	0.000000e+00	0.000000e+00	
340	2.168888e-03	0.000000e+00	0.000000e+00	0.000000e+00	
341	2.178888e-03	0.000000e+00	0.000000e+00	0.000000e+00	
342	2.188888e-03	0.000000e+00	0.000000e+00	0.000000e+00	
343	2.198888e-03	0.000000e+00	0.000000e+00	0.000000e+00	
344	2.208888e-03	0.000000e+00	0.000000e+00	0.000000e+00	

Index   time            v7#branch       v8#branch       v9#branch       
--------------------------------------------------------------------------------
345	2.218888e-03	0.000000e+00	0.000000e+00	0.000000e+00	
346	2.228888e-03	0.000000e+00	0.000000e+00	0.000000e+00	
347	2.238888e-03	0.000000e+00	0.000000e+00	0.000000e+00	
348	2.248888e-03	0.000000e+00	0.000000e+00	0.000000e+00	
349	2.258888e-03	0.000000e+00	0.000000e+00	0.000000e+00	
350	2.268888e-03	0.000000e+00	0.000000e+00	0.000000e+00	
351	2.278888e-03	0.000000e+00	0.000000e+00	0.000000e+00	
352	2.288888e-03	0.000000e+00	0.000000e+00	0.000000e+00	
353	2.298888e-03	0.000000e+00	0.000000e+00	0.000000e+00	
354	2.308888e-03	0.000000e+00	0.000000e+00	0.000000e+00	
355	2.318888e-03	0.000000e+00	0.000000e+00	0.000000e+00	
356	2.328888e-03	0.000000e+00	0.000000e+00	0.000000e+00	
357	2.338888e-03	0.000000e+00	0.000000e+00	0.000000e+00	
358	2.348888e-03	0.000000e+00	0.000000e+00	0.000000e+00	
359	2.358888e-03	0.000000e+00	0.000000e+00	0.000000e+00	
360	2.368888e-03	0.000000e+00	0.000000e+00	0.000000e+00	
361	2.378888e-03	0.000000e+00	0.000000e+00	0.000000e+00	
362	2.388888e-03	0.000000e+00	0.000000e+00	0.000000e+00	
363	2.398888e-03	0.000000e+00	0.000000e+00	0.000000e+00	
364	2.408888e-03	0.000000e+00	0.000000e+00	0.000000e+00	
365	2.418888e-03	0.000000e+00	0.000000e+00	0.000000e+00	
366	2.428888e-03	0.000000e+00	0.000000e+00	0.000000e+00	
367	2.438888e-03	0.000000e+00	0.000000e+00	0.000000e+00	
368	2.448888e-03	0.000000e+00	0.000000e+00	0.000000e+00	
369	2.458888e-03	0.000000e+00	0.000000e+00	0.000000e+00	
370	2.468888e-03	0.000000e+00	0.000000e+00	0.000000e+00	
371	2.478888e-03	0.000000e+00	0.000000e+00	0.000000e+00	
372	2.488888e-03	0.000000e+00	0.000000e+00	0.000000e+00	
373	2.498888e-03	0.000000e+00	0.000000e+00	0.000000e+00	
374	2.508888e-03	0.000000e+00	0.000000e+00	0.000000e+00	
375	2.518888e-03	0.000000e+00	0.000000e+00	0.000000e+00	
376	2.528888e-03	0.000000e+00	0.000000e+00	0.000000e+00	
377	2.538888e-03	0.000000e+00	0.000000e+00	0.000000e+00	
378	2.548888e-03	0.000000e+00	0.000000e+00	0.000000e+00	
379	2.558888e-03	0.000000e+00	0.000000e+00	0.000000e+00	
380	2.568888e-03	0.000000e+00	0.000000e+00	0.000000e+00	
381	2.578888e-03	0.000000e+00	0.000000e+00	0.000000e+00	
382	2.588888e-03	0.000000e+00	0.000000e+00	0.000000e+00	
383	2.598888e-03	0.000000e+00	0.000000e+00	0.000000e+00	
384	2.608888e-03	0.000000e+00	0.000000e+00	0.000000e+00	
385	2.618888e-03	0.000000e+00	0.000000e+00	0.000000e+00	
386	2.628888e-03	0.000000e+00	0.000000e+00	0.000000e+00	
387	2.638888e-03	0.000000e+00	0.000000e+00	0.000000e+00	
388	2.648888e-03	0.000000e+00	0.000000e+00	0.000000e+00	
389	2.658888e-03	0.000000e+00	0.000000e+00	0.000000e+00	
390	2.668888e-03	0.000000e+00	0.000000e+00	0.000000e+00	
391	2.678888e-03	0.000000e+00	0.000000e+00	0.000000e+00	
392	2.688888e-03	0.000000e+00	0.000000e+00	0.000000e+00	
393	2.698888e-03	0.000000e+00	0.000000e+00	0.000000e+00	
394	2.708888e-03	0.000000e+00	0.000000e+00	0.000000e+00	
395	2.718888e-03	0.000000e+00	0.000000e+00	0.000000e+00	
396	2.728888e-03	0.000000e+00	0.000000e+00	0.000000e+00	
397	2.738888e-03	0.000000e+00	0.000000e+00	0.000000e+00	
398	2.748888e-03	0.000000e+00	0.000000e+00	0.000000e+00	
399	2.758888e-03	0.000000e+00	0.000000e+00	0.000000e+00	
400	2.768888e-03	0.000000e+00	0.000000e+00	0.000000e+00	
401	2.778888e-03	0.000000e+00	0.000000e+00	0.000000e+00	
402	2.788888e-03	0.000000e+00	0.000000e+00	0.000000e+00	

Index   time            v7#branch       v8#branch       v9#branch       
--------------------------------------------------------------------------------
403	2.798888e-03	0.000000e+00	0.000000e+00	0.000000e+00	
404	2.808888e-03	0.000000e+00	0.000000e+00	0.000000e+00	
405	2.818888e-03	0.000000e+00	0.000000e+00	0.000000e+00	
406	2.828888e-03	0.000000e+00	0.000000e+00	0.000000e+00	
407	2.838888e-03	0.000000e+00	0.000000e+00	0.000000e+00	
408	2.848888e-03	0.000000e+00	0.000000e+00	0.000000e+00	
409	2.858888e-03	0.000000e+00	0.000000e+00	0.000000e+00	
410	2.868888e-03	0.000000e+00	0.000000e+00	0.000000e+00	
411	2.878888e-03	0.000000e+00	0.000000e+00	0.000000e+00	
412	2.888888e-03	0.000000e+00	0.000000e+00	0.000000e+00	
413	2.898888e-03	0.000000e+00	0.000000e+00	0.000000e+00	
414	2.908888e-03	0.000000e+00	0.000000e+00	0.000000e+00	
415	2.918888e-03	0.000000e+00	0.000000e+00	0.000000e+00	
416	2.928888e-03	0.000000e+00	0.000000e+00	0.000000e+00	
417	2.938888e-03	0.000000e+00	0.000000e+00	0.000000e+00	
418	2.948888e-03	0.000000e+00	0.000000e+00	0.000000e+00	
419	2.958888e-03	0.000000e+00	0.000000e+00	0.000000e+00	
420	2.968888e-03	0.000000e+00	0.000000e+00	0.000000e+00	
421	2.978888e-03	0.000000e+00	0.000000e+00	0.000000e+00	
422	2.988888e-03	0.000000e+00	0.000000e+00	0.000000e+00	
423	2.998888e-03	0.000000e+00	0.000000e+00	0.000000e+00	
424	3.000010e-03	0.000000e+00	0.000000e+00	0.000000e+00	
425	3.000011e-03	0.000000e+00	0.000000e+00	0.000000e+00	
426	3.000013e-03	0.000000e+00	0.000000e+00	0.000000e+00	
427	3.000016e-03	0.000000e+00	0.000000e+00	0.000000e+00	
428	3.000016e-03	0.000000e+00	0.000000e+00	0.000000e+00	
429	3.000016e-03	0.000000e+00	0.000000e+00	0.000000e+00	
430	3.000017e-03	0.000000e+00	0.000000e+00	0.000000e+00	
431	3.000017e-03	0.000000e+00	0.000000e+00	0.000000e+00	
432	3.000017e-03	0.000000e+00	0.000000e+00	0.000000e+00	
433	3.000017e-03	0.000000e+00	0.000000e+00	0.000000e+00	
434	3.000017e-03	0.000000e+00	0.000000e+00	0.000000e+00	
435	3.000018e-03	0.000000e+00	0.000000e+00	0.000000e+00	
436	3.000019e-03	0.000000e+00	0.000000e+00	0.000000e+00	
437	3.000019e-03	0.000000e+00	0.000000e+00	0.000000e+00	
438	3.000019e-03	0.000000e+00	0.000000e+00	0.000000e+00	
439	3.000019e-03	0.000000e+00	0.000000e+00	0.000000e+00	
440	3.000019e-03	0.000000e+00	0.000000e+00	0.000000e+00	
441	3.000019e-03	0.000000e+00	0.000000e+00	0.000000e+00	
442	3.000019e-03	0.000000e+00	0.000000e+00	0.000000e+00	
443	3.000019e-03	0.000000e+00	0.000000e+00	0.000000e+00	
444	3.000019e-03	0.000000e+00	0.000000e+00	0.000000e+00	
445	3.000019e-03	0.000000e+00	0.000000e+00	0.000000e+00	
446	3.000020e-03	0.000000e+00	0.000000e+00	0.000000e+00	
447	3.000020e-03	0.000000e+00	0.000000e+00	0.000000e+00	
448	3.000020e-03	0.000000e+00	0.000000e+00	0.000000e+00	
449	3.000020e-03	0.000000e+00	0.000000e+00	0.000000e+00	
450	3.000020e-03	0.000000e+00	0.000000e+00	0.000000e+00	
451	3.000021e-03	0.000000e+00	0.000000e+00	0.000000e+00	
452	3.000022e-03	0.000000e+00	0.000000e+00	0.000000e+00	
453	3.000023e-03	0.000000e+00	0.000000e+00	0.000000e+00	
454	3.000027e-03	0.000000e+00	0.000000e+00	0.000000e+00	
455	3.000033e-03	0.000000e+00	0.000000e+00	0.000000e+00	
456	3.000046e-03	0.000000e+00	0.000000e+00	0.000000e+00	
457	3.000072e-03	0.000000e+00	0.000000e+00	0.000000e+00	
458	3.000125e-03	0.000000e+00	0.000000e+00	0.000000e+00	
459	3.000230e-03	0.000000e+00	0.000000e+00	0.000000e+00	
460	3.000439e-03	0.000000e+00	0.000000e+00	0.000000e+00	

Index   time            v7#branch       v8#branch       v9#branch       
--------------------------------------------------------------------------------
461	3.000859e-03	0.000000e+00	0.000000e+00	0.000000e+00	
462	3.001698e-03	0.000000e+00	0.000000e+00	0.000000e+00	
463	3.003375e-03	0.000000e+00	0.000000e+00	0.000000e+00	
464	3.006731e-03	0.000000e+00	0.000000e+00	0.000000e+00	
465	3.013442e-03	0.000000e+00	0.000000e+00	0.000000e+00	
466	3.023442e-03	0.000000e+00	0.000000e+00	0.000000e+00	
467	3.033442e-03	0.000000e+00	0.000000e+00	0.000000e+00	
468	3.043442e-03	0.000000e+00	0.000000e+00	0.000000e+00	
469	3.053442e-03	0.000000e+00	0.000000e+00	0.000000e+00	
470	3.063442e-03	0.000000e+00	0.000000e+00	0.000000e+00	
471	3.073442e-03	0.000000e+00	0.000000e+00	0.000000e+00	
472	3.083442e-03	0.000000e+00	0.000000e+00	0.000000e+00	
473	3.093442e-03	0.000000e+00	0.000000e+00	0.000000e+00	
474	3.103442e-03	0.000000e+00	0.000000e+00	0.000000e+00	
475	3.113442e-03	0.000000e+00	0.000000e+00	0.000000e+00	
476	3.123442e-03	0.000000e+00	0.000000e+00	0.000000e+00	
477	3.133442e-03	0.000000e+00	0.000000e+00	0.000000e+00	
478	3.143442e-03	0.000000e+00	0.000000e+00	0.000000e+00	
479	3.153442e-03	0.000000e+00	0.000000e+00	0.000000e+00	
480	3.163442e-03	0.000000e+00	0.000000e+00	0.000000e+00	
481	3.173442e-03	0.000000e+00	0.000000e+00	0.000000e+00	
482	3.183442e-03	0.000000e+00	0.000000e+00	0.000000e+00	
483	3.193442e-03	0.000000e+00	0.000000e+00	0.000000e+00	
484	3.203442e-03	0.000000e+00	0.000000e+00	0.000000e+00	
485	3.213442e-03	0.000000e+00	0.000000e+00	0.000000e+00	
486	3.223442e-03	0.000000e+00	0.000000e+00	0.000000e+00	
487	3.233442e-03	0.000000e+00	0.000000e+00	0.000000e+00	
488	3.243442e-03	0.000000e+00	0.000000e+00	0.000000e+00	
489	3.253442e-03	0.000000e+00	0.000000e+00	0.000000e+00	
490	3.263442e-03	0.000000e+00	0.000000e+00	0.000000e+00	
491	3.273442e-03	0.000000e+00	0.000000e+00	0.000000e+00	
492	3.283442e-03	0.000000e+00	0.000000e+00	0.000000e+00	
493	3.293442e-03	0.000000e+00	0.000000e+00	0.000000e+00	
494	3.303442e-03	0.000000e+00	0.000000e+00	0.000000e+00	
495	3.313442e-03	0.000000e+00	0.000000e+00	0.000000e+00	
496	3.323442e-03	0.000000e+00	0.000000e+00	0.000000e+00	
497	3.333442e-03	0.000000e+00	0.000000e+00	0.000000e+00	
498	3.343442e-03	0.000000e+00	0.000000e+00	0.000000e+00	
499	3.353442e-03	0.000000e+00	0.000000e+00	0.000000e+00	
500	3.363442e-03	0.000000e+00	0.000000e+00	0.000000e+00	
501	3.373442e-03	0.000000e+00	0.000000e+00	0.000000e+00	
502	3.383442e-03	0.000000e+00	0.000000e+00	0.000000e+00	
503	3.393442e-03	0.000000e+00	0.000000e+00	0.000000e+00	
504	3.403442e-03	0.000000e+00	0.000000e+00	0.000000e+00	
505	3.413442e-03	0.000000e+00	0.000000e+00	0.000000e+00	
506	3.423442e-03	0.000000e+00	0.000000e+00	0.000000e+00	
507	3.433442e-03	0.000000e+00	0.000000e+00	0.000000e+00	
508	3.443442e-03	0.000000e+00	0.000000e+00	0.000000e+00	
509	3.453442e-03	0.000000e+00	0.000000e+00	0.000000e+00	
510	3.463442e-03	0.000000e+00	0.000000e+00	0.000000e+00	
511	3.473442e-03	0.000000e+00	0.000000e+00	0.000000e+00	
512	3.483442e-03	0.000000e+00	0.000000e+00	0.000000e+00	
513	3.493442e-03	0.000000e+00	0.000000e+00	0.000000e+00	
514	3.503442e-03	0.000000e+00	0.000000e+00	0.000000e+00	
515	3.513442e-03	0.000000e+00	0.000000e+00	0.000000e+00	
516	3.523442e-03	0.000000e+00	0.000000e+00	0.000000e+00	
517	3.533442e-03	0.000000e+00	0.000000e+00	0.000000e+00	
518	3.543442e-03	0.000000e+00	0.000000e+00	0.000000e+00	

Index   time            v7#branch       v8#branch       v9#branch       
--------------------------------------------------------------------------------
519	3.553442e-03	0.000000e+00	0.000000e+00	0.000000e+00	
520	3.563442e-03	0.000000e+00	0.000000e+00	0.000000e+00	
521	3.573442e-03	0.000000e+00	0.000000e+00	0.000000e+00	
522	3.583442e-03	0.000000e+00	0.000000e+00	0.000000e+00	
523	3.593442e-03	0.000000e+00	0.000000e+00	0.000000e+00	
524	3.603442e-03	0.000000e+00	0.000000e+00	0.000000e+00	
525	3.613442e-03	0.000000e+00	0.000000e+00	0.000000e+00	
526	3.623442e-03	0.000000e+00	0.000000e+00	0.000000e+00	
527	3.633442e-03	0.000000e+00	0.000000e+00	0.000000e+00	
528	3.643442e-03	0.000000e+00	0.000000e+00	0.000000e+00	
529	3.653442e-03	0.000000e+00	0.000000e+00	0.000000e+00	
530	3.663442e-03	0.000000e+00	0.000000e+00	0.000000e+00	
531	3.673442e-03	0.000000e+00	0.000000e+00	0.000000e+00	
532	3.683442e-03	0.000000e+00	0.000000e+00	0.000000e+00	
533	3.693442e-03	0.000000e+00	0.000000e+00	0.000000e+00	
534	3.703442e-03	0.000000e+00	0.000000e+00	0.000000e+00	
535	3.713442e-03	0.000000e+00	0.000000e+00	0.000000e+00	
536	3.723442e-03	0.000000e+00	0.000000e+00	0.000000e+00	
537	3.733442e-03	0.000000e+00	0.000000e+00	0.000000e+00	
538	3.743442e-03	0.000000e+00	0.000000e+00	0.000000e+00	
539	3.753442e-03	0.000000e+00	0.000000e+00	0.000000e+00	
540	3.763442e-03	0.000000e+00	0.000000e+00	0.000000e+00	
541	3.773442e-03	0.000000e+00	0.000000e+00	0.000000e+00	
542	3.783442e-03	0.000000e+00	0.000000e+00	0.000000e+00	
543	3.793442e-03	0.000000e+00	0.000000e+00	0.000000e+00	
544	3.803442e-03	0.000000e+00	0.000000e+00	0.000000e+00	
545	3.813442e-03	0.000000e+00	0.000000e+00	0.000000e+00	
546	3.823442e-03	0.000000e+00	0.000000e+00	0.000000e+00	
547	3.833442e-03	0.000000e+00	0.000000e+00	0.000000e+00	
548	3.843442e-03	0.000000e+00	0.000000e+00	0.000000e+00	
549	3.853442e-03	0.000000e+00	0.000000e+00	0.000000e+00	
550	3.863442e-03	0.000000e+00	0.000000e+00	0.000000e+00	
551	3.873442e-03	0.000000e+00	0.000000e+00	0.000000e+00	
552	3.883442e-03	0.000000e+00	0.000000e+00	0.000000e+00	
553	3.893442e-03	0.000000e+00	0.000000e+00	0.000000e+00	
554	3.903442e-03	0.000000e+00	0.000000e+00	0.000000e+00	
555	3.913442e-03	0.000000e+00	0.000000e+00	0.000000e+00	
556	3.923442e-03	0.000000e+00	0.000000e+00	0.000000e+00	
557	3.933442e-03	0.000000e+00	0.000000e+00	0.000000e+00	
558	3.943442e-03	0.000000e+00	0.000000e+00	0.000000e+00	
559	3.953442e-03	0.000000e+00	0.000000e+00	0.000000e+00	
560	3.963442e-03	0.000000e+00	0.000000e+00	0.000000e+00	
561	3.973442e-03	0.000000e+00	0.000000e+00	0.000000e+00	
562	3.983442e-03	0.000000e+00	0.000000e+00	0.000000e+00	
563	3.993442e-03	0.000000e+00	0.000000e+00	0.000000e+00	
564	4.000000e-03	0.000000e+00	0.000000e+00	0.000000e+00	

                                kicad schematic
                                Transient Analysis  Sat Nov 15 11:04:37  2025
--------------------------------------------------------------------------------
Index   time            v13#branch      
--------------------------------------------------------------------------------
0	0.000000e+00	0.000000e+00	
1	1.000000e-10	0.000000e+00	
2	2.000000e-10	0.000000e+00	
3	4.000000e-10	0.000000e+00	
4	8.000000e-10	0.000000e+00	
5	1.600000e-09	0.000000e+00	
6	3.200000e-09	0.000000e+00	
7	6.400000e-09	0.000000e+00	
8	9.400000e-09	0.000000e+00	
9	9.410000e-09	0.000000e+00	
10	9.430000e-09	0.000000e+00	
11	9.470000e-09	0.000000e+00	
12	9.500000e-09	0.000000e+00	
13	9.508000e-09	0.000000e+00	
14	9.524000e-09	0.000000e+00	
15	9.556000e-09	0.000000e+00	
16	9.620000e-09	0.000000e+00	
17	9.748000e-09	0.000000e+00	
18	1.000000e-08	0.000000e+00	
19	1.002560e-08	0.000000e+00	
20	1.007680e-08	0.000000e+00	
21	1.017920e-08	0.000000e+00	
22	1.038400e-08	0.000000e+00	
23	1.079360e-08	0.000000e+00	
24	1.161280e-08	0.000000e+00	
25	1.240000e-08	0.000000e+00	
26	1.249000e-08	0.000000e+00	
27	1.267000e-08	0.000000e+00	
28	1.303000e-08	0.000000e+00	
29	1.330000e-08	0.000000e+00	
30	1.337200e-08	0.000000e+00	
31	1.351600e-08	0.000000e+00	
32	1.380400e-08	0.000000e+00	
33	1.438000e-08	0.000000e+00	
34	1.553200e-08	0.000000e+00	
35	1.783600e-08	0.000000e+00	
36	2.244400e-08	0.000000e+00	
37	3.166000e-08	0.000000e+00	
38	5.009200e-08	0.000000e+00	
39	8.695600e-08	0.000000e+00	
40	1.606840e-07	0.000000e+00	
41	3.081400e-07	0.000000e+00	
42	6.030520e-07	0.000000e+00	
43	1.192876e-06	0.000000e+00	
44	2.372524e-06	0.000000e+00	
45	4.731820e-06	0.000000e+00	
46	9.450412e-06	0.000000e+00	
47	1.888760e-05	0.000000e+00	
48	2.888760e-05	0.000000e+00	
49	3.888760e-05	0.000000e+00	
50	4.888760e-05	0.000000e+00	
51	5.888760e-05	0.000000e+00	
52	6.888760e-05	0.000000e+00	
53	7.888760e-05	0.000000e+00	
54	8.888760e-05	0.000000e+00	

Index   time            v13#branch      
--------------------------------------------------------------------------------
55	9.888760e-05	0.000000e+00	
56	1.088876e-04	0.000000e+00	
57	1.188876e-04	0.000000e+00	
58	1.288876e-04	0.000000e+00	
59	1.388876e-04	0.000000e+00	
60	1.488876e-04	0.000000e+00	
61	1.588876e-04	0.000000e+00	
62	1.688876e-04	0.000000e+00	
63	1.788876e-04	0.000000e+00	
64	1.888876e-04	0.000000e+00	
65	1.988876e-04	0.000000e+00	
66	2.088876e-04	0.000000e+00	
67	2.188876e-04	0.000000e+00	
68	2.288876e-04	0.000000e+00	
69	2.388876e-04	0.000000e+00	
70	2.488876e-04	0.000000e+00	
71	2.588876e-04	0.000000e+00	
72	2.688876e-04	0.000000e+00	
73	2.788876e-04	0.000000e+00	
74	2.888876e-04	0.000000e+00	
75	2.988876e-04	0.000000e+00	
76	3.088876e-04	0.000000e+00	
77	3.188876e-04	0.000000e+00	
78	3.288876e-04	0.000000e+00	
79	3.388876e-04	0.000000e+00	
80	3.488876e-04	0.000000e+00	
81	3.588876e-04	0.000000e+00	
82	3.688876e-04	0.000000e+00	
83	3.788876e-04	0.000000e+00	
84	3.888876e-04	0.000000e+00	
85	3.988876e-04	0.000000e+00	
86	4.088876e-04	0.000000e+00	
87	4.188876e-04	0.000000e+00	
88	4.288876e-04	0.000000e+00	
89	4.388876e-04	0.000000e+00	
90	4.488876e-04	0.000000e+00	
91	4.588876e-04	0.000000e+00	
92	4.688876e-04	0.000000e+00	
93	4.788876e-04	0.000000e+00	
94	4.888876e-04	0.000000e+00	
95	4.988876e-04	0.000000e+00	
96	5.088876e-04	0.000000e+00	
97	5.188876e-04	0.000000e+00	
98	5.288876e-04	0.000000e+00	
99	5.388876e-04	0.000000e+00	
100	5.488876e-04	0.000000e+00	
101	5.588876e-04	0.000000e+00	
102	5.688876e-04	0.000000e+00	
103	5.788876e-04	0.000000e+00	
104	5.888876e-04	0.000000e+00	
105	5.988876e-04	0.000000e+00	
106	6.088876e-04	0.000000e+00	
107	6.188876e-04	0.000000e+00	
108	6.288876e-04	0.000000e+00	
109	6.388876e-04	0.000000e+00	
110	6.488876e-04	0.000000e+00	
111	6.588876e-04	0.000000e+00	
112	6.688876e-04	0.000000e+00	

Index   time            v13#branch      
--------------------------------------------------------------------------------
113	6.788876e-04	0.000000e+00	
114	6.888876e-04	0.000000e+00	
115	6.988876e-04	0.000000e+00	
116	7.088876e-04	0.000000e+00	
117	7.188876e-04	0.000000e+00	
118	7.288876e-04	0.000000e+00	
119	7.388876e-04	0.000000e+00	
120	7.488876e-04	0.000000e+00	
121	7.588876e-04	0.000000e+00	
122	7.688876e-04	0.000000e+00	
123	7.788876e-04	0.000000e+00	
124	7.888876e-04	0.000000e+00	
125	7.988876e-04	0.000000e+00	
126	8.088876e-04	0.000000e+00	
127	8.188876e-04	0.000000e+00	
128	8.288876e-04	0.000000e+00	
129	8.388876e-04	0.000000e+00	
130	8.488876e-04	0.000000e+00	
131	8.588876e-04	0.000000e+00	
132	8.688876e-04	0.000000e+00	
133	8.788876e-04	0.000000e+00	
134	8.888876e-04	0.000000e+00	
135	8.988876e-04	0.000000e+00	
136	9.088876e-04	0.000000e+00	
137	9.188876e-04	0.000000e+00	
138	9.288876e-04	0.000000e+00	
139	9.388876e-04	0.000000e+00	
140	9.488876e-04	0.000000e+00	
141	9.588876e-04	0.000000e+00	
142	9.688876e-04	0.000000e+00	
143	9.788876e-04	0.000000e+00	
144	9.888876e-04	0.000000e+00	
145	9.988876e-04	0.000000e+00	
146	1.000010e-03	0.000000e+00	
147	1.000011e-03	0.000000e+00	
148	1.000013e-03	0.000000e+00	
149	1.000016e-03	0.000000e+00	
150	1.000016e-03	0.000000e+00	
151	1.000016e-03	0.000000e+00	
152	1.000017e-03	0.000000e+00	
153	1.000017e-03	0.000000e+00	
154	1.000017e-03	0.000000e+00	
155	1.000017e-03	0.000000e+00	
156	1.000017e-03	0.000000e+00	
157	1.000018e-03	0.000000e+00	
158	1.000019e-03	0.000000e+00	
159	1.000019e-03	0.000000e+00	
160	1.000019e-03	0.000000e+00	
161	1.000019e-03	0.000000e+00	
162	1.000019e-03	0.000000e+00	
163	1.000019e-03	0.000000e+00	
164	1.000019e-03	0.000000e+00	
165	1.000019e-03	0.000000e+00	
166	1.000019e-03	0.000000e+00	
167	1.000019e-03	0.000000e+00	
168	1.000020e-03	0.000000e+00	
169	1.000020e-03	0.000000e+00	
170	1.000020e-03	0.000000e+00	

Index   time            v13#branch      
--------------------------------------------------------------------------------
171	1.000020e-03	0.000000e+00	
172	1.000020e-03	0.000000e+00	
173	1.000021e-03	0.000000e+00	
174	1.000022e-03	0.000000e+00	
175	1.000023e-03	0.000000e+00	
176	1.000027e-03	0.000000e+00	
177	1.000033e-03	0.000000e+00	
178	1.000046e-03	0.000000e+00	
179	1.000072e-03	0.000000e+00	
180	1.000125e-03	0.000000e+00	
181	1.000230e-03	0.000000e+00	
182	1.000439e-03	0.000000e+00	
183	1.000859e-03	0.000000e+00	
184	1.001698e-03	0.000000e+00	
185	1.003375e-03	0.000000e+00	
186	1.006731e-03	0.000000e+00	
187	1.013442e-03	0.000000e+00	
188	1.023442e-03	0.000000e+00	
189	1.033442e-03	0.000000e+00	
190	1.043442e-03	0.000000e+00	
191	1.053442e-03	0.000000e+00	
192	1.063442e-03	0.000000e+00	
193	1.073442e-03	0.000000e+00	
194	1.083442e-03	0.000000e+00	
195	1.093442e-03	0.000000e+00	
196	1.103442e-03	0.000000e+00	
197	1.113442e-03	0.000000e+00	
198	1.123442e-03	0.000000e+00	
199	1.133442e-03	0.000000e+00	
200	1.143442e-03	0.000000e+00	
201	1.153442e-03	0.000000e+00	
202	1.163442e-03	0.000000e+00	
203	1.173442e-03	0.000000e+00	
204	1.183442e-03	0.000000e+00	
205	1.193442e-03	0.000000e+00	
206	1.203442e-03	0.000000e+00	
207	1.213442e-03	0.000000e+00	
208	1.223442e-03	0.000000e+00	
209	1.233442e-03	0.000000e+00	
210	1.243442e-03	0.000000e+00	
211	1.253442e-03	0.000000e+00	
212	1.263442e-03	0.000000e+00	
213	1.273442e-03	0.000000e+00	
214	1.283442e-03	0.000000e+00	
215	1.293442e-03	0.000000e+00	
216	1.303442e-03	0.000000e+00	
217	1.313442e-03	0.000000e+00	
218	1.323442e-03	0.000000e+00	
219	1.333442e-03	0.000000e+00	
220	1.343442e-03	0.000000e+00	
221	1.353442e-03	0.000000e+00	
222	1.363442e-03	0.000000e+00	
223	1.373442e-03	0.000000e+00	
224	1.383442e-03	0.000000e+00	
225	1.393442e-03	0.000000e+00	
226	1.403442e-03	0.000000e+00	
227	1.413442e-03	0.000000e+00	
228	1.423442e-03	0.000000e+00	

Index   time            v13#branch      
--------------------------------------------------------------------------------
229	1.433442e-03	0.000000e+00	
230	1.443442e-03	0.000000e+00	
231	1.453442e-03	0.000000e+00	
232	1.463442e-03	0.000000e+00	
233	1.473442e-03	0.000000e+00	
234	1.483442e-03	0.000000e+00	
235	1.493442e-03	0.000000e+00	
236	1.503442e-03	0.000000e+00	
237	1.513442e-03	0.000000e+00	
238	1.523442e-03	0.000000e+00	
239	1.533442e-03	0.000000e+00	
240	1.543442e-03	0.000000e+00	
241	1.553442e-03	0.000000e+00	
242	1.563442e-03	0.000000e+00	
243	1.573442e-03	0.000000e+00	
244	1.583442e-03	0.000000e+00	
245	1.593442e-03	0.000000e+00	
246	1.603442e-03	0.000000e+00	
247	1.613442e-03	0.000000e+00	
248	1.623442e-03	0.000000e+00	
249	1.633442e-03	0.000000e+00	
250	1.643442e-03	0.000000e+00	
251	1.653442e-03	0.000000e+00	
252	1.663442e-03	0.000000e+00	
253	1.673442e-03	0.000000e+00	
254	1.683442e-03	0.000000e+00	
255	1.693442e-03	0.000000e+00	
256	1.703442e-03	0.000000e+00	
257	1.713442e-03	0.000000e+00	
258	1.723442e-03	0.000000e+00	
259	1.733442e-03	0.000000e+00	
260	1.743442e-03	0.000000e+00	
261	1.753442e-03	0.000000e+00	
262	1.763442e-03	0.000000e+00	
263	1.773442e-03	0.000000e+00	
264	1.783442e-03	0.000000e+00	
265	1.793442e-03	0.000000e+00	
266	1.803442e-03	0.000000e+00	
267	1.813442e-03	0.000000e+00	
268	1.823442e-03	0.000000e+00	
269	1.833442e-03	0.000000e+00	
270	1.843442e-03	0.000000e+00	
271	1.853442e-03	0.000000e+00	
272	1.863442e-03	0.000000e+00	
273	1.873442e-03	0.000000e+00	
274	1.883442e-03	0.000000e+00	
275	1.893442e-03	0.000000e+00	
276	1.903442e-03	0.000000e+00	
277	1.913442e-03	0.000000e+00	
278	1.923442e-03	0.000000e+00	
279	1.933442e-03	0.000000e+00	
280	1.943442e-03	0.000000e+00	
281	1.953442e-03	0.000000e+00	
282	1.963442e-03	0.000000e+00	
283	1.973442e-03	0.000000e+00	
284	1.983442e-03	0.000000e+00	
285	1.993442e-03	0.000000e+00	
286	2.000000e-03	0.000000e+00	

Index   time            v13#branch      
--------------------------------------------------------------------------------
287	2.000001e-03	0.000000e+00	
288	2.000003e-03	0.000000e+00	
289	2.000007e-03	0.000000e+00	
290	2.000010e-03	0.000000e+00	
291	2.000010e-03	0.000000e+00	
292	2.000010e-03	0.000000e+00	
293	2.000010e-03	0.000000e+00	
294	2.000010e-03	0.000000e+00	
295	2.000010e-03	0.000000e+00	
296	2.000010e-03	0.000000e+00	
297	2.000010e-03	0.000000e+00	
298	2.000010e-03	0.000000e+00	
299	2.000010e-03	0.000000e+00	
300	2.000011e-03	0.000000e+00	
301	2.000011e-03	0.000000e+00	
302	2.000012e-03	0.000000e+00	
303	2.000013e-03	0.000000e+00	
304	2.000013e-03	0.000000e+00	
305	2.000013e-03	0.000000e+00	
306	2.000014e-03	0.000000e+00	
307	2.000014e-03	0.000000e+00	
308	2.000014e-03	0.000000e+00	
309	2.000014e-03	0.000000e+00	
310	2.000014e-03	0.000000e+00	
311	2.000015e-03	0.000000e+00	
312	2.000016e-03	0.000000e+00	
313	2.000018e-03	0.000000e+00	
314	2.000023e-03	0.000000e+00	
315	2.000032e-03	0.000000e+00	
316	2.000051e-03	0.000000e+00	
317	2.000088e-03	0.000000e+00	
318	2.000161e-03	0.000000e+00	
319	2.000309e-03	0.000000e+00	
320	2.000604e-03	0.000000e+00	
321	2.001193e-03	0.000000e+00	
322	2.002373e-03	0.000000e+00	
323	2.004732e-03	0.000000e+00	
324	2.009451e-03	0.000000e+00	
325	2.018888e-03	0.000000e+00	
326	2.028888e-03	0.000000e+00	
327	2.038888e-03	0.000000e+00	
328	2.048888e-03	0.000000e+00	
329	2.058888e-03	0.000000e+00	
330	2.068888e-03	0.000000e+00	
331	2.078888e-03	0.000000e+00	
332	2.088888e-03	0.000000e+00	
333	2.098888e-03	0.000000e+00	
334	2.108888e-03	0.000000e+00	
335	2.118888e-03	0.000000e+00	
336	2.128888e-03	0.000000e+00	
337	2.138888e-03	0.000000e+00	
338	2.148888e-03	0.000000e+00	
339	2.158888e-03	0.000000e+00	
340	2.168888e-03	0.000000e+00	
341	2.178888e-03	0.000000e+00	
342	2.188888e-03	0.000000e+00	
343	2.198888e-03	0.000000e+00	
344	2.208888e-03	0.000000e+00	

Index   time            v13#branch      
--------------------------------------------------------------------------------
345	2.218888e-03	0.000000e+00	
346	2.228888e-03	0.000000e+00	
347	2.238888e-03	0.000000e+00	
348	2.248888e-03	0.000000e+00	
349	2.258888e-03	0.000000e+00	
350	2.268888e-03	0.000000e+00	
351	2.278888e-03	0.000000e+00	
352	2.288888e-03	0.000000e+00	
353	2.298888e-03	0.000000e+00	
354	2.308888e-03	0.000000e+00	
355	2.318888e-03	0.000000e+00	
356	2.328888e-03	0.000000e+00	
357	2.338888e-03	0.000000e+00	
358	2.348888e-03	0.000000e+00	
359	2.358888e-03	0.000000e+00	
360	2.368888e-03	0.000000e+00	
361	2.378888e-03	0.000000e+00	
362	2.388888e-03	0.000000e+00	
363	2.398888e-03	0.000000e+00	
364	2.408888e-03	0.000000e+00	
365	2.418888e-03	0.000000e+00	
366	2.428888e-03	0.000000e+00	
367	2.438888e-03	0.000000e+00	
368	2.448888e-03	0.000000e+00	
369	2.458888e-03	0.000000e+00	
370	2.468888e-03	0.000000e+00	
371	2.478888e-03	0.000000e+00	
372	2.488888e-03	0.000000e+00	
373	2.498888e-03	0.000000e+00	
374	2.508888e-03	0.000000e+00	
375	2.518888e-03	0.000000e+00	
376	2.528888e-03	0.000000e+00	
377	2.538888e-03	0.000000e+00	
378	2.548888e-03	0.000000e+00	
379	2.558888e-03	0.000000e+00	
380	2.568888e-03	0.000000e+00	
381	2.578888e-03	0.000000e+00	
382	2.588888e-03	0.000000e+00	
383	2.598888e-03	0.000000e+00	
384	2.608888e-03	0.000000e+00	
385	2.618888e-03	0.000000e+00	
386	2.628888e-03	0.000000e+00	
387	2.638888e-03	0.000000e+00	
388	2.648888e-03	0.000000e+00	
389	2.658888e-03	0.000000e+00	
390	2.668888e-03	0.000000e+00	
391	2.678888e-03	0.000000e+00	
392	2.688888e-03	0.000000e+00	
393	2.698888e-03	0.000000e+00	
394	2.708888e-03	0.000000e+00	
395	2.718888e-03	0.000000e+00	
396	2.728888e-03	0.000000e+00	
397	2.738888e-03	0.000000e+00	
398	2.748888e-03	0.000000e+00	
399	2.758888e-03	0.000000e+00	
400	2.768888e-03	0.000000e+00	
401	2.778888e-03	0.000000e+00	
402	2.788888e-03	0.000000e+00	

Index   time            v13#branch      
--------------------------------------------------------------------------------
403	2.798888e-03	0.000000e+00	
404	2.808888e-03	0.000000e+00	
405	2.818888e-03	0.000000e+00	
406	2.828888e-03	0.000000e+00	
407	2.838888e-03	0.000000e+00	
408	2.848888e-03	0.000000e+00	
409	2.858888e-03	0.000000e+00	
410	2.868888e-03	0.000000e+00	
411	2.878888e-03	0.000000e+00	
412	2.888888e-03	0.000000e+00	
413	2.898888e-03	0.000000e+00	
414	2.908888e-03	0.000000e+00	
415	2.918888e-03	0.000000e+00	
416	2.928888e-03	0.000000e+00	
417	2.938888e-03	0.000000e+00	
418	2.948888e-03	0.000000e+00	
419	2.958888e-03	0.000000e+00	
420	2.968888e-03	0.000000e+00	
421	2.978888e-03	0.000000e+00	
422	2.988888e-03	0.000000e+00	
423	2.998888e-03	0.000000e+00	
424	3.000010e-03	0.000000e+00	
425	3.000011e-03	0.000000e+00	
426	3.000013e-03	0.000000e+00	
427	3.000016e-03	0.000000e+00	
428	3.000016e-03	0.000000e+00	
429	3.000016e-03	0.000000e+00	
430	3.000017e-03	0.000000e+00	
431	3.000017e-03	0.000000e+00	
432	3.000017e-03	0.000000e+00	
433	3.000017e-03	0.000000e+00	
434	3.000017e-03	0.000000e+00	
435	3.000018e-03	0.000000e+00	
436	3.000019e-03	0.000000e+00	
437	3.000019e-03	0.000000e+00	
438	3.000019e-03	0.000000e+00	
439	3.000019e-03	0.000000e+00	
440	3.000019e-03	0.000000e+00	
441	3.000019e-03	0.000000e+00	
442	3.000019e-03	0.000000e+00	
443	3.000019e-03	0.000000e+00	
444	3.000019e-03	0.000000e+00	
445	3.000019e-03	0.000000e+00	
446	3.000020e-03	0.000000e+00	
447	3.000020e-03	0.000000e+00	
448	3.000020e-03	0.000000e+00	
449	3.000020e-03	0.000000e+00	
450	3.000020e-03	0.000000e+00	
451	3.000021e-03	0.000000e+00	
452	3.000022e-03	0.000000e+00	
453	3.000023e-03	0.000000e+00	
454	3.000027e-03	0.000000e+00	
455	3.000033e-03	0.000000e+00	
456	3.000046e-03	0.000000e+00	
457	3.000072e-03	0.000000e+00	
458	3.000125e-03	0.000000e+00	
459	3.000230e-03	0.000000e+00	
460	3.000439e-03	0.000000e+00	

Index   time            v13#branch      
--------------------------------------------------------------------------------
461	3.000859e-03	0.000000e+00	
462	3.001698e-03	0.000000e+00	
463	3.003375e-03	0.000000e+00	
464	3.006731e-03	0.000000e+00	
465	3.013442e-03	0.000000e+00	
466	3.023442e-03	0.000000e+00	
467	3.033442e-03	0.000000e+00	
468	3.043442e-03	0.000000e+00	
469	3.053442e-03	0.000000e+00	
470	3.063442e-03	0.000000e+00	
471	3.073442e-03	0.000000e+00	
472	3.083442e-03	0.000000e+00	
473	3.093442e-03	0.000000e+00	
474	3.103442e-03	0.000000e+00	
475	3.113442e-03	0.000000e+00	
476	3.123442e-03	0.000000e+00	
477	3.133442e-03	0.000000e+00	
478	3.143442e-03	0.000000e+00	
479	3.153442e-03	0.000000e+00	
480	3.163442e-03	0.000000e+00	
481	3.173442e-03	0.000000e+00	
482	3.183442e-03	0.000000e+00	
483	3.193442e-03	0.000000e+00	
484	3.203442e-03	0.000000e+00	
485	3.213442e-03	0.000000e+00	
486	3.223442e-03	0.000000e+00	
487	3.233442e-03	0.000000e+00	
488	3.243442e-03	0.000000e+00	
489	3.253442e-03	0.000000e+00	
490	3.263442e-03	0.000000e+00	
491	3.273442e-03	0.000000e+00	
492	3.283442e-03	0.000000e+00	
493	3.293442e-03	0.000000e+00	
494	3.303442e-03	0.000000e+00	
495	3.313442e-03	0.000000e+00	
496	3.323442e-03	0.000000e+00	
497	3.333442e-03	0.000000e+00	
498	3.343442e-03	0.000000e+00	
499	3.353442e-03	0.000000e+00	
500	3.363442e-03	0.000000e+00	
501	3.373442e-03	0.000000e+00	
502	3.383442e-03	0.000000e+00	
503	3.393442e-03	0.000000e+00	
504	3.403442e-03	0.000000e+00	
505	3.413442e-03	0.000000e+00	
506	3.423442e-03	0.000000e+00	
507	3.433442e-03	0.000000e+00	
508	3.443442e-03	0.000000e+00	
509	3.453442e-03	0.000000e+00	
510	3.463442e-03	0.000000e+00	
511	3.473442e-03	0.000000e+00	
512	3.483442e-03	0.000000e+00	
513	3.493442e-03	0.000000e+00	
514	3.503442e-03	0.000000e+00	
515	3.513442e-03	0.000000e+00	
516	3.523442e-03	0.000000e+00	
517	3.533442e-03	0.000000e+00	
518	3.543442e-03	0.000000e+00	

Index   time            v13#branch      
--------------------------------------------------------------------------------
519	3.553442e-03	0.000000e+00	
520	3.563442e-03	0.000000e+00	
521	3.573442e-03	0.000000e+00	
522	3.583442e-03	0.000000e+00	
523	3.593442e-03	0.000000e+00	
524	3.603442e-03	0.000000e+00	
525	3.613442e-03	0.000000e+00	
526	3.623442e-03	0.000000e+00	
527	3.633442e-03	0.000000e+00	
528	3.643442e-03	0.000000e+00	
529	3.653442e-03	0.000000e+00	
530	3.663442e-03	0.000000e+00	
531	3.673442e-03	0.000000e+00	
532	3.683442e-03	0.000000e+00	
533	3.693442e-03	0.000000e+00	
534	3.703442e-03	0.000000e+00	
535	3.713442e-03	0.000000e+00	
536	3.723442e-03	0.000000e+00	
537	3.733442e-03	0.000000e+00	
538	3.743442e-03	0.000000e+00	
539	3.753442e-03	0.000000e+00	
540	3.763442e-03	0.000000e+00	
541	3.773442e-03	0.000000e+00	
542	3.783442e-03	0.000000e+00	
543	3.793442e-03	0.000000e+00	
544	3.803442e-03	0.000000e+00	
545	3.813442e-03	0.000000e+00	
546	3.823442e-03	0.000000e+00	
547	3.833442e-03	0.000000e+00	
548	3.843442e-03	0.000000e+00	
549	3.853442e-03	0.000000e+00	
550	3.863442e-03	0.000000e+00	
551	3.873442e-03	0.000000e+00	
552	3.883442e-03	0.000000e+00	
553	3.893442e-03	0.000000e+00	
554	3.903442e-03	0.000000e+00	
555	3.913442e-03	0.000000e+00	
556	3.923442e-03	0.000000e+00	
557	3.933442e-03	0.000000e+00	
558	3.943442e-03	0.000000e+00	
559	3.953442e-03	0.000000e+00	
560	3.963442e-03	0.000000e+00	
561	3.973442e-03	0.000000e+00	
562	3.983442e-03	0.000000e+00	
563	3.993442e-03	0.000000e+00	
564	4.000000e-03	0.000000e+00	
